,petition_id,petition_title,scheduled_debate_date,constituency_name,signature_count
0,706513,Every school & college to be obliged to have an evacuation chair & training,2025-12-01,Aldershot,199
1,706513,Every school & college to be obliged to have an evacuation chair & training,2025-12-01,Aldridge-Brownhills,83
2,706513,Every school & college to be obliged to have an evacuation chair & training,2025-12-01,Altrincham and Sale West,239
3,706513,Every school & college to be obliged to have an evacuation chair & training,2025-12-01,Amber Valley,88
4,706513,Every school & college to be obliged to have an evacuation chair & training,2025-12-01,Arundel and South Downs,192
5,706513,Every school & college to be obliged to have an evacuation chair & training,2025-12-01,Ashfield,100
6,706513,Every school & college to be obliged to have an evacuation chair & training,2025-12-01,Ashford,158
7,706513,Every school & college to be obliged to have an evacuation chair & training,2025-12-01,Ashton-under-Lyne,948
8,706513,Every school & college to be obliged to have an evacuation chair & training,2025-12-01,Aylesbury,196
9,706513,Every school & college to be obliged to have an evacuation chair & training,2025-12-01,Banbury,205
10,706513,Every school & college to be obliged to have an evacuation chair & training,2025-12-01,Barking,83
11,706513,Every school & college to be obliged to have an evacuation chair & training,2025-12-01,Barnsley North,127
12,706513,Every school & college to be obliged to have an evacuation chair & training,2025-12-01,Barnsley South,112
13,706513,Every school & college to be obliged to have an evacuation chair & training,2025-12-01,Barrow and Furness,108
14,706513,Every school & college to be obliged to have an evacuation chair & training,2025-12-01,Basildon and Billericay,183
15,706513,Every school & college to be obliged to have an evacuation chair & training,2025-12-01,Basingstoke,284
16,706513,Every school & college to be obliged to have an evacuation chair & training,2025-12-01,Bassetlaw,94
17,706513,Every school & college to be obliged to have an evacuation chair & training,2025-12-01,Bath,260
18,706513,Every school & college to be obliged to have an evacuation chair & training,2025-12-01,Battersea,38
19,706513,Every school & college to be obliged to have an evacuation chair & training,2025-12-01,Beaconsfield,142
20,706513,Every school & college to be obliged to have an evacuation chair & training,2025-12-01,Beckenham and Penge,70
21,706513,Every school & college to be obliged to have an evacuation chair & training,2025-12-01,Bedford,288
22,706513,Every school & college to be obliged to have an evacuation chair & training,2025-12-01,Bermondsey and Old Southwark,41
23,706513,Every school & college to be obliged to have an evacuation chair & training,2025-12-01,Bethnal Green and Stepney,35
24,706513,Every school & college to be obliged to have an evacuation chair & training,2025-12-01,Beverley and Holderness,105
25,706513,Every school & college to be obliged to have an evacuation chair & training,2025-12-01,Bexhill and Battle,96
26,706513,Every school & college to be obliged to have an evacuation chair & training,2025-12-01,Bexleyheath and Crayford,102
27,706513,Every school & college to be obliged to have an evacuation chair & training,2025-12-01,Bicester and Woodstock,330
28,706513,Every school & college to be obliged to have an evacuation chair & training,2025-12-01,Birkenhead,248
29,706513,Every school & college to be obliged to have an evacuation chair & training,2025-12-01,Birmingham Edgbaston,105
30,706513,Every school & college to be obliged to have an evacuation chair & training,2025-12-01,Birmingham Erdington,76
31,706513,Every school & college to be obliged to have an evacuation chair & training,2025-12-01,Birmingham Hall Green and Moseley,58
32,706513,Every school & college to be obliged to have an evacuation chair & training,2025-12-01,Birmingham Hodge Hill and Solihull North,166
33,706513,Every school & college to be obliged to have an evacuation chair & training,2025-12-01,Birmingham Ladywood,45
34,706513,Every school & college to be obliged to have an evacuation chair & training,2025-12-01,Birmingham Northfield,260
35,706513,Every school & college to be obliged to have an evacuation chair & training,2025-12-01,Birmingham Perry Barr,36
36,706513,Every school & college to be obliged to have an evacuation chair & training,2025-12-01,Birmingham Selly Oak,117
37,706513,Every school & college to be obliged to have an evacuation chair & training,2025-12-01,Birmingham Yardley,68
38,706513,Every school & college to be obliged to have an evacuation chair & training,2025-12-01,Bishop Auckland,103
39,706513,Every school & college to be obliged to have an evacuation chair & training,2025-12-01,Blackburn,81
40,706513,Every school & college to be obliged to have an evacuation chair & training,2025-12-01,Blackley and Middleton South,189
41,706513,Every school & college to be obliged to have an evacuation chair & training,2025-12-01,Blackpool North and Fleetwood,489
42,706513,Every school & college to be obliged to have an evacuation chair & training,2025-12-01,Blackpool South,605
43,706513,Every school & college to be obliged to have an evacuation chair & training,2025-12-01,Blaydon and Consett,122
44,706513,Every school & college to be obliged to have an evacuation chair & training,2025-12-01,Blyth and Ashington,209
45,706513,Every school & college to be obliged to have an evacuation chair & training,2025-12-01,Bognor Regis and Littlehampton,153
46,706513,Every school & college to be obliged to have an evacuation chair & training,2025-12-01,Bolsover,101
47,706513,Every school & college to be obliged to have an evacuation chair & training,2025-12-01,Bolton North East,173
48,706513,Every school & college to be obliged to have an evacuation chair & training,2025-12-01,Bolton South and Walkden,273
49,706513,Every school & college to be obliged to have an evacuation chair & training,2025-12-01,Bolton West,356
50,706513,Every school & college to be obliged to have an evacuation chair & training,2025-12-01,Bootle,103
51,706513,Every school & college to be obliged to have an evacuation chair & training,2025-12-01,Boston and Skegness,103
52,706513,Every school & college to be obliged to have an evacuation chair & training,2025-12-01,Bournemouth East,298
53,706513,Every school & college to be obliged to have an evacuation chair & training,2025-12-01,Bournemouth West,280
54,706513,Every school & college to be obliged to have an evacuation chair & training,2025-12-01,Bracknell,98
55,706513,Every school & college to be obliged to have an evacuation chair & training,2025-12-01,Bradford East,87
56,706513,Every school & college to be obliged to have an evacuation chair & training,2025-12-01,Bradford South,193
57,706513,Every school & college to be obliged to have an evacuation chair & training,2025-12-01,Bradford West,46
58,706513,Every school & college to be obliged to have an evacuation chair & training,2025-12-01,Braintree,232
59,706513,Every school & college to be obliged to have an evacuation chair & training,2025-12-01,Brent East,18
60,706513,Every school & college to be obliged to have an evacuation chair & training,2025-12-01,Brent West,19
61,706513,Every school & college to be obliged to have an evacuation chair & training,2025-12-01,Brentford and Isleworth,96
62,706513,Every school & college to be obliged to have an evacuation chair & training,2025-12-01,Brentwood and Ongar,123
63,706513,Every school & college to be obliged to have an evacuation chair & training,2025-12-01,Bridgwater,336
64,706513,Every school & college to be obliged to have an evacuation chair & training,2025-12-01,Bridlington and The Wolds,83
65,706513,Every school & college to be obliged to have an evacuation chair & training,2025-12-01,Brigg and Immingham,130
66,706513,Every school & college to be obliged to have an evacuation chair & training,2025-12-01,Brighton Kemptown and Peacehaven,77
67,706513,Every school & college to be obliged to have an evacuation chair & training,2025-12-01,Brighton Pavilion,72
68,706513,Every school & college to be obliged to have an evacuation chair & training,2025-12-01,Bristol Central,53
69,706513,Every school & college to be obliged to have an evacuation chair & training,2025-12-01,Bristol East,91
70,706513,Every school & college to be obliged to have an evacuation chair & training,2025-12-01,Bristol North East,106
71,706513,Every school & college to be obliged to have an evacuation chair & training,2025-12-01,Bristol North West,210
72,706513,Every school & college to be obliged to have an evacuation chair & training,2025-12-01,Bristol South,122
73,706513,Every school & college to be obliged to have an evacuation chair & training,2025-12-01,Broadland and Fakenham,333
74,706513,Every school & college to be obliged to have an evacuation chair & training,2025-12-01,Bromley and Biggin Hill,125
75,706513,Every school & college to be obliged to have an evacuation chair & training,2025-12-01,Bromsgrove,138
76,706513,Every school & college to be obliged to have an evacuation chair & training,2025-12-01,Broxbourne,212
77,706513,Every school & college to be obliged to have an evacuation chair & training,2025-12-01,Broxtowe,92
78,706513,Every school & college to be obliged to have an evacuation chair & training,2025-12-01,Buckingham and Bletchley,235
79,706513,Every school & college to be obliged to have an evacuation chair & training,2025-12-01,Burnley,138
80,706513,Every school & college to be obliged to have an evacuation chair & training,2025-12-01,Burton and Uttoxeter,86
81,706513,Every school & college to be obliged to have an evacuation chair & training,2025-12-01,Bury North,243
82,706513,Every school & college to be obliged to have an evacuation chair & training,2025-12-01,Bury South,176
83,706513,Every school & college to be obliged to have an evacuation chair & training,2025-12-01,Bury St Edmunds and Stowmarket,118
84,706513,Every school & college to be obliged to have an evacuation chair & training,2025-12-01,Calder Valley,142
85,706513,Every school & college to be obliged to have an evacuation chair & training,2025-12-01,Camborne and Redruth,85
86,706513,Every school & college to be obliged to have an evacuation chair & training,2025-12-01,Cambridge,65
87,706513,Every school & college to be obliged to have an evacuation chair & training,2025-12-01,Cannock Chase,246
88,706513,Every school & college to be obliged to have an evacuation chair & training,2025-12-01,Canterbury,230
89,706513,Every school & college to be obliged to have an evacuation chair & training,2025-12-01,Carlisle,134
90,706513,Every school & college to be obliged to have an evacuation chair & training,2025-12-01,Carshalton and Wallington,446
91,706513,Every school & college to be obliged to have an evacuation chair & training,2025-12-01,Castle Point,237
92,706513,Every school & college to be obliged to have an evacuation chair & training,2025-12-01,Central Devon,221
93,706513,Every school & college to be obliged to have an evacuation chair & training,2025-12-01,Central Suffolk and North Ipswich,157
94,706513,Every school & college to be obliged to have an evacuation chair & training,2025-12-01,Chatham and Aylesford,213
95,706513,Every school & college to be obliged to have an evacuation chair & training,2025-12-01,Cheadle,124
96,706513,Every school & college to be obliged to have an evacuation chair & training,2025-12-01,Chelmsford,138
97,706513,Every school & college to be obliged to have an evacuation chair & training,2025-12-01,Chelsea and Fulham,42
98,706513,Every school & college to be obliged to have an evacuation chair & training,2025-12-01,Cheltenham,191
99,706513,Every school & college to be obliged to have an evacuation chair & training,2025-12-01,Chesham and Amersham,284
100,706513,Every school & college to be obliged to have an evacuation chair & training,2025-12-01,Chester North and Neston,129
101,706513,Every school & college to be obliged to have an evacuation chair & training,2025-12-01,Chester South and Eddisbury,131
102,706513,Every school & college to be obliged to have an evacuation chair & training,2025-12-01,Chesterfield,127
103,706513,Every school & college to be obliged to have an evacuation chair & training,2025-12-01,Chichester,143
104,706513,Every school & college to be obliged to have an evacuation chair & training,2025-12-01,Chingford and Woodford Green,67
105,706513,Every school & college to be obliged to have an evacuation chair & training,2025-12-01,Chippenham,177
106,706513,Every school & college to be obliged to have an evacuation chair & training,2025-12-01,Chipping Barnet,66
107,706513,Every school & college to be obliged to have an evacuation chair & training,2025-12-01,Chorley,283
108,706513,Every school & college to be obliged to have an evacuation chair & training,2025-12-01,Christchurch,178
109,706513,Every school & college to be obliged to have an evacuation chair & training,2025-12-01,Cities of London and Westminster,32
110,706513,Every school & college to be obliged to have an evacuation chair & training,2025-12-01,City of Durham,88
111,706513,Every school & college to be obliged to have an evacuation chair & training,2025-12-01,Clacton,430
112,706513,Every school & college to be obliged to have an evacuation chair & training,2025-12-01,Clapham and Brixton Hill,33
113,706513,Every school & college to be obliged to have an evacuation chair & training,2025-12-01,Colchester,152
114,706513,Every school & college to be obliged to have an evacuation chair & training,2025-12-01,Colne Valley,108
115,706513,Every school & college to be obliged to have an evacuation chair & training,2025-12-01,Congleton,435
116,706513,Every school & college to be obliged to have an evacuation chair & training,2025-12-01,Corby and East Northamptonshire,127
117,706513,Every school & college to be obliged to have an evacuation chair & training,2025-12-01,Coventry East,245
118,706513,Every school & college to be obliged to have an evacuation chair & training,2025-12-01,Coventry North West,294
119,706513,Every school & college to be obliged to have an evacuation chair & training,2025-12-01,Coventry South,193
120,706513,Every school & college to be obliged to have an evacuation chair & training,2025-12-01,Cramlington and Killingworth,132
121,706513,Every school & college to be obliged to have an evacuation chair & training,2025-12-01,Crawley,397
122,706513,Every school & college to be obliged to have an evacuation chair & training,2025-12-01,Crewe and Nantwich,431
123,706513,Every school & college to be obliged to have an evacuation chair & training,2025-12-01,Croydon East,98
124,706513,Every school & college to be obliged to have an evacuation chair & training,2025-12-01,Croydon South,104
125,706513,Every school & college to be obliged to have an evacuation chair & training,2025-12-01,Croydon West,75
126,706513,Every school & college to be obliged to have an evacuation chair & training,2025-12-01,Dagenham and Rainham,116
127,706513,Every school & college to be obliged to have an evacuation chair & training,2025-12-01,Darlington,123
128,706513,Every school & college to be obliged to have an evacuation chair & training,2025-12-01,Dartford,353
129,706513,Every school & college to be obliged to have an evacuation chair & training,2025-12-01,Daventry,475
130,706513,Every school & college to be obliged to have an evacuation chair & training,2025-12-01,Derby North,83
131,706513,Every school & college to be obliged to have an evacuation chair & training,2025-12-01,Derby South,75
132,706513,Every school & college to be obliged to have an evacuation chair & training,2025-12-01,Derbyshire Dales,90
133,706513,Every school & college to be obliged to have an evacuation chair & training,2025-12-01,Dewsbury and Batley,181
134,706513,Every school & college to be obliged to have an evacuation chair & training,2025-12-01,Didcot and Wantage,154
135,706513,Every school & college to be obliged to have an evacuation chair & training,2025-12-01,Doncaster Central,84
136,706513,Every school & college to be obliged to have an evacuation chair & training,2025-12-01,Doncaster East and the Isle of Axholme,118
137,706513,Every school & college to be obliged to have an evacuation chair & training,2025-12-01,Doncaster North,76
138,706513,Every school & college to be obliged to have an evacuation chair & training,2025-12-01,Dorking and Horley,437
139,706513,Every school & college to be obliged to have an evacuation chair & training,2025-12-01,Dover and Deal,381
140,706513,Every school & college to be obliged to have an evacuation chair & training,2025-12-01,Droitwich and Evesham,193
141,706513,Every school & college to be obliged to have an evacuation chair & training,2025-12-01,Dudley,158
142,706513,Every school & college to be obliged to have an evacuation chair & training,2025-12-01,Dulwich and West Norwood,37
143,706513,Every school & college to be obliged to have an evacuation chair & training,2025-12-01,Dunstable and Leighton Buzzard,405
144,706513,Every school & college to be obliged to have an evacuation chair & training,2025-12-01,Ealing Central and Acton,47
145,706513,Every school & college to be obliged to have an evacuation chair & training,2025-12-01,Ealing North,42
146,706513,Every school & college to be obliged to have an evacuation chair & training,2025-12-01,Ealing Southall,35
147,706513,Every school & college to be obliged to have an evacuation chair & training,2025-12-01,Earley and Woodley,72
148,706513,Every school & college to be obliged to have an evacuation chair & training,2025-12-01,Easington,161
149,706513,Every school & college to be obliged to have an evacuation chair & training,2025-12-01,East Grinstead and Uckfield,153
150,706513,Every school & college to be obliged to have an evacuation chair & training,2025-12-01,East Ham,11
151,706513,Every school & college to be obliged to have an evacuation chair & training,2025-12-01,East Hampshire,163
152,706513,Every school & college to be obliged to have an evacuation chair & training,2025-12-01,East Surrey,281
153,706513,Every school & college to be obliged to have an evacuation chair & training,2025-12-01,East Thanet,374
154,706513,Every school & college to be obliged to have an evacuation chair & training,2025-12-01,East Wiltshire,291
155,706513,Every school & college to be obliged to have an evacuation chair & training,2025-12-01,East Worthing and Shoreham,106
156,706513,Every school & college to be obliged to have an evacuation chair & training,2025-12-01,Eastbourne,97
157,706513,Every school & college to be obliged to have an evacuation chair & training,2025-12-01,Eastleigh,115
158,706513,Every school & college to be obliged to have an evacuation chair & training,2025-12-01,Edmonton and Winchmore Hill,32
159,706513,Every school & college to be obliged to have an evacuation chair & training,2025-12-01,Ellesmere Port and Bromborough,178
160,706513,Every school & college to be obliged to have an evacuation chair & training,2025-12-01,Eltham and Chislehurst,92
161,706513,Every school & college to be obliged to have an evacuation chair & training,2025-12-01,Ely and East Cambridgeshire,159
162,706513,Every school & college to be obliged to have an evacuation chair & training,2025-12-01,Enfield North,46
163,706513,Every school & college to be obliged to have an evacuation chair & training,2025-12-01,Epping Forest,229
164,706513,Every school & college to be obliged to have an evacuation chair & training,2025-12-01,Epsom and Ewell,310
165,706513,Every school & college to be obliged to have an evacuation chair & training,2025-12-01,Erewash,110
166,706513,Every school & college to be obliged to have an evacuation chair & training,2025-12-01,Erith and Thamesmead,69
167,706513,Every school & college to be obliged to have an evacuation chair & training,2025-12-01,Esher and Walton,124
168,706513,Every school & college to be obliged to have an evacuation chair & training,2025-12-01,Exeter,273
169,706513,Every school & college to be obliged to have an evacuation chair & training,2025-12-01,Exmouth and Exeter East,254
170,706513,Every school & college to be obliged to have an evacuation chair & training,2025-12-01,Fareham and Waterlooville,455
171,706513,Every school & college to be obliged to have an evacuation chair & training,2025-12-01,Farnham and Bordon,320
172,706513,Every school & college to be obliged to have an evacuation chair & training,2025-12-01,Faversham and Mid Kent,124
173,706513,Every school & college to be obliged to have an evacuation chair & training,2025-12-01,Feltham and Heston,112
174,706513,Every school & college to be obliged to have an evacuation chair & training,2025-12-01,Filton and Bradley Stoke,148
175,706513,Every school & college to be obliged to have an evacuation chair & training,2025-12-01,Finchley and Golders Green,23
176,706513,Every school & college to be obliged to have an evacuation chair & training,2025-12-01,Folkestone and Hythe,326
177,706513,Every school & college to be obliged to have an evacuation chair & training,2025-12-01,Forest of Dean,182
178,706513,Every school & college to be obliged to have an evacuation chair & training,2025-12-01,Frome and East Somerset,154
179,706513,Every school & college to be obliged to have an evacuation chair & training,2025-12-01,Fylde,565
180,706513,Every school & college to be obliged to have an evacuation chair & training,2025-12-01,Gainsborough,122
181,706513,Every school & college to be obliged to have an evacuation chair & training,2025-12-01,Gateshead Central and Whickham,115
182,706513,Every school & college to be obliged to have an evacuation chair & training,2025-12-01,Gedling,107
183,706513,Every school & college to be obliged to have an evacuation chair & training,2025-12-01,Gillingham and Rainham,113
184,706513,Every school & college to be obliged to have an evacuation chair & training,2025-12-01,Glastonbury and Somerton,130
185,706513,Every school & college to be obliged to have an evacuation chair & training,2025-12-01,Gloucester,230
186,706513,Every school & college to be obliged to have an evacuation chair & training,2025-12-01,Godalming and Ash,273
187,706513,Every school & college to be obliged to have an evacuation chair & training,2025-12-01,Goole and Pocklington,167
188,706513,Every school & college to be obliged to have an evacuation chair & training,2025-12-01,Gorton and Denton,772
189,706513,Every school & college to be obliged to have an evacuation chair & training,2025-12-01,Gosport,650
190,706513,Every school & college to be obliged to have an evacuation chair & training,2025-12-01,Grantham and Bourne,311
191,706513,Every school & college to be obliged to have an evacuation chair & training,2025-12-01,Gravesham,448
192,706513,Every school & college to be obliged to have an evacuation chair & training,2025-12-01,Great Grimsby and Cleethorpes,235
193,706513,Every school & college to be obliged to have an evacuation chair & training,2025-12-01,Great Yarmouth,162
194,706513,Every school & college to be obliged to have an evacuation chair & training,2025-12-01,Greenwich and Woolwich,44
195,706513,Every school & college to be obliged to have an evacuation chair & training,2025-12-01,Guildford,113
196,706513,Every school & college to be obliged to have an evacuation chair & training,2025-12-01,Hackney North and Stoke Newington,32
197,706513,Every school & college to be obliged to have an evacuation chair & training,2025-12-01,Hackney South and Shoreditch,31
198,706513,Every school & college to be obliged to have an evacuation chair & training,2025-12-01,Halesowen,128
199,706513,Every school & college to be obliged to have an evacuation chair & training,2025-12-01,Halifax,186
200,706513,Every school & college to be obliged to have an evacuation chair & training,2025-12-01,Hamble Valley,360
201,706513,Every school & college to be obliged to have an evacuation chair & training,2025-12-01,Hammersmith and Chiswick,32
202,706513,Every school & college to be obliged to have an evacuation chair & training,2025-12-01,Hampstead and Highgate,28
203,706513,Every school & college to be obliged to have an evacuation chair & training,2025-12-01,"Harborough, Oadby and Wigston",105
204,706513,Every school & college to be obliged to have an evacuation chair & training,2025-12-01,Harlow,301
205,706513,Every school & college to be obliged to have an evacuation chair & training,2025-12-01,Harpenden and Berkhamsted,83
206,706513,Every school & college to be obliged to have an evacuation chair & training,2025-12-01,Harrogate and Knaresborough,84
207,706513,Every school & college to be obliged to have an evacuation chair & training,2025-12-01,Harrow East,12
208,706513,Every school & college to be obliged to have an evacuation chair & training,2025-12-01,Harrow West,24
209,706513,Every school & college to be obliged to have an evacuation chair & training,2025-12-01,Hartlepool,707
210,706513,Every school & college to be obliged to have an evacuation chair & training,2025-12-01,Harwich and North Essex,265
211,706513,Every school & college to be obliged to have an evacuation chair & training,2025-12-01,Hastings and Rye,113
212,706513,Every school & college to be obliged to have an evacuation chair & training,2025-12-01,Havant,322
213,706513,Every school & college to be obliged to have an evacuation chair & training,2025-12-01,Hayes and Harlington,41
214,706513,Every school & college to be obliged to have an evacuation chair & training,2025-12-01,Hazel Grove,286
215,706513,Every school & college to be obliged to have an evacuation chair & training,2025-12-01,Hemel Hempstead,347
216,706513,Every school & college to be obliged to have an evacuation chair & training,2025-12-01,Hendon,41
217,706513,Every school & college to be obliged to have an evacuation chair & training,2025-12-01,Henley and Thame,124
218,706513,Every school & college to be obliged to have an evacuation chair & training,2025-12-01,Hereford and South Herefordshire,201
219,706513,Every school & college to be obliged to have an evacuation chair & training,2025-12-01,Herne Bay and Sandwich,261
220,706513,Every school & college to be obliged to have an evacuation chair & training,2025-12-01,Hertford and Stortford,502
221,706513,Every school & college to be obliged to have an evacuation chair & training,2025-12-01,Hertsmere,76
222,706513,Every school & college to be obliged to have an evacuation chair & training,2025-12-01,Hexham,73
223,706513,Every school & college to be obliged to have an evacuation chair & training,2025-12-01,Heywood and Middleton North,258
224,706513,Every school & college to be obliged to have an evacuation chair & training,2025-12-01,High Peak,601
225,706513,Every school & college to be obliged to have an evacuation chair & training,2025-12-01,Hinckley and Bosworth,148
226,706513,Every school & college to be obliged to have an evacuation chair & training,2025-12-01,Hitchin,275
227,706513,Every school & college to be obliged to have an evacuation chair & training,2025-12-01,Holborn and St Pancras,28
228,706513,Every school & college to be obliged to have an evacuation chair & training,2025-12-01,Honiton and Sidmouth,152
229,706513,Every school & college to be obliged to have an evacuation chair & training,2025-12-01,Hornchurch and Upminster,172
230,706513,Every school & college to be obliged to have an evacuation chair & training,2025-12-01,Hornsey and Friern Barnet,24
231,706513,Every school & college to be obliged to have an evacuation chair & training,2025-12-01,Horsham,167
232,706513,Every school & college to be obliged to have an evacuation chair & training,2025-12-01,Houghton and Sunderland South,164
233,706513,Every school & college to be obliged to have an evacuation chair & training,2025-12-01,Hove and Portslade,68
234,706513,Every school & college to be obliged to have an evacuation chair & training,2025-12-01,Huddersfield,90
235,706513,Every school & college to be obliged to have an evacuation chair & training,2025-12-01,Huntingdon,132
236,706513,Every school & college to be obliged to have an evacuation chair & training,2025-12-01,Hyndburn,276
237,706513,Every school & college to be obliged to have an evacuation chair & training,2025-12-01,Ilford North,105
238,706513,Every school & college to be obliged to have an evacuation chair & training,2025-12-01,Ilford South,27
239,706513,Every school & college to be obliged to have an evacuation chair & training,2025-12-01,Ipswich,244
240,706513,Every school & college to be obliged to have an evacuation chair & training,2025-12-01,Isle of Wight East,56
241,706513,Every school & college to be obliged to have an evacuation chair & training,2025-12-01,Isle of Wight West,56
242,706513,Every school & college to be obliged to have an evacuation chair & training,2025-12-01,Islington North,36
243,706513,Every school & college to be obliged to have an evacuation chair & training,2025-12-01,Islington South and Finsbury,30
244,706513,Every school & college to be obliged to have an evacuation chair & training,2025-12-01,Jarrow and Gateshead East,175
245,706513,Every school & college to be obliged to have an evacuation chair & training,2025-12-01,Keighley and Ilkley,75
246,706513,Every school & college to be obliged to have an evacuation chair & training,2025-12-01,Kenilworth and Southam,172
247,706513,Every school & college to be obliged to have an evacuation chair & training,2025-12-01,Kensington and Bayswater,24
248,706513,Every school & college to be obliged to have an evacuation chair & training,2025-12-01,Kettering,116
249,706513,Every school & college to be obliged to have an evacuation chair & training,2025-12-01,Kingston and Surbiton,220
250,706513,Every school & college to be obliged to have an evacuation chair & training,2025-12-01,Kingston upon Hull East,163
251,706513,Every school & college to be obliged to have an evacuation chair & training,2025-12-01,Kingston upon Hull North and Cottingham,160
252,706513,Every school & college to be obliged to have an evacuation chair & training,2025-12-01,Kingston upon Hull West and Haltemprice,132
253,706513,Every school & college to be obliged to have an evacuation chair & training,2025-12-01,Kingswinford and South Staffordshire,221
254,706513,Every school & college to be obliged to have an evacuation chair & training,2025-12-01,Knowsley,167
255,706513,Every school & college to be obliged to have an evacuation chair & training,2025-12-01,Lancaster and Wyre,169
256,706513,Every school & college to be obliged to have an evacuation chair & training,2025-12-01,Leeds Central and Headingley,89
257,706513,Every school & college to be obliged to have an evacuation chair & training,2025-12-01,Leeds East,190
258,706513,Every school & college to be obliged to have an evacuation chair & training,2025-12-01,Leeds North East,74
259,706513,Every school & college to be obliged to have an evacuation chair & training,2025-12-01,Leeds North West,176
260,706513,Every school & college to be obliged to have an evacuation chair & training,2025-12-01,Leeds South,129
261,706513,Every school & college to be obliged to have an evacuation chair & training,2025-12-01,Leeds South West and Morley,175
262,706513,Every school & college to be obliged to have an evacuation chair & training,2025-12-01,Leeds West and Pudsey,111
263,706513,Every school & college to be obliged to have an evacuation chair & training,2025-12-01,Leicester East,40
264,706513,Every school & college to be obliged to have an evacuation chair & training,2025-12-01,Leicester South,56
265,706513,Every school & college to be obliged to have an evacuation chair & training,2025-12-01,Leicester West,99
266,706513,Every school & college to be obliged to have an evacuation chair & training,2025-12-01,Leigh and Atherton,330
267,706513,Every school & college to be obliged to have an evacuation chair & training,2025-12-01,Lewes,91
268,706513,Every school & college to be obliged to have an evacuation chair & training,2025-12-01,Lewisham East,49
269,706513,Every school & college to be obliged to have an evacuation chair & training,2025-12-01,Lewisham North,47
270,706513,Every school & college to be obliged to have an evacuation chair & training,2025-12-01,Lewisham West and East Dulwich,78
271,706513,Every school & college to be obliged to have an evacuation chair & training,2025-12-01,Leyton and Wanstead,50
272,706513,Every school & college to be obliged to have an evacuation chair & training,2025-12-01,Lichfield,91
273,706513,Every school & college to be obliged to have an evacuation chair & training,2025-12-01,Lincoln,115
274,706513,Every school & college to be obliged to have an evacuation chair & training,2025-12-01,Liverpool Garston,98
275,706513,Every school & college to be obliged to have an evacuation chair & training,2025-12-01,Liverpool Riverside,91
276,706513,Every school & college to be obliged to have an evacuation chair & training,2025-12-01,Liverpool Walton,107
277,706513,Every school & college to be obliged to have an evacuation chair & training,2025-12-01,Liverpool Wavertree,82
278,706513,Every school & college to be obliged to have an evacuation chair & training,2025-12-01,Liverpool West Derby,135
279,706513,Every school & college to be obliged to have an evacuation chair & training,2025-12-01,Loughborough,97
280,706513,Every school & college to be obliged to have an evacuation chair & training,2025-12-01,Louth and Horncastle,125
281,706513,Every school & college to be obliged to have an evacuation chair & training,2025-12-01,Lowestoft,443
282,706513,Every school & college to be obliged to have an evacuation chair & training,2025-12-01,Luton North,83
283,706513,Every school & college to be obliged to have an evacuation chair & training,2025-12-01,Luton South and South Bedfordshire,88
284,706513,Every school & college to be obliged to have an evacuation chair & training,2025-12-01,Macclesfield,100
285,706513,Every school & college to be obliged to have an evacuation chair & training,2025-12-01,Maidenhead,60
286,706513,Every school & college to be obliged to have an evacuation chair & training,2025-12-01,Maidstone and Malling,155
287,706513,Every school & college to be obliged to have an evacuation chair & training,2025-12-01,Makerfield,380
288,706513,Every school & college to be obliged to have an evacuation chair & training,2025-12-01,Maldon,327
289,706513,Every school & college to be obliged to have an evacuation chair & training,2025-12-01,Manchester Central,187
290,706513,Every school & college to be obliged to have an evacuation chair & training,2025-12-01,Manchester Rusholme,85
291,706513,Every school & college to be obliged to have an evacuation chair & training,2025-12-01,Manchester Withington,184
292,706513,Every school & college to be obliged to have an evacuation chair & training,2025-12-01,Mansfield,75
293,706513,Every school & college to be obliged to have an evacuation chair & training,2025-12-01,Melksham and Devizes,346
294,706513,Every school & college to be obliged to have an evacuation chair & training,2025-12-01,Melton and Syston,150
295,706513,Every school & college to be obliged to have an evacuation chair & training,2025-12-01,Meriden and Solihull East,266
296,706513,Every school & college to be obliged to have an evacuation chair & training,2025-12-01,Mid Bedfordshire,264
297,706513,Every school & college to be obliged to have an evacuation chair & training,2025-12-01,Mid Buckinghamshire,287
298,706513,Every school & college to be obliged to have an evacuation chair & training,2025-12-01,Mid Cheshire,201
299,706513,Every school & college to be obliged to have an evacuation chair & training,2025-12-01,Mid Derbyshire,74
300,706513,Every school & college to be obliged to have an evacuation chair & training,2025-12-01,Mid Dorset and North Poole,261
301,706513,Every school & college to be obliged to have an evacuation chair & training,2025-12-01,Mid Leicestershire,164
302,706513,Every school & college to be obliged to have an evacuation chair & training,2025-12-01,Mid Norfolk,297
303,706513,Every school & college to be obliged to have an evacuation chair & training,2025-12-01,Mid Sussex,150
304,706513,Every school & college to be obliged to have an evacuation chair & training,2025-12-01,Middlesbrough and Thornaby East,72
305,706513,Every school & college to be obliged to have an evacuation chair & training,2025-12-01,Middlesbrough South and East Cleveland,108
306,706513,Every school & college to be obliged to have an evacuation chair & training,2025-12-01,Milton Keynes Central,346
307,706513,Every school & college to be obliged to have an evacuation chair & training,2025-12-01,Milton Keynes North,291
308,706513,Every school & college to be obliged to have an evacuation chair & training,2025-12-01,Mitcham and Morden,109
309,706513,Every school & college to be obliged to have an evacuation chair & training,2025-12-01,Morecambe and Lunesdale,207
310,706513,Every school & college to be obliged to have an evacuation chair & training,2025-12-01,New Forest East,152
311,706513,Every school & college to be obliged to have an evacuation chair & training,2025-12-01,New Forest West,100
312,706513,Every school & college to be obliged to have an evacuation chair & training,2025-12-01,Newark,96
313,706513,Every school & college to be obliged to have an evacuation chair & training,2025-12-01,Newbury,71
314,706513,Every school & college to be obliged to have an evacuation chair & training,2025-12-01,Newcastle upon Tyne Central and West,94
315,706513,Every school & college to be obliged to have an evacuation chair & training,2025-12-01,Newcastle upon Tyne East and Wallsend,146
316,706513,Every school & college to be obliged to have an evacuation chair & training,2025-12-01,Newcastle upon Tyne North,113
317,706513,Every school & college to be obliged to have an evacuation chair & training,2025-12-01,Newcastle-under-Lyme,162
318,706513,Every school & college to be obliged to have an evacuation chair & training,2025-12-01,Newton Abbot,306
319,706513,Every school & college to be obliged to have an evacuation chair & training,2025-12-01,Newton Aycliffe and Spennymoor,145
320,706513,Every school & college to be obliged to have an evacuation chair & training,2025-12-01,Normanton and Hemsworth,220
321,706513,Every school & college to be obliged to have an evacuation chair & training,2025-12-01,North Bedfordshire,267
322,706513,Every school & college to be obliged to have an evacuation chair & training,2025-12-01,North Cornwall,284
323,706513,Every school & college to be obliged to have an evacuation chair & training,2025-12-01,North Cotswolds,157
324,706513,Every school & college to be obliged to have an evacuation chair & training,2025-12-01,North Devon,339
325,706513,Every school & college to be obliged to have an evacuation chair & training,2025-12-01,North Dorset,118
326,706513,Every school & college to be obliged to have an evacuation chair & training,2025-12-01,North Durham,125
327,706513,Every school & college to be obliged to have an evacuation chair & training,2025-12-01,North East Cambridgeshire,238
328,706513,Every school & college to be obliged to have an evacuation chair & training,2025-12-01,North East Derbyshire,110
329,706513,Every school & college to be obliged to have an evacuation chair & training,2025-12-01,North East Hampshire,206
330,706513,Every school & college to be obliged to have an evacuation chair & training,2025-12-01,North East Hertfordshire,122
331,706513,Every school & college to be obliged to have an evacuation chair & training,2025-12-01,North East Somerset and Hanham,113
332,706513,Every school & college to be obliged to have an evacuation chair & training,2025-12-01,North Herefordshire,138
333,706513,Every school & college to be obliged to have an evacuation chair & training,2025-12-01,North Norfolk,168
334,706513,Every school & college to be obliged to have an evacuation chair & training,2025-12-01,North Northumberland,110
335,706513,Every school & college to be obliged to have an evacuation chair & training,2025-12-01,North Shropshire,98
336,706513,Every school & college to be obliged to have an evacuation chair & training,2025-12-01,North Somerset,84
337,706513,Every school & college to be obliged to have an evacuation chair & training,2025-12-01,North Warwickshire and Bedworth,189
338,706513,Every school & college to be obliged to have an evacuation chair & training,2025-12-01,North West Cambridgeshire,209
339,706513,Every school & college to be obliged to have an evacuation chair & training,2025-12-01,North West Essex,263
340,706513,Every school & college to be obliged to have an evacuation chair & training,2025-12-01,North West Hampshire,128
341,706513,Every school & college to be obliged to have an evacuation chair & training,2025-12-01,North West Leicestershire,120
342,706513,Every school & college to be obliged to have an evacuation chair & training,2025-12-01,North West Norfolk,405
343,706513,Every school & college to be obliged to have an evacuation chair & training,2025-12-01,Northampton North,195
344,706513,Every school & college to be obliged to have an evacuation chair & training,2025-12-01,Northampton South,196
345,706513,Every school & college to be obliged to have an evacuation chair & training,2025-12-01,Norwich North,312
346,706513,Every school & college to be obliged to have an evacuation chair & training,2025-12-01,Norwich South,283
347,706513,Every school & college to be obliged to have an evacuation chair & training,2025-12-01,Nottingham East,77
348,706513,Every school & college to be obliged to have an evacuation chair & training,2025-12-01,Nottingham North and Kimberley,96
349,706513,Every school & college to be obliged to have an evacuation chair & training,2025-12-01,Nottingham South,76
350,706513,Every school & college to be obliged to have an evacuation chair & training,2025-12-01,Nuneaton,140
351,706513,Every school & college to be obliged to have an evacuation chair & training,2025-12-01,Old Bexley and Sidcup,96
352,706513,Every school & college to be obliged to have an evacuation chair & training,2025-12-01,Oldham East and Saddleworth,437
353,706513,Every school & college to be obliged to have an evacuation chair & training,2025-12-01,"Oldham West, Chadderton and Royton",489
354,706513,Every school & college to be obliged to have an evacuation chair & training,2025-12-01,Orpington,106
355,706513,Every school & college to be obliged to have an evacuation chair & training,2025-12-01,Ossett and Denby Dale,181
356,706513,Every school & college to be obliged to have an evacuation chair & training,2025-12-01,Oxford East,73
357,706513,Every school & college to be obliged to have an evacuation chair & training,2025-12-01,Oxford West and Abingdon,92
358,706513,Every school & college to be obliged to have an evacuation chair & training,2025-12-01,Peckham,33
359,706513,Every school & college to be obliged to have an evacuation chair & training,2025-12-01,Pendle and Clitheroe,111
360,706513,Every school & college to be obliged to have an evacuation chair & training,2025-12-01,Penistone and Stocksbridge,109
361,706513,Every school & college to be obliged to have an evacuation chair & training,2025-12-01,Penrith and Solway,217
362,706513,Every school & college to be obliged to have an evacuation chair & training,2025-12-01,Peterborough,116
363,706513,Every school & college to be obliged to have an evacuation chair & training,2025-12-01,Plymouth Moor View,121
364,706513,Every school & college to be obliged to have an evacuation chair & training,2025-12-01,Plymouth Sutton and Devonport,125
365,706513,Every school & college to be obliged to have an evacuation chair & training,2025-12-01,"Pontefract, Castleford and Knottingley",306
366,706513,Every school & college to be obliged to have an evacuation chair & training,2025-12-01,Poole,239
367,706513,Every school & college to be obliged to have an evacuation chair & training,2025-12-01,Poplar and Limehouse,32
368,706513,Every school & college to be obliged to have an evacuation chair & training,2025-12-01,Portsmouth North,288
369,706513,Every school & college to be obliged to have an evacuation chair & training,2025-12-01,Portsmouth South,262
370,706513,Every school & college to be obliged to have an evacuation chair & training,2025-12-01,Preston,232
371,706513,Every school & college to be obliged to have an evacuation chair & training,2025-12-01,Putney,59
372,706513,Every school & college to be obliged to have an evacuation chair & training,2025-12-01,Queen's Park and Maida Vale,26
373,706513,Every school & college to be obliged to have an evacuation chair & training,2025-12-01,Rawmarsh and Conisbrough,81
374,706513,Every school & college to be obliged to have an evacuation chair & training,2025-12-01,Rayleigh and Wickford,191
375,706513,Every school & college to be obliged to have an evacuation chair & training,2025-12-01,Reading Central,53
376,706513,Every school & college to be obliged to have an evacuation chair & training,2025-12-01,Reading West and Mid Berkshire,70
377,706513,Every school & college to be obliged to have an evacuation chair & training,2025-12-01,Redcar,92
378,706513,Every school & college to be obliged to have an evacuation chair & training,2025-12-01,Redditch,148
379,706513,Every school & college to be obliged to have an evacuation chair & training,2025-12-01,Reigate,518
380,706513,Every school & college to be obliged to have an evacuation chair & training,2025-12-01,Ribble Valley,165
381,706513,Every school & college to be obliged to have an evacuation chair & training,2025-12-01,Richmond and Northallerton,87
382,706513,Every school & college to be obliged to have an evacuation chair & training,2025-12-01,Richmond Park,53
383,706513,Every school & college to be obliged to have an evacuation chair & training,2025-12-01,Rochdale,350
384,706513,Every school & college to be obliged to have an evacuation chair & training,2025-12-01,Rochester and Strood,256
385,706513,Every school & college to be obliged to have an evacuation chair & training,2025-12-01,Romford,168
386,706513,Every school & college to be obliged to have an evacuation chair & training,2025-12-01,Romsey and Southampton North,117
387,706513,Every school & college to be obliged to have an evacuation chair & training,2025-12-01,Rossendale and Darwen,265
388,706513,Every school & college to be obliged to have an evacuation chair & training,2025-12-01,Rother Valley,106
389,706513,Every school & college to be obliged to have an evacuation chair & training,2025-12-01,Rotherham,83
390,706513,Every school & college to be obliged to have an evacuation chair & training,2025-12-01,Rugby,443
391,706513,Every school & college to be obliged to have an evacuation chair & training,2025-12-01,"Ruislip, Northwood and Pinner",44
392,706513,Every school & college to be obliged to have an evacuation chair & training,2025-12-01,Runcorn and Helsby,131
393,706513,Every school & college to be obliged to have an evacuation chair & training,2025-12-01,Runnymede and Weybridge,226
394,706513,Every school & college to be obliged to have an evacuation chair & training,2025-12-01,Rushcliffe,83
395,706513,Every school & college to be obliged to have an evacuation chair & training,2025-12-01,Rutland and Stamford,148
396,706513,Every school & college to be obliged to have an evacuation chair & training,2025-12-01,Salford,254
397,706513,Every school & college to be obliged to have an evacuation chair & training,2025-12-01,Salisbury,264
398,706513,Every school & college to be obliged to have an evacuation chair & training,2025-12-01,Scarborough and Whitby,81
399,706513,Every school & college to be obliged to have an evacuation chair & training,2025-12-01,Scunthorpe,88
400,706513,Every school & college to be obliged to have an evacuation chair & training,2025-12-01,Sefton Central,135
401,706513,Every school & college to be obliged to have an evacuation chair & training,2025-12-01,Selby,305
402,706513,Every school & college to be obliged to have an evacuation chair & training,2025-12-01,Sevenoaks,201
403,706513,Every school & college to be obliged to have an evacuation chair & training,2025-12-01,Sheffield Brightside and Hillsborough,90
404,706513,Every school & college to be obliged to have an evacuation chair & training,2025-12-01,Sheffield Central,92
405,706513,Every school & college to be obliged to have an evacuation chair & training,2025-12-01,Sheffield Hallam,83
406,706513,Every school & college to be obliged to have an evacuation chair & training,2025-12-01,Sheffield Heeley,177
407,706513,Every school & college to be obliged to have an evacuation chair & training,2025-12-01,Sheffield South East,175
408,706513,Every school & college to be obliged to have an evacuation chair & training,2025-12-01,Sherwood Forest,86
409,706513,Every school & college to be obliged to have an evacuation chair & training,2025-12-01,Shipley,98
410,706513,Every school & college to be obliged to have an evacuation chair & training,2025-12-01,Shrewsbury,94
411,706513,Every school & college to be obliged to have an evacuation chair & training,2025-12-01,Sittingbourne and Sheppey,115
412,706513,Every school & college to be obliged to have an evacuation chair & training,2025-12-01,Skipton and Ripon,93
413,706513,Every school & college to be obliged to have an evacuation chair & training,2025-12-01,Sleaford and North Hykeham,110
414,706513,Every school & college to be obliged to have an evacuation chair & training,2025-12-01,Slough,44
415,706513,Every school & college to be obliged to have an evacuation chair & training,2025-12-01,Smethwick,135
416,706513,Every school & college to be obliged to have an evacuation chair & training,2025-12-01,Solihull West and Shirley,107
417,706513,Every school & college to be obliged to have an evacuation chair & training,2025-12-01,South Basildon and East Thurrock,211
418,706513,Every school & college to be obliged to have an evacuation chair & training,2025-12-01,South Cambridgeshire,88
419,706513,Every school & college to be obliged to have an evacuation chair & training,2025-12-01,South Cotswolds,108
420,706513,Every school & college to be obliged to have an evacuation chair & training,2025-12-01,South Derbyshire,107
421,706513,Every school & college to be obliged to have an evacuation chair & training,2025-12-01,South Devon,177
422,706513,Every school & college to be obliged to have an evacuation chair & training,2025-12-01,South Dorset,126
423,706513,Every school & college to be obliged to have an evacuation chair & training,2025-12-01,South East Cornwall,114
424,706513,Every school & college to be obliged to have an evacuation chair & training,2025-12-01,South Holland and The Deepings,243
425,706513,Every school & college to be obliged to have an evacuation chair & training,2025-12-01,South Leicestershire,311
426,706513,Every school & college to be obliged to have an evacuation chair & training,2025-12-01,South Norfolk,200
427,706513,Every school & college to be obliged to have an evacuation chair & training,2025-12-01,South Northamptonshire,195
428,706513,Every school & college to be obliged to have an evacuation chair & training,2025-12-01,South Ribble,139
429,706513,Every school & college to be obliged to have an evacuation chair & training,2025-12-01,South Shields,158
430,706513,Every school & college to be obliged to have an evacuation chair & training,2025-12-01,South Shropshire,89
431,706513,Every school & college to be obliged to have an evacuation chair & training,2025-12-01,South Suffolk,265
432,706513,Every school & college to be obliged to have an evacuation chair & training,2025-12-01,South West Devon,108
433,706513,Every school & college to be obliged to have an evacuation chair & training,2025-12-01,South West Hertfordshire,121
434,706513,Every school & college to be obliged to have an evacuation chair & training,2025-12-01,South West Norfolk,240
435,706513,Every school & college to be obliged to have an evacuation chair & training,2025-12-01,South West Wiltshire,451
436,706513,Every school & college to be obliged to have an evacuation chair & training,2025-12-01,Southampton Itchen,216
437,706513,Every school & college to be obliged to have an evacuation chair & training,2025-12-01,Southampton Test,160
438,706513,Every school & college to be obliged to have an evacuation chair & training,2025-12-01,Southend East and Rochford,109
439,706513,Every school & college to be obliged to have an evacuation chair & training,2025-12-01,Southend West and Leigh,127
440,706513,Every school & college to be obliged to have an evacuation chair & training,2025-12-01,Southgate and Wood Green,35
441,706513,Every school & college to be obliged to have an evacuation chair & training,2025-12-01,Southport,312
442,706513,Every school & college to be obliged to have an evacuation chair & training,2025-12-01,Spelthorne,225
443,706513,Every school & college to be obliged to have an evacuation chair & training,2025-12-01,Spen Valley,215
444,706513,Every school & college to be obliged to have an evacuation chair & training,2025-12-01,St Albans,96
445,706513,Every school & college to be obliged to have an evacuation chair & training,2025-12-01,St Austell and Newquay,123
446,706513,Every school & college to be obliged to have an evacuation chair & training,2025-12-01,St Helens North,173
447,706513,Every school & college to be obliged to have an evacuation chair & training,2025-12-01,St Helens South and Whiston,172
448,706513,Every school & college to be obliged to have an evacuation chair & training,2025-12-01,St Ives,58
449,706513,Every school & college to be obliged to have an evacuation chair & training,2025-12-01,St Neots and Mid Cambridgeshire,124
450,706513,Every school & college to be obliged to have an evacuation chair & training,2025-12-01,Stafford,99
451,706513,Every school & college to be obliged to have an evacuation chair & training,2025-12-01,Staffordshire Moorlands,123
452,706513,Every school & college to be obliged to have an evacuation chair & training,2025-12-01,Stalybridge and Hyde,1539
453,706513,Every school & college to be obliged to have an evacuation chair & training,2025-12-01,Stevenage,107
454,706513,Every school & college to be obliged to have an evacuation chair & training,2025-12-01,Stockport,354
455,706513,Every school & college to be obliged to have an evacuation chair & training,2025-12-01,Stockton North,152
456,706513,Every school & college to be obliged to have an evacuation chair & training,2025-12-01,Stockton West,121
457,706513,Every school & college to be obliged to have an evacuation chair & training,2025-12-01,Stoke-on-Trent Central,323
458,706513,Every school & college to be obliged to have an evacuation chair & training,2025-12-01,Stoke-on-Trent North,229
459,706513,Every school & college to be obliged to have an evacuation chair & training,2025-12-01,Stoke-on-Trent South,172
460,706513,Every school & college to be obliged to have an evacuation chair & training,2025-12-01,"Stone, Great Wyrley and Penkridge",124
461,706513,Every school & college to be obliged to have an evacuation chair & training,2025-12-01,Stourbridge,261
462,706513,Every school & college to be obliged to have an evacuation chair & training,2025-12-01,Stratford and Bow,20
463,706513,Every school & college to be obliged to have an evacuation chair & training,2025-12-01,Stratford-on-Avon,111
464,706513,Every school & college to be obliged to have an evacuation chair & training,2025-12-01,Streatham and Croydon North,50
465,706513,Every school & college to be obliged to have an evacuation chair & training,2025-12-01,Stretford and Urmston,315
466,706513,Every school & college to be obliged to have an evacuation chair & training,2025-12-01,Stroud,96
467,706513,Every school & college to be obliged to have an evacuation chair & training,2025-12-01,Suffolk Coastal,129
468,706513,Every school & college to be obliged to have an evacuation chair & training,2025-12-01,Sunderland Central,130
469,706513,Every school & college to be obliged to have an evacuation chair & training,2025-12-01,Surrey Heath,142
470,706513,Every school & college to be obliged to have an evacuation chair & training,2025-12-01,Sussex Weald,169
471,706513,Every school & college to be obliged to have an evacuation chair & training,2025-12-01,Sutton and Cheam,219
472,706513,Every school & college to be obliged to have an evacuation chair & training,2025-12-01,Sutton Coldfield,124
473,706513,Every school & college to be obliged to have an evacuation chair & training,2025-12-01,Swindon North,408
474,706513,Every school & college to be obliged to have an evacuation chair & training,2025-12-01,Swindon South,398
475,706513,Every school & college to be obliged to have an evacuation chair & training,2025-12-01,Tamworth,144
476,706513,Every school & college to be obliged to have an evacuation chair & training,2025-12-01,Tatton,129
477,706513,Every school & college to be obliged to have an evacuation chair & training,2025-12-01,Taunton and Wellington,740
478,706513,Every school & college to be obliged to have an evacuation chair & training,2025-12-01,Telford,200
479,706513,Every school & college to be obliged to have an evacuation chair & training,2025-12-01,Tewkesbury,342
480,706513,Every school & college to be obliged to have an evacuation chair & training,2025-12-01,The Wrekin,131
481,706513,Every school & college to be obliged to have an evacuation chair & training,2025-12-01,Thirsk and Malton,72
482,706513,Every school & college to be obliged to have an evacuation chair & training,2025-12-01,Thornbury and Yate,357
483,706513,Every school & college to be obliged to have an evacuation chair & training,2025-12-01,Thurrock,130
484,706513,Every school & college to be obliged to have an evacuation chair & training,2025-12-01,Tipton and Wednesbury,153
485,706513,Every school & college to be obliged to have an evacuation chair & training,2025-12-01,Tiverton and Minehead,236
486,706513,Every school & college to be obliged to have an evacuation chair & training,2025-12-01,Tonbridge,217
487,706513,Every school & college to be obliged to have an evacuation chair & training,2025-12-01,Tooting,49
488,706513,Every school & college to be obliged to have an evacuation chair & training,2025-12-01,Torbay,373
489,706513,Every school & college to be obliged to have an evacuation chair & training,2025-12-01,Torridge and Tavistock,363
490,706513,Every school & college to be obliged to have an evacuation chair & training,2025-12-01,Tottenham,27
491,706513,Every school & college to be obliged to have an evacuation chair & training,2025-12-01,Truro and Falmouth,78
492,706513,Every school & college to be obliged to have an evacuation chair & training,2025-12-01,Tunbridge Wells,381
493,706513,Every school & college to be obliged to have an evacuation chair & training,2025-12-01,Twickenham,65
494,706513,Every school & college to be obliged to have an evacuation chair & training,2025-12-01,Tynemouth,93
495,706513,Every school & college to be obliged to have an evacuation chair & training,2025-12-01,Uxbridge and South Ruislip,55
496,706513,Every school & college to be obliged to have an evacuation chair & training,2025-12-01,Vauxhall and Camberwell Green,24
497,706513,Every school & college to be obliged to have an evacuation chair & training,2025-12-01,Wakefield and Rothwell,279
498,706513,Every school & college to be obliged to have an evacuation chair & training,2025-12-01,Wallasey,244
499,706513,Every school & college to be obliged to have an evacuation chair & training,2025-12-01,Walsall and Bloxwich,72
500,706513,Every school & college to be obliged to have an evacuation chair & training,2025-12-01,Walthamstow,37
501,706513,Every school & college to be obliged to have an evacuation chair & training,2025-12-01,Warrington North,214
502,706513,Every school & college to be obliged to have an evacuation chair & training,2025-12-01,Warrington South,224
503,706513,Every school & college to be obliged to have an evacuation chair & training,2025-12-01,Warwick and Leamington,188
504,706513,Every school & college to be obliged to have an evacuation chair & training,2025-12-01,Washington and Gateshead South,134
505,706513,Every school & college to be obliged to have an evacuation chair & training,2025-12-01,Watford,192
506,706513,Every school & college to be obliged to have an evacuation chair & training,2025-12-01,Waveney Valley,167
507,706513,Every school & college to be obliged to have an evacuation chair & training,2025-12-01,Weald of Kent,195
508,706513,Every school & college to be obliged to have an evacuation chair & training,2025-12-01,Wellingborough and Rushden,108
509,706513,Every school & college to be obliged to have an evacuation chair & training,2025-12-01,Wells and Mendip Hills,90
510,706513,Every school & college to be obliged to have an evacuation chair & training,2025-12-01,Welwyn Hatfield,290
511,706513,Every school & college to be obliged to have an evacuation chair & training,2025-12-01,West Bromwich,117
512,706513,Every school & college to be obliged to have an evacuation chair & training,2025-12-01,West Dorset,125
513,706513,Every school & college to be obliged to have an evacuation chair & training,2025-12-01,West Ham and Beckton,35
514,706513,Every school & college to be obliged to have an evacuation chair & training,2025-12-01,West Lancashire,176
515,706513,Every school & college to be obliged to have an evacuation chair & training,2025-12-01,West Suffolk,102
516,706513,Every school & college to be obliged to have an evacuation chair & training,2025-12-01,West Worcestershire,285
517,706513,Every school & college to be obliged to have an evacuation chair & training,2025-12-01,Westmorland and Lonsdale,369
518,706513,Every school & college to be obliged to have an evacuation chair & training,2025-12-01,Weston-super-Mare,99
519,706513,Every school & college to be obliged to have an evacuation chair & training,2025-12-01,Wetherby and Easingwold,118
520,706513,Every school & college to be obliged to have an evacuation chair & training,2025-12-01,Whitehaven and Workington,115
521,706513,Every school & college to be obliged to have an evacuation chair & training,2025-12-01,Widnes and Halewood,149
522,706513,Every school & college to be obliged to have an evacuation chair & training,2025-12-01,Wigan,348
523,706513,Every school & college to be obliged to have an evacuation chair & training,2025-12-01,Wimbledon,126
524,706513,Every school & college to be obliged to have an evacuation chair & training,2025-12-01,Winchester,69
525,706513,Every school & college to be obliged to have an evacuation chair & training,2025-12-01,Windsor,85
526,706513,Every school & college to be obliged to have an evacuation chair & training,2025-12-01,Wirral West,142
527,706513,Every school & college to be obliged to have an evacuation chair & training,2025-12-01,Witham,517
528,706513,Every school & college to be obliged to have an evacuation chair & training,2025-12-01,Witney,107
529,706513,Every school & college to be obliged to have an evacuation chair & training,2025-12-01,Woking,304
530,706513,Every school & college to be obliged to have an evacuation chair & training,2025-12-01,Wokingham,76
531,706513,Every school & college to be obliged to have an evacuation chair & training,2025-12-01,Wolverhampton North East,58
532,706513,Every school & college to be obliged to have an evacuation chair & training,2025-12-01,Wolverhampton South East,85
533,706513,Every school & college to be obliged to have an evacuation chair & training,2025-12-01,Wolverhampton West,67
534,706513,Every school & college to be obliged to have an evacuation chair & training,2025-12-01,Worcester,265
535,706513,Every school & college to be obliged to have an evacuation chair & training,2025-12-01,Worsley and Eccles,267
536,706513,Every school & college to be obliged to have an evacuation chair & training,2025-12-01,Worthing West,114
537,706513,Every school & college to be obliged to have an evacuation chair & training,2025-12-01,Wycombe,435
538,706513,Every school & college to be obliged to have an evacuation chair & training,2025-12-01,Wyre Forest,130
539,706513,Every school & college to be obliged to have an evacuation chair & training,2025-12-01,Wythenshawe and Sale East,207
540,706513,Every school & college to be obliged to have an evacuation chair & training,2025-12-01,Yeovil,218
541,706513,Every school & college to be obliged to have an evacuation chair & training,2025-12-01,York Central,302
542,706513,Every school & college to be obliged to have an evacuation chair & training,2025-12-01,York Outer,253
543,706513,Every school & college to be obliged to have an evacuation chair & training,2025-12-01,Belfast East,25
544,706513,Every school & college to be obliged to have an evacuation chair & training,2025-12-01,Belfast North,29
545,706513,Every school & college to be obliged to have an evacuation chair & training,2025-12-01,Belfast South and Mid Down,23
546,706513,Every school & college to be obliged to have an evacuation chair & training,2025-12-01,Belfast West,27
547,706513,Every school & college to be obliged to have an evacuation chair & training,2025-12-01,East Antrim,37
548,706513,Every school & college to be obliged to have an evacuation chair & training,2025-12-01,East Londonderry,22
549,706513,Every school & college to be obliged to have an evacuation chair & training,2025-12-01,Fermanagh and South Tyrone,25
550,706513,Every school & college to be obliged to have an evacuation chair & training,2025-12-01,Foyle,20
551,706513,Every school & college to be obliged to have an evacuation chair & training,2025-12-01,Lagan Valley,32
552,706513,Every school & college to be obliged to have an evacuation chair & training,2025-12-01,Mid Ulster,15
553,706513,Every school & college to be obliged to have an evacuation chair & training,2025-12-01,Newry and Armagh,24
554,706513,Every school & college to be obliged to have an evacuation chair & training,2025-12-01,North Antrim,28
555,706513,Every school & college to be obliged to have an evacuation chair & training,2025-12-01,North Down,30
556,706513,Every school & college to be obliged to have an evacuation chair & training,2025-12-01,South Antrim,27
557,706513,Every school & college to be obliged to have an evacuation chair & training,2025-12-01,South Down,27
558,706513,Every school & college to be obliged to have an evacuation chair & training,2025-12-01,Strangford,37
559,706513,Every school & college to be obliged to have an evacuation chair & training,2025-12-01,Upper Bann,31
560,706513,Every school & college to be obliged to have an evacuation chair & training,2025-12-01,West Tyrone,12
561,706513,Every school & college to be obliged to have an evacuation chair & training,2025-12-01,East Renfrewshire,75
562,706513,Every school & college to be obliged to have an evacuation chair & training,2025-12-01,Na h-Eileanan an Iar,7
563,706513,Every school & college to be obliged to have an evacuation chair & training,2025-12-01,Midlothian,75
564,706513,Every school & college to be obliged to have an evacuation chair & training,2025-12-01,North Ayrshire and Arran,77
565,706513,Every school & college to be obliged to have an evacuation chair & training,2025-12-01,Orkney and Shetland,23
566,706513,Every school & college to be obliged to have an evacuation chair & training,2025-12-01,Aberdeen North,86
567,706513,Every school & college to be obliged to have an evacuation chair & training,2025-12-01,Aberdeen South,95
568,706513,Every school & college to be obliged to have an evacuation chair & training,2025-12-01,Aberdeenshire North and Moray East,51
569,706513,Every school & college to be obliged to have an evacuation chair & training,2025-12-01,Airdrie and Shotts,56
570,706513,Every school & college to be obliged to have an evacuation chair & training,2025-12-01,Alloa and Grangemouth,66
571,706513,Every school & college to be obliged to have an evacuation chair & training,2025-12-01,Angus and Perthshire Glens,64
572,706513,Every school & college to be obliged to have an evacuation chair & training,2025-12-01,Arbroath and Broughty Ferry,62
573,706513,Every school & college to be obliged to have an evacuation chair & training,2025-12-01,"Argyll, Bute and South Lochaber",72
574,706513,Every school & college to be obliged to have an evacuation chair & training,2025-12-01,Bathgate and Linlithgow,88
575,706513,Every school & college to be obliged to have an evacuation chair & training,2025-12-01,"Caithness, Sutherland and Easter Ross",69
576,706513,Every school & college to be obliged to have an evacuation chair & training,2025-12-01,Coatbridge and Bellshill,72
577,706513,Every school & college to be obliged to have an evacuation chair & training,2025-12-01,Cowdenbeath and Kirkcaldy,68
578,706513,Every school & college to be obliged to have an evacuation chair & training,2025-12-01,Cumbernauld and Kirkintilloch,62
579,706513,Every school & college to be obliged to have an evacuation chair & training,2025-12-01,Dumfries and Galloway,110
580,706513,Every school & college to be obliged to have an evacuation chair & training,2025-12-01,"Dumfriesshire, Clydesdale and Tweeddale",97
581,706513,Every school & college to be obliged to have an evacuation chair & training,2025-12-01,Dundee Central,46
582,706513,Every school & college to be obliged to have an evacuation chair & training,2025-12-01,Dunfermline and Dollar,66
583,706513,Every school & college to be obliged to have an evacuation chair & training,2025-12-01,East Kilbride and Strathaven,79
584,706513,Every school & college to be obliged to have an evacuation chair & training,2025-12-01,Edinburgh East and Musselburgh,65
585,706513,Every school & college to be obliged to have an evacuation chair & training,2025-12-01,Edinburgh North and Leith,71
586,706513,Every school & college to be obliged to have an evacuation chair & training,2025-12-01,Edinburgh South,57
587,706513,Every school & college to be obliged to have an evacuation chair & training,2025-12-01,Edinburgh South West,70
588,706513,Every school & college to be obliged to have an evacuation chair & training,2025-12-01,Edinburgh West,45
589,706513,Every school & college to be obliged to have an evacuation chair & training,2025-12-01,Falkirk,87
590,706513,Every school & college to be obliged to have an evacuation chair & training,2025-12-01,Glasgow East,54
591,706513,Every school & college to be obliged to have an evacuation chair & training,2025-12-01,Glasgow North,37
592,706513,Every school & college to be obliged to have an evacuation chair & training,2025-12-01,Glasgow North East,68
593,706513,Every school & college to be obliged to have an evacuation chair & training,2025-12-01,Glasgow South,75
594,706513,Every school & college to be obliged to have an evacuation chair & training,2025-12-01,Glasgow South West,155
595,706513,Every school & college to be obliged to have an evacuation chair & training,2025-12-01,Glasgow West,63
596,706513,Every school & college to be obliged to have an evacuation chair & training,2025-12-01,Glenrothes and Mid Fife,79
597,706513,Every school & college to be obliged to have an evacuation chair & training,2025-12-01,Gordon and Buchan,79
598,706513,Every school & college to be obliged to have an evacuation chair & training,2025-12-01,Hamilton and Clyde Valley,58
599,706513,Every school & college to be obliged to have an evacuation chair & training,2025-12-01,Inverclyde and Renfrewshire West,84
600,706513,Every school & college to be obliged to have an evacuation chair & training,2025-12-01,"Inverness, Skye and West Ross-shire",101
601,706513,Every school & college to be obliged to have an evacuation chair & training,2025-12-01,Livingston,91
602,706513,Every school & college to be obliged to have an evacuation chair & training,2025-12-01,Lothian East,66
603,706513,Every school & college to be obliged to have an evacuation chair & training,2025-12-01,Mid Dunbartonshire,67
604,706513,Every school & college to be obliged to have an evacuation chair & training,2025-12-01,"Moray West, Nairn and Strathspey",54
605,706513,Every school & college to be obliged to have an evacuation chair & training,2025-12-01,"Motherwell, Wishaw and Carluke",63
606,706513,Every school & college to be obliged to have an evacuation chair & training,2025-12-01,North East Fife,51
607,706513,Every school & college to be obliged to have an evacuation chair & training,2025-12-01,Paisley and Renfrewshire North,194
608,706513,Every school & college to be obliged to have an evacuation chair & training,2025-12-01,Paisley and Renfrewshire South,97
609,706513,Every school & college to be obliged to have an evacuation chair & training,2025-12-01,Perth and Kinross-shire,48
610,706513,Every school & college to be obliged to have an evacuation chair & training,2025-12-01,Rutherglen,58
611,706513,Every school & college to be obliged to have an evacuation chair & training,2025-12-01,Stirling and Strathallan,105
612,706513,Every school & college to be obliged to have an evacuation chair & training,2025-12-01,West Dunbartonshire,78
613,706513,Every school & college to be obliged to have an evacuation chair & training,2025-12-01,"Ayr, Carrick and Cumnock",81
614,706513,Every school & college to be obliged to have an evacuation chair & training,2025-12-01,"Berwickshire, Roxburgh and Selkirk",57
615,706513,Every school & college to be obliged to have an evacuation chair & training,2025-12-01,Central Ayrshire,64
616,706513,Every school & college to be obliged to have an evacuation chair & training,2025-12-01,Kilmarnock and Loudoun,95
617,706513,Every school & college to be obliged to have an evacuation chair & training,2025-12-01,West Aberdeenshire and Kincardine,65
618,706513,Every school & college to be obliged to have an evacuation chair & training,2025-12-01,Aberafan Maesteg,91
619,706513,Every school & college to be obliged to have an evacuation chair & training,2025-12-01,Alyn and Deeside,215
620,706513,Every school & college to be obliged to have an evacuation chair & training,2025-12-01,Bangor Aberconwy,103
621,706513,Every school & college to be obliged to have an evacuation chair & training,2025-12-01,Blaenau Gwent and Rhymney,112
622,706513,Every school & college to be obliged to have an evacuation chair & training,2025-12-01,"Brecon, Radnor and Cwm Tawe",82
623,706513,Every school & college to be obliged to have an evacuation chair & training,2025-12-01,Bridgend,72
624,706513,Every school & college to be obliged to have an evacuation chair & training,2025-12-01,Caerfyrddin,65
625,706513,Every school & college to be obliged to have an evacuation chair & training,2025-12-01,Caerphilly,89
626,706513,Every school & college to be obliged to have an evacuation chair & training,2025-12-01,Cardiff East,72
627,706513,Every school & college to be obliged to have an evacuation chair & training,2025-12-01,Cardiff North,78
628,706513,Every school & college to be obliged to have an evacuation chair & training,2025-12-01,Cardiff South and Penarth,65
629,706513,Every school & college to be obliged to have an evacuation chair & training,2025-12-01,Cardiff West,64
630,706513,Every school & college to be obliged to have an evacuation chair & training,2025-12-01,Ceredigion Preseli,77
631,706513,Every school & college to be obliged to have an evacuation chair & training,2025-12-01,Clwyd East,148
632,706513,Every school & college to be obliged to have an evacuation chair & training,2025-12-01,Clwyd North,141
633,706513,Every school & college to be obliged to have an evacuation chair & training,2025-12-01,Dwyfor Meirionnydd,63
634,706513,Every school & college to be obliged to have an evacuation chair & training,2025-12-01,Gower,105
635,706513,Every school & college to be obliged to have an evacuation chair & training,2025-12-01,Llanelli,59
636,706513,Every school & college to be obliged to have an evacuation chair & training,2025-12-01,Merthyr Tydfil and Aberdare,77
637,706513,Every school & college to be obliged to have an evacuation chair & training,2025-12-01,Mid and South Pembrokeshire,103
638,706513,Every school & college to be obliged to have an evacuation chair & training,2025-12-01,Monmouthshire,105
639,706513,Every school & college to be obliged to have an evacuation chair & training,2025-12-01,Montgomeryshire and Glyndŵr,235
640,706513,Every school & college to be obliged to have an evacuation chair & training,2025-12-01,Neath and Swansea East,101
641,706513,Every school & college to be obliged to have an evacuation chair & training,2025-12-01,Newport East,148
642,706513,Every school & college to be obliged to have an evacuation chair & training,2025-12-01,Newport West and Islwyn,93
643,706513,Every school & college to be obliged to have an evacuation chair & training,2025-12-01,Pontypridd,75
644,706513,Every school & college to be obliged to have an evacuation chair & training,2025-12-01,Rhondda and Ogmore,81
645,706513,Every school & college to be obliged to have an evacuation chair & training,2025-12-01,Swansea West,88
646,706513,Every school & college to be obliged to have an evacuation chair & training,2025-12-01,Torfaen,172
647,706513,Every school & college to be obliged to have an evacuation chair & training,2025-12-01,Vale of Glamorgan,89
648,706513,Every school & college to be obliged to have an evacuation chair & training,2025-12-01,Wrexham,638
649,706513,Every school & college to be obliged to have an evacuation chair & training,2025-12-01,Ynys Môn,57
650,722377,Withdraw the Children's Wellbeing and Schools Bill,2025-12-01,Aldershot,368
651,722377,Withdraw the Children's Wellbeing and Schools Bill,2025-12-01,Aldridge-Brownhills,201
652,722377,Withdraw the Children's Wellbeing and Schools Bill,2025-12-01,Altrincham and Sale West,223
653,722377,Withdraw the Children's Wellbeing and Schools Bill,2025-12-01,Amber Valley,305
654,722377,Withdraw the Children's Wellbeing and Schools Bill,2025-12-01,Arundel and South Downs,333
655,722377,Withdraw the Children's Wellbeing and Schools Bill,2025-12-01,Ashfield,274
656,722377,Withdraw the Children's Wellbeing and Schools Bill,2025-12-01,Ashford,402
657,722377,Withdraw the Children's Wellbeing and Schools Bill,2025-12-01,Ashton-under-Lyne,217
658,722377,Withdraw the Children's Wellbeing and Schools Bill,2025-12-01,Aylesbury,334
659,722377,Withdraw the Children's Wellbeing and Schools Bill,2025-12-01,Banbury,299
660,722377,Withdraw the Children's Wellbeing and Schools Bill,2025-12-01,Barking,252
661,722377,Withdraw the Children's Wellbeing and Schools Bill,2025-12-01,Barnsley North,318
662,722377,Withdraw the Children's Wellbeing and Schools Bill,2025-12-01,Barnsley South,257
663,722377,Withdraw the Children's Wellbeing and Schools Bill,2025-12-01,Barrow and Furness,289
664,722377,Withdraw the Children's Wellbeing and Schools Bill,2025-12-01,Basildon and Billericay,389
665,722377,Withdraw the Children's Wellbeing and Schools Bill,2025-12-01,Basingstoke,352
666,722377,Withdraw the Children's Wellbeing and Schools Bill,2025-12-01,Bassetlaw,287
667,722377,Withdraw the Children's Wellbeing and Schools Bill,2025-12-01,Bath,215
668,722377,Withdraw the Children's Wellbeing and Schools Bill,2025-12-01,Battersea,156
669,722377,Withdraw the Children's Wellbeing and Schools Bill,2025-12-01,Beaconsfield,272
670,722377,Withdraw the Children's Wellbeing and Schools Bill,2025-12-01,Beckenham and Penge,261
671,722377,Withdraw the Children's Wellbeing and Schools Bill,2025-12-01,Bedford,242
672,722377,Withdraw the Children's Wellbeing and Schools Bill,2025-12-01,Bermondsey and Old Southwark,145
673,722377,Withdraw the Children's Wellbeing and Schools Bill,2025-12-01,Bethnal Green and Stepney,242
674,722377,Withdraw the Children's Wellbeing and Schools Bill,2025-12-01,Beverley and Holderness,229
675,722377,Withdraw the Children's Wellbeing and Schools Bill,2025-12-01,Bexhill and Battle,339
676,722377,Withdraw the Children's Wellbeing and Schools Bill,2025-12-01,Bexleyheath and Crayford,288
677,722377,Withdraw the Children's Wellbeing and Schools Bill,2025-12-01,Bicester and Woodstock,297
678,722377,Withdraw the Children's Wellbeing and Schools Bill,2025-12-01,Birkenhead,309
679,722377,Withdraw the Children's Wellbeing and Schools Bill,2025-12-01,Birmingham Edgbaston,159
680,722377,Withdraw the Children's Wellbeing and Schools Bill,2025-12-01,Birmingham Erdington,270
681,722377,Withdraw the Children's Wellbeing and Schools Bill,2025-12-01,Birmingham Hall Green and Moseley,211
682,722377,Withdraw the Children's Wellbeing and Schools Bill,2025-12-01,Birmingham Hodge Hill and Solihull North,265
683,722377,Withdraw the Children's Wellbeing and Schools Bill,2025-12-01,Birmingham Ladywood,167
684,722377,Withdraw the Children's Wellbeing and Schools Bill,2025-12-01,Birmingham Northfield,301
685,722377,Withdraw the Children's Wellbeing and Schools Bill,2025-12-01,Birmingham Perry Barr,195
686,722377,Withdraw the Children's Wellbeing and Schools Bill,2025-12-01,Birmingham Selly Oak,215
687,722377,Withdraw the Children's Wellbeing and Schools Bill,2025-12-01,Birmingham Yardley,221
688,722377,Withdraw the Children's Wellbeing and Schools Bill,2025-12-01,Bishop Auckland,242
689,722377,Withdraw the Children's Wellbeing and Schools Bill,2025-12-01,Blackburn,225
690,722377,Withdraw the Children's Wellbeing and Schools Bill,2025-12-01,Blackley and Middleton South,243
691,722377,Withdraw the Children's Wellbeing and Schools Bill,2025-12-01,Blackpool North and Fleetwood,260
692,722377,Withdraw the Children's Wellbeing and Schools Bill,2025-12-01,Blackpool South,303
693,722377,Withdraw the Children's Wellbeing and Schools Bill,2025-12-01,Blaydon and Consett,318
694,722377,Withdraw the Children's Wellbeing and Schools Bill,2025-12-01,Blyth and Ashington,291
695,722377,Withdraw the Children's Wellbeing and Schools Bill,2025-12-01,Bognor Regis and Littlehampton,345
696,722377,Withdraw the Children's Wellbeing and Schools Bill,2025-12-01,Bolsover,278
697,722377,Withdraw the Children's Wellbeing and Schools Bill,2025-12-01,Bolton North East,255
698,722377,Withdraw the Children's Wellbeing and Schools Bill,2025-12-01,Bolton South and Walkden,303
699,722377,Withdraw the Children's Wellbeing and Schools Bill,2025-12-01,Bolton West,255
700,722377,Withdraw the Children's Wellbeing and Schools Bill,2025-12-01,Bootle,308
701,722377,Withdraw the Children's Wellbeing and Schools Bill,2025-12-01,Boston and Skegness,286
702,722377,Withdraw the Children's Wellbeing and Schools Bill,2025-12-01,Bournemouth East,420
703,722377,Withdraw the Children's Wellbeing and Schools Bill,2025-12-01,Bournemouth West,399
704,722377,Withdraw the Children's Wellbeing and Schools Bill,2025-12-01,Bracknell,356
705,722377,Withdraw the Children's Wellbeing and Schools Bill,2025-12-01,Bradford East,230
706,722377,Withdraw the Children's Wellbeing and Schools Bill,2025-12-01,Bradford South,232
707,722377,Withdraw the Children's Wellbeing and Schools Bill,2025-12-01,Bradford West,234
708,722377,Withdraw the Children's Wellbeing and Schools Bill,2025-12-01,Braintree,423
709,722377,Withdraw the Children's Wellbeing and Schools Bill,2025-12-01,Brent East,164
710,722377,Withdraw the Children's Wellbeing and Schools Bill,2025-12-01,Brent West,110
711,722377,Withdraw the Children's Wellbeing and Schools Bill,2025-12-01,Brentford and Isleworth,183
712,722377,Withdraw the Children's Wellbeing and Schools Bill,2025-12-01,Brentwood and Ongar,424
713,722377,Withdraw the Children's Wellbeing and Schools Bill,2025-12-01,Bridgwater,315
714,722377,Withdraw the Children's Wellbeing and Schools Bill,2025-12-01,Bridlington and The Wolds,253
715,722377,Withdraw the Children's Wellbeing and Schools Bill,2025-12-01,Brigg and Immingham,255
716,722377,Withdraw the Children's Wellbeing and Schools Bill,2025-12-01,Brighton Kemptown and Peacehaven,391
717,722377,Withdraw the Children's Wellbeing and Schools Bill,2025-12-01,Brighton Pavilion,300
718,722377,Withdraw the Children's Wellbeing and Schools Bill,2025-12-01,Bristol Central,133
719,722377,Withdraw the Children's Wellbeing and Schools Bill,2025-12-01,Bristol East,268
720,722377,Withdraw the Children's Wellbeing and Schools Bill,2025-12-01,Bristol North East,296
721,722377,Withdraw the Children's Wellbeing and Schools Bill,2025-12-01,Bristol North West,228
722,722377,Withdraw the Children's Wellbeing and Schools Bill,2025-12-01,Bristol South,308
723,722377,Withdraw the Children's Wellbeing and Schools Bill,2025-12-01,Broadland and Fakenham,290
724,722377,Withdraw the Children's Wellbeing and Schools Bill,2025-12-01,Bromley and Biggin Hill,282
725,722377,Withdraw the Children's Wellbeing and Schools Bill,2025-12-01,Bromsgrove,259
726,722377,Withdraw the Children's Wellbeing and Schools Bill,2025-12-01,Broxbourne,382
727,722377,Withdraw the Children's Wellbeing and Schools Bill,2025-12-01,Broxtowe,244
728,722377,Withdraw the Children's Wellbeing and Schools Bill,2025-12-01,Buckingham and Bletchley,397
729,722377,Withdraw the Children's Wellbeing and Schools Bill,2025-12-01,Burnley,319
730,722377,Withdraw the Children's Wellbeing and Schools Bill,2025-12-01,Burton and Uttoxeter,283
731,722377,Withdraw the Children's Wellbeing and Schools Bill,2025-12-01,Bury North,252
732,722377,Withdraw the Children's Wellbeing and Schools Bill,2025-12-01,Bury South,240
733,722377,Withdraw the Children's Wellbeing and Schools Bill,2025-12-01,Bury St Edmunds and Stowmarket,325
734,722377,Withdraw the Children's Wellbeing and Schools Bill,2025-12-01,Calder Valley,313
735,722377,Withdraw the Children's Wellbeing and Schools Bill,2025-12-01,Camborne and Redruth,412
736,722377,Withdraw the Children's Wellbeing and Schools Bill,2025-12-01,Cambridge,156
737,722377,Withdraw the Children's Wellbeing and Schools Bill,2025-12-01,Cannock Chase,316
738,722377,Withdraw the Children's Wellbeing and Schools Bill,2025-12-01,Canterbury,288
739,722377,Withdraw the Children's Wellbeing and Schools Bill,2025-12-01,Carlisle,315
740,722377,Withdraw the Children's Wellbeing and Schools Bill,2025-12-01,Carshalton and Wallington,268
741,722377,Withdraw the Children's Wellbeing and Schools Bill,2025-12-01,Castle Point,328
742,722377,Withdraw the Children's Wellbeing and Schools Bill,2025-12-01,Central Devon,439
743,722377,Withdraw the Children's Wellbeing and Schools Bill,2025-12-01,Central Suffolk and North Ipswich,281
744,722377,Withdraw the Children's Wellbeing and Schools Bill,2025-12-01,Chatham and Aylesford,375
745,722377,Withdraw the Children's Wellbeing and Schools Bill,2025-12-01,Cheadle,217
746,722377,Withdraw the Children's Wellbeing and Schools Bill,2025-12-01,Chelmsford,320
747,722377,Withdraw the Children's Wellbeing and Schools Bill,2025-12-01,Chelsea and Fulham,200
748,722377,Withdraw the Children's Wellbeing and Schools Bill,2025-12-01,Cheltenham,199
749,722377,Withdraw the Children's Wellbeing and Schools Bill,2025-12-01,Chesham and Amersham,280
750,722377,Withdraw the Children's Wellbeing and Schools Bill,2025-12-01,Chester North and Neston,225
751,722377,Withdraw the Children's Wellbeing and Schools Bill,2025-12-01,Chester South and Eddisbury,248
752,722377,Withdraw the Children's Wellbeing and Schools Bill,2025-12-01,Chesterfield,288
753,722377,Withdraw the Children's Wellbeing and Schools Bill,2025-12-01,Chichester,340
754,722377,Withdraw the Children's Wellbeing and Schools Bill,2025-12-01,Chingford and Woodford Green,232
755,722377,Withdraw the Children's Wellbeing and Schools Bill,2025-12-01,Chippenham,291
756,722377,Withdraw the Children's Wellbeing and Schools Bill,2025-12-01,Chipping Barnet,180
757,722377,Withdraw the Children's Wellbeing and Schools Bill,2025-12-01,Chorley,324
758,722377,Withdraw the Children's Wellbeing and Schools Bill,2025-12-01,Christchurch,361
759,722377,Withdraw the Children's Wellbeing and Schools Bill,2025-12-01,Cities of London and Westminster,172
760,722377,Withdraw the Children's Wellbeing and Schools Bill,2025-12-01,City of Durham,215
761,722377,Withdraw the Children's Wellbeing and Schools Bill,2025-12-01,Clacton,356
762,722377,Withdraw the Children's Wellbeing and Schools Bill,2025-12-01,Clapham and Brixton Hill,139
763,722377,Withdraw the Children's Wellbeing and Schools Bill,2025-12-01,Colchester,327
764,722377,Withdraw the Children's Wellbeing and Schools Bill,2025-12-01,Colne Valley,265
765,722377,Withdraw the Children's Wellbeing and Schools Bill,2025-12-01,Congleton,323
766,722377,Withdraw the Children's Wellbeing and Schools Bill,2025-12-01,Corby and East Northamptonshire,345
767,722377,Withdraw the Children's Wellbeing and Schools Bill,2025-12-01,Coventry East,213
768,722377,Withdraw the Children's Wellbeing and Schools Bill,2025-12-01,Coventry North West,323
769,722377,Withdraw the Children's Wellbeing and Schools Bill,2025-12-01,Coventry South,220
770,722377,Withdraw the Children's Wellbeing and Schools Bill,2025-12-01,Cramlington and Killingworth,282
771,722377,Withdraw the Children's Wellbeing and Schools Bill,2025-12-01,Crawley,355
772,722377,Withdraw the Children's Wellbeing and Schools Bill,2025-12-01,Crewe and Nantwich,287
773,722377,Withdraw the Children's Wellbeing and Schools Bill,2025-12-01,Croydon East,244
774,722377,Withdraw the Children's Wellbeing and Schools Bill,2025-12-01,Croydon South,219
775,722377,Withdraw the Children's Wellbeing and Schools Bill,2025-12-01,Croydon West,174
776,722377,Withdraw the Children's Wellbeing and Schools Bill,2025-12-01,Dagenham and Rainham,236
777,722377,Withdraw the Children's Wellbeing and Schools Bill,2025-12-01,Darlington,195
778,722377,Withdraw the Children's Wellbeing and Schools Bill,2025-12-01,Dartford,351
779,722377,Withdraw the Children's Wellbeing and Schools Bill,2025-12-01,Daventry,327
780,722377,Withdraw the Children's Wellbeing and Schools Bill,2025-12-01,Derby North,270
781,722377,Withdraw the Children's Wellbeing and Schools Bill,2025-12-01,Derby South,240
782,722377,Withdraw the Children's Wellbeing and Schools Bill,2025-12-01,Derbyshire Dales,274
783,722377,Withdraw the Children's Wellbeing and Schools Bill,2025-12-01,Dewsbury and Batley,201
784,722377,Withdraw the Children's Wellbeing and Schools Bill,2025-12-01,Didcot and Wantage,343
785,722377,Withdraw the Children's Wellbeing and Schools Bill,2025-12-01,Doncaster Central,270
786,722377,Withdraw the Children's Wellbeing and Schools Bill,2025-12-01,Doncaster East and the Isle of Axholme,278
787,722377,Withdraw the Children's Wellbeing and Schools Bill,2025-12-01,Doncaster North,244
788,722377,Withdraw the Children's Wellbeing and Schools Bill,2025-12-01,Dorking and Horley,279
789,722377,Withdraw the Children's Wellbeing and Schools Bill,2025-12-01,Dover and Deal,330
790,722377,Withdraw the Children's Wellbeing and Schools Bill,2025-12-01,Droitwich and Evesham,247
791,722377,Withdraw the Children's Wellbeing and Schools Bill,2025-12-01,Dudley,232
792,722377,Withdraw the Children's Wellbeing and Schools Bill,2025-12-01,Dulwich and West Norwood,176
793,722377,Withdraw the Children's Wellbeing and Schools Bill,2025-12-01,Dunstable and Leighton Buzzard,403
794,722377,Withdraw the Children's Wellbeing and Schools Bill,2025-12-01,Ealing Central and Acton,204
795,722377,Withdraw the Children's Wellbeing and Schools Bill,2025-12-01,Ealing North,176
796,722377,Withdraw the Children's Wellbeing and Schools Bill,2025-12-01,Ealing Southall,127
797,722377,Withdraw the Children's Wellbeing and Schools Bill,2025-12-01,Earley and Woodley,251
798,722377,Withdraw the Children's Wellbeing and Schools Bill,2025-12-01,Easington,243
799,722377,Withdraw the Children's Wellbeing and Schools Bill,2025-12-01,East Grinstead and Uckfield,506
800,722377,Withdraw the Children's Wellbeing and Schools Bill,2025-12-01,East Ham,155
801,722377,Withdraw the Children's Wellbeing and Schools Bill,2025-12-01,East Hampshire,331
802,722377,Withdraw the Children's Wellbeing and Schools Bill,2025-12-01,East Surrey,324
803,722377,Withdraw the Children's Wellbeing and Schools Bill,2025-12-01,East Thanet,348
804,722377,Withdraw the Children's Wellbeing and Schools Bill,2025-12-01,East Wiltshire,364
805,722377,Withdraw the Children's Wellbeing and Schools Bill,2025-12-01,East Worthing and Shoreham,378
806,722377,Withdraw the Children's Wellbeing and Schools Bill,2025-12-01,Eastbourne,294
807,722377,Withdraw the Children's Wellbeing and Schools Bill,2025-12-01,Eastleigh,259
808,722377,Withdraw the Children's Wellbeing and Schools Bill,2025-12-01,Edmonton and Winchmore Hill,158
809,722377,Withdraw the Children's Wellbeing and Schools Bill,2025-12-01,Ellesmere Port and Bromborough,343
810,722377,Withdraw the Children's Wellbeing and Schools Bill,2025-12-01,Eltham and Chislehurst,322
811,722377,Withdraw the Children's Wellbeing and Schools Bill,2025-12-01,Ely and East Cambridgeshire,359
812,722377,Withdraw the Children's Wellbeing and Schools Bill,2025-12-01,Enfield North,221
813,722377,Withdraw the Children's Wellbeing and Schools Bill,2025-12-01,Epping Forest,388
814,722377,Withdraw the Children's Wellbeing and Schools Bill,2025-12-01,Epsom and Ewell,283
815,722377,Withdraw the Children's Wellbeing and Schools Bill,2025-12-01,Erewash,288
816,722377,Withdraw the Children's Wellbeing and Schools Bill,2025-12-01,Erith and Thamesmead,229
817,722377,Withdraw the Children's Wellbeing and Schools Bill,2025-12-01,Esher and Walton,225
818,722377,Withdraw the Children's Wellbeing and Schools Bill,2025-12-01,Exeter,235
819,722377,Withdraw the Children's Wellbeing and Schools Bill,2025-12-01,Exmouth and Exeter East,338
820,722377,Withdraw the Children's Wellbeing and Schools Bill,2025-12-01,Fareham and Waterlooville,350
821,722377,Withdraw the Children's Wellbeing and Schools Bill,2025-12-01,Farnham and Bordon,395
822,722377,Withdraw the Children's Wellbeing and Schools Bill,2025-12-01,Faversham and Mid Kent,337
823,722377,Withdraw the Children's Wellbeing and Schools Bill,2025-12-01,Feltham and Heston,156
824,722377,Withdraw the Children's Wellbeing and Schools Bill,2025-12-01,Filton and Bradley Stoke,224
825,722377,Withdraw the Children's Wellbeing and Schools Bill,2025-12-01,Finchley and Golders Green,172
826,722377,Withdraw the Children's Wellbeing and Schools Bill,2025-12-01,Folkestone and Hythe,397
827,722377,Withdraw the Children's Wellbeing and Schools Bill,2025-12-01,Forest of Dean,295
828,722377,Withdraw the Children's Wellbeing and Schools Bill,2025-12-01,Frome and East Somerset,328
829,722377,Withdraw the Children's Wellbeing and Schools Bill,2025-12-01,Fylde,249
830,722377,Withdraw the Children's Wellbeing and Schools Bill,2025-12-01,Gainsborough,259
831,722377,Withdraw the Children's Wellbeing and Schools Bill,2025-12-01,Gateshead Central and Whickham,189
832,722377,Withdraw the Children's Wellbeing and Schools Bill,2025-12-01,Gedling,229
833,722377,Withdraw the Children's Wellbeing and Schools Bill,2025-12-01,Gillingham and Rainham,351
834,722377,Withdraw the Children's Wellbeing and Schools Bill,2025-12-01,Glastonbury and Somerton,356
835,722377,Withdraw the Children's Wellbeing and Schools Bill,2025-12-01,Gloucester,286
836,722377,Withdraw the Children's Wellbeing and Schools Bill,2025-12-01,Godalming and Ash,281
837,722377,Withdraw the Children's Wellbeing and Schools Bill,2025-12-01,Goole and Pocklington,283
838,722377,Withdraw the Children's Wellbeing and Schools Bill,2025-12-01,Gorton and Denton,265
839,722377,Withdraw the Children's Wellbeing and Schools Bill,2025-12-01,Gosport,405
840,722377,Withdraw the Children's Wellbeing and Schools Bill,2025-12-01,Grantham and Bourne,265
841,722377,Withdraw the Children's Wellbeing and Schools Bill,2025-12-01,Gravesham,258
842,722377,Withdraw the Children's Wellbeing and Schools Bill,2025-12-01,Great Grimsby and Cleethorpes,282
843,722377,Withdraw the Children's Wellbeing and Schools Bill,2025-12-01,Great Yarmouth,240
844,722377,Withdraw the Children's Wellbeing and Schools Bill,2025-12-01,Greenwich and Woolwich,177
845,722377,Withdraw the Children's Wellbeing and Schools Bill,2025-12-01,Guildford,197
846,722377,Withdraw the Children's Wellbeing and Schools Bill,2025-12-01,Hackney North and Stoke Newington,177
847,722377,Withdraw the Children's Wellbeing and Schools Bill,2025-12-01,Hackney South and Shoreditch,183
848,722377,Withdraw the Children's Wellbeing and Schools Bill,2025-12-01,Halesowen,305
849,722377,Withdraw the Children's Wellbeing and Schools Bill,2025-12-01,Halifax,317
850,722377,Withdraw the Children's Wellbeing and Schools Bill,2025-12-01,Hamble Valley,327
851,722377,Withdraw the Children's Wellbeing and Schools Bill,2025-12-01,Hammersmith and Chiswick,191
852,722377,Withdraw the Children's Wellbeing and Schools Bill,2025-12-01,Hampstead and Highgate,147
853,722377,Withdraw the Children's Wellbeing and Schools Bill,2025-12-01,"Harborough, Oadby and Wigston",243
854,722377,Withdraw the Children's Wellbeing and Schools Bill,2025-12-01,Harlow,422
855,722377,Withdraw the Children's Wellbeing and Schools Bill,2025-12-01,Harpenden and Berkhamsted,254
856,722377,Withdraw the Children's Wellbeing and Schools Bill,2025-12-01,Harrogate and Knaresborough,199
857,722377,Withdraw the Children's Wellbeing and Schools Bill,2025-12-01,Harrow East,149
858,722377,Withdraw the Children's Wellbeing and Schools Bill,2025-12-01,Harrow West,143
859,722377,Withdraw the Children's Wellbeing and Schools Bill,2025-12-01,Hartlepool,330
860,722377,Withdraw the Children's Wellbeing and Schools Bill,2025-12-01,Harwich and North Essex,341
861,722377,Withdraw the Children's Wellbeing and Schools Bill,2025-12-01,Hastings and Rye,388
862,722377,Withdraw the Children's Wellbeing and Schools Bill,2025-12-01,Havant,503
863,722377,Withdraw the Children's Wellbeing and Schools Bill,2025-12-01,Hayes and Harlington,165
864,722377,Withdraw the Children's Wellbeing and Schools Bill,2025-12-01,Hazel Grove,289
865,722377,Withdraw the Children's Wellbeing and Schools Bill,2025-12-01,Hemel Hempstead,379
866,722377,Withdraw the Children's Wellbeing and Schools Bill,2025-12-01,Hendon,164
867,722377,Withdraw the Children's Wellbeing and Schools Bill,2025-12-01,Henley and Thame,280
868,722377,Withdraw the Children's Wellbeing and Schools Bill,2025-12-01,Hereford and South Herefordshire,300
869,722377,Withdraw the Children's Wellbeing and Schools Bill,2025-12-01,Herne Bay and Sandwich,362
870,722377,Withdraw the Children's Wellbeing and Schools Bill,2025-12-01,Hertford and Stortford,350
871,722377,Withdraw the Children's Wellbeing and Schools Bill,2025-12-01,Hertsmere,302
872,722377,Withdraw the Children's Wellbeing and Schools Bill,2025-12-01,Hexham,234
873,722377,Withdraw the Children's Wellbeing and Schools Bill,2025-12-01,Heywood and Middleton North,255
874,722377,Withdraw the Children's Wellbeing and Schools Bill,2025-12-01,High Peak,272
875,722377,Withdraw the Children's Wellbeing and Schools Bill,2025-12-01,Hinckley and Bosworth,253
876,722377,Withdraw the Children's Wellbeing and Schools Bill,2025-12-01,Hitchin,329
877,722377,Withdraw the Children's Wellbeing and Schools Bill,2025-12-01,Holborn and St Pancras,169
878,722377,Withdraw the Children's Wellbeing and Schools Bill,2025-12-01,Honiton and Sidmouth,363
879,722377,Withdraw the Children's Wellbeing and Schools Bill,2025-12-01,Hornchurch and Upminster,298
880,722377,Withdraw the Children's Wellbeing and Schools Bill,2025-12-01,Hornsey and Friern Barnet,130
881,722377,Withdraw the Children's Wellbeing and Schools Bill,2025-12-01,Horsham,372
882,722377,Withdraw the Children's Wellbeing and Schools Bill,2025-12-01,Houghton and Sunderland South,249
883,722377,Withdraw the Children's Wellbeing and Schools Bill,2025-12-01,Hove and Portslade,334
884,722377,Withdraw the Children's Wellbeing and Schools Bill,2025-12-01,Huddersfield,273
885,722377,Withdraw the Children's Wellbeing and Schools Bill,2025-12-01,Huntingdon,333
886,722377,Withdraw the Children's Wellbeing and Schools Bill,2025-12-01,Hyndburn,363
887,722377,Withdraw the Children's Wellbeing and Schools Bill,2025-12-01,Ilford North,204
888,722377,Withdraw the Children's Wellbeing and Schools Bill,2025-12-01,Ilford South,202
889,722377,Withdraw the Children's Wellbeing and Schools Bill,2025-12-01,Ipswich,288
890,722377,Withdraw the Children's Wellbeing and Schools Bill,2025-12-01,Isle of Wight East,278
891,722377,Withdraw the Children's Wellbeing and Schools Bill,2025-12-01,Isle of Wight West,213
892,722377,Withdraw the Children's Wellbeing and Schools Bill,2025-12-01,Islington North,169
893,722377,Withdraw the Children's Wellbeing and Schools Bill,2025-12-01,Islington South and Finsbury,249
894,722377,Withdraw the Children's Wellbeing and Schools Bill,2025-12-01,Jarrow and Gateshead East,242
895,722377,Withdraw the Children's Wellbeing and Schools Bill,2025-12-01,Keighley and Ilkley,229
896,722377,Withdraw the Children's Wellbeing and Schools Bill,2025-12-01,Kenilworth and Southam,292
897,722377,Withdraw the Children's Wellbeing and Schools Bill,2025-12-01,Kensington and Bayswater,178
898,722377,Withdraw the Children's Wellbeing and Schools Bill,2025-12-01,Kettering,303
899,722377,Withdraw the Children's Wellbeing and Schools Bill,2025-12-01,Kingston and Surbiton,221
900,722377,Withdraw the Children's Wellbeing and Schools Bill,2025-12-01,Kingston upon Hull East,229
901,722377,Withdraw the Children's Wellbeing and Schools Bill,2025-12-01,Kingston upon Hull North and Cottingham,275
902,722377,Withdraw the Children's Wellbeing and Schools Bill,2025-12-01,Kingston upon Hull West and Haltemprice,258
903,722377,Withdraw the Children's Wellbeing and Schools Bill,2025-12-01,Kingswinford and South Staffordshire,208
904,722377,Withdraw the Children's Wellbeing and Schools Bill,2025-12-01,Knowsley,312
905,722377,Withdraw the Children's Wellbeing and Schools Bill,2025-12-01,Lancaster and Wyre,237
906,722377,Withdraw the Children's Wellbeing and Schools Bill,2025-12-01,Leeds Central and Headingley,132
907,722377,Withdraw the Children's Wellbeing and Schools Bill,2025-12-01,Leeds East,212
908,722377,Withdraw the Children's Wellbeing and Schools Bill,2025-12-01,Leeds North East,168
909,722377,Withdraw the Children's Wellbeing and Schools Bill,2025-12-01,Leeds North West,203
910,722377,Withdraw the Children's Wellbeing and Schools Bill,2025-12-01,Leeds South,184
911,722377,Withdraw the Children's Wellbeing and Schools Bill,2025-12-01,Leeds South West and Morley,261
912,722377,Withdraw the Children's Wellbeing and Schools Bill,2025-12-01,Leeds West and Pudsey,193
913,722377,Withdraw the Children's Wellbeing and Schools Bill,2025-12-01,Leicester East,147
914,722377,Withdraw the Children's Wellbeing and Schools Bill,2025-12-01,Leicester South,193
915,722377,Withdraw the Children's Wellbeing and Schools Bill,2025-12-01,Leicester West,205
916,722377,Withdraw the Children's Wellbeing and Schools Bill,2025-12-01,Leigh and Atherton,289
917,722377,Withdraw the Children's Wellbeing and Schools Bill,2025-12-01,Lewes,347
918,722377,Withdraw the Children's Wellbeing and Schools Bill,2025-12-01,Lewisham East,223
919,722377,Withdraw the Children's Wellbeing and Schools Bill,2025-12-01,Lewisham North,174
920,722377,Withdraw the Children's Wellbeing and Schools Bill,2025-12-01,Lewisham West and East Dulwich,154
921,722377,Withdraw the Children's Wellbeing and Schools Bill,2025-12-01,Leyton and Wanstead,201
922,722377,Withdraw the Children's Wellbeing and Schools Bill,2025-12-01,Lichfield,270
923,722377,Withdraw the Children's Wellbeing and Schools Bill,2025-12-01,Lincoln,275
924,722377,Withdraw the Children's Wellbeing and Schools Bill,2025-12-01,Liverpool Garston,357
925,722377,Withdraw the Children's Wellbeing and Schools Bill,2025-12-01,Liverpool Riverside,272
926,722377,Withdraw the Children's Wellbeing and Schools Bill,2025-12-01,Liverpool Walton,336
927,722377,Withdraw the Children's Wellbeing and Schools Bill,2025-12-01,Liverpool Wavertree,229
928,722377,Withdraw the Children's Wellbeing and Schools Bill,2025-12-01,Liverpool West Derby,354
929,722377,Withdraw the Children's Wellbeing and Schools Bill,2025-12-01,Loughborough,210
930,722377,Withdraw the Children's Wellbeing and Schools Bill,2025-12-01,Louth and Horncastle,273
931,722377,Withdraw the Children's Wellbeing and Schools Bill,2025-12-01,Lowestoft,275
932,722377,Withdraw the Children's Wellbeing and Schools Bill,2025-12-01,Luton North,240
933,722377,Withdraw the Children's Wellbeing and Schools Bill,2025-12-01,Luton South and South Bedfordshire,202
934,722377,Withdraw the Children's Wellbeing and Schools Bill,2025-12-01,Macclesfield,267
935,722377,Withdraw the Children's Wellbeing and Schools Bill,2025-12-01,Maidenhead,294
936,722377,Withdraw the Children's Wellbeing and Schools Bill,2025-12-01,Maidstone and Malling,332
937,722377,Withdraw the Children's Wellbeing and Schools Bill,2025-12-01,Makerfield,272
938,722377,Withdraw the Children's Wellbeing and Schools Bill,2025-12-01,Maldon,383
939,722377,Withdraw the Children's Wellbeing and Schools Bill,2025-12-01,Manchester Central,206
940,722377,Withdraw the Children's Wellbeing and Schools Bill,2025-12-01,Manchester Rusholme,140
941,722377,Withdraw the Children's Wellbeing and Schools Bill,2025-12-01,Manchester Withington,157
942,722377,Withdraw the Children's Wellbeing and Schools Bill,2025-12-01,Mansfield,242
943,722377,Withdraw the Children's Wellbeing and Schools Bill,2025-12-01,Melksham and Devizes,223
944,722377,Withdraw the Children's Wellbeing and Schools Bill,2025-12-01,Melton and Syston,227
945,722377,Withdraw the Children's Wellbeing and Schools Bill,2025-12-01,Meriden and Solihull East,250
946,722377,Withdraw the Children's Wellbeing and Schools Bill,2025-12-01,Mid Bedfordshire,331
947,722377,Withdraw the Children's Wellbeing and Schools Bill,2025-12-01,Mid Buckinghamshire,340
948,722377,Withdraw the Children's Wellbeing and Schools Bill,2025-12-01,Mid Cheshire,240
949,722377,Withdraw the Children's Wellbeing and Schools Bill,2025-12-01,Mid Derbyshire,277
950,722377,Withdraw the Children's Wellbeing and Schools Bill,2025-12-01,Mid Dorset and North Poole,373
951,722377,Withdraw the Children's Wellbeing and Schools Bill,2025-12-01,Mid Leicestershire,242
952,722377,Withdraw the Children's Wellbeing and Schools Bill,2025-12-01,Mid Norfolk,296
953,722377,Withdraw the Children's Wellbeing and Schools Bill,2025-12-01,Mid Sussex,326
954,722377,Withdraw the Children's Wellbeing and Schools Bill,2025-12-01,Middlesbrough and Thornaby East,239
955,722377,Withdraw the Children's Wellbeing and Schools Bill,2025-12-01,Middlesbrough South and East Cleveland,224
956,722377,Withdraw the Children's Wellbeing and Schools Bill,2025-12-01,Milton Keynes Central,413
957,722377,Withdraw the Children's Wellbeing and Schools Bill,2025-12-01,Milton Keynes North,405
958,722377,Withdraw the Children's Wellbeing and Schools Bill,2025-12-01,Mitcham and Morden,215
959,722377,Withdraw the Children's Wellbeing and Schools Bill,2025-12-01,Morecambe and Lunesdale,317
960,722377,Withdraw the Children's Wellbeing and Schools Bill,2025-12-01,New Forest East,324
961,722377,Withdraw the Children's Wellbeing and Schools Bill,2025-12-01,New Forest West,309
962,722377,Withdraw the Children's Wellbeing and Schools Bill,2025-12-01,Newark,286
963,722377,Withdraw the Children's Wellbeing and Schools Bill,2025-12-01,Newbury,327
964,722377,Withdraw the Children's Wellbeing and Schools Bill,2025-12-01,Newcastle upon Tyne Central and West,240
965,722377,Withdraw the Children's Wellbeing and Schools Bill,2025-12-01,Newcastle upon Tyne East and Wallsend,221
966,722377,Withdraw the Children's Wellbeing and Schools Bill,2025-12-01,Newcastle upon Tyne North,185
967,722377,Withdraw the Children's Wellbeing and Schools Bill,2025-12-01,Newcastle-under-Lyme,207
968,722377,Withdraw the Children's Wellbeing and Schools Bill,2025-12-01,Newton Abbot,311
969,722377,Withdraw the Children's Wellbeing and Schools Bill,2025-12-01,Newton Aycliffe and Spennymoor,273
970,722377,Withdraw the Children's Wellbeing and Schools Bill,2025-12-01,Normanton and Hemsworth,333
971,722377,Withdraw the Children's Wellbeing and Schools Bill,2025-12-01,North Bedfordshire,381
972,722377,Withdraw the Children's Wellbeing and Schools Bill,2025-12-01,North Cornwall,444
973,722377,Withdraw the Children's Wellbeing and Schools Bill,2025-12-01,North Cotswolds,294
974,722377,Withdraw the Children's Wellbeing and Schools Bill,2025-12-01,North Devon,400
975,722377,Withdraw the Children's Wellbeing and Schools Bill,2025-12-01,North Dorset,368
976,722377,Withdraw the Children's Wellbeing and Schools Bill,2025-12-01,North Durham,231
977,722377,Withdraw the Children's Wellbeing and Schools Bill,2025-12-01,North East Cambridgeshire,285
978,722377,Withdraw the Children's Wellbeing and Schools Bill,2025-12-01,North East Derbyshire,232
979,722377,Withdraw the Children's Wellbeing and Schools Bill,2025-12-01,North East Hampshire,266
980,722377,Withdraw the Children's Wellbeing and Schools Bill,2025-12-01,North East Hertfordshire,350
981,722377,Withdraw the Children's Wellbeing and Schools Bill,2025-12-01,North East Somerset and Hanham,269
982,722377,Withdraw the Children's Wellbeing and Schools Bill,2025-12-01,North Herefordshire,259
983,722377,Withdraw the Children's Wellbeing and Schools Bill,2025-12-01,North Norfolk,274
984,722377,Withdraw the Children's Wellbeing and Schools Bill,2025-12-01,North Northumberland,237
985,722377,Withdraw the Children's Wellbeing and Schools Bill,2025-12-01,North Shropshire,318
986,722377,Withdraw the Children's Wellbeing and Schools Bill,2025-12-01,North Somerset,253
987,722377,Withdraw the Children's Wellbeing and Schools Bill,2025-12-01,North Warwickshire and Bedworth,290
988,722377,Withdraw the Children's Wellbeing and Schools Bill,2025-12-01,North West Cambridgeshire,378
989,722377,Withdraw the Children's Wellbeing and Schools Bill,2025-12-01,North West Essex,386
990,722377,Withdraw the Children's Wellbeing and Schools Bill,2025-12-01,North West Hampshire,366
991,722377,Withdraw the Children's Wellbeing and Schools Bill,2025-12-01,North West Leicestershire,287
992,722377,Withdraw the Children's Wellbeing and Schools Bill,2025-12-01,North West Norfolk,245
993,722377,Withdraw the Children's Wellbeing and Schools Bill,2025-12-01,Northampton North,324
994,722377,Withdraw the Children's Wellbeing and Schools Bill,2025-12-01,Northampton South,289
995,722377,Withdraw the Children's Wellbeing and Schools Bill,2025-12-01,Norwich North,238
996,722377,Withdraw the Children's Wellbeing and Schools Bill,2025-12-01,Norwich South,311
997,722377,Withdraw the Children's Wellbeing and Schools Bill,2025-12-01,Nottingham East,183
998,722377,Withdraw the Children's Wellbeing and Schools Bill,2025-12-01,Nottingham North and Kimberley,230
999,722377,Withdraw the Children's Wellbeing and Schools Bill,2025-12-01,Nottingham South,146
1000,722377,Withdraw the Children's Wellbeing and Schools Bill,2025-12-01,Nuneaton,331
1001,722377,Withdraw the Children's Wellbeing and Schools Bill,2025-12-01,Old Bexley and Sidcup,297
1002,722377,Withdraw the Children's Wellbeing and Schools Bill,2025-12-01,Oldham East and Saddleworth,208
1003,722377,Withdraw the Children's Wellbeing and Schools Bill,2025-12-01,"Oldham West, Chadderton and Royton",203
1004,722377,Withdraw the Children's Wellbeing and Schools Bill,2025-12-01,Orpington,242
1005,722377,Withdraw the Children's Wellbeing and Schools Bill,2025-12-01,Ossett and Denby Dale,327
1006,722377,Withdraw the Children's Wellbeing and Schools Bill,2025-12-01,Oxford East,196
1007,722377,Withdraw the Children's Wellbeing and Schools Bill,2025-12-01,Oxford West and Abingdon,186
1008,722377,Withdraw the Children's Wellbeing and Schools Bill,2025-12-01,Peckham,131
1009,722377,Withdraw the Children's Wellbeing and Schools Bill,2025-12-01,Pendle and Clitheroe,327
1010,722377,Withdraw the Children's Wellbeing and Schools Bill,2025-12-01,Penistone and Stocksbridge,215
1011,722377,Withdraw the Children's Wellbeing and Schools Bill,2025-12-01,Penrith and Solway,257
1012,722377,Withdraw the Children's Wellbeing and Schools Bill,2025-12-01,Peterborough,333
1013,722377,Withdraw the Children's Wellbeing and Schools Bill,2025-12-01,Plymouth Moor View,273
1014,722377,Withdraw the Children's Wellbeing and Schools Bill,2025-12-01,Plymouth Sutton and Devonport,295
1015,722377,Withdraw the Children's Wellbeing and Schools Bill,2025-12-01,"Pontefract, Castleford and Knottingley",281
1016,722377,Withdraw the Children's Wellbeing and Schools Bill,2025-12-01,Poole,385
1017,722377,Withdraw the Children's Wellbeing and Schools Bill,2025-12-01,Poplar and Limehouse,314
1018,722377,Withdraw the Children's Wellbeing and Schools Bill,2025-12-01,Portsmouth North,349
1019,722377,Withdraw the Children's Wellbeing and Schools Bill,2025-12-01,Portsmouth South,292
1020,722377,Withdraw the Children's Wellbeing and Schools Bill,2025-12-01,Preston,250
1021,722377,Withdraw the Children's Wellbeing and Schools Bill,2025-12-01,Putney,179
1022,722377,Withdraw the Children's Wellbeing and Schools Bill,2025-12-01,Queen's Park and Maida Vale,188
1023,722377,Withdraw the Children's Wellbeing and Schools Bill,2025-12-01,Rawmarsh and Conisbrough,248
1024,722377,Withdraw the Children's Wellbeing and Schools Bill,2025-12-01,Rayleigh and Wickford,408
1025,722377,Withdraw the Children's Wellbeing and Schools Bill,2025-12-01,Reading Central,219
1026,722377,Withdraw the Children's Wellbeing and Schools Bill,2025-12-01,Reading West and Mid Berkshire,275
1027,722377,Withdraw the Children's Wellbeing and Schools Bill,2025-12-01,Redcar,270
1028,722377,Withdraw the Children's Wellbeing and Schools Bill,2025-12-01,Redditch,318
1029,722377,Withdraw the Children's Wellbeing and Schools Bill,2025-12-01,Reigate,270
1030,722377,Withdraw the Children's Wellbeing and Schools Bill,2025-12-01,Ribble Valley,258
1031,722377,Withdraw the Children's Wellbeing and Schools Bill,2025-12-01,Richmond and Northallerton,226
1032,722377,Withdraw the Children's Wellbeing and Schools Bill,2025-12-01,Richmond Park,227
1033,722377,Withdraw the Children's Wellbeing and Schools Bill,2025-12-01,Rochdale,206
1034,722377,Withdraw the Children's Wellbeing and Schools Bill,2025-12-01,Rochester and Strood,414
1035,722377,Withdraw the Children's Wellbeing and Schools Bill,2025-12-01,Romford,294
1036,722377,Withdraw the Children's Wellbeing and Schools Bill,2025-12-01,Romsey and Southampton North,258
1037,722377,Withdraw the Children's Wellbeing and Schools Bill,2025-12-01,Rossendale and Darwen,353
1038,722377,Withdraw the Children's Wellbeing and Schools Bill,2025-12-01,Rother Valley,239
1039,722377,Withdraw the Children's Wellbeing and Schools Bill,2025-12-01,Rotherham,249
1040,722377,Withdraw the Children's Wellbeing and Schools Bill,2025-12-01,Rugby,307
1041,722377,Withdraw the Children's Wellbeing and Schools Bill,2025-12-01,"Ruislip, Northwood and Pinner",188
1042,722377,Withdraw the Children's Wellbeing and Schools Bill,2025-12-01,Runcorn and Helsby,299
1043,722377,Withdraw the Children's Wellbeing and Schools Bill,2025-12-01,Runnymede and Weybridge,272
1044,722377,Withdraw the Children's Wellbeing and Schools Bill,2025-12-01,Rushcliffe,222
1045,722377,Withdraw the Children's Wellbeing and Schools Bill,2025-12-01,Rutland and Stamford,254
1046,722377,Withdraw the Children's Wellbeing and Schools Bill,2025-12-01,Salford,216
1047,722377,Withdraw the Children's Wellbeing and Schools Bill,2025-12-01,Salisbury,332
1048,722377,Withdraw the Children's Wellbeing and Schools Bill,2025-12-01,Scarborough and Whitby,361
1049,722377,Withdraw the Children's Wellbeing and Schools Bill,2025-12-01,Scunthorpe,235
1050,722377,Withdraw the Children's Wellbeing and Schools Bill,2025-12-01,Sefton Central,246
1051,722377,Withdraw the Children's Wellbeing and Schools Bill,2025-12-01,Selby,291
1052,722377,Withdraw the Children's Wellbeing and Schools Bill,2025-12-01,Sevenoaks,317
1053,722377,Withdraw the Children's Wellbeing and Schools Bill,2025-12-01,Sheffield Brightside and Hillsborough,234
1054,722377,Withdraw the Children's Wellbeing and Schools Bill,2025-12-01,Sheffield Central,112
1055,722377,Withdraw the Children's Wellbeing and Schools Bill,2025-12-01,Sheffield Hallam,163
1056,722377,Withdraw the Children's Wellbeing and Schools Bill,2025-12-01,Sheffield Heeley,243
1057,722377,Withdraw the Children's Wellbeing and Schools Bill,2025-12-01,Sheffield South East,205
1058,722377,Withdraw the Children's Wellbeing and Schools Bill,2025-12-01,Sherwood Forest,260
1059,722377,Withdraw the Children's Wellbeing and Schools Bill,2025-12-01,Shipley,278
1060,722377,Withdraw the Children's Wellbeing and Schools Bill,2025-12-01,Shrewsbury,316
1061,722377,Withdraw the Children's Wellbeing and Schools Bill,2025-12-01,Sittingbourne and Sheppey,363
1062,722377,Withdraw the Children's Wellbeing and Schools Bill,2025-12-01,Skipton and Ripon,212
1063,722377,Withdraw the Children's Wellbeing and Schools Bill,2025-12-01,Sleaford and North Hykeham,254
1064,722377,Withdraw the Children's Wellbeing and Schools Bill,2025-12-01,Slough,207
1065,722377,Withdraw the Children's Wellbeing and Schools Bill,2025-12-01,Smethwick,191
1066,722377,Withdraw the Children's Wellbeing and Schools Bill,2025-12-01,Solihull West and Shirley,234
1067,722377,Withdraw the Children's Wellbeing and Schools Bill,2025-12-01,South Basildon and East Thurrock,398
1068,722377,Withdraw the Children's Wellbeing and Schools Bill,2025-12-01,South Cambridgeshire,243
1069,722377,Withdraw the Children's Wellbeing and Schools Bill,2025-12-01,South Cotswolds,269
1070,722377,Withdraw the Children's Wellbeing and Schools Bill,2025-12-01,South Derbyshire,280
1071,722377,Withdraw the Children's Wellbeing and Schools Bill,2025-12-01,South Devon,367
1072,722377,Withdraw the Children's Wellbeing and Schools Bill,2025-12-01,South Dorset,285
1073,722377,Withdraw the Children's Wellbeing and Schools Bill,2025-12-01,South East Cornwall,370
1074,722377,Withdraw the Children's Wellbeing and Schools Bill,2025-12-01,South Holland and The Deepings,372
1075,722377,Withdraw the Children's Wellbeing and Schools Bill,2025-12-01,South Leicestershire,244
1076,722377,Withdraw the Children's Wellbeing and Schools Bill,2025-12-01,South Norfolk,275
1077,722377,Withdraw the Children's Wellbeing and Schools Bill,2025-12-01,South Northamptonshire,327
1078,722377,Withdraw the Children's Wellbeing and Schools Bill,2025-12-01,South Ribble,314
1079,722377,Withdraw the Children's Wellbeing and Schools Bill,2025-12-01,South Shields,256
1080,722377,Withdraw the Children's Wellbeing and Schools Bill,2025-12-01,South Shropshire,297
1081,722377,Withdraw the Children's Wellbeing and Schools Bill,2025-12-01,South Suffolk,307
1082,722377,Withdraw the Children's Wellbeing and Schools Bill,2025-12-01,South West Devon,305
1083,722377,Withdraw the Children's Wellbeing and Schools Bill,2025-12-01,South West Hertfordshire,238
1084,722377,Withdraw the Children's Wellbeing and Schools Bill,2025-12-01,South West Norfolk,352
1085,722377,Withdraw the Children's Wellbeing and Schools Bill,2025-12-01,South West Wiltshire,377
1086,722377,Withdraw the Children's Wellbeing and Schools Bill,2025-12-01,Southampton Itchen,305
1087,722377,Withdraw the Children's Wellbeing and Schools Bill,2025-12-01,Southampton Test,212
1088,722377,Withdraw the Children's Wellbeing and Schools Bill,2025-12-01,Southend East and Rochford,335
1089,722377,Withdraw the Children's Wellbeing and Schools Bill,2025-12-01,Southend West and Leigh,359
1090,722377,Withdraw the Children's Wellbeing and Schools Bill,2025-12-01,Southgate and Wood Green,221
1091,722377,Withdraw the Children's Wellbeing and Schools Bill,2025-12-01,Southport,286
1092,722377,Withdraw the Children's Wellbeing and Schools Bill,2025-12-01,Spelthorne,218
1093,722377,Withdraw the Children's Wellbeing and Schools Bill,2025-12-01,Spen Valley,258
1094,722377,Withdraw the Children's Wellbeing and Schools Bill,2025-12-01,St Albans,355
1095,722377,Withdraw the Children's Wellbeing and Schools Bill,2025-12-01,St Austell and Newquay,429
1096,722377,Withdraw the Children's Wellbeing and Schools Bill,2025-12-01,St Helens North,316
1097,722377,Withdraw the Children's Wellbeing and Schools Bill,2025-12-01,St Helens South and Whiston,242
1098,722377,Withdraw the Children's Wellbeing and Schools Bill,2025-12-01,St Ives,352
1099,722377,Withdraw the Children's Wellbeing and Schools Bill,2025-12-01,St Neots and Mid Cambridgeshire,355
1100,722377,Withdraw the Children's Wellbeing and Schools Bill,2025-12-01,Stafford,191
1101,722377,Withdraw the Children's Wellbeing and Schools Bill,2025-12-01,Staffordshire Moorlands,255
1102,722377,Withdraw the Children's Wellbeing and Schools Bill,2025-12-01,Stalybridge and Hyde,250
1103,722377,Withdraw the Children's Wellbeing and Schools Bill,2025-12-01,Stevenage,315
1104,722377,Withdraw the Children's Wellbeing and Schools Bill,2025-12-01,Stockport,267
1105,722377,Withdraw the Children's Wellbeing and Schools Bill,2025-12-01,Stockton North,249
1106,722377,Withdraw the Children's Wellbeing and Schools Bill,2025-12-01,Stockton West,242
1107,722377,Withdraw the Children's Wellbeing and Schools Bill,2025-12-01,Stoke-on-Trent Central,228
1108,722377,Withdraw the Children's Wellbeing and Schools Bill,2025-12-01,Stoke-on-Trent North,216
1109,722377,Withdraw the Children's Wellbeing and Schools Bill,2025-12-01,Stoke-on-Trent South,190
1110,722377,Withdraw the Children's Wellbeing and Schools Bill,2025-12-01,"Stone, Great Wyrley and Penkridge",240
1111,722377,Withdraw the Children's Wellbeing and Schools Bill,2025-12-01,Stourbridge,245
1112,722377,Withdraw the Children's Wellbeing and Schools Bill,2025-12-01,Stratford and Bow,216
1113,722377,Withdraw the Children's Wellbeing and Schools Bill,2025-12-01,Stratford-on-Avon,308
1114,722377,Withdraw the Children's Wellbeing and Schools Bill,2025-12-01,Streatham and Croydon North,241
1115,722377,Withdraw the Children's Wellbeing and Schools Bill,2025-12-01,Stretford and Urmston,279
1116,722377,Withdraw the Children's Wellbeing and Schools Bill,2025-12-01,Stroud,378
1117,722377,Withdraw the Children's Wellbeing and Schools Bill,2025-12-01,Suffolk Coastal,308
1118,722377,Withdraw the Children's Wellbeing and Schools Bill,2025-12-01,Sunderland Central,167
1119,722377,Withdraw the Children's Wellbeing and Schools Bill,2025-12-01,Surrey Heath,267
1120,722377,Withdraw the Children's Wellbeing and Schools Bill,2025-12-01,Sussex Weald,432
1121,722377,Withdraw the Children's Wellbeing and Schools Bill,2025-12-01,Sutton and Cheam,215
1122,722377,Withdraw the Children's Wellbeing and Schools Bill,2025-12-01,Sutton Coldfield,205
1123,722377,Withdraw the Children's Wellbeing and Schools Bill,2025-12-01,Swindon North,310
1124,722377,Withdraw the Children's Wellbeing and Schools Bill,2025-12-01,Swindon South,266
1125,722377,Withdraw the Children's Wellbeing and Schools Bill,2025-12-01,Tamworth,302
1126,722377,Withdraw the Children's Wellbeing and Schools Bill,2025-12-01,Tatton,278
1127,722377,Withdraw the Children's Wellbeing and Schools Bill,2025-12-01,Taunton and Wellington,320
1128,722377,Withdraw the Children's Wellbeing and Schools Bill,2025-12-01,Telford,305
1129,722377,Withdraw the Children's Wellbeing and Schools Bill,2025-12-01,Tewkesbury,248
1130,722377,Withdraw the Children's Wellbeing and Schools Bill,2025-12-01,The Wrekin,244
1131,722377,Withdraw the Children's Wellbeing and Schools Bill,2025-12-01,Thirsk and Malton,293
1132,722377,Withdraw the Children's Wellbeing and Schools Bill,2025-12-01,Thornbury and Yate,263
1133,722377,Withdraw the Children's Wellbeing and Schools Bill,2025-12-01,Thurrock,337
1134,722377,Withdraw the Children's Wellbeing and Schools Bill,2025-12-01,Tipton and Wednesbury,186
1135,722377,Withdraw the Children's Wellbeing and Schools Bill,2025-12-01,Tiverton and Minehead,360
1136,722377,Withdraw the Children's Wellbeing and Schools Bill,2025-12-01,Tonbridge,315
1137,722377,Withdraw the Children's Wellbeing and Schools Bill,2025-12-01,Tooting,142
1138,722377,Withdraw the Children's Wellbeing and Schools Bill,2025-12-01,Torbay,344
1139,722377,Withdraw the Children's Wellbeing and Schools Bill,2025-12-01,Torridge and Tavistock,403
1140,722377,Withdraw the Children's Wellbeing and Schools Bill,2025-12-01,Tottenham,156
1141,722377,Withdraw the Children's Wellbeing and Schools Bill,2025-12-01,Truro and Falmouth,354
1142,722377,Withdraw the Children's Wellbeing and Schools Bill,2025-12-01,Tunbridge Wells,345
1143,722377,Withdraw the Children's Wellbeing and Schools Bill,2025-12-01,Twickenham,184
1144,722377,Withdraw the Children's Wellbeing and Schools Bill,2025-12-01,Tynemouth,181
1145,722377,Withdraw the Children's Wellbeing and Schools Bill,2025-12-01,Uxbridge and South Ruislip,232
1146,722377,Withdraw the Children's Wellbeing and Schools Bill,2025-12-01,Vauxhall and Camberwell Green,122
1147,722377,Withdraw the Children's Wellbeing and Schools Bill,2025-12-01,Wakefield and Rothwell,314
1148,722377,Withdraw the Children's Wellbeing and Schools Bill,2025-12-01,Wallasey,350
1149,722377,Withdraw the Children's Wellbeing and Schools Bill,2025-12-01,Walsall and Bloxwich,260
1150,722377,Withdraw the Children's Wellbeing and Schools Bill,2025-12-01,Walthamstow,182
1151,722377,Withdraw the Children's Wellbeing and Schools Bill,2025-12-01,Warrington North,258
1152,722377,Withdraw the Children's Wellbeing and Schools Bill,2025-12-01,Warrington South,229
1153,722377,Withdraw the Children's Wellbeing and Schools Bill,2025-12-01,Warwick and Leamington,283
1154,722377,Withdraw the Children's Wellbeing and Schools Bill,2025-12-01,Washington and Gateshead South,206
1155,722377,Withdraw the Children's Wellbeing and Schools Bill,2025-12-01,Watford,289
1156,722377,Withdraw the Children's Wellbeing and Schools Bill,2025-12-01,Waveney Valley,341
1157,722377,Withdraw the Children's Wellbeing and Schools Bill,2025-12-01,Weald of Kent,409
1158,722377,Withdraw the Children's Wellbeing and Schools Bill,2025-12-01,Wellingborough and Rushden,333
1159,722377,Withdraw the Children's Wellbeing and Schools Bill,2025-12-01,Wells and Mendip Hills,339
1160,722377,Withdraw the Children's Wellbeing and Schools Bill,2025-12-01,Welwyn Hatfield,337
1161,722377,Withdraw the Children's Wellbeing and Schools Bill,2025-12-01,West Bromwich,197
1162,722377,Withdraw the Children's Wellbeing and Schools Bill,2025-12-01,West Dorset,267
1163,722377,Withdraw the Children's Wellbeing and Schools Bill,2025-12-01,West Ham and Beckton,193
1164,722377,Withdraw the Children's Wellbeing and Schools Bill,2025-12-01,West Lancashire,300
1165,722377,Withdraw the Children's Wellbeing and Schools Bill,2025-12-01,West Suffolk,386
1166,722377,Withdraw the Children's Wellbeing and Schools Bill,2025-12-01,West Worcestershire,320
1167,722377,Withdraw the Children's Wellbeing and Schools Bill,2025-12-01,Westmorland and Lonsdale,250
1168,722377,Withdraw the Children's Wellbeing and Schools Bill,2025-12-01,Weston-super-Mare,350
1169,722377,Withdraw the Children's Wellbeing and Schools Bill,2025-12-01,Wetherby and Easingwold,231
1170,722377,Withdraw the Children's Wellbeing and Schools Bill,2025-12-01,Whitehaven and Workington,272
1171,722377,Withdraw the Children's Wellbeing and Schools Bill,2025-12-01,Widnes and Halewood,270
1172,722377,Withdraw the Children's Wellbeing and Schools Bill,2025-12-01,Wigan,307
1173,722377,Withdraw the Children's Wellbeing and Schools Bill,2025-12-01,Wimbledon,220
1174,722377,Withdraw the Children's Wellbeing and Schools Bill,2025-12-01,Winchester,255
1175,722377,Withdraw the Children's Wellbeing and Schools Bill,2025-12-01,Windsor,235
1176,722377,Withdraw the Children's Wellbeing and Schools Bill,2025-12-01,Wirral West,200
1177,722377,Withdraw the Children's Wellbeing and Schools Bill,2025-12-01,Witham,469
1178,722377,Withdraw the Children's Wellbeing and Schools Bill,2025-12-01,Witney,330
1179,722377,Withdraw the Children's Wellbeing and Schools Bill,2025-12-01,Woking,276
1180,722377,Withdraw the Children's Wellbeing and Schools Bill,2025-12-01,Wokingham,299
1181,722377,Withdraw the Children's Wellbeing and Schools Bill,2025-12-01,Wolverhampton North East,234
1182,722377,Withdraw the Children's Wellbeing and Schools Bill,2025-12-01,Wolverhampton South East,231
1183,722377,Withdraw the Children's Wellbeing and Schools Bill,2025-12-01,Wolverhampton West,193
1184,722377,Withdraw the Children's Wellbeing and Schools Bill,2025-12-01,Worcester,204
1185,722377,Withdraw the Children's Wellbeing and Schools Bill,2025-12-01,Worsley and Eccles,255
1186,722377,Withdraw the Children's Wellbeing and Schools Bill,2025-12-01,Worthing West,305
1187,722377,Withdraw the Children's Wellbeing and Schools Bill,2025-12-01,Wycombe,344
1188,722377,Withdraw the Children's Wellbeing and Schools Bill,2025-12-01,Wyre Forest,260
1189,722377,Withdraw the Children's Wellbeing and Schools Bill,2025-12-01,Wythenshawe and Sale East,272
1190,722377,Withdraw the Children's Wellbeing and Schools Bill,2025-12-01,Yeovil,330
1191,722377,Withdraw the Children's Wellbeing and Schools Bill,2025-12-01,York Central,232
1192,722377,Withdraw the Children's Wellbeing and Schools Bill,2025-12-01,York Outer,251
1193,722377,Withdraw the Children's Wellbeing and Schools Bill,2025-12-01,Belfast East,142
1194,722377,Withdraw the Children's Wellbeing and Schools Bill,2025-12-01,Belfast North,120
1195,722377,Withdraw the Children's Wellbeing and Schools Bill,2025-12-01,Belfast South and Mid Down,86
1196,722377,Withdraw the Children's Wellbeing and Schools Bill,2025-12-01,Belfast West,95
1197,722377,Withdraw the Children's Wellbeing and Schools Bill,2025-12-01,East Antrim,139
1198,722377,Withdraw the Children's Wellbeing and Schools Bill,2025-12-01,East Londonderry,145
1199,722377,Withdraw the Children's Wellbeing and Schools Bill,2025-12-01,Fermanagh and South Tyrone,117
1200,722377,Withdraw the Children's Wellbeing and Schools Bill,2025-12-01,Foyle,93
1201,722377,Withdraw the Children's Wellbeing and Schools Bill,2025-12-01,Lagan Valley,157
1202,722377,Withdraw the Children's Wellbeing and Schools Bill,2025-12-01,Mid Ulster,130
1203,722377,Withdraw the Children's Wellbeing and Schools Bill,2025-12-01,Newry and Armagh,104
1204,722377,Withdraw the Children's Wellbeing and Schools Bill,2025-12-01,North Antrim,129
1205,722377,Withdraw the Children's Wellbeing and Schools Bill,2025-12-01,North Down,140
1206,722377,Withdraw the Children's Wellbeing and Schools Bill,2025-12-01,South Antrim,125
1207,722377,Withdraw the Children's Wellbeing and Schools Bill,2025-12-01,South Down,95
1208,722377,Withdraw the Children's Wellbeing and Schools Bill,2025-12-01,Strangford,164
1209,722377,Withdraw the Children's Wellbeing and Schools Bill,2025-12-01,Upper Bann,151
1210,722377,Withdraw the Children's Wellbeing and Schools Bill,2025-12-01,West Tyrone,79
1211,722377,Withdraw the Children's Wellbeing and Schools Bill,2025-12-01,East Renfrewshire,76
1212,722377,Withdraw the Children's Wellbeing and Schools Bill,2025-12-01,Na h-Eileanan an Iar,40
1213,722377,Withdraw the Children's Wellbeing and Schools Bill,2025-12-01,Midlothian,102
1214,722377,Withdraw the Children's Wellbeing and Schools Bill,2025-12-01,North Ayrshire and Arran,116
1215,722377,Withdraw the Children's Wellbeing and Schools Bill,2025-12-01,Orkney and Shetland,67
1216,722377,Withdraw the Children's Wellbeing and Schools Bill,2025-12-01,Aberdeen North,121
1217,722377,Withdraw the Children's Wellbeing and Schools Bill,2025-12-01,Aberdeen South,118
1218,722377,Withdraw the Children's Wellbeing and Schools Bill,2025-12-01,Aberdeenshire North and Moray East,172
1219,722377,Withdraw the Children's Wellbeing and Schools Bill,2025-12-01,Airdrie and Shotts,108
1220,722377,Withdraw the Children's Wellbeing and Schools Bill,2025-12-01,Alloa and Grangemouth,97
1221,722377,Withdraw the Children's Wellbeing and Schools Bill,2025-12-01,Angus and Perthshire Glens,158
1222,722377,Withdraw the Children's Wellbeing and Schools Bill,2025-12-01,Arbroath and Broughty Ferry,143
1223,722377,Withdraw the Children's Wellbeing and Schools Bill,2025-12-01,"Argyll, Bute and South Lochaber",126
1224,722377,Withdraw the Children's Wellbeing and Schools Bill,2025-12-01,Bathgate and Linlithgow,109
1225,722377,Withdraw the Children's Wellbeing and Schools Bill,2025-12-01,"Caithness, Sutherland and Easter Ross",161
1226,722377,Withdraw the Children's Wellbeing and Schools Bill,2025-12-01,Coatbridge and Bellshill,90
1227,722377,Withdraw the Children's Wellbeing and Schools Bill,2025-12-01,Cowdenbeath and Kirkcaldy,100
1228,722377,Withdraw the Children's Wellbeing and Schools Bill,2025-12-01,Cumbernauld and Kirkintilloch,93
1229,722377,Withdraw the Children's Wellbeing and Schools Bill,2025-12-01,Dumfries and Galloway,125
1230,722377,Withdraw the Children's Wellbeing and Schools Bill,2025-12-01,"Dumfriesshire, Clydesdale and Tweeddale",115
1231,722377,Withdraw the Children's Wellbeing and Schools Bill,2025-12-01,Dundee Central,112
1232,722377,Withdraw the Children's Wellbeing and Schools Bill,2025-12-01,Dunfermline and Dollar,126
1233,722377,Withdraw the Children's Wellbeing and Schools Bill,2025-12-01,East Kilbride and Strathaven,104
1234,722377,Withdraw the Children's Wellbeing and Schools Bill,2025-12-01,Edinburgh East and Musselburgh,103
1235,722377,Withdraw the Children's Wellbeing and Schools Bill,2025-12-01,Edinburgh North and Leith,91
1236,722377,Withdraw the Children's Wellbeing and Schools Bill,2025-12-01,Edinburgh South,74
1237,722377,Withdraw the Children's Wellbeing and Schools Bill,2025-12-01,Edinburgh South West,74
1238,722377,Withdraw the Children's Wellbeing and Schools Bill,2025-12-01,Edinburgh West,97
1239,722377,Withdraw the Children's Wellbeing and Schools Bill,2025-12-01,Falkirk,104
1240,722377,Withdraw the Children's Wellbeing and Schools Bill,2025-12-01,Glasgow East,114
1241,722377,Withdraw the Children's Wellbeing and Schools Bill,2025-12-01,Glasgow North,85
1242,722377,Withdraw the Children's Wellbeing and Schools Bill,2025-12-01,Glasgow North East,110
1243,722377,Withdraw the Children's Wellbeing and Schools Bill,2025-12-01,Glasgow South,88
1244,722377,Withdraw the Children's Wellbeing and Schools Bill,2025-12-01,Glasgow South West,97
1245,722377,Withdraw the Children's Wellbeing and Schools Bill,2025-12-01,Glasgow West,94
1246,722377,Withdraw the Children's Wellbeing and Schools Bill,2025-12-01,Glenrothes and Mid Fife,101
1247,722377,Withdraw the Children's Wellbeing and Schools Bill,2025-12-01,Gordon and Buchan,147
1248,722377,Withdraw the Children's Wellbeing and Schools Bill,2025-12-01,Hamilton and Clyde Valley,101
1249,722377,Withdraw the Children's Wellbeing and Schools Bill,2025-12-01,Inverclyde and Renfrewshire West,98
1250,722377,Withdraw the Children's Wellbeing and Schools Bill,2025-12-01,"Inverness, Skye and West Ross-shire",179
1251,722377,Withdraw the Children's Wellbeing and Schools Bill,2025-12-01,Livingston,101
1252,722377,Withdraw the Children's Wellbeing and Schools Bill,2025-12-01,Lothian East,140
1253,722377,Withdraw the Children's Wellbeing and Schools Bill,2025-12-01,Mid Dunbartonshire,115
1254,722377,Withdraw the Children's Wellbeing and Schools Bill,2025-12-01,"Moray West, Nairn and Strathspey",149
1255,722377,Withdraw the Children's Wellbeing and Schools Bill,2025-12-01,"Motherwell, Wishaw and Carluke",97
1256,722377,Withdraw the Children's Wellbeing and Schools Bill,2025-12-01,North East Fife,115
1257,722377,Withdraw the Children's Wellbeing and Schools Bill,2025-12-01,Paisley and Renfrewshire North,114
1258,722377,Withdraw the Children's Wellbeing and Schools Bill,2025-12-01,Paisley and Renfrewshire South,84
1259,722377,Withdraw the Children's Wellbeing and Schools Bill,2025-12-01,Perth and Kinross-shire,112
1260,722377,Withdraw the Children's Wellbeing and Schools Bill,2025-12-01,Rutherglen,98
1261,722377,Withdraw the Children's Wellbeing and Schools Bill,2025-12-01,Stirling and Strathallan,116
1262,722377,Withdraw the Children's Wellbeing and Schools Bill,2025-12-01,West Dunbartonshire,129
1263,722377,Withdraw the Children's Wellbeing and Schools Bill,2025-12-01,"Ayr, Carrick and Cumnock",100
1264,722377,Withdraw the Children's Wellbeing and Schools Bill,2025-12-01,"Berwickshire, Roxburgh and Selkirk",142
1265,722377,Withdraw the Children's Wellbeing and Schools Bill,2025-12-01,Central Ayrshire,99
1266,722377,Withdraw the Children's Wellbeing and Schools Bill,2025-12-01,Kilmarnock and Loudoun,103
1267,722377,Withdraw the Children's Wellbeing and Schools Bill,2025-12-01,West Aberdeenshire and Kincardine,157
1268,722377,Withdraw the Children's Wellbeing and Schools Bill,2025-12-01,Aberafan Maesteg,158
1269,722377,Withdraw the Children's Wellbeing and Schools Bill,2025-12-01,Alyn and Deeside,286
1270,722377,Withdraw the Children's Wellbeing and Schools Bill,2025-12-01,Bangor Aberconwy,221
1271,722377,Withdraw the Children's Wellbeing and Schools Bill,2025-12-01,Blaenau Gwent and Rhymney,172
1272,722377,Withdraw the Children's Wellbeing and Schools Bill,2025-12-01,"Brecon, Radnor and Cwm Tawe",275
1273,722377,Withdraw the Children's Wellbeing and Schools Bill,2025-12-01,Bridgend,203
1274,722377,Withdraw the Children's Wellbeing and Schools Bill,2025-12-01,Caerfyrddin,298
1275,722377,Withdraw the Children's Wellbeing and Schools Bill,2025-12-01,Caerphilly,242
1276,722377,Withdraw the Children's Wellbeing and Schools Bill,2025-12-01,Cardiff East,161
1277,722377,Withdraw the Children's Wellbeing and Schools Bill,2025-12-01,Cardiff North,173
1278,722377,Withdraw the Children's Wellbeing and Schools Bill,2025-12-01,Cardiff South and Penarth,126
1279,722377,Withdraw the Children's Wellbeing and Schools Bill,2025-12-01,Cardiff West,162
1280,722377,Withdraw the Children's Wellbeing and Schools Bill,2025-12-01,Ceredigion Preseli,343
1281,722377,Withdraw the Children's Wellbeing and Schools Bill,2025-12-01,Clwyd East,278
1282,722377,Withdraw the Children's Wellbeing and Schools Bill,2025-12-01,Clwyd North,216
1283,722377,Withdraw the Children's Wellbeing and Schools Bill,2025-12-01,Dwyfor Meirionnydd,198
1284,722377,Withdraw the Children's Wellbeing and Schools Bill,2025-12-01,Gower,199
1285,722377,Withdraw the Children's Wellbeing and Schools Bill,2025-12-01,Llanelli,227
1286,722377,Withdraw the Children's Wellbeing and Schools Bill,2025-12-01,Merthyr Tydfil and Aberdare,166
1287,722377,Withdraw the Children's Wellbeing and Schools Bill,2025-12-01,Mid and South Pembrokeshire,252
1288,722377,Withdraw the Children's Wellbeing and Schools Bill,2025-12-01,Monmouthshire,235
1289,722377,Withdraw the Children's Wellbeing and Schools Bill,2025-12-01,Montgomeryshire and Glyndŵr,332
1290,722377,Withdraw the Children's Wellbeing and Schools Bill,2025-12-01,Neath and Swansea East,177
1291,722377,Withdraw the Children's Wellbeing and Schools Bill,2025-12-01,Newport East,213
1292,722377,Withdraw the Children's Wellbeing and Schools Bill,2025-12-01,Newport West and Islwyn,207
1293,722377,Withdraw the Children's Wellbeing and Schools Bill,2025-12-01,Pontypridd,208
1294,722377,Withdraw the Children's Wellbeing and Schools Bill,2025-12-01,Rhondda and Ogmore,177
1295,722377,Withdraw the Children's Wellbeing and Schools Bill,2025-12-01,Swansea West,165
1296,722377,Withdraw the Children's Wellbeing and Schools Bill,2025-12-01,Torfaen,203
1297,722377,Withdraw the Children's Wellbeing and Schools Bill,2025-12-01,Vale of Glamorgan,230
1298,722377,Withdraw the Children's Wellbeing and Schools Bill,2025-12-01,Wrexham,167
1299,722377,Withdraw the Children's Wellbeing and Schools Bill,2025-12-01,Ynys Môn,148
1300,730194,Do not introduce Digital ID cards,2025-12-08,Aldershot,5155
1301,730194,Do not introduce Digital ID cards,2025-12-08,Aldridge-Brownhills,4397
1302,730194,Do not introduce Digital ID cards,2025-12-08,Altrincham and Sale West,3682
1303,730194,Do not introduce Digital ID cards,2025-12-08,Amber Valley,5031
1304,730194,Do not introduce Digital ID cards,2025-12-08,Arundel and South Downs,4626
1305,730194,Do not introduce Digital ID cards,2025-12-08,Ashfield,5242
1306,730194,Do not introduce Digital ID cards,2025-12-08,Ashford,5152
1307,730194,Do not introduce Digital ID cards,2025-12-08,Ashton-under-Lyne,4877
1308,730194,Do not introduce Digital ID cards,2025-12-08,Aylesbury,4604
1309,730194,Do not introduce Digital ID cards,2025-12-08,Banbury,4407
1310,730194,Do not introduce Digital ID cards,2025-12-08,Barking,3849
1311,730194,Do not introduce Digital ID cards,2025-12-08,Barnsley North,5522
1312,730194,Do not introduce Digital ID cards,2025-12-08,Barnsley South,5449
1313,730194,Do not introduce Digital ID cards,2025-12-08,Barrow and Furness,5205
1314,730194,Do not introduce Digital ID cards,2025-12-08,Basildon and Billericay,5865
1315,730194,Do not introduce Digital ID cards,2025-12-08,Basingstoke,5020
1316,730194,Do not introduce Digital ID cards,2025-12-08,Bassetlaw,5426
1317,730194,Do not introduce Digital ID cards,2025-12-08,Bath,3487
1318,730194,Do not introduce Digital ID cards,2025-12-08,Battersea,3023
1319,730194,Do not introduce Digital ID cards,2025-12-08,Beaconsfield,3775
1320,730194,Do not introduce Digital ID cards,2025-12-08,Beckenham and Penge,3958
1321,730194,Do not introduce Digital ID cards,2025-12-08,Bedford,3842
1322,730194,Do not introduce Digital ID cards,2025-12-08,Bermondsey and Old Southwark,3317
1323,730194,Do not introduce Digital ID cards,2025-12-08,Bethnal Green and Stepney,3520
1324,730194,Do not introduce Digital ID cards,2025-12-08,Beverley and Holderness,4761
1325,730194,Do not introduce Digital ID cards,2025-12-08,Bexhill and Battle,4918
1326,730194,Do not introduce Digital ID cards,2025-12-08,Bexleyheath and Crayford,4347
1327,730194,Do not introduce Digital ID cards,2025-12-08,Bicester and Woodstock,3935
1328,730194,Do not introduce Digital ID cards,2025-12-08,Birkenhead,5820
1329,730194,Do not introduce Digital ID cards,2025-12-08,Birmingham Edgbaston,3271
1330,730194,Do not introduce Digital ID cards,2025-12-08,Birmingham Erdington,4859
1331,730194,Do not introduce Digital ID cards,2025-12-08,Birmingham Hall Green and Moseley,2923
1332,730194,Do not introduce Digital ID cards,2025-12-08,Birmingham Hodge Hill and Solihull North,4223
1333,730194,Do not introduce Digital ID cards,2025-12-08,Birmingham Ladywood,3225
1334,730194,Do not introduce Digital ID cards,2025-12-08,Birmingham Northfield,5028
1335,730194,Do not introduce Digital ID cards,2025-12-08,Birmingham Perry Barr,3147
1336,730194,Do not introduce Digital ID cards,2025-12-08,Birmingham Selly Oak,3571
1337,730194,Do not introduce Digital ID cards,2025-12-08,Birmingham Yardley,3754
1338,730194,Do not introduce Digital ID cards,2025-12-08,Bishop Auckland,4798
1339,730194,Do not introduce Digital ID cards,2025-12-08,Blackburn,4106
1340,730194,Do not introduce Digital ID cards,2025-12-08,Blackley and Middleton South,4517
1341,730194,Do not introduce Digital ID cards,2025-12-08,Blackpool North and Fleetwood,5520
1342,730194,Do not introduce Digital ID cards,2025-12-08,Blackpool South,5719
1343,730194,Do not introduce Digital ID cards,2025-12-08,Blaydon and Consett,5053
1344,730194,Do not introduce Digital ID cards,2025-12-08,Blyth and Ashington,5387
1345,730194,Do not introduce Digital ID cards,2025-12-08,Bognor Regis and Littlehampton,5306
1346,730194,Do not introduce Digital ID cards,2025-12-08,Bolsover,5747
1347,730194,Do not introduce Digital ID cards,2025-12-08,Bolton North East,5118
1348,730194,Do not introduce Digital ID cards,2025-12-08,Bolton South and Walkden,5013
1349,730194,Do not introduce Digital ID cards,2025-12-08,Bolton West,4882
1350,730194,Do not introduce Digital ID cards,2025-12-08,Bootle,5273
1351,730194,Do not introduce Digital ID cards,2025-12-08,Boston and Skegness,5467
1352,730194,Do not introduce Digital ID cards,2025-12-08,Bournemouth East,5181
1353,730194,Do not introduce Digital ID cards,2025-12-08,Bournemouth West,5276
1354,730194,Do not introduce Digital ID cards,2025-12-08,Bracknell,4625
1355,730194,Do not introduce Digital ID cards,2025-12-08,Bradford East,3926
1356,730194,Do not introduce Digital ID cards,2025-12-08,Bradford South,4411
1357,730194,Do not introduce Digital ID cards,2025-12-08,Bradford West,3049
1358,730194,Do not introduce Digital ID cards,2025-12-08,Braintree,5958
1359,730194,Do not introduce Digital ID cards,2025-12-08,Brent East,3205
1360,730194,Do not introduce Digital ID cards,2025-12-08,Brent West,2406
1361,730194,Do not introduce Digital ID cards,2025-12-08,Brentford and Isleworth,3323
1362,730194,Do not introduce Digital ID cards,2025-12-08,Brentwood and Ongar,5763
1363,730194,Do not introduce Digital ID cards,2025-12-08,Bridgwater,5303
1364,730194,Do not introduce Digital ID cards,2025-12-08,Bridlington and The Wolds,5141
1365,730194,Do not introduce Digital ID cards,2025-12-08,Brigg and Immingham,5422
1366,730194,Do not introduce Digital ID cards,2025-12-08,Brighton Kemptown and Peacehaven,5079
1367,730194,Do not introduce Digital ID cards,2025-12-08,Brighton Pavilion,5275
1368,730194,Do not introduce Digital ID cards,2025-12-08,Bristol Central,3252
1369,730194,Do not introduce Digital ID cards,2025-12-08,Bristol East,5130
1370,730194,Do not introduce Digital ID cards,2025-12-08,Bristol North East,4406
1371,730194,Do not introduce Digital ID cards,2025-12-08,Bristol North West,4152
1372,730194,Do not introduce Digital ID cards,2025-12-08,Bristol South,5289
1373,730194,Do not introduce Digital ID cards,2025-12-08,Broadland and Fakenham,4469
1374,730194,Do not introduce Digital ID cards,2025-12-08,Bromley and Biggin Hill,4258
1375,730194,Do not introduce Digital ID cards,2025-12-08,Bromsgrove,4647
1376,730194,Do not introduce Digital ID cards,2025-12-08,Broxbourne,5398
1377,730194,Do not introduce Digital ID cards,2025-12-08,Broxtowe,4311
1378,730194,Do not introduce Digital ID cards,2025-12-08,Buckingham and Bletchley,4341
1379,730194,Do not introduce Digital ID cards,2025-12-08,Burnley,6217
1380,730194,Do not introduce Digital ID cards,2025-12-08,Burton and Uttoxeter,4851
1381,730194,Do not introduce Digital ID cards,2025-12-08,Bury North,4691
1382,730194,Do not introduce Digital ID cards,2025-12-08,Bury South,4503
1383,730194,Do not introduce Digital ID cards,2025-12-08,Bury St Edmunds and Stowmarket,4737
1384,730194,Do not introduce Digital ID cards,2025-12-08,Calder Valley,5552
1385,730194,Do not introduce Digital ID cards,2025-12-08,Camborne and Redruth,5971
1386,730194,Do not introduce Digital ID cards,2025-12-08,Cambridge,3206
1387,730194,Do not introduce Digital ID cards,2025-12-08,Cannock Chase,5177
1388,730194,Do not introduce Digital ID cards,2025-12-08,Canterbury,4149
1389,730194,Do not introduce Digital ID cards,2025-12-08,Carlisle,5748
1390,730194,Do not introduce Digital ID cards,2025-12-08,Carshalton and Wallington,4231
1391,730194,Do not introduce Digital ID cards,2025-12-08,Castle Point,5711
1392,730194,Do not introduce Digital ID cards,2025-12-08,Central Devon,5260
1393,730194,Do not introduce Digital ID cards,2025-12-08,Central Suffolk and North Ipswich,4215
1394,730194,Do not introduce Digital ID cards,2025-12-08,Chatham and Aylesford,5327
1395,730194,Do not introduce Digital ID cards,2025-12-08,Cheadle,3844
1396,730194,Do not introduce Digital ID cards,2025-12-08,Chelmsford,4794
1397,730194,Do not introduce Digital ID cards,2025-12-08,Chelsea and Fulham,3712
1398,730194,Do not introduce Digital ID cards,2025-12-08,Cheltenham,3955
1399,730194,Do not introduce Digital ID cards,2025-12-08,Chesham and Amersham,3454
1400,730194,Do not introduce Digital ID cards,2025-12-08,Chester North and Neston,4177
1401,730194,Do not introduce Digital ID cards,2025-12-08,Chester South and Eddisbury,4337
1402,730194,Do not introduce Digital ID cards,2025-12-08,Chesterfield,4660
1403,730194,Do not introduce Digital ID cards,2025-12-08,Chichester,4972
1404,730194,Do not introduce Digital ID cards,2025-12-08,Chingford and Woodford Green,4217
1405,730194,Do not introduce Digital ID cards,2025-12-08,Chippenham,4540
1406,730194,Do not introduce Digital ID cards,2025-12-08,Chipping Barnet,3624
1407,730194,Do not introduce Digital ID cards,2025-12-08,Chorley,5437
1408,730194,Do not introduce Digital ID cards,2025-12-08,Christchurch,4652
1409,730194,Do not introduce Digital ID cards,2025-12-08,Cities of London and Westminster,4006
1410,730194,Do not introduce Digital ID cards,2025-12-08,City of Durham,3786
1411,730194,Do not introduce Digital ID cards,2025-12-08,Clacton,5974
1412,730194,Do not introduce Digital ID cards,2025-12-08,Clapham and Brixton Hill,2929
1413,730194,Do not introduce Digital ID cards,2025-12-08,Colchester,5014
1414,730194,Do not introduce Digital ID cards,2025-12-08,Colne Valley,4518
1415,730194,Do not introduce Digital ID cards,2025-12-08,Congleton,4762
1416,730194,Do not introduce Digital ID cards,2025-12-08,Corby and East Northamptonshire,5631
1417,730194,Do not introduce Digital ID cards,2025-12-08,Coventry East,4141
1418,730194,Do not introduce Digital ID cards,2025-12-08,Coventry North West,4676
1419,730194,Do not introduce Digital ID cards,2025-12-08,Coventry South,3675
1420,730194,Do not introduce Digital ID cards,2025-12-08,Cramlington and Killingworth,5121
1421,730194,Do not introduce Digital ID cards,2025-12-08,Crawley,5134
1422,730194,Do not introduce Digital ID cards,2025-12-08,Crewe and Nantwich,5289
1423,730194,Do not introduce Digital ID cards,2025-12-08,Croydon East,3968
1424,730194,Do not introduce Digital ID cards,2025-12-08,Croydon South,3514
1425,730194,Do not introduce Digital ID cards,2025-12-08,Croydon West,3251
1426,730194,Do not introduce Digital ID cards,2025-12-08,Dagenham and Rainham,4492
1427,730194,Do not introduce Digital ID cards,2025-12-08,Darlington,5080
1428,730194,Do not introduce Digital ID cards,2025-12-08,Dartford,4906
1429,730194,Do not introduce Digital ID cards,2025-12-08,Daventry,5336
1430,730194,Do not introduce Digital ID cards,2025-12-08,Derby North,4437
1431,730194,Do not introduce Digital ID cards,2025-12-08,Derby South,4228
1432,730194,Do not introduce Digital ID cards,2025-12-08,Derbyshire Dales,4352
1433,730194,Do not introduce Digital ID cards,2025-12-08,Dewsbury and Batley,3550
1434,730194,Do not introduce Digital ID cards,2025-12-08,Didcot and Wantage,4548
1435,730194,Do not introduce Digital ID cards,2025-12-08,Doncaster Central,4995
1436,730194,Do not introduce Digital ID cards,2025-12-08,Doncaster East and the Isle of Axholme,5033
1437,730194,Do not introduce Digital ID cards,2025-12-08,Doncaster North,5279
1438,730194,Do not introduce Digital ID cards,2025-12-08,Dorking and Horley,4473
1439,730194,Do not introduce Digital ID cards,2025-12-08,Dover and Deal,5549
1440,730194,Do not introduce Digital ID cards,2025-12-08,Droitwich and Evesham,4378
1441,730194,Do not introduce Digital ID cards,2025-12-08,Dudley,4697
1442,730194,Do not introduce Digital ID cards,2025-12-08,Dulwich and West Norwood,3187
1443,730194,Do not introduce Digital ID cards,2025-12-08,Dunstable and Leighton Buzzard,5211
1444,730194,Do not introduce Digital ID cards,2025-12-08,Ealing Central and Acton,3743
1445,730194,Do not introduce Digital ID cards,2025-12-08,Ealing North,3184
1446,730194,Do not introduce Digital ID cards,2025-12-08,Ealing Southall,2574
1447,730194,Do not introduce Digital ID cards,2025-12-08,Earley and Woodley,3305
1448,730194,Do not introduce Digital ID cards,2025-12-08,Easington,5403
1449,730194,Do not introduce Digital ID cards,2025-12-08,East Grinstead and Uckfield,5248
1450,730194,Do not introduce Digital ID cards,2025-12-08,East Ham,2351
1451,730194,Do not introduce Digital ID cards,2025-12-08,East Hampshire,3994
1452,730194,Do not introduce Digital ID cards,2025-12-08,East Surrey,4580
1453,730194,Do not introduce Digital ID cards,2025-12-08,East Thanet,5542
1454,730194,Do not introduce Digital ID cards,2025-12-08,East Wiltshire,4443
1455,730194,Do not introduce Digital ID cards,2025-12-08,East Worthing and Shoreham,5008
1456,730194,Do not introduce Digital ID cards,2025-12-08,Eastbourne,5166
1457,730194,Do not introduce Digital ID cards,2025-12-08,Eastleigh,4023
1458,730194,Do not introduce Digital ID cards,2025-12-08,Edmonton and Winchmore Hill,3113
1459,730194,Do not introduce Digital ID cards,2025-12-08,Ellesmere Port and Bromborough,5375
1460,730194,Do not introduce Digital ID cards,2025-12-08,Eltham and Chislehurst,4726
1461,730194,Do not introduce Digital ID cards,2025-12-08,Ely and East Cambridgeshire,4482
1462,730194,Do not introduce Digital ID cards,2025-12-08,Enfield North,3919
1463,730194,Do not introduce Digital ID cards,2025-12-08,Epping Forest,5670
1464,730194,Do not introduce Digital ID cards,2025-12-08,Epsom and Ewell,3880
1465,730194,Do not introduce Digital ID cards,2025-12-08,Erewash,5154
1466,730194,Do not introduce Digital ID cards,2025-12-08,Erith and Thamesmead,4356
1467,730194,Do not introduce Digital ID cards,2025-12-08,Esher and Walton,3610
1468,730194,Do not introduce Digital ID cards,2025-12-08,Exeter,3827
1469,730194,Do not introduce Digital ID cards,2025-12-08,Exmouth and Exeter East,4561
1470,730194,Do not introduce Digital ID cards,2025-12-08,Fareham and Waterlooville,5353
1471,730194,Do not introduce Digital ID cards,2025-12-08,Farnham and Bordon,4065
1472,730194,Do not introduce Digital ID cards,2025-12-08,Faversham and Mid Kent,5186
1473,730194,Do not introduce Digital ID cards,2025-12-08,Feltham and Heston,3261
1474,730194,Do not introduce Digital ID cards,2025-12-08,Filton and Bradley Stoke,4301
1475,730194,Do not introduce Digital ID cards,2025-12-08,Finchley and Golders Green,3179
1476,730194,Do not introduce Digital ID cards,2025-12-08,Folkestone and Hythe,4911
1477,730194,Do not introduce Digital ID cards,2025-12-08,Forest of Dean,4477
1478,730194,Do not introduce Digital ID cards,2025-12-08,Frome and East Somerset,4467
1479,730194,Do not introduce Digital ID cards,2025-12-08,Fylde,5149
1480,730194,Do not introduce Digital ID cards,2025-12-08,Gainsborough,5050
1481,730194,Do not introduce Digital ID cards,2025-12-08,Gateshead Central and Whickham,4356
1482,730194,Do not introduce Digital ID cards,2025-12-08,Gedling,4653
1483,730194,Do not introduce Digital ID cards,2025-12-08,Gillingham and Rainham,4879
1484,730194,Do not introduce Digital ID cards,2025-12-08,Glastonbury and Somerton,4999
1485,730194,Do not introduce Digital ID cards,2025-12-08,Gloucester,4993
1486,730194,Do not introduce Digital ID cards,2025-12-08,Godalming and Ash,3913
1487,730194,Do not introduce Digital ID cards,2025-12-08,Goole and Pocklington,5100
1488,730194,Do not introduce Digital ID cards,2025-12-08,Gorton and Denton,4324
1489,730194,Do not introduce Digital ID cards,2025-12-08,Gosport,5077
1490,730194,Do not introduce Digital ID cards,2025-12-08,Grantham and Bourne,4926
1491,730194,Do not introduce Digital ID cards,2025-12-08,Gravesham,4771
1492,730194,Do not introduce Digital ID cards,2025-12-08,Great Grimsby and Cleethorpes,6080
1493,730194,Do not introduce Digital ID cards,2025-12-08,Great Yarmouth,5637
1494,730194,Do not introduce Digital ID cards,2025-12-08,Greenwich and Woolwich,3413
1495,730194,Do not introduce Digital ID cards,2025-12-08,Guildford,3409
1496,730194,Do not introduce Digital ID cards,2025-12-08,Hackney North and Stoke Newington,3278
1497,730194,Do not introduce Digital ID cards,2025-12-08,Hackney South and Shoreditch,3409
1498,730194,Do not introduce Digital ID cards,2025-12-08,Halesowen,4355
1499,730194,Do not introduce Digital ID cards,2025-12-08,Halifax,5134
1500,730194,Do not introduce Digital ID cards,2025-12-08,Hamble Valley,5116
1501,730194,Do not introduce Digital ID cards,2025-12-08,Hammersmith and Chiswick,3413
1502,730194,Do not introduce Digital ID cards,2025-12-08,Hampstead and Highgate,3104
1503,730194,Do not introduce Digital ID cards,2025-12-08,"Harborough, Oadby and Wigston",3868
1504,730194,Do not introduce Digital ID cards,2025-12-08,Harlow,5713
1505,730194,Do not introduce Digital ID cards,2025-12-08,Harpenden and Berkhamsted,3383
1506,730194,Do not introduce Digital ID cards,2025-12-08,Harrogate and Knaresborough,4179
1507,730194,Do not introduce Digital ID cards,2025-12-08,Harrow East,2538
1508,730194,Do not introduce Digital ID cards,2025-12-08,Harrow West,2490
1509,730194,Do not introduce Digital ID cards,2025-12-08,Hartlepool,5960
1510,730194,Do not introduce Digital ID cards,2025-12-08,Harwich and North Essex,4895
1511,730194,Do not introduce Digital ID cards,2025-12-08,Hastings and Rye,5994
1512,730194,Do not introduce Digital ID cards,2025-12-08,Havant,5196
1513,730194,Do not introduce Digital ID cards,2025-12-08,Hayes and Harlington,2922
1514,730194,Do not introduce Digital ID cards,2025-12-08,Hazel Grove,5002
1515,730194,Do not introduce Digital ID cards,2025-12-08,Hemel Hempstead,5026
1516,730194,Do not introduce Digital ID cards,2025-12-08,Hendon,3145
1517,730194,Do not introduce Digital ID cards,2025-12-08,Henley and Thame,3776
1518,730194,Do not introduce Digital ID cards,2025-12-08,Hereford and South Herefordshire,4825
1519,730194,Do not introduce Digital ID cards,2025-12-08,Herne Bay and Sandwich,5324
1520,730194,Do not introduce Digital ID cards,2025-12-08,Hertford and Stortford,4868
1521,730194,Do not introduce Digital ID cards,2025-12-08,Hertsmere,4201
1522,730194,Do not introduce Digital ID cards,2025-12-08,Hexham,4482
1523,730194,Do not introduce Digital ID cards,2025-12-08,Heywood and Middleton North,5121
1524,730194,Do not introduce Digital ID cards,2025-12-08,High Peak,5053
1525,730194,Do not introduce Digital ID cards,2025-12-08,Hinckley and Bosworth,5216
1526,730194,Do not introduce Digital ID cards,2025-12-08,Hitchin,4395
1527,730194,Do not introduce Digital ID cards,2025-12-08,Holborn and St Pancras,3469
1528,730194,Do not introduce Digital ID cards,2025-12-08,Honiton and Sidmouth,4419
1529,730194,Do not introduce Digital ID cards,2025-12-08,Hornchurch and Upminster,5286
1530,730194,Do not introduce Digital ID cards,2025-12-08,Hornsey and Friern Barnet,3274
1531,730194,Do not introduce Digital ID cards,2025-12-08,Horsham,4683
1532,730194,Do not introduce Digital ID cards,2025-12-08,Houghton and Sunderland South,6066
1533,730194,Do not introduce Digital ID cards,2025-12-08,Hove and Portslade,4812
1534,730194,Do not introduce Digital ID cards,2025-12-08,Huddersfield,4203
1535,730194,Do not introduce Digital ID cards,2025-12-08,Huntingdon,4694
1536,730194,Do not introduce Digital ID cards,2025-12-08,Hyndburn,5161
1537,730194,Do not introduce Digital ID cards,2025-12-08,Ilford North,2991
1538,730194,Do not introduce Digital ID cards,2025-12-08,Ilford South,2575
1539,730194,Do not introduce Digital ID cards,2025-12-08,Ipswich,4564
1540,730194,Do not introduce Digital ID cards,2025-12-08,Isle of Wight East,4016
1541,730194,Do not introduce Digital ID cards,2025-12-08,Isle of Wight West,3591
1542,730194,Do not introduce Digital ID cards,2025-12-08,Islington North,3466
1543,730194,Do not introduce Digital ID cards,2025-12-08,Islington South and Finsbury,3910
1544,730194,Do not introduce Digital ID cards,2025-12-08,Jarrow and Gateshead East,5302
1545,730194,Do not introduce Digital ID cards,2025-12-08,Keighley and Ilkley,4410
1546,730194,Do not introduce Digital ID cards,2025-12-08,Kenilworth and Southam,4050
1547,730194,Do not introduce Digital ID cards,2025-12-08,Kensington and Bayswater,3742
1548,730194,Do not introduce Digital ID cards,2025-12-08,Kettering,5103
1549,730194,Do not introduce Digital ID cards,2025-12-08,Kingston and Surbiton,3688
1550,730194,Do not introduce Digital ID cards,2025-12-08,Kingston upon Hull East,5436
1551,730194,Do not introduce Digital ID cards,2025-12-08,Kingston upon Hull North and Cottingham,5262
1552,730194,Do not introduce Digital ID cards,2025-12-08,Kingston upon Hull West and Haltemprice,5633
1553,730194,Do not introduce Digital ID cards,2025-12-08,Kingswinford and South Staffordshire,4308
1554,730194,Do not introduce Digital ID cards,2025-12-08,Knowsley,5353
1555,730194,Do not introduce Digital ID cards,2025-12-08,Lancaster and Wyre,4269
1556,730194,Do not introduce Digital ID cards,2025-12-08,Leeds Central and Headingley,3202
1557,730194,Do not introduce Digital ID cards,2025-12-08,Leeds East,4595
1558,730194,Do not introduce Digital ID cards,2025-12-08,Leeds North East,3095
1559,730194,Do not introduce Digital ID cards,2025-12-08,Leeds North West,3793
1560,730194,Do not introduce Digital ID cards,2025-12-08,Leeds South,4618
1561,730194,Do not introduce Digital ID cards,2025-12-08,Leeds South West and Morley,4973
1562,730194,Do not introduce Digital ID cards,2025-12-08,Leeds West and Pudsey,4422
1563,730194,Do not introduce Digital ID cards,2025-12-08,Leicester East,2265
1564,730194,Do not introduce Digital ID cards,2025-12-08,Leicester South,2972
1565,730194,Do not introduce Digital ID cards,2025-12-08,Leicester West,4283
1566,730194,Do not introduce Digital ID cards,2025-12-08,Leigh and Atherton,5872
1567,730194,Do not introduce Digital ID cards,2025-12-08,Lewes,4904
1568,730194,Do not introduce Digital ID cards,2025-12-08,Lewisham East,3824
1569,730194,Do not introduce Digital ID cards,2025-12-08,Lewisham North,3643
1570,730194,Do not introduce Digital ID cards,2025-12-08,Lewisham West and East Dulwich,3082
1571,730194,Do not introduce Digital ID cards,2025-12-08,Leyton and Wanstead,3304
1572,730194,Do not introduce Digital ID cards,2025-12-08,Lichfield,4517
1573,730194,Do not introduce Digital ID cards,2025-12-08,Lincoln,4855
1574,730194,Do not introduce Digital ID cards,2025-12-08,Liverpool Garston,4954
1575,730194,Do not introduce Digital ID cards,2025-12-08,Liverpool Riverside,5110
1576,730194,Do not introduce Digital ID cards,2025-12-08,Liverpool Walton,5452
1577,730194,Do not introduce Digital ID cards,2025-12-08,Liverpool Wavertree,4023
1578,730194,Do not introduce Digital ID cards,2025-12-08,Liverpool West Derby,5068
1579,730194,Do not introduce Digital ID cards,2025-12-08,Loughborough,3912
1580,730194,Do not introduce Digital ID cards,2025-12-08,Louth and Horncastle,5760
1581,730194,Do not introduce Digital ID cards,2025-12-08,Lowestoft,4863
1582,730194,Do not introduce Digital ID cards,2025-12-08,Luton North,3373
1583,730194,Do not introduce Digital ID cards,2025-12-08,Luton South and South Bedfordshire,3531
1584,730194,Do not introduce Digital ID cards,2025-12-08,Macclesfield,4578
1585,730194,Do not introduce Digital ID cards,2025-12-08,Maidenhead,4076
1586,730194,Do not introduce Digital ID cards,2025-12-08,Maidstone and Malling,5126
1587,730194,Do not introduce Digital ID cards,2025-12-08,Makerfield,5654
1588,730194,Do not introduce Digital ID cards,2025-12-08,Maldon,6066
1589,730194,Do not introduce Digital ID cards,2025-12-08,Manchester Central,5113
1590,730194,Do not introduce Digital ID cards,2025-12-08,Manchester Rusholme,2781
1591,730194,Do not introduce Digital ID cards,2025-12-08,Manchester Withington,2900
1592,730194,Do not introduce Digital ID cards,2025-12-08,Mansfield,5191
1593,730194,Do not introduce Digital ID cards,2025-12-08,Melksham and Devizes,4191
1594,730194,Do not introduce Digital ID cards,2025-12-08,Melton and Syston,4416
1595,730194,Do not introduce Digital ID cards,2025-12-08,Meriden and Solihull East,4561
1596,730194,Do not introduce Digital ID cards,2025-12-08,Mid Bedfordshire,4587
1597,730194,Do not introduce Digital ID cards,2025-12-08,Mid Buckinghamshire,3893
1598,730194,Do not introduce Digital ID cards,2025-12-08,Mid Cheshire,4833
1599,730194,Do not introduce Digital ID cards,2025-12-08,Mid Derbyshire,4074
1600,730194,Do not introduce Digital ID cards,2025-12-08,Mid Dorset and North Poole,4921
1601,730194,Do not introduce Digital ID cards,2025-12-08,Mid Leicestershire,4393
1602,730194,Do not introduce Digital ID cards,2025-12-08,Mid Norfolk,4885
1603,730194,Do not introduce Digital ID cards,2025-12-08,Mid Sussex,4231
1604,730194,Do not introduce Digital ID cards,2025-12-08,Middlesbrough and Thornaby East,4646
1605,730194,Do not introduce Digital ID cards,2025-12-08,Middlesbrough South and East Cleveland,4860
1606,730194,Do not introduce Digital ID cards,2025-12-08,Milton Keynes Central,4674
1607,730194,Do not introduce Digital ID cards,2025-12-08,Milton Keynes North,4226
1608,730194,Do not introduce Digital ID cards,2025-12-08,Mitcham and Morden,3676
1609,730194,Do not introduce Digital ID cards,2025-12-08,Morecambe and Lunesdale,4963
1610,730194,Do not introduce Digital ID cards,2025-12-08,New Forest East,4596
1611,730194,Do not introduce Digital ID cards,2025-12-08,New Forest West,3934
1612,730194,Do not introduce Digital ID cards,2025-12-08,Newark,5315
1613,730194,Do not introduce Digital ID cards,2025-12-08,Newbury,3940
1614,730194,Do not introduce Digital ID cards,2025-12-08,Newcastle upon Tyne Central and West,4778
1615,730194,Do not introduce Digital ID cards,2025-12-08,Newcastle upon Tyne East and Wallsend,5121
1616,730194,Do not introduce Digital ID cards,2025-12-08,Newcastle upon Tyne North,3720
1617,730194,Do not introduce Digital ID cards,2025-12-08,Newcastle-under-Lyme,4731
1618,730194,Do not introduce Digital ID cards,2025-12-08,Newton Abbot,5006
1619,730194,Do not introduce Digital ID cards,2025-12-08,Newton Aycliffe and Spennymoor,5111
1620,730194,Do not introduce Digital ID cards,2025-12-08,Normanton and Hemsworth,5849
1621,730194,Do not introduce Digital ID cards,2025-12-08,North Bedfordshire,4853
1622,730194,Do not introduce Digital ID cards,2025-12-08,North Cornwall,5913
1623,730194,Do not introduce Digital ID cards,2025-12-08,North Cotswolds,4251
1624,730194,Do not introduce Digital ID cards,2025-12-08,North Devon,5391
1625,730194,Do not introduce Digital ID cards,2025-12-08,North Dorset,4594
1626,730194,Do not introduce Digital ID cards,2025-12-08,North Durham,4830
1627,730194,Do not introduce Digital ID cards,2025-12-08,North East Cambridgeshire,5274
1628,730194,Do not introduce Digital ID cards,2025-12-08,North East Derbyshire,4540
1629,730194,Do not introduce Digital ID cards,2025-12-08,North East Hampshire,4244
1630,730194,Do not introduce Digital ID cards,2025-12-08,North East Hertfordshire,4858
1631,730194,Do not introduce Digital ID cards,2025-12-08,North East Somerset and Hanham,4430
1632,730194,Do not introduce Digital ID cards,2025-12-08,North Herefordshire,4489
1633,730194,Do not introduce Digital ID cards,2025-12-08,North Norfolk,4278
1634,730194,Do not introduce Digital ID cards,2025-12-08,North Northumberland,4529
1635,730194,Do not introduce Digital ID cards,2025-12-08,North Shropshire,5271
1636,730194,Do not introduce Digital ID cards,2025-12-08,North Somerset,3811
1637,730194,Do not introduce Digital ID cards,2025-12-08,North Warwickshire and Bedworth,5104
1638,730194,Do not introduce Digital ID cards,2025-12-08,North West Cambridgeshire,5142
1639,730194,Do not introduce Digital ID cards,2025-12-08,North West Essex,5244
1640,730194,Do not introduce Digital ID cards,2025-12-08,North West Hampshire,4908
1641,730194,Do not introduce Digital ID cards,2025-12-08,North West Leicestershire,5195
1642,730194,Do not introduce Digital ID cards,2025-12-08,North West Norfolk,4938
1643,730194,Do not introduce Digital ID cards,2025-12-08,Northampton North,5028
1644,730194,Do not introduce Digital ID cards,2025-12-08,Northampton South,4471
1645,730194,Do not introduce Digital ID cards,2025-12-08,Norwich North,4879
1646,730194,Do not introduce Digital ID cards,2025-12-08,Norwich South,4776
1647,730194,Do not introduce Digital ID cards,2025-12-08,Nottingham East,3836
1648,730194,Do not introduce Digital ID cards,2025-12-08,Nottingham North and Kimberley,4318
1649,730194,Do not introduce Digital ID cards,2025-12-08,Nottingham South,3470
1650,730194,Do not introduce Digital ID cards,2025-12-08,Nuneaton,4885
1651,730194,Do not introduce Digital ID cards,2025-12-08,Old Bexley and Sidcup,4943
1652,730194,Do not introduce Digital ID cards,2025-12-08,Oldham East and Saddleworth,4837
1653,730194,Do not introduce Digital ID cards,2025-12-08,"Oldham West, Chadderton and Royton",4431
1654,730194,Do not introduce Digital ID cards,2025-12-08,Orpington,4227
1655,730194,Do not introduce Digital ID cards,2025-12-08,Ossett and Denby Dale,4696
1656,730194,Do not introduce Digital ID cards,2025-12-08,Oxford East,3027
1657,730194,Do not introduce Digital ID cards,2025-12-08,Oxford West and Abingdon,2778
1658,730194,Do not introduce Digital ID cards,2025-12-08,Peckham,2920
1659,730194,Do not introduce Digital ID cards,2025-12-08,Pendle and Clitheroe,5713
1660,730194,Do not introduce Digital ID cards,2025-12-08,Penistone and Stocksbridge,4469
1661,730194,Do not introduce Digital ID cards,2025-12-08,Penrith and Solway,4812
1662,730194,Do not introduce Digital ID cards,2025-12-08,Peterborough,4427
1663,730194,Do not introduce Digital ID cards,2025-12-08,Plymouth Moor View,5616
1664,730194,Do not introduce Digital ID cards,2025-12-08,Plymouth Sutton and Devonport,5707
1665,730194,Do not introduce Digital ID cards,2025-12-08,"Pontefract, Castleford and Knottingley",5525
1666,730194,Do not introduce Digital ID cards,2025-12-08,Poole,4968
1667,730194,Do not introduce Digital ID cards,2025-12-08,Poplar and Limehouse,4047
1668,730194,Do not introduce Digital ID cards,2025-12-08,Portsmouth North,5410
1669,730194,Do not introduce Digital ID cards,2025-12-08,Portsmouth South,4493
1670,730194,Do not introduce Digital ID cards,2025-12-08,Preston,4612
1671,730194,Do not introduce Digital ID cards,2025-12-08,Putney,3221
1672,730194,Do not introduce Digital ID cards,2025-12-08,Queen's Park and Maida Vale,3235
1673,730194,Do not introduce Digital ID cards,2025-12-08,Rawmarsh and Conisbrough,4843
1674,730194,Do not introduce Digital ID cards,2025-12-08,Rayleigh and Wickford,5951
1675,730194,Do not introduce Digital ID cards,2025-12-08,Reading Central,3487
1676,730194,Do not introduce Digital ID cards,2025-12-08,Reading West and Mid Berkshire,3786
1677,730194,Do not introduce Digital ID cards,2025-12-08,Redcar,5327
1678,730194,Do not introduce Digital ID cards,2025-12-08,Redditch,5166
1679,730194,Do not introduce Digital ID cards,2025-12-08,Reigate,4225
1680,730194,Do not introduce Digital ID cards,2025-12-08,Ribble Valley,5074
1681,730194,Do not introduce Digital ID cards,2025-12-08,Richmond and Northallerton,4412
1682,730194,Do not introduce Digital ID cards,2025-12-08,Richmond Park,3157
1683,730194,Do not introduce Digital ID cards,2025-12-08,Rochdale,4061
1684,730194,Do not introduce Digital ID cards,2025-12-08,Rochester and Strood,5322
1685,730194,Do not introduce Digital ID cards,2025-12-08,Romford,4944
1686,730194,Do not introduce Digital ID cards,2025-12-08,Romsey and Southampton North,3816
1687,730194,Do not introduce Digital ID cards,2025-12-08,Rossendale and Darwen,6286
1688,730194,Do not introduce Digital ID cards,2025-12-08,Rother Valley,4553
1689,730194,Do not introduce Digital ID cards,2025-12-08,Rotherham,4629
1690,730194,Do not introduce Digital ID cards,2025-12-08,Rugby,4897
1691,730194,Do not introduce Digital ID cards,2025-12-08,"Ruislip, Northwood and Pinner",2802
1692,730194,Do not introduce Digital ID cards,2025-12-08,Runcorn and Helsby,5409
1693,730194,Do not introduce Digital ID cards,2025-12-08,Runnymede and Weybridge,4224
1694,730194,Do not introduce Digital ID cards,2025-12-08,Rushcliffe,3848
1695,730194,Do not introduce Digital ID cards,2025-12-08,Rutland and Stamford,3876
1696,730194,Do not introduce Digital ID cards,2025-12-08,Salford,5479
1697,730194,Do not introduce Digital ID cards,2025-12-08,Salisbury,3925
1698,730194,Do not introduce Digital ID cards,2025-12-08,Scarborough and Whitby,5271
1699,730194,Do not introduce Digital ID cards,2025-12-08,Scunthorpe,4796
1700,730194,Do not introduce Digital ID cards,2025-12-08,Sefton Central,4419
1701,730194,Do not introduce Digital ID cards,2025-12-08,Selby,5128
1702,730194,Do not introduce Digital ID cards,2025-12-08,Sevenoaks,4832
1703,730194,Do not introduce Digital ID cards,2025-12-08,Sheffield Brightside and Hillsborough,4247
1704,730194,Do not introduce Digital ID cards,2025-12-08,Sheffield Central,2508
1705,730194,Do not introduce Digital ID cards,2025-12-08,Sheffield Hallam,2948
1706,730194,Do not introduce Digital ID cards,2025-12-08,Sheffield Heeley,4332
1707,730194,Do not introduce Digital ID cards,2025-12-08,Sheffield South East,4431
1708,730194,Do not introduce Digital ID cards,2025-12-08,Sherwood Forest,5316
1709,730194,Do not introduce Digital ID cards,2025-12-08,Shipley,4504
1710,730194,Do not introduce Digital ID cards,2025-12-08,Shrewsbury,4883
1711,730194,Do not introduce Digital ID cards,2025-12-08,Sittingbourne and Sheppey,5588
1712,730194,Do not introduce Digital ID cards,2025-12-08,Skipton and Ripon,4677
1713,730194,Do not introduce Digital ID cards,2025-12-08,Sleaford and North Hykeham,4811
1714,730194,Do not introduce Digital ID cards,2025-12-08,Slough,3175
1715,730194,Do not introduce Digital ID cards,2025-12-08,Smethwick,3665
1716,730194,Do not introduce Digital ID cards,2025-12-08,Solihull West and Shirley,3712
1717,730194,Do not introduce Digital ID cards,2025-12-08,South Basildon and East Thurrock,5718
1718,730194,Do not introduce Digital ID cards,2025-12-08,South Cambridgeshire,3501
1719,730194,Do not introduce Digital ID cards,2025-12-08,South Cotswolds,3779
1720,730194,Do not introduce Digital ID cards,2025-12-08,South Derbyshire,4665
1721,730194,Do not introduce Digital ID cards,2025-12-08,South Devon,5033
1722,730194,Do not introduce Digital ID cards,2025-12-08,South Dorset,5163
1723,730194,Do not introduce Digital ID cards,2025-12-08,South East Cornwall,5556
1724,730194,Do not introduce Digital ID cards,2025-12-08,South Holland and The Deepings,5787
1725,730194,Do not introduce Digital ID cards,2025-12-08,South Leicestershire,4836
1726,730194,Do not introduce Digital ID cards,2025-12-08,South Norfolk,4334
1727,730194,Do not introduce Digital ID cards,2025-12-08,South Northamptonshire,4842
1728,730194,Do not introduce Digital ID cards,2025-12-08,South Ribble,4867
1729,730194,Do not introduce Digital ID cards,2025-12-08,South Shields,5250
1730,730194,Do not introduce Digital ID cards,2025-12-08,South Shropshire,4874
1731,730194,Do not introduce Digital ID cards,2025-12-08,South Suffolk,4626
1732,730194,Do not introduce Digital ID cards,2025-12-08,South West Devon,5043
1733,730194,Do not introduce Digital ID cards,2025-12-08,South West Hertfordshire,4150
1734,730194,Do not introduce Digital ID cards,2025-12-08,South West Norfolk,5467
1735,730194,Do not introduce Digital ID cards,2025-12-08,South West Wiltshire,4931
1736,730194,Do not introduce Digital ID cards,2025-12-08,Southampton Itchen,5303
1737,730194,Do not introduce Digital ID cards,2025-12-08,Southampton Test,4328
1738,730194,Do not introduce Digital ID cards,2025-12-08,Southend East and Rochford,5503
1739,730194,Do not introduce Digital ID cards,2025-12-08,Southend West and Leigh,5558
1740,730194,Do not introduce Digital ID cards,2025-12-08,Southgate and Wood Green,3926
1741,730194,Do not introduce Digital ID cards,2025-12-08,Southport,5212
1742,730194,Do not introduce Digital ID cards,2025-12-08,Spelthorne,4281
1743,730194,Do not introduce Digital ID cards,2025-12-08,Spen Valley,4680
1744,730194,Do not introduce Digital ID cards,2025-12-08,St Albans,3328
1745,730194,Do not introduce Digital ID cards,2025-12-08,St Austell and Newquay,6155
1746,730194,Do not introduce Digital ID cards,2025-12-08,St Helens North,5169
1747,730194,Do not introduce Digital ID cards,2025-12-08,St Helens South and Whiston,5084
1748,730194,Do not introduce Digital ID cards,2025-12-08,St Ives,5516
1749,730194,Do not introduce Digital ID cards,2025-12-08,St Neots and Mid Cambridgeshire,4169
1750,730194,Do not introduce Digital ID cards,2025-12-08,Stafford,4432
1751,730194,Do not introduce Digital ID cards,2025-12-08,Staffordshire Moorlands,4707
1752,730194,Do not introduce Digital ID cards,2025-12-08,Stalybridge and Hyde,5303
1753,730194,Do not introduce Digital ID cards,2025-12-08,Stevenage,4860
1754,730194,Do not introduce Digital ID cards,2025-12-08,Stockport,4932
1755,730194,Do not introduce Digital ID cards,2025-12-08,Stockton North,4702
1756,730194,Do not introduce Digital ID cards,2025-12-08,Stockton West,4612
1757,730194,Do not introduce Digital ID cards,2025-12-08,Stoke-on-Trent Central,5022
1758,730194,Do not introduce Digital ID cards,2025-12-08,Stoke-on-Trent North,5100
1759,730194,Do not introduce Digital ID cards,2025-12-08,Stoke-on-Trent South,4457
1760,730194,Do not introduce Digital ID cards,2025-12-08,"Stone, Great Wyrley and Penkridge",4463
1761,730194,Do not introduce Digital ID cards,2025-12-08,Stourbridge,4299
1762,730194,Do not introduce Digital ID cards,2025-12-08,Stratford and Bow,3430
1763,730194,Do not introduce Digital ID cards,2025-12-08,Stratford-on-Avon,4320
1764,730194,Do not introduce Digital ID cards,2025-12-08,Streatham and Croydon North,3375
1765,730194,Do not introduce Digital ID cards,2025-12-08,Stretford and Urmston,4737
1766,730194,Do not introduce Digital ID cards,2025-12-08,Stroud,4859
1767,730194,Do not introduce Digital ID cards,2025-12-08,Suffolk Coastal,4293
1768,730194,Do not introduce Digital ID cards,2025-12-08,Sunderland Central,5087
1769,730194,Do not introduce Digital ID cards,2025-12-08,Surrey Heath,4104
1770,730194,Do not introduce Digital ID cards,2025-12-08,Sussex Weald,5083
1771,730194,Do not introduce Digital ID cards,2025-12-08,Sutton and Cheam,3511
1772,730194,Do not introduce Digital ID cards,2025-12-08,Sutton Coldfield,3986
1773,730194,Do not introduce Digital ID cards,2025-12-08,Swindon North,4786
1774,730194,Do not introduce Digital ID cards,2025-12-08,Swindon South,4587
1775,730194,Do not introduce Digital ID cards,2025-12-08,Tamworth,5847
1776,730194,Do not introduce Digital ID cards,2025-12-08,Tatton,4309
1777,730194,Do not introduce Digital ID cards,2025-12-08,Taunton and Wellington,4692
1778,730194,Do not introduce Digital ID cards,2025-12-08,Telford,5685
1779,730194,Do not introduce Digital ID cards,2025-12-08,Tewkesbury,4206
1780,730194,Do not introduce Digital ID cards,2025-12-08,The Wrekin,5054
1781,730194,Do not introduce Digital ID cards,2025-12-08,Thirsk and Malton,4736
1782,730194,Do not introduce Digital ID cards,2025-12-08,Thornbury and Yate,4488
1783,730194,Do not introduce Digital ID cards,2025-12-08,Thurrock,5373
1784,730194,Do not introduce Digital ID cards,2025-12-08,Tipton and Wednesbury,4463
1785,730194,Do not introduce Digital ID cards,2025-12-08,Tiverton and Minehead,4573
1786,730194,Do not introduce Digital ID cards,2025-12-08,Tonbridge,4364
1787,730194,Do not introduce Digital ID cards,2025-12-08,Tooting,2858
1788,730194,Do not introduce Digital ID cards,2025-12-08,Torbay,6075
1789,730194,Do not introduce Digital ID cards,2025-12-08,Torridge and Tavistock,5222
1790,730194,Do not introduce Digital ID cards,2025-12-08,Tottenham,3624
1791,730194,Do not introduce Digital ID cards,2025-12-08,Truro and Falmouth,4982
1792,730194,Do not introduce Digital ID cards,2025-12-08,Tunbridge Wells,4381
1793,730194,Do not introduce Digital ID cards,2025-12-08,Twickenham,3201
1794,730194,Do not introduce Digital ID cards,2025-12-08,Tynemouth,4493
1795,730194,Do not introduce Digital ID cards,2025-12-08,Uxbridge and South Ruislip,3957
1796,730194,Do not introduce Digital ID cards,2025-12-08,Vauxhall and Camberwell Green,2936
1797,730194,Do not introduce Digital ID cards,2025-12-08,Wakefield and Rothwell,5135
1798,730194,Do not introduce Digital ID cards,2025-12-08,Wallasey,5563
1799,730194,Do not introduce Digital ID cards,2025-12-08,Walsall and Bloxwich,4111
1800,730194,Do not introduce Digital ID cards,2025-12-08,Walthamstow,3373
1801,730194,Do not introduce Digital ID cards,2025-12-08,Warrington North,5361
1802,730194,Do not introduce Digital ID cards,2025-12-08,Warrington South,5103
1803,730194,Do not introduce Digital ID cards,2025-12-08,Warwick and Leamington,3715
1804,730194,Do not introduce Digital ID cards,2025-12-08,Washington and Gateshead South,5246
1805,730194,Do not introduce Digital ID cards,2025-12-08,Watford,3712
1806,730194,Do not introduce Digital ID cards,2025-12-08,Waveney Valley,4438
1807,730194,Do not introduce Digital ID cards,2025-12-08,Weald of Kent,4860
1808,730194,Do not introduce Digital ID cards,2025-12-08,Wellingborough and Rushden,5153
1809,730194,Do not introduce Digital ID cards,2025-12-08,Wells and Mendip Hills,4494
1810,730194,Do not introduce Digital ID cards,2025-12-08,Welwyn Hatfield,4954
1811,730194,Do not introduce Digital ID cards,2025-12-08,West Bromwich,3887
1812,730194,Do not introduce Digital ID cards,2025-12-08,West Dorset,4144
1813,730194,Do not introduce Digital ID cards,2025-12-08,West Ham and Beckton,3713
1814,730194,Do not introduce Digital ID cards,2025-12-08,West Lancashire,5142
1815,730194,Do not introduce Digital ID cards,2025-12-08,West Suffolk,5079
1816,730194,Do not introduce Digital ID cards,2025-12-08,West Worcestershire,4601
1817,730194,Do not introduce Digital ID cards,2025-12-08,Westmorland and Lonsdale,4272
1818,730194,Do not introduce Digital ID cards,2025-12-08,Weston-super-Mare,5243
1819,730194,Do not introduce Digital ID cards,2025-12-08,Wetherby and Easingwold,3741
1820,730194,Do not introduce Digital ID cards,2025-12-08,Whitehaven and Workington,5771
1821,730194,Do not introduce Digital ID cards,2025-12-08,Widnes and Halewood,5301
1822,730194,Do not introduce Digital ID cards,2025-12-08,Wigan,5772
1823,730194,Do not introduce Digital ID cards,2025-12-08,Wimbledon,2978
1824,730194,Do not introduce Digital ID cards,2025-12-08,Winchester,3694
1825,730194,Do not introduce Digital ID cards,2025-12-08,Windsor,3721
1826,730194,Do not introduce Digital ID cards,2025-12-08,Wirral West,4082
1827,730194,Do not introduce Digital ID cards,2025-12-08,Witham,5650
1828,730194,Do not introduce Digital ID cards,2025-12-08,Witney,4272
1829,730194,Do not introduce Digital ID cards,2025-12-08,Woking,3641
1830,730194,Do not introduce Digital ID cards,2025-12-08,Wokingham,3572
1831,730194,Do not introduce Digital ID cards,2025-12-08,Wolverhampton North East,4299
1832,730194,Do not introduce Digital ID cards,2025-12-08,Wolverhampton South East,4361
1833,730194,Do not introduce Digital ID cards,2025-12-08,Wolverhampton West,3996
1834,730194,Do not introduce Digital ID cards,2025-12-08,Worcester,4223
1835,730194,Do not introduce Digital ID cards,2025-12-08,Worsley and Eccles,5693
1836,730194,Do not introduce Digital ID cards,2025-12-08,Worthing West,5083
1837,730194,Do not introduce Digital ID cards,2025-12-08,Wycombe,3750
1838,730194,Do not introduce Digital ID cards,2025-12-08,Wyre Forest,5448
1839,730194,Do not introduce Digital ID cards,2025-12-08,Wythenshawe and Sale East,5099
1840,730194,Do not introduce Digital ID cards,2025-12-08,Yeovil,5012
1841,730194,Do not introduce Digital ID cards,2025-12-08,York Central,4127
1842,730194,Do not introduce Digital ID cards,2025-12-08,York Outer,3707
1843,730194,Do not introduce Digital ID cards,2025-12-08,Belfast East,4608
1844,730194,Do not introduce Digital ID cards,2025-12-08,Belfast North,4261
1845,730194,Do not introduce Digital ID cards,2025-12-08,Belfast South and Mid Down,2941
1846,730194,Do not introduce Digital ID cards,2025-12-08,Belfast West,3097
1847,730194,Do not introduce Digital ID cards,2025-12-08,East Antrim,5032
1848,730194,Do not introduce Digital ID cards,2025-12-08,East Londonderry,3779
1849,730194,Do not introduce Digital ID cards,2025-12-08,Fermanagh and South Tyrone,3982
1850,730194,Do not introduce Digital ID cards,2025-12-08,Foyle,2526
1851,730194,Do not introduce Digital ID cards,2025-12-08,Lagan Valley,4965
1852,730194,Do not introduce Digital ID cards,2025-12-08,Mid Ulster,3283
1853,730194,Do not introduce Digital ID cards,2025-12-08,Newry and Armagh,4019
1854,730194,Do not introduce Digital ID cards,2025-12-08,North Antrim,4872
1855,730194,Do not introduce Digital ID cards,2025-12-08,North Down,4724
1856,730194,Do not introduce Digital ID cards,2025-12-08,South Antrim,4653
1857,730194,Do not introduce Digital ID cards,2025-12-08,South Down,4492
1858,730194,Do not introduce Digital ID cards,2025-12-08,Strangford,4366
1859,730194,Do not introduce Digital ID cards,2025-12-08,Upper Bann,7189
1860,730194,Do not introduce Digital ID cards,2025-12-08,West Tyrone,2650
1861,730194,Do not introduce Digital ID cards,2025-12-08,East Renfrewshire,3014
1862,730194,Do not introduce Digital ID cards,2025-12-08,Na h-Eileanan an Iar,1219
1863,730194,Do not introduce Digital ID cards,2025-12-08,Midlothian,3851
1864,730194,Do not introduce Digital ID cards,2025-12-08,North Ayrshire and Arran,4290
1865,730194,Do not introduce Digital ID cards,2025-12-08,Orkney and Shetland,2085
1866,730194,Do not introduce Digital ID cards,2025-12-08,Aberdeen North,4406
1867,730194,Do not introduce Digital ID cards,2025-12-08,Aberdeen South,4312
1868,730194,Do not introduce Digital ID cards,2025-12-08,Aberdeenshire North and Moray East,5164
1869,730194,Do not introduce Digital ID cards,2025-12-08,Airdrie and Shotts,3903
1870,730194,Do not introduce Digital ID cards,2025-12-08,Alloa and Grangemouth,4120
1871,730194,Do not introduce Digital ID cards,2025-12-08,Angus and Perthshire Glens,4278
1872,730194,Do not introduce Digital ID cards,2025-12-08,Arbroath and Broughty Ferry,4339
1873,730194,Do not introduce Digital ID cards,2025-12-08,"Argyll, Bute and South Lochaber",4409
1874,730194,Do not introduce Digital ID cards,2025-12-08,Bathgate and Linlithgow,3890
1875,730194,Do not introduce Digital ID cards,2025-12-08,"Caithness, Sutherland and Easter Ross",4861
1876,730194,Do not introduce Digital ID cards,2025-12-08,Coatbridge and Bellshill,3938
1877,730194,Do not introduce Digital ID cards,2025-12-08,Cowdenbeath and Kirkcaldy,4141
1878,730194,Do not introduce Digital ID cards,2025-12-08,Cumbernauld and Kirkintilloch,3726
1879,730194,Do not introduce Digital ID cards,2025-12-08,Dumfries and Galloway,4128
1880,730194,Do not introduce Digital ID cards,2025-12-08,"Dumfriesshire, Clydesdale and Tweeddale",3709
1881,730194,Do not introduce Digital ID cards,2025-12-08,Dundee Central,4407
1882,730194,Do not introduce Digital ID cards,2025-12-08,Dunfermline and Dollar,3955
1883,730194,Do not introduce Digital ID cards,2025-12-08,East Kilbride and Strathaven,4066
1884,730194,Do not introduce Digital ID cards,2025-12-08,Edinburgh East and Musselburgh,3965
1885,730194,Do not introduce Digital ID cards,2025-12-08,Edinburgh North and Leith,3985
1886,730194,Do not introduce Digital ID cards,2025-12-08,Edinburgh South,2866
1887,730194,Do not introduce Digital ID cards,2025-12-08,Edinburgh South West,3238
1888,730194,Do not introduce Digital ID cards,2025-12-08,Edinburgh West,3284
1889,730194,Do not introduce Digital ID cards,2025-12-08,Falkirk,4893
1890,730194,Do not introduce Digital ID cards,2025-12-08,Glasgow East,3896
1891,730194,Do not introduce Digital ID cards,2025-12-08,Glasgow North,3706
1892,730194,Do not introduce Digital ID cards,2025-12-08,Glasgow North East,4263
1893,730194,Do not introduce Digital ID cards,2025-12-08,Glasgow South,3484
1894,730194,Do not introduce Digital ID cards,2025-12-08,Glasgow South West,3649
1895,730194,Do not introduce Digital ID cards,2025-12-08,Glasgow West,3593
1896,730194,Do not introduce Digital ID cards,2025-12-08,Glenrothes and Mid Fife,4439
1897,730194,Do not introduce Digital ID cards,2025-12-08,Gordon and Buchan,4216
1898,730194,Do not introduce Digital ID cards,2025-12-08,Hamilton and Clyde Valley,4015
1899,730194,Do not introduce Digital ID cards,2025-12-08,Inverclyde and Renfrewshire West,3541
1900,730194,Do not introduce Digital ID cards,2025-12-08,"Inverness, Skye and West Ross-shire",5065
1901,730194,Do not introduce Digital ID cards,2025-12-08,Livingston,4221
1902,730194,Do not introduce Digital ID cards,2025-12-08,Lothian East,3595
1903,730194,Do not introduce Digital ID cards,2025-12-08,Mid Dunbartonshire,3015
1904,730194,Do not introduce Digital ID cards,2025-12-08,"Moray West, Nairn and Strathspey",4580
1905,730194,Do not introduce Digital ID cards,2025-12-08,"Motherwell, Wishaw and Carluke",3704
1906,730194,Do not introduce Digital ID cards,2025-12-08,North East Fife,3411
1907,730194,Do not introduce Digital ID cards,2025-12-08,Paisley and Renfrewshire North,4001
1908,730194,Do not introduce Digital ID cards,2025-12-08,Paisley and Renfrewshire South,3835
1909,730194,Do not introduce Digital ID cards,2025-12-08,Perth and Kinross-shire,4084
1910,730194,Do not introduce Digital ID cards,2025-12-08,Rutherglen,3670
1911,730194,Do not introduce Digital ID cards,2025-12-08,Stirling and Strathallan,3825
1912,730194,Do not introduce Digital ID cards,2025-12-08,West Dunbartonshire,4455
1913,730194,Do not introduce Digital ID cards,2025-12-08,"Ayr, Carrick and Cumnock",4149
1914,730194,Do not introduce Digital ID cards,2025-12-08,"Berwickshire, Roxburgh and Selkirk",4075
1915,730194,Do not introduce Digital ID cards,2025-12-08,Central Ayrshire,4014
1916,730194,Do not introduce Digital ID cards,2025-12-08,Kilmarnock and Loudoun,4377
1917,730194,Do not introduce Digital ID cards,2025-12-08,West Aberdeenshire and Kincardine,4325
1918,730194,Do not introduce Digital ID cards,2025-12-08,Aberafan Maesteg,4820
1919,730194,Do not introduce Digital ID cards,2025-12-08,Alyn and Deeside,6134
1920,730194,Do not introduce Digital ID cards,2025-12-08,Bangor Aberconwy,4637
1921,730194,Do not introduce Digital ID cards,2025-12-08,Blaenau Gwent and Rhymney,4886
1922,730194,Do not introduce Digital ID cards,2025-12-08,"Brecon, Radnor and Cwm Tawe",4576
1923,730194,Do not introduce Digital ID cards,2025-12-08,Bridgend,4692
1924,730194,Do not introduce Digital ID cards,2025-12-08,Caerfyrddin,5200
1925,730194,Do not introduce Digital ID cards,2025-12-08,Caerphilly,5003
1926,730194,Do not introduce Digital ID cards,2025-12-08,Cardiff East,3902
1927,730194,Do not introduce Digital ID cards,2025-12-08,Cardiff North,3577
1928,730194,Do not introduce Digital ID cards,2025-12-08,Cardiff South and Penarth,3595
1929,730194,Do not introduce Digital ID cards,2025-12-08,Cardiff West,3936
1930,730194,Do not introduce Digital ID cards,2025-12-08,Ceredigion Preseli,5485
1931,730194,Do not introduce Digital ID cards,2025-12-08,Clwyd East,5582
1932,730194,Do not introduce Digital ID cards,2025-12-08,Clwyd North,5477
1933,730194,Do not introduce Digital ID cards,2025-12-08,Dwyfor Meirionnydd,4339
1934,730194,Do not introduce Digital ID cards,2025-12-08,Gower,4976
1935,730194,Do not introduce Digital ID cards,2025-12-08,Llanelli,5263
1936,730194,Do not introduce Digital ID cards,2025-12-08,Merthyr Tydfil and Aberdare,4867
1937,730194,Do not introduce Digital ID cards,2025-12-08,Mid and South Pembrokeshire,5516
1938,730194,Do not introduce Digital ID cards,2025-12-08,Monmouthshire,4300
1939,730194,Do not introduce Digital ID cards,2025-12-08,Montgomeryshire and Glyndŵr,5481
1940,730194,Do not introduce Digital ID cards,2025-12-08,Neath and Swansea East,5255
1941,730194,Do not introduce Digital ID cards,2025-12-08,Newport East,5135
1942,730194,Do not introduce Digital ID cards,2025-12-08,Newport West and Islwyn,4818
1943,730194,Do not introduce Digital ID cards,2025-12-08,Pontypridd,4890
1944,730194,Do not introduce Digital ID cards,2025-12-08,Rhondda and Ogmore,5366
1945,730194,Do not introduce Digital ID cards,2025-12-08,Swansea West,4863
1946,730194,Do not introduce Digital ID cards,2025-12-08,Torfaen,4812
1947,730194,Do not introduce Digital ID cards,2025-12-08,Vale of Glamorgan,4822
1948,730194,Do not introduce Digital ID cards,2025-12-08,Wrexham,4902
1949,730194,Do not introduce Digital ID cards,2025-12-08,Ynys Môn,3475
1950,722903,Repeal the Online Safety Act,2025-12-15,Aldershot,1095
1951,722903,Repeal the Online Safety Act,2025-12-15,Aldridge-Brownhills,626
1952,722903,Repeal the Online Safety Act,2025-12-15,Altrincham and Sale West,736
1953,722903,Repeal the Online Safety Act,2025-12-15,Amber Valley,787
1954,722903,Repeal the Online Safety Act,2025-12-15,Arundel and South Downs,755
1955,722903,Repeal the Online Safety Act,2025-12-15,Ashfield,857
1956,722903,Repeal the Online Safety Act,2025-12-15,Ashford,946
1957,722903,Repeal the Online Safety Act,2025-12-15,Ashton-under-Lyne,833
1958,722903,Repeal the Online Safety Act,2025-12-15,Aylesbury,866
1959,722903,Repeal the Online Safety Act,2025-12-15,Banbury,805
1960,722903,Repeal the Online Safety Act,2025-12-15,Barking,666
1961,722903,Repeal the Online Safety Act,2025-12-15,Barnsley North,833
1962,722903,Repeal the Online Safety Act,2025-12-15,Barnsley South,854
1963,722903,Repeal the Online Safety Act,2025-12-15,Barrow and Furness,935
1964,722903,Repeal the Online Safety Act,2025-12-15,Basildon and Billericay,852
1965,722903,Repeal the Online Safety Act,2025-12-15,Basingstoke,1167
1966,722903,Repeal the Online Safety Act,2025-12-15,Bassetlaw,912
1967,722903,Repeal the Online Safety Act,2025-12-15,Bath,963
1968,722903,Repeal the Online Safety Act,2025-12-15,Battersea,649
1969,722903,Repeal the Online Safety Act,2025-12-15,Beaconsfield,624
1970,722903,Repeal the Online Safety Act,2025-12-15,Beckenham and Penge,859
1971,722903,Repeal the Online Safety Act,2025-12-15,Bedford,855
1972,722903,Repeal the Online Safety Act,2025-12-15,Bermondsey and Old Southwark,921
1973,722903,Repeal the Online Safety Act,2025-12-15,Bethnal Green and Stepney,900
1974,722903,Repeal the Online Safety Act,2025-12-15,Beverley and Holderness,721
1975,722903,Repeal the Online Safety Act,2025-12-15,Bexhill and Battle,786
1976,722903,Repeal the Online Safety Act,2025-12-15,Bexleyheath and Crayford,679
1977,722903,Repeal the Online Safety Act,2025-12-15,Bicester and Woodstock,905
1978,722903,Repeal the Online Safety Act,2025-12-15,Birkenhead,1037
1979,722903,Repeal the Online Safety Act,2025-12-15,Birmingham Edgbaston,727
1980,722903,Repeal the Online Safety Act,2025-12-15,Birmingham Erdington,843
1981,722903,Repeal the Online Safety Act,2025-12-15,Birmingham Hall Green and Moseley,523
1982,722903,Repeal the Online Safety Act,2025-12-15,Birmingham Hodge Hill and Solihull North,663
1983,722903,Repeal the Online Safety Act,2025-12-15,Birmingham Ladywood,862
1984,722903,Repeal the Online Safety Act,2025-12-15,Birmingham Northfield,936
1985,722903,Repeal the Online Safety Act,2025-12-15,Birmingham Perry Barr,472
1986,722903,Repeal the Online Safety Act,2025-12-15,Birmingham Selly Oak,818
1987,722903,Repeal the Online Safety Act,2025-12-15,Birmingham Yardley,630
1988,722903,Repeal the Online Safety Act,2025-12-15,Bishop Auckland,739
1989,722903,Repeal the Online Safety Act,2025-12-15,Blackburn,570
1990,722903,Repeal the Online Safety Act,2025-12-15,Blackley and Middleton South,740
1991,722903,Repeal the Online Safety Act,2025-12-15,Blackpool North and Fleetwood,836
1992,722903,Repeal the Online Safety Act,2025-12-15,Blackpool South,1052
1993,722903,Repeal the Online Safety Act,2025-12-15,Blaydon and Consett,806
1994,722903,Repeal the Online Safety Act,2025-12-15,Blyth and Ashington,915
1995,722903,Repeal the Online Safety Act,2025-12-15,Bognor Regis and Littlehampton,906
1996,722903,Repeal the Online Safety Act,2025-12-15,Bolsover,905
1997,722903,Repeal the Online Safety Act,2025-12-15,Bolton North East,822
1998,722903,Repeal the Online Safety Act,2025-12-15,Bolton South and Walkden,868
1999,722903,Repeal the Online Safety Act,2025-12-15,Bolton West,803
2000,722903,Repeal the Online Safety Act,2025-12-15,Bootle,868
2001,722903,Repeal the Online Safety Act,2025-12-15,Boston and Skegness,838
2002,722903,Repeal the Online Safety Act,2025-12-15,Bournemouth East,929
2003,722903,Repeal the Online Safety Act,2025-12-15,Bournemouth West,1010
2004,722903,Repeal the Online Safety Act,2025-12-15,Bracknell,933
2005,722903,Repeal the Online Safety Act,2025-12-15,Bradford East,601
2006,722903,Repeal the Online Safety Act,2025-12-15,Bradford South,657
2007,722903,Repeal the Online Safety Act,2025-12-15,Bradford West,464
2008,722903,Repeal the Online Safety Act,2025-12-15,Braintree,888
2009,722903,Repeal the Online Safety Act,2025-12-15,Brent East,628
2010,722903,Repeal the Online Safety Act,2025-12-15,Brent West,577
2011,722903,Repeal the Online Safety Act,2025-12-15,Brentford and Isleworth,704
2012,722903,Repeal the Online Safety Act,2025-12-15,Brentwood and Ongar,704
2013,722903,Repeal the Online Safety Act,2025-12-15,Bridgwater,861
2014,722903,Repeal the Online Safety Act,2025-12-15,Bridlington and The Wolds,759
2015,722903,Repeal the Online Safety Act,2025-12-15,Brigg and Immingham,770
2016,722903,Repeal the Online Safety Act,2025-12-15,Brighton Kemptown and Peacehaven,1002
2017,722903,Repeal the Online Safety Act,2025-12-15,Brighton Pavilion,1336
2018,722903,Repeal the Online Safety Act,2025-12-15,Bristol Central,973
2019,722903,Repeal the Online Safety Act,2025-12-15,Bristol East,1185
2020,722903,Repeal the Online Safety Act,2025-12-15,Bristol North East,939
2021,722903,Repeal the Online Safety Act,2025-12-15,Bristol North West,984
2022,722903,Repeal the Online Safety Act,2025-12-15,Bristol South,1111
2023,722903,Repeal the Online Safety Act,2025-12-15,Broadland and Fakenham,688
2024,722903,Repeal the Online Safety Act,2025-12-15,Bromley and Biggin Hill,800
2025,722903,Repeal the Online Safety Act,2025-12-15,Bromsgrove,715
2026,722903,Repeal the Online Safety Act,2025-12-15,Broxbourne,692
2027,722903,Repeal the Online Safety Act,2025-12-15,Broxtowe,949
2028,722903,Repeal the Online Safety Act,2025-12-15,Buckingham and Bletchley,922
2029,722903,Repeal the Online Safety Act,2025-12-15,Burnley,837
2030,722903,Repeal the Online Safety Act,2025-12-15,Burton and Uttoxeter,811
2031,722903,Repeal the Online Safety Act,2025-12-15,Bury North,840
2032,722903,Repeal the Online Safety Act,2025-12-15,Bury South,834
2033,722903,Repeal the Online Safety Act,2025-12-15,Bury St Edmunds and Stowmarket,904
2034,722903,Repeal the Online Safety Act,2025-12-15,Calder Valley,928
2035,722903,Repeal the Online Safety Act,2025-12-15,Camborne and Redruth,856
2036,722903,Repeal the Online Safety Act,2025-12-15,Cambridge,1394
2037,722903,Repeal the Online Safety Act,2025-12-15,Cannock Chase,889
2038,722903,Repeal the Online Safety Act,2025-12-15,Canterbury,950
2039,722903,Repeal the Online Safety Act,2025-12-15,Carlisle,921
2040,722903,Repeal the Online Safety Act,2025-12-15,Carshalton and Wallington,835
2041,722903,Repeal the Online Safety Act,2025-12-15,Castle Point,689
2042,722903,Repeal the Online Safety Act,2025-12-15,Central Devon,798
2043,722903,Repeal the Online Safety Act,2025-12-15,Central Suffolk and North Ipswich,706
2044,722903,Repeal the Online Safety Act,2025-12-15,Chatham and Aylesford,843
2045,722903,Repeal the Online Safety Act,2025-12-15,Cheadle,694
2046,722903,Repeal the Online Safety Act,2025-12-15,Chelmsford,928
2047,722903,Repeal the Online Safety Act,2025-12-15,Chelsea and Fulham,770
2048,722903,Repeal the Online Safety Act,2025-12-15,Cheltenham,968
2049,722903,Repeal the Online Safety Act,2025-12-15,Chesham and Amersham,756
2050,722903,Repeal the Online Safety Act,2025-12-15,Chester North and Neston,869
2051,722903,Repeal the Online Safety Act,2025-12-15,Chester South and Eddisbury,710
2052,722903,Repeal the Online Safety Act,2025-12-15,Chesterfield,892
2053,722903,Repeal the Online Safety Act,2025-12-15,Chichester,797
2054,722903,Repeal the Online Safety Act,2025-12-15,Chingford and Woodford Green,683
2055,722903,Repeal the Online Safety Act,2025-12-15,Chippenham,912
2056,722903,Repeal the Online Safety Act,2025-12-15,Chipping Barnet,753
2057,722903,Repeal the Online Safety Act,2025-12-15,Chorley,864
2058,722903,Repeal the Online Safety Act,2025-12-15,Christchurch,665
2059,722903,Repeal the Online Safety Act,2025-12-15,Cities of London and Westminster,2194
2060,722903,Repeal the Online Safety Act,2025-12-15,City of Durham,914
2061,722903,Repeal the Online Safety Act,2025-12-15,Clacton,811
2062,722903,Repeal the Online Safety Act,2025-12-15,Clapham and Brixton Hill,683
2063,722903,Repeal the Online Safety Act,2025-12-15,Colchester,1061
2064,722903,Repeal the Online Safety Act,2025-12-15,Colne Valley,805
2065,722903,Repeal the Online Safety Act,2025-12-15,Congleton,804
2066,722903,Repeal the Online Safety Act,2025-12-15,Corby and East Northamptonshire,972
2067,722903,Repeal the Online Safety Act,2025-12-15,Coventry East,674
2068,722903,Repeal the Online Safety Act,2025-12-15,Coventry North West,844
2069,722903,Repeal the Online Safety Act,2025-12-15,Coventry South,885
2070,722903,Repeal the Online Safety Act,2025-12-15,Cramlington and Killingworth,867
2071,722903,Repeal the Online Safety Act,2025-12-15,Crawley,940
2072,722903,Repeal the Online Safety Act,2025-12-15,Crewe and Nantwich,1019
2073,722903,Repeal the Online Safety Act,2025-12-15,Croydon East,715
2074,722903,Repeal the Online Safety Act,2025-12-15,Croydon South,714
2075,722903,Repeal the Online Safety Act,2025-12-15,Croydon West,686
2076,722903,Repeal the Online Safety Act,2025-12-15,Dagenham and Rainham,684
2077,722903,Repeal the Online Safety Act,2025-12-15,Darlington,907
2078,722903,Repeal the Online Safety Act,2025-12-15,Dartford,785
2079,722903,Repeal the Online Safety Act,2025-12-15,Daventry,883
2080,722903,Repeal the Online Safety Act,2025-12-15,Derby North,915
2081,722903,Repeal the Online Safety Act,2025-12-15,Derby South,826
2082,722903,Repeal the Online Safety Act,2025-12-15,Derbyshire Dales,659
2083,722903,Repeal the Online Safety Act,2025-12-15,Dewsbury and Batley,533
2084,722903,Repeal the Online Safety Act,2025-12-15,Didcot and Wantage,1023
2085,722903,Repeal the Online Safety Act,2025-12-15,Doncaster Central,941
2086,722903,Repeal the Online Safety Act,2025-12-15,Doncaster East and the Isle of Axholme,740
2087,722903,Repeal the Online Safety Act,2025-12-15,Doncaster North,826
2088,722903,Repeal the Online Safety Act,2025-12-15,Dorking and Horley,689
2089,722903,Repeal the Online Safety Act,2025-12-15,Dover and Deal,895
2090,722903,Repeal the Online Safety Act,2025-12-15,Droitwich and Evesham,808
2091,722903,Repeal the Online Safety Act,2025-12-15,Dudley,687
2092,722903,Repeal the Online Safety Act,2025-12-15,Dulwich and West Norwood,683
2093,722903,Repeal the Online Safety Act,2025-12-15,Dunstable and Leighton Buzzard,969
2094,722903,Repeal the Online Safety Act,2025-12-15,Ealing Central and Acton,976
2095,722903,Repeal the Online Safety Act,2025-12-15,Ealing North,675
2096,722903,Repeal the Online Safety Act,2025-12-15,Ealing Southall,594
2097,722903,Repeal the Online Safety Act,2025-12-15,Earley and Woodley,860
2098,722903,Repeal the Online Safety Act,2025-12-15,Easington,829
2099,722903,Repeal the Online Safety Act,2025-12-15,East Grinstead and Uckfield,778
2100,722903,Repeal the Online Safety Act,2025-12-15,East Ham,445
2101,722903,Repeal the Online Safety Act,2025-12-15,East Hampshire,840
2102,722903,Repeal the Online Safety Act,2025-12-15,East Surrey,767
2103,722903,Repeal the Online Safety Act,2025-12-15,East Thanet,979
2104,722903,Repeal the Online Safety Act,2025-12-15,East Wiltshire,809
2105,722903,Repeal the Online Safety Act,2025-12-15,East Worthing and Shoreham,889
2106,722903,Repeal the Online Safety Act,2025-12-15,Eastbourne,875
2107,722903,Repeal the Online Safety Act,2025-12-15,Eastleigh,956
2108,722903,Repeal the Online Safety Act,2025-12-15,Edmonton and Winchmore Hill,561
2109,722903,Repeal the Online Safety Act,2025-12-15,Ellesmere Port and Bromborough,808
2110,722903,Repeal the Online Safety Act,2025-12-15,Eltham and Chislehurst,762
2111,722903,Repeal the Online Safety Act,2025-12-15,Ely and East Cambridgeshire,1089
2112,722903,Repeal the Online Safety Act,2025-12-15,Enfield North,710
2113,722903,Repeal the Online Safety Act,2025-12-15,Epping Forest,719
2114,722903,Repeal the Online Safety Act,2025-12-15,Epsom and Ewell,816
2115,722903,Repeal the Online Safety Act,2025-12-15,Erewash,968
2116,722903,Repeal the Online Safety Act,2025-12-15,Erith and Thamesmead,824
2117,722903,Repeal the Online Safety Act,2025-12-15,Esher and Walton,771
2118,722903,Repeal the Online Safety Act,2025-12-15,Exeter,963
2119,722903,Repeal the Online Safety Act,2025-12-15,Exmouth and Exeter East,800
2120,722903,Repeal the Online Safety Act,2025-12-15,Fareham and Waterlooville,991
2121,722903,Repeal the Online Safety Act,2025-12-15,Farnham and Bordon,915
2122,722903,Repeal the Online Safety Act,2025-12-15,Faversham and Mid Kent,740
2123,722903,Repeal the Online Safety Act,2025-12-15,Feltham and Heston,607
2124,722903,Repeal the Online Safety Act,2025-12-15,Filton and Bradley Stoke,1074
2125,722903,Repeal the Online Safety Act,2025-12-15,Finchley and Golders Green,757
2126,722903,Repeal the Online Safety Act,2025-12-15,Folkestone and Hythe,820
2127,722903,Repeal the Online Safety Act,2025-12-15,Forest of Dean,733
2128,722903,Repeal the Online Safety Act,2025-12-15,Frome and East Somerset,751
2129,722903,Repeal the Online Safety Act,2025-12-15,Fylde,835
2130,722903,Repeal the Online Safety Act,2025-12-15,Gainsborough,927
2131,722903,Repeal the Online Safety Act,2025-12-15,Gateshead Central and Whickham,957
2132,722903,Repeal the Online Safety Act,2025-12-15,Gedling,964
2133,722903,Repeal the Online Safety Act,2025-12-15,Gillingham and Rainham,829
2134,722903,Repeal the Online Safety Act,2025-12-15,Glastonbury and Somerton,784
2135,722903,Repeal the Online Safety Act,2025-12-15,Gloucester,1071
2136,722903,Repeal the Online Safety Act,2025-12-15,Godalming and Ash,766
2137,722903,Repeal the Online Safety Act,2025-12-15,Goole and Pocklington,800
2138,722903,Repeal the Online Safety Act,2025-12-15,Gorton and Denton,818
2139,722903,Repeal the Online Safety Act,2025-12-15,Gosport,920
2140,722903,Repeal the Online Safety Act,2025-12-15,Grantham and Bourne,870
2141,722903,Repeal the Online Safety Act,2025-12-15,Gravesham,751
2142,722903,Repeal the Online Safety Act,2025-12-15,Great Grimsby and Cleethorpes,946
2143,722903,Repeal the Online Safety Act,2025-12-15,Great Yarmouth,858
2144,722903,Repeal the Online Safety Act,2025-12-15,Greenwich and Woolwich,965
2145,722903,Repeal the Online Safety Act,2025-12-15,Guildford,928
2146,722903,Repeal the Online Safety Act,2025-12-15,Hackney North and Stoke Newington,593
2147,722903,Repeal the Online Safety Act,2025-12-15,Hackney South and Shoreditch,741
2148,722903,Repeal the Online Safety Act,2025-12-15,Halesowen,702
2149,722903,Repeal the Online Safety Act,2025-12-15,Halifax,827
2150,722903,Repeal the Online Safety Act,2025-12-15,Hamble Valley,955
2151,722903,Repeal the Online Safety Act,2025-12-15,Hammersmith and Chiswick,787
2152,722903,Repeal the Online Safety Act,2025-12-15,Hampstead and Highgate,796
2153,722903,Repeal the Online Safety Act,2025-12-15,"Harborough, Oadby and Wigston",723
2154,722903,Repeal the Online Safety Act,2025-12-15,Harlow,847
2155,722903,Repeal the Online Safety Act,2025-12-15,Harpenden and Berkhamsted,727
2156,722903,Repeal the Online Safety Act,2025-12-15,Harrogate and Knaresborough,877
2157,722903,Repeal the Online Safety Act,2025-12-15,Harrow East,426
2158,722903,Repeal the Online Safety Act,2025-12-15,Harrow West,597
2159,722903,Repeal the Online Safety Act,2025-12-15,Hartlepool,864
2160,722903,Repeal the Online Safety Act,2025-12-15,Harwich and North Essex,811
2161,722903,Repeal the Online Safety Act,2025-12-15,Hastings and Rye,951
2162,722903,Repeal the Online Safety Act,2025-12-15,Havant,909
2163,722903,Repeal the Online Safety Act,2025-12-15,Hayes and Harlington,576
2164,722903,Repeal the Online Safety Act,2025-12-15,Hazel Grove,852
2165,722903,Repeal the Online Safety Act,2025-12-15,Hemel Hempstead,806
2166,722903,Repeal the Online Safety Act,2025-12-15,Hendon,708
2167,722903,Repeal the Online Safety Act,2025-12-15,Henley and Thame,702
2168,722903,Repeal the Online Safety Act,2025-12-15,Hereford and South Herefordshire,769
2169,722903,Repeal the Online Safety Act,2025-12-15,Herne Bay and Sandwich,820
2170,722903,Repeal the Online Safety Act,2025-12-15,Hertford and Stortford,856
2171,722903,Repeal the Online Safety Act,2025-12-15,Hertsmere,690
2172,722903,Repeal the Online Safety Act,2025-12-15,Hexham,729
2173,722903,Repeal the Online Safety Act,2025-12-15,Heywood and Middleton North,874
2174,722903,Repeal the Online Safety Act,2025-12-15,High Peak,870
2175,722903,Repeal the Online Safety Act,2025-12-15,Hinckley and Bosworth,880
2176,722903,Repeal the Online Safety Act,2025-12-15,Hitchin,836
2177,722903,Repeal the Online Safety Act,2025-12-15,Holborn and St Pancras,830
2178,722903,Repeal the Online Safety Act,2025-12-15,Honiton and Sidmouth,664
2179,722903,Repeal the Online Safety Act,2025-12-15,Hornchurch and Upminster,733
2180,722903,Repeal the Online Safety Act,2025-12-15,Hornsey and Friern Barnet,784
2181,722903,Repeal the Online Safety Act,2025-12-15,Horsham,882
2182,722903,Repeal the Online Safety Act,2025-12-15,Houghton and Sunderland South,870
2183,722903,Repeal the Online Safety Act,2025-12-15,Hove and Portslade,1050
2184,722903,Repeal the Online Safety Act,2025-12-15,Huddersfield,810
2185,722903,Repeal the Online Safety Act,2025-12-15,Huntingdon,1052
2186,722903,Repeal the Online Safety Act,2025-12-15,Hyndburn,713
2187,722903,Repeal the Online Safety Act,2025-12-15,Ilford North,504
2188,722903,Repeal the Online Safety Act,2025-12-15,Ilford South,497
2189,722903,Repeal the Online Safety Act,2025-12-15,Ipswich,970
2190,722903,Repeal the Online Safety Act,2025-12-15,Isle of Wight East,547
2191,722903,Repeal the Online Safety Act,2025-12-15,Isle of Wight West,562
2192,722903,Repeal the Online Safety Act,2025-12-15,Islington North,843
2193,722903,Repeal the Online Safety Act,2025-12-15,Islington South and Finsbury,907
2194,722903,Repeal the Online Safety Act,2025-12-15,Jarrow and Gateshead East,890
2195,722903,Repeal the Online Safety Act,2025-12-15,Keighley and Ilkley,691
2196,722903,Repeal the Online Safety Act,2025-12-15,Kenilworth and Southam,810
2197,722903,Repeal the Online Safety Act,2025-12-15,Kensington and Bayswater,803
2198,722903,Repeal the Online Safety Act,2025-12-15,Kettering,951
2199,722903,Repeal the Online Safety Act,2025-12-15,Kingston and Surbiton,853
2200,722903,Repeal the Online Safety Act,2025-12-15,Kingston upon Hull East,835
2201,722903,Repeal the Online Safety Act,2025-12-15,Kingston upon Hull North and Cottingham,1037
2202,722903,Repeal the Online Safety Act,2025-12-15,Kingston upon Hull West and Haltemprice,970
2203,722903,Repeal the Online Safety Act,2025-12-15,Kingswinford and South Staffordshire,591
2204,722903,Repeal the Online Safety Act,2025-12-15,Knowsley,651
2205,722903,Repeal the Online Safety Act,2025-12-15,Lancaster and Wyre,892
2206,722903,Repeal the Online Safety Act,2025-12-15,Leeds Central and Headingley,1009
2207,722903,Repeal the Online Safety Act,2025-12-15,Leeds East,803
2208,722903,Repeal the Online Safety Act,2025-12-15,Leeds North East,686
2209,722903,Repeal the Online Safety Act,2025-12-15,Leeds North West,729
2210,722903,Repeal the Online Safety Act,2025-12-15,Leeds South,1075
2211,722903,Repeal the Online Safety Act,2025-12-15,Leeds South West and Morley,954
2212,722903,Repeal the Online Safety Act,2025-12-15,Leeds West and Pudsey,887
2213,722903,Repeal the Online Safety Act,2025-12-15,Leicester East,354
2214,722903,Repeal the Online Safety Act,2025-12-15,Leicester South,676
2215,722903,Repeal the Online Safety Act,2025-12-15,Leicester West,911
2216,722903,Repeal the Online Safety Act,2025-12-15,Leigh and Atherton,973
2217,722903,Repeal the Online Safety Act,2025-12-15,Lewes,837
2218,722903,Repeal the Online Safety Act,2025-12-15,Lewisham East,748
2219,722903,Repeal the Online Safety Act,2025-12-15,Lewisham North,949
2220,722903,Repeal the Online Safety Act,2025-12-15,Lewisham West and East Dulwich,686
2221,722903,Repeal the Online Safety Act,2025-12-15,Leyton and Wanstead,726
2222,722903,Repeal the Online Safety Act,2025-12-15,Lichfield,760
2223,722903,Repeal the Online Safety Act,2025-12-15,Lincoln,1275
2224,722903,Repeal the Online Safety Act,2025-12-15,Liverpool Garston,771
2225,722903,Repeal the Online Safety Act,2025-12-15,Liverpool Riverside,1098
2226,722903,Repeal the Online Safety Act,2025-12-15,Liverpool Walton,778
2227,722903,Repeal the Online Safety Act,2025-12-15,Liverpool Wavertree,754
2228,722903,Repeal the Online Safety Act,2025-12-15,Liverpool West Derby,703
2229,722903,Repeal the Online Safety Act,2025-12-15,Loughborough,812
2230,722903,Repeal the Online Safety Act,2025-12-15,Louth and Horncastle,832
2231,722903,Repeal the Online Safety Act,2025-12-15,Lowestoft,833
2232,722903,Repeal the Online Safety Act,2025-12-15,Luton North,554
2233,722903,Repeal the Online Safety Act,2025-12-15,Luton South and South Bedfordshire,676
2234,722903,Repeal the Online Safety Act,2025-12-15,Macclesfield,805
2235,722903,Repeal the Online Safety Act,2025-12-15,Maidenhead,795
2236,722903,Repeal the Online Safety Act,2025-12-15,Maidstone and Malling,912
2237,722903,Repeal the Online Safety Act,2025-12-15,Makerfield,832
2238,722903,Repeal the Online Safety Act,2025-12-15,Maldon,774
2239,722903,Repeal the Online Safety Act,2025-12-15,Manchester Central,1521
2240,722903,Repeal the Online Safety Act,2025-12-15,Manchester Rusholme,800
2241,722903,Repeal the Online Safety Act,2025-12-15,Manchester Withington,801
2242,722903,Repeal the Online Safety Act,2025-12-15,Mansfield,884
2243,722903,Repeal the Online Safety Act,2025-12-15,Melksham and Devizes,738
2244,722903,Repeal the Online Safety Act,2025-12-15,Melton and Syston,712
2245,722903,Repeal the Online Safety Act,2025-12-15,Meriden and Solihull East,747
2246,722903,Repeal the Online Safety Act,2025-12-15,Mid Bedfordshire,771
2247,722903,Repeal the Online Safety Act,2025-12-15,Mid Buckinghamshire,757
2248,722903,Repeal the Online Safety Act,2025-12-15,Mid Cheshire,876
2249,722903,Repeal the Online Safety Act,2025-12-15,Mid Derbyshire,707
2250,722903,Repeal the Online Safety Act,2025-12-15,Mid Dorset and North Poole,783
2251,722903,Repeal the Online Safety Act,2025-12-15,Mid Leicestershire,694
2252,722903,Repeal the Online Safety Act,2025-12-15,Mid Norfolk,803
2253,722903,Repeal the Online Safety Act,2025-12-15,Mid Sussex,914
2254,722903,Repeal the Online Safety Act,2025-12-15,Middlesbrough and Thornaby East,833
2255,722903,Repeal the Online Safety Act,2025-12-15,Middlesbrough South and East Cleveland,736
2256,722903,Repeal the Online Safety Act,2025-12-15,Milton Keynes Central,1175
2257,722903,Repeal the Online Safety Act,2025-12-15,Milton Keynes North,911
2258,722903,Repeal the Online Safety Act,2025-12-15,Mitcham and Morden,737
2259,722903,Repeal the Online Safety Act,2025-12-15,Morecambe and Lunesdale,801
2260,722903,Repeal the Online Safety Act,2025-12-15,New Forest East,783
2261,722903,Repeal the Online Safety Act,2025-12-15,New Forest West,618
2262,722903,Repeal the Online Safety Act,2025-12-15,Newark,908
2263,722903,Repeal the Online Safety Act,2025-12-15,Newbury,896
2264,722903,Repeal the Online Safety Act,2025-12-15,Newcastle upon Tyne Central and West,965
2265,722903,Repeal the Online Safety Act,2025-12-15,Newcastle upon Tyne East and Wallsend,1158
2266,722903,Repeal the Online Safety Act,2025-12-15,Newcastle upon Tyne North,959
2267,722903,Repeal the Online Safety Act,2025-12-15,Newcastle-under-Lyme,859
2268,722903,Repeal the Online Safety Act,2025-12-15,Newton Abbot,767
2269,722903,Repeal the Online Safety Act,2025-12-15,Newton Aycliffe and Spennymoor,859
2270,722903,Repeal the Online Safety Act,2025-12-15,Normanton and Hemsworth,877
2271,722903,Repeal the Online Safety Act,2025-12-15,North Bedfordshire,918
2272,722903,Repeal the Online Safety Act,2025-12-15,North Cornwall,823
2273,722903,Repeal the Online Safety Act,2025-12-15,North Cotswolds,786
2274,722903,Repeal the Online Safety Act,2025-12-15,North Devon,797
2275,722903,Repeal the Online Safety Act,2025-12-15,North Dorset,766
2276,722903,Repeal the Online Safety Act,2025-12-15,North Durham,803
2277,722903,Repeal the Online Safety Act,2025-12-15,North East Cambridgeshire,844
2278,722903,Repeal the Online Safety Act,2025-12-15,North East Derbyshire,755
2279,722903,Repeal the Online Safety Act,2025-12-15,North East Hampshire,905
2280,722903,Repeal the Online Safety Act,2025-12-15,North East Hertfordshire,933
2281,722903,Repeal the Online Safety Act,2025-12-15,North East Somerset and Hanham,774
2282,722903,Repeal the Online Safety Act,2025-12-15,North Herefordshire,725
2283,722903,Repeal the Online Safety Act,2025-12-15,North Norfolk,631
2284,722903,Repeal the Online Safety Act,2025-12-15,North Northumberland,789
2285,722903,Repeal the Online Safety Act,2025-12-15,North Shropshire,861
2286,722903,Repeal the Online Safety Act,2025-12-15,North Somerset,727
2287,722903,Repeal the Online Safety Act,2025-12-15,North Warwickshire and Bedworth,798
2288,722903,Repeal the Online Safety Act,2025-12-15,North West Cambridgeshire,1002
2289,722903,Repeal the Online Safety Act,2025-12-15,North West Essex,793
2290,722903,Repeal the Online Safety Act,2025-12-15,North West Hampshire,1028
2291,722903,Repeal the Online Safety Act,2025-12-15,North West Leicestershire,873
2292,722903,Repeal the Online Safety Act,2025-12-15,North West Norfolk,770
2293,722903,Repeal the Online Safety Act,2025-12-15,Northampton North,997
2294,722903,Repeal the Online Safety Act,2025-12-15,Northampton South,876
2295,722903,Repeal the Online Safety Act,2025-12-15,Norwich North,1033
2296,722903,Repeal the Online Safety Act,2025-12-15,Norwich South,1353
2297,722903,Repeal the Online Safety Act,2025-12-15,Nottingham East,1044
2298,722903,Repeal the Online Safety Act,2025-12-15,Nottingham North and Kimberley,802
2299,722903,Repeal the Online Safety Act,2025-12-15,Nottingham South,792
2300,722903,Repeal the Online Safety Act,2025-12-15,Nuneaton,866
2301,722903,Repeal the Online Safety Act,2025-12-15,Old Bexley and Sidcup,730
2302,722903,Repeal the Online Safety Act,2025-12-15,Oldham East and Saddleworth,729
2303,722903,Repeal the Online Safety Act,2025-12-15,"Oldham West, Chadderton and Royton",680
2304,722903,Repeal the Online Safety Act,2025-12-15,Orpington,707
2305,722903,Repeal the Online Safety Act,2025-12-15,Ossett and Denby Dale,808
2306,722903,Repeal the Online Safety Act,2025-12-15,Oxford East,979
2307,722903,Repeal the Online Safety Act,2025-12-15,Oxford West and Abingdon,874
2308,722903,Repeal the Online Safety Act,2025-12-15,Peckham,612
2309,722903,Repeal the Online Safety Act,2025-12-15,Pendle and Clitheroe,697
2310,722903,Repeal the Online Safety Act,2025-12-15,Penistone and Stocksbridge,702
2311,722903,Repeal the Online Safety Act,2025-12-15,Penrith and Solway,727
2312,722903,Repeal the Online Safety Act,2025-12-15,Peterborough,902
2313,722903,Repeal the Online Safety Act,2025-12-15,Plymouth Moor View,888
2314,722903,Repeal the Online Safety Act,2025-12-15,Plymouth Sutton and Devonport,1418
2315,722903,Repeal the Online Safety Act,2025-12-15,"Pontefract, Castleford and Knottingley",902
2316,722903,Repeal the Online Safety Act,2025-12-15,Poole,849
2317,722903,Repeal the Online Safety Act,2025-12-15,Poplar and Limehouse,1211
2318,722903,Repeal the Online Safety Act,2025-12-15,Portsmouth North,917
2319,722903,Repeal the Online Safety Act,2025-12-15,Portsmouth South,1141
2320,722903,Repeal the Online Safety Act,2025-12-15,Preston,987
2321,722903,Repeal the Online Safety Act,2025-12-15,Putney,766
2322,722903,Repeal the Online Safety Act,2025-12-15,Queen's Park and Maida Vale,589
2323,722903,Repeal the Online Safety Act,2025-12-15,Rawmarsh and Conisbrough,730
2324,722903,Repeal the Online Safety Act,2025-12-15,Rayleigh and Wickford,814
2325,722903,Repeal the Online Safety Act,2025-12-15,Reading Central,1228
2326,722903,Repeal the Online Safety Act,2025-12-15,Reading West and Mid Berkshire,753
2327,722903,Repeal the Online Safety Act,2025-12-15,Redcar,805
2328,722903,Repeal the Online Safety Act,2025-12-15,Redditch,835
2329,722903,Repeal the Online Safety Act,2025-12-15,Reigate,779
2330,722903,Repeal the Online Safety Act,2025-12-15,Ribble Valley,760
2331,722903,Repeal the Online Safety Act,2025-12-15,Richmond and Northallerton,704
2332,722903,Repeal the Online Safety Act,2025-12-15,Richmond Park,799
2333,722903,Repeal the Online Safety Act,2025-12-15,Rochdale,703
2334,722903,Repeal the Online Safety Act,2025-12-15,Rochester and Strood,893
2335,722903,Repeal the Online Safety Act,2025-12-15,Romford,758
2336,722903,Repeal the Online Safety Act,2025-12-15,Romsey and Southampton North,769
2337,722903,Repeal the Online Safety Act,2025-12-15,Rossendale and Darwen,943
2338,722903,Repeal the Online Safety Act,2025-12-15,Rother Valley,717
2339,722903,Repeal the Online Safety Act,2025-12-15,Rotherham,761
2340,722903,Repeal the Online Safety Act,2025-12-15,Rugby,928
2341,722903,Repeal the Online Safety Act,2025-12-15,"Ruislip, Northwood and Pinner",541
2342,722903,Repeal the Online Safety Act,2025-12-15,Runcorn and Helsby,865
2343,722903,Repeal the Online Safety Act,2025-12-15,Runnymede and Weybridge,783
2344,722903,Repeal the Online Safety Act,2025-12-15,Rushcliffe,814
2345,722903,Repeal the Online Safety Act,2025-12-15,Rutland and Stamford,662
2346,722903,Repeal the Online Safety Act,2025-12-15,Salford,1458
2347,722903,Repeal the Online Safety Act,2025-12-15,Salisbury,774
2348,722903,Repeal the Online Safety Act,2025-12-15,Scarborough and Whitby,858
2349,722903,Repeal the Online Safety Act,2025-12-15,Scunthorpe,861
2350,722903,Repeal the Online Safety Act,2025-12-15,Sefton Central,618
2351,722903,Repeal the Online Safety Act,2025-12-15,Selby,875
2352,722903,Repeal the Online Safety Act,2025-12-15,Sevenoaks,704
2353,722903,Repeal the Online Safety Act,2025-12-15,Sheffield Brightside and Hillsborough,828
2354,722903,Repeal the Online Safety Act,2025-12-15,Sheffield Central,1042
2355,722903,Repeal the Online Safety Act,2025-12-15,Sheffield Hallam,769
2356,722903,Repeal the Online Safety Act,2025-12-15,Sheffield Heeley,979
2357,722903,Repeal the Online Safety Act,2025-12-15,Sheffield South East,799
2358,722903,Repeal the Online Safety Act,2025-12-15,Sherwood Forest,896
2359,722903,Repeal the Online Safety Act,2025-12-15,Shipley,818
2360,722903,Repeal the Online Safety Act,2025-12-15,Shrewsbury,799
2361,722903,Repeal the Online Safety Act,2025-12-15,Sittingbourne and Sheppey,856
2362,722903,Repeal the Online Safety Act,2025-12-15,Skipton and Ripon,807
2363,722903,Repeal the Online Safety Act,2025-12-15,Sleaford and North Hykeham,886
2364,722903,Repeal the Online Safety Act,2025-12-15,Slough,602
2365,722903,Repeal the Online Safety Act,2025-12-15,Smethwick,650
2366,722903,Repeal the Online Safety Act,2025-12-15,Solihull West and Shirley,628
2367,722903,Repeal the Online Safety Act,2025-12-15,South Basildon and East Thurrock,804
2368,722903,Repeal the Online Safety Act,2025-12-15,South Cambridgeshire,989
2369,722903,Repeal the Online Safety Act,2025-12-15,South Cotswolds,678
2370,722903,Repeal the Online Safety Act,2025-12-15,South Derbyshire,761
2371,722903,Repeal the Online Safety Act,2025-12-15,South Devon,737
2372,722903,Repeal the Online Safety Act,2025-12-15,South Dorset,844
2373,722903,Repeal the Online Safety Act,2025-12-15,South East Cornwall,762
2374,722903,Repeal the Online Safety Act,2025-12-15,South Holland and The Deepings,931
2375,722903,Repeal the Online Safety Act,2025-12-15,South Leicestershire,740
2376,722903,Repeal the Online Safety Act,2025-12-15,South Norfolk,788
2377,722903,Repeal the Online Safety Act,2025-12-15,South Northamptonshire,867
2378,722903,Repeal the Online Safety Act,2025-12-15,South Ribble,845
2379,722903,Repeal the Online Safety Act,2025-12-15,South Shields,808
2380,722903,Repeal the Online Safety Act,2025-12-15,South Shropshire,739
2381,722903,Repeal the Online Safety Act,2025-12-15,South Suffolk,742
2382,722903,Repeal the Online Safety Act,2025-12-15,South West Devon,839
2383,722903,Repeal the Online Safety Act,2025-12-15,South West Hertfordshire,735
2384,722903,Repeal the Online Safety Act,2025-12-15,South West Norfolk,921
2385,722903,Repeal the Online Safety Act,2025-12-15,South West Wiltshire,955
2386,722903,Repeal the Online Safety Act,2025-12-15,Southampton Itchen,1114
2387,722903,Repeal the Online Safety Act,2025-12-15,Southampton Test,1125
2388,722903,Repeal the Online Safety Act,2025-12-15,Southend East and Rochford,909
2389,722903,Repeal the Online Safety Act,2025-12-15,Southend West and Leigh,877
2390,722903,Repeal the Online Safety Act,2025-12-15,Southgate and Wood Green,779
2391,722903,Repeal the Online Safety Act,2025-12-15,Southport,894
2392,722903,Repeal the Online Safety Act,2025-12-15,Spelthorne,711
2393,722903,Repeal the Online Safety Act,2025-12-15,Spen Valley,731
2394,722903,Repeal the Online Safety Act,2025-12-15,St Albans,836
2395,722903,Repeal the Online Safety Act,2025-12-15,St Austell and Newquay,903
2396,722903,Repeal the Online Safety Act,2025-12-15,St Helens North,877
2397,722903,Repeal the Online Safety Act,2025-12-15,St Helens South and Whiston,863
2398,722903,Repeal the Online Safety Act,2025-12-15,St Ives,763
2399,722903,Repeal the Online Safety Act,2025-12-15,St Neots and Mid Cambridgeshire,1099
2400,722903,Repeal the Online Safety Act,2025-12-15,Stafford,861
2401,722903,Repeal the Online Safety Act,2025-12-15,Staffordshire Moorlands,674
2402,722903,Repeal the Online Safety Act,2025-12-15,Stalybridge and Hyde,918
2403,722903,Repeal the Online Safety Act,2025-12-15,Stevenage,883
2404,722903,Repeal the Online Safety Act,2025-12-15,Stockport,1072
2405,722903,Repeal the Online Safety Act,2025-12-15,Stockton North,835
2406,722903,Repeal the Online Safety Act,2025-12-15,Stockton West,798
2407,722903,Repeal the Online Safety Act,2025-12-15,Stoke-on-Trent Central,1016
2408,722903,Repeal the Online Safety Act,2025-12-15,Stoke-on-Trent North,775
2409,722903,Repeal the Online Safety Act,2025-12-15,Stoke-on-Trent South,684
2410,722903,Repeal the Online Safety Act,2025-12-15,"Stone, Great Wyrley and Penkridge",706
2411,722903,Repeal the Online Safety Act,2025-12-15,Stourbridge,744
2412,722903,Repeal the Online Safety Act,2025-12-15,Stratford and Bow,876
2413,722903,Repeal the Online Safety Act,2025-12-15,Stratford-on-Avon,751
2414,722903,Repeal the Online Safety Act,2025-12-15,Streatham and Croydon North,649
2415,722903,Repeal the Online Safety Act,2025-12-15,Stretford and Urmston,936
2416,722903,Repeal the Online Safety Act,2025-12-15,Stroud,940
2417,722903,Repeal the Online Safety Act,2025-12-15,Suffolk Coastal,730
2418,722903,Repeal the Online Safety Act,2025-12-15,Sunderland Central,859
2419,722903,Repeal the Online Safety Act,2025-12-15,Surrey Heath,849
2420,722903,Repeal the Online Safety Act,2025-12-15,Sussex Weald,795
2421,722903,Repeal the Online Safety Act,2025-12-15,Sutton and Cheam,707
2422,722903,Repeal the Online Safety Act,2025-12-15,Sutton Coldfield,667
2423,722903,Repeal the Online Safety Act,2025-12-15,Swindon North,938
2424,722903,Repeal the Online Safety Act,2025-12-15,Swindon South,1010
2425,722903,Repeal the Online Safety Act,2025-12-15,Tamworth,863
2426,722903,Repeal the Online Safety Act,2025-12-15,Tatton,709
2427,722903,Repeal the Online Safety Act,2025-12-15,Taunton and Wellington,860
2428,722903,Repeal the Online Safety Act,2025-12-15,Telford,975
2429,722903,Repeal the Online Safety Act,2025-12-15,Tewkesbury,815
2430,722903,Repeal the Online Safety Act,2025-12-15,The Wrekin,831
2431,722903,Repeal the Online Safety Act,2025-12-15,Thirsk and Malton,752
2432,722903,Repeal the Online Safety Act,2025-12-15,Thornbury and Yate,895
2433,722903,Repeal the Online Safety Act,2025-12-15,Thurrock,785
2434,722903,Repeal the Online Safety Act,2025-12-15,Tipton and Wednesbury,662
2435,722903,Repeal the Online Safety Act,2025-12-15,Tiverton and Minehead,683
2436,722903,Repeal the Online Safety Act,2025-12-15,Tonbridge,752
2437,722903,Repeal the Online Safety Act,2025-12-15,Tooting,648
2438,722903,Repeal the Online Safety Act,2025-12-15,Torbay,938
2439,722903,Repeal the Online Safety Act,2025-12-15,Torridge and Tavistock,777
2440,722903,Repeal the Online Safety Act,2025-12-15,Tottenham,789
2441,722903,Repeal the Online Safety Act,2025-12-15,Truro and Falmouth,925
2442,722903,Repeal the Online Safety Act,2025-12-15,Tunbridge Wells,949
2443,722903,Repeal the Online Safety Act,2025-12-15,Twickenham,795
2444,722903,Repeal the Online Safety Act,2025-12-15,Tynemouth,891
2445,722903,Repeal the Online Safety Act,2025-12-15,Uxbridge and South Ruislip,766
2446,722903,Repeal the Online Safety Act,2025-12-15,Vauxhall and Camberwell Green,729
2447,722903,Repeal the Online Safety Act,2025-12-15,Wakefield and Rothwell,943
2448,722903,Repeal the Online Safety Act,2025-12-15,Wallasey,966
2449,722903,Repeal the Online Safety Act,2025-12-15,Walsall and Bloxwich,670
2450,722903,Repeal the Online Safety Act,2025-12-15,Walthamstow,756
2451,722903,Repeal the Online Safety Act,2025-12-15,Warrington North,857
2452,722903,Repeal the Online Safety Act,2025-12-15,Warrington South,869
2453,722903,Repeal the Online Safety Act,2025-12-15,Warwick and Leamington,1025
2454,722903,Repeal the Online Safety Act,2025-12-15,Washington and Gateshead South,840
2455,722903,Repeal the Online Safety Act,2025-12-15,Watford,782
2456,722903,Repeal the Online Safety Act,2025-12-15,Waveney Valley,663
2457,722903,Repeal the Online Safety Act,2025-12-15,Weald of Kent,696
2458,722903,Repeal the Online Safety Act,2025-12-15,Wellingborough and Rushden,986
2459,722903,Repeal the Online Safety Act,2025-12-15,Wells and Mendip Hills,671
2460,722903,Repeal the Online Safety Act,2025-12-15,Welwyn Hatfield,916
2461,722903,Repeal the Online Safety Act,2025-12-15,West Bromwich,582
2462,722903,Repeal the Online Safety Act,2025-12-15,West Dorset,678
2463,722903,Repeal the Online Safety Act,2025-12-15,West Ham and Beckton,826
2464,722903,Repeal the Online Safety Act,2025-12-15,West Lancashire,814
2465,722903,Repeal the Online Safety Act,2025-12-15,West Suffolk,898
2466,722903,Repeal the Online Safety Act,2025-12-15,West Worcestershire,809
2467,722903,Repeal the Online Safety Act,2025-12-15,Westmorland and Lonsdale,644
2468,722903,Repeal the Online Safety Act,2025-12-15,Weston-super-Mare,994
2469,722903,Repeal the Online Safety Act,2025-12-15,Wetherby and Easingwold,607
2470,722903,Repeal the Online Safety Act,2025-12-15,Whitehaven and Workington,900
2471,722903,Repeal the Online Safety Act,2025-12-15,Widnes and Halewood,734
2472,722903,Repeal the Online Safety Act,2025-12-15,Wigan,889
2473,722903,Repeal the Online Safety Act,2025-12-15,Wimbledon,788
2474,722903,Repeal the Online Safety Act,2025-12-15,Winchester,816
2475,722903,Repeal the Online Safety Act,2025-12-15,Windsor,712
2476,722903,Repeal the Online Safety Act,2025-12-15,Wirral West,668
2477,722903,Repeal the Online Safety Act,2025-12-15,Witham,867
2478,722903,Repeal the Online Safety Act,2025-12-15,Witney,877
2479,722903,Repeal the Online Safety Act,2025-12-15,Woking,933
2480,722903,Repeal the Online Safety Act,2025-12-15,Wokingham,842
2481,722903,Repeal the Online Safety Act,2025-12-15,Wolverhampton North East,690
2482,722903,Repeal the Online Safety Act,2025-12-15,Wolverhampton South East,664
2483,722903,Repeal the Online Safety Act,2025-12-15,Wolverhampton West,671
2484,722903,Repeal the Online Safety Act,2025-12-15,Worcester,935
2485,722903,Repeal the Online Safety Act,2025-12-15,Worsley and Eccles,939
2486,722903,Repeal the Online Safety Act,2025-12-15,Worthing West,866
2487,722903,Repeal the Online Safety Act,2025-12-15,Wycombe,753
2488,722903,Repeal the Online Safety Act,2025-12-15,Wyre Forest,873
2489,722903,Repeal the Online Safety Act,2025-12-15,Wythenshawe and Sale East,894
2490,722903,Repeal the Online Safety Act,2025-12-15,Yeovil,960
2491,722903,Repeal the Online Safety Act,2025-12-15,York Central,1335
2492,722903,Repeal the Online Safety Act,2025-12-15,York Outer,784
2493,722903,Repeal the Online Safety Act,2025-12-15,Belfast East,968
2494,722903,Repeal the Online Safety Act,2025-12-15,Belfast North,843
2495,722903,Repeal the Online Safety Act,2025-12-15,Belfast South and Mid Down,867
2496,722903,Repeal the Online Safety Act,2025-12-15,Belfast West,607
2497,722903,Repeal the Online Safety Act,2025-12-15,East Antrim,783
2498,722903,Repeal the Online Safety Act,2025-12-15,East Londonderry,505
2499,722903,Repeal the Online Safety Act,2025-12-15,Fermanagh and South Tyrone,448
2500,722903,Repeal the Online Safety Act,2025-12-15,Foyle,503
2501,722903,Repeal the Online Safety Act,2025-12-15,Lagan Valley,727
2502,722903,Repeal the Online Safety Act,2025-12-15,Mid Ulster,413
2503,722903,Repeal the Online Safety Act,2025-12-15,Newry and Armagh,479
2504,722903,Repeal the Online Safety Act,2025-12-15,North Antrim,563
2505,722903,Repeal the Online Safety Act,2025-12-15,North Down,753
2506,722903,Repeal the Online Safety Act,2025-12-15,South Antrim,737
2507,722903,Repeal the Online Safety Act,2025-12-15,South Down,502
2508,722903,Repeal the Online Safety Act,2025-12-15,Strangford,617
2509,722903,Repeal the Online Safety Act,2025-12-15,Upper Bann,735
2510,722903,Repeal the Online Safety Act,2025-12-15,West Tyrone,395
2511,722903,Repeal the Online Safety Act,2025-12-15,East Renfrewshire,699
2512,722903,Repeal the Online Safety Act,2025-12-15,Na h-Eileanan an Iar,187
2513,722903,Repeal the Online Safety Act,2025-12-15,Midlothian,857
2514,722903,Repeal the Online Safety Act,2025-12-15,North Ayrshire and Arran,806
2515,722903,Repeal the Online Safety Act,2025-12-15,Orkney and Shetland,380
2516,722903,Repeal the Online Safety Act,2025-12-15,Aberdeen North,1015
2517,722903,Repeal the Online Safety Act,2025-12-15,Aberdeen South,1178
2518,722903,Repeal the Online Safety Act,2025-12-15,Aberdeenshire North and Moray East,754
2519,722903,Repeal the Online Safety Act,2025-12-15,Airdrie and Shotts,763
2520,722903,Repeal the Online Safety Act,2025-12-15,Alloa and Grangemouth,778
2521,722903,Repeal the Online Safety Act,2025-12-15,Angus and Perthshire Glens,797
2522,722903,Repeal the Online Safety Act,2025-12-15,Arbroath and Broughty Ferry,843
2523,722903,Repeal the Online Safety Act,2025-12-15,"Argyll, Bute and South Lochaber",750
2524,722903,Repeal the Online Safety Act,2025-12-15,Bathgate and Linlithgow,861
2525,722903,Repeal the Online Safety Act,2025-12-15,"Caithness, Sutherland and Easter Ross",828
2526,722903,Repeal the Online Safety Act,2025-12-15,Coatbridge and Bellshill,730
2527,722903,Repeal the Online Safety Act,2025-12-15,Cowdenbeath and Kirkcaldy,845
2528,722903,Repeal the Online Safety Act,2025-12-15,Cumbernauld and Kirkintilloch,822
2529,722903,Repeal the Online Safety Act,2025-12-15,Dumfries and Galloway,753
2530,722903,Repeal the Online Safety Act,2025-12-15,"Dumfriesshire, Clydesdale and Tweeddale",640
2531,722903,Repeal the Online Safety Act,2025-12-15,Dundee Central,1495
2532,722903,Repeal the Online Safety Act,2025-12-15,Dunfermline and Dollar,881
2533,722903,Repeal the Online Safety Act,2025-12-15,East Kilbride and Strathaven,877
2534,722903,Repeal the Online Safety Act,2025-12-15,Edinburgh East and Musselburgh,1268
2535,722903,Repeal the Online Safety Act,2025-12-15,Edinburgh North and Leith,1455
2536,722903,Repeal the Online Safety Act,2025-12-15,Edinburgh South,1012
2537,722903,Repeal the Online Safety Act,2025-12-15,Edinburgh South West,1161
2538,722903,Repeal the Online Safety Act,2025-12-15,Edinburgh West,907
2539,722903,Repeal the Online Safety Act,2025-12-15,Falkirk,932
2540,722903,Repeal the Online Safety Act,2025-12-15,Glasgow East,1012
2541,722903,Repeal the Online Safety Act,2025-12-15,Glasgow North,1088
2542,722903,Repeal the Online Safety Act,2025-12-15,Glasgow North East,906
2543,722903,Repeal the Online Safety Act,2025-12-15,Glasgow South,897
2544,722903,Repeal the Online Safety Act,2025-12-15,Glasgow South West,814
2545,722903,Repeal the Online Safety Act,2025-12-15,Glasgow West,1009
2546,722903,Repeal the Online Safety Act,2025-12-15,Glenrothes and Mid Fife,803
2547,722903,Repeal the Online Safety Act,2025-12-15,Gordon and Buchan,684
2548,722903,Repeal the Online Safety Act,2025-12-15,Hamilton and Clyde Valley,782
2549,722903,Repeal the Online Safety Act,2025-12-15,Inverclyde and Renfrewshire West,716
2550,722903,Repeal the Online Safety Act,2025-12-15,"Inverness, Skye and West Ross-shire",965
2551,722903,Repeal the Online Safety Act,2025-12-15,Livingston,1005
2552,722903,Repeal the Online Safety Act,2025-12-15,Lothian East,763
2553,722903,Repeal the Online Safety Act,2025-12-15,Mid Dunbartonshire,708
2554,722903,Repeal the Online Safety Act,2025-12-15,"Moray West, Nairn and Strathspey",911
2555,722903,Repeal the Online Safety Act,2025-12-15,"Motherwell, Wishaw and Carluke",729
2556,722903,Repeal the Online Safety Act,2025-12-15,North East Fife,715
2557,722903,Repeal the Online Safety Act,2025-12-15,Paisley and Renfrewshire North,909
2558,722903,Repeal the Online Safety Act,2025-12-15,Paisley and Renfrewshire South,884
2559,722903,Repeal the Online Safety Act,2025-12-15,Perth and Kinross-shire,789
2560,722903,Repeal the Online Safety Act,2025-12-15,Rutherglen,747
2561,722903,Repeal the Online Safety Act,2025-12-15,Stirling and Strathallan,887
2562,722903,Repeal the Online Safety Act,2025-12-15,West Dunbartonshire,790
2563,722903,Repeal the Online Safety Act,2025-12-15,"Ayr, Carrick and Cumnock",673
2564,722903,Repeal the Online Safety Act,2025-12-15,"Berwickshire, Roxburgh and Selkirk",758
2565,722903,Repeal the Online Safety Act,2025-12-15,Central Ayrshire,694
2566,722903,Repeal the Online Safety Act,2025-12-15,Kilmarnock and Loudoun,827
2567,722903,Repeal the Online Safety Act,2025-12-15,West Aberdeenshire and Kincardine,722
2568,722903,Repeal the Online Safety Act,2025-12-15,Aberafan Maesteg,774
2569,722903,Repeal the Online Safety Act,2025-12-15,Alyn and Deeside,916
2570,722903,Repeal the Online Safety Act,2025-12-15,Bangor Aberconwy,778
2571,722903,Repeal the Online Safety Act,2025-12-15,Blaenau Gwent and Rhymney,749
2572,722903,Repeal the Online Safety Act,2025-12-15,"Brecon, Radnor and Cwm Tawe",723
2573,722903,Repeal the Online Safety Act,2025-12-15,Bridgend,864
2574,722903,Repeal the Online Safety Act,2025-12-15,Caerfyrddin,813
2575,722903,Repeal the Online Safety Act,2025-12-15,Caerphilly,888
2576,722903,Repeal the Online Safety Act,2025-12-15,Cardiff East,1036
2577,722903,Repeal the Online Safety Act,2025-12-15,Cardiff North,795
2578,722903,Repeal the Online Safety Act,2025-12-15,Cardiff South and Penarth,1030
2579,722903,Repeal the Online Safety Act,2025-12-15,Cardiff West,835
2580,722903,Repeal the Online Safety Act,2025-12-15,Ceredigion Preseli,903
2581,722903,Repeal the Online Safety Act,2025-12-15,Clwyd East,799
2582,722903,Repeal the Online Safety Act,2025-12-15,Clwyd North,811
2583,722903,Repeal the Online Safety Act,2025-12-15,Dwyfor Meirionnydd,632
2584,722903,Repeal the Online Safety Act,2025-12-15,Gower,785
2585,722903,Repeal the Online Safety Act,2025-12-15,Llanelli,838
2586,722903,Repeal the Online Safety Act,2025-12-15,Merthyr Tydfil and Aberdare,765
2587,722903,Repeal the Online Safety Act,2025-12-15,Mid and South Pembrokeshire,754
2588,722903,Repeal the Online Safety Act,2025-12-15,Monmouthshire,756
2589,722903,Repeal the Online Safety Act,2025-12-15,Montgomeryshire and Glyndŵr,787
2590,722903,Repeal the Online Safety Act,2025-12-15,Neath and Swansea East,879
2591,722903,Repeal the Online Safety Act,2025-12-15,Newport East,985
2592,722903,Repeal the Online Safety Act,2025-12-15,Newport West and Islwyn,850
2593,722903,Repeal the Online Safety Act,2025-12-15,Pontypridd,887
2594,722903,Repeal the Online Safety Act,2025-12-15,Rhondda and Ogmore,807
2595,722903,Repeal the Online Safety Act,2025-12-15,Swansea West,1010
2596,722903,Repeal the Online Safety Act,2025-12-15,Torfaen,863
2597,722903,Repeal the Online Safety Act,2025-12-15,Vale of Glamorgan,940
2598,722903,Repeal the Online Safety Act,2025-12-15,Wrexham,856
2599,722903,Repeal the Online Safety Act,2025-12-15,Ynys Môn,521
2600,702845,Extend free bus travel for people over 60 in England,,Aldershot,163
2601,702845,Extend free bus travel for people over 60 in England,,Aldridge-Brownhills,240
2602,702845,Extend free bus travel for people over 60 in England,,Altrincham and Sale West,228
2603,702845,Extend free bus travel for people over 60 in England,,Amber Valley,248
2604,702845,Extend free bus travel for people over 60 in England,,Arundel and South Downs,116
2605,702845,Extend free bus travel for people over 60 in England,,Ashfield,190
2606,702845,Extend free bus travel for people over 60 in England,,Ashford,152
2607,702845,Extend free bus travel for people over 60 in England,,Ashton-under-Lyne,275
2608,702845,Extend free bus travel for people over 60 in England,,Aylesbury,158
2609,702845,Extend free bus travel for people over 60 in England,,Banbury,136
2610,702845,Extend free bus travel for people over 60 in England,,Barking,52
2611,702845,Extend free bus travel for people over 60 in England,,Barnsley North,208
2612,702845,Extend free bus travel for people over 60 in England,,Barnsley South,211
2613,702845,Extend free bus travel for people over 60 in England,,Barrow and Furness,213
2614,702845,Extend free bus travel for people over 60 in England,,Basildon and Billericay,172
2615,702845,Extend free bus travel for people over 60 in England,,Basingstoke,197
2616,702845,Extend free bus travel for people over 60 in England,,Bassetlaw,180
2617,702845,Extend free bus travel for people over 60 in England,,Bath,182
2618,702845,Extend free bus travel for people over 60 in England,,Battersea,28
2619,702845,Extend free bus travel for people over 60 in England,,Beaconsfield,123
2620,702845,Extend free bus travel for people over 60 in England,,Beckenham and Penge,66
2621,702845,Extend free bus travel for people over 60 in England,,Bedford,148
2622,702845,Extend free bus travel for people over 60 in England,,Bermondsey and Old Southwark,46
2623,702845,Extend free bus travel for people over 60 in England,,Bethnal Green and Stepney,31
2624,702845,Extend free bus travel for people over 60 in England,,Beverley and Holderness,215
2625,702845,Extend free bus travel for people over 60 in England,,Bexhill and Battle,179
2626,702845,Extend free bus travel for people over 60 in England,,Bexleyheath and Crayford,77
2627,702845,Extend free bus travel for people over 60 in England,,Bicester and Woodstock,195
2628,702845,Extend free bus travel for people over 60 in England,,Birkenhead,67
2629,702845,Extend free bus travel for people over 60 in England,,Birmingham Edgbaston,259
2630,702845,Extend free bus travel for people over 60 in England,,Birmingham Erdington,327
2631,702845,Extend free bus travel for people over 60 in England,,Birmingham Hall Green and Moseley,205
2632,702845,Extend free bus travel for people over 60 in England,,Birmingham Hodge Hill and Solihull North,199
2633,702845,Extend free bus travel for people over 60 in England,,Birmingham Ladywood,164
2634,702845,Extend free bus travel for people over 60 in England,,Birmingham Northfield,349
2635,702845,Extend free bus travel for people over 60 in England,,Birmingham Perry Barr,217
2636,702845,Extend free bus travel for people over 60 in England,,Birmingham Selly Oak,285
2637,702845,Extend free bus travel for people over 60 in England,,Birmingham Yardley,202
2638,702845,Extend free bus travel for people over 60 in England,,Bishop Auckland,221
2639,702845,Extend free bus travel for people over 60 in England,,Blackburn,226
2640,702845,Extend free bus travel for people over 60 in England,,Blackley and Middleton South,284
2641,702845,Extend free bus travel for people over 60 in England,,Blackpool North and Fleetwood,403
2642,702845,Extend free bus travel for people over 60 in England,,Blackpool South,408
2643,702845,Extend free bus travel for people over 60 in England,,Blaydon and Consett,356
2644,702845,Extend free bus travel for people over 60 in England,,Blyth and Ashington,390
2645,702845,Extend free bus travel for people over 60 in England,,Bognor Regis and Littlehampton,223
2646,702845,Extend free bus travel for people over 60 in England,,Bolsover,182
2647,702845,Extend free bus travel for people over 60 in England,,Bolton North East,297
2648,702845,Extend free bus travel for people over 60 in England,,Bolton South and Walkden,269
2649,702845,Extend free bus travel for people over 60 in England,,Bolton West,322
2650,702845,Extend free bus travel for people over 60 in England,,Bootle,77
2651,702845,Extend free bus travel for people over 60 in England,,Boston and Skegness,239
2652,702845,Extend free bus travel for people over 60 in England,,Bournemouth East,207
2653,702845,Extend free bus travel for people over 60 in England,,Bournemouth West,205
2654,702845,Extend free bus travel for people over 60 in England,,Bracknell,192
2655,702845,Extend free bus travel for people over 60 in England,,Bradford East,176
2656,702845,Extend free bus travel for people over 60 in England,,Bradford South,199
2657,702845,Extend free bus travel for people over 60 in England,,Bradford West,87
2658,702845,Extend free bus travel for people over 60 in England,,Braintree,146
2659,702845,Extend free bus travel for people over 60 in England,,Brent East,54
2660,702845,Extend free bus travel for people over 60 in England,,Brent West,67
2661,702845,Extend free bus travel for people over 60 in England,,Brentford and Isleworth,72
2662,702845,Extend free bus travel for people over 60 in England,,Brentwood and Ongar,139
2663,702845,Extend free bus travel for people over 60 in England,,Bridgwater,163
2664,702845,Extend free bus travel for people over 60 in England,,Bridlington and The Wolds,270
2665,702845,Extend free bus travel for people over 60 in England,,Brigg and Immingham,206
2666,702845,Extend free bus travel for people over 60 in England,,Brighton Kemptown and Peacehaven,363
2667,702845,Extend free bus travel for people over 60 in England,,Brighton Pavilion,252
2668,702845,Extend free bus travel for people over 60 in England,,Bristol Central,106
2669,702845,Extend free bus travel for people over 60 in England,,Bristol East,238
2670,702845,Extend free bus travel for people over 60 in England,,Bristol North East,214
2671,702845,Extend free bus travel for people over 60 in England,,Bristol North West,231
2672,702845,Extend free bus travel for people over 60 in England,,Bristol South,238
2673,702845,Extend free bus travel for people over 60 in England,,Broadland and Fakenham,162
2674,702845,Extend free bus travel for people over 60 in England,,Bromley and Biggin Hill,45
2675,702845,Extend free bus travel for people over 60 in England,,Bromsgrove,165
2676,702845,Extend free bus travel for people over 60 in England,,Broxbourne,143
2677,702845,Extend free bus travel for people over 60 in England,,Broxtowe,308
2678,702845,Extend free bus travel for people over 60 in England,,Buckingham and Bletchley,125
2679,702845,Extend free bus travel for people over 60 in England,,Burnley,340
2680,702845,Extend free bus travel for people over 60 in England,,Burton and Uttoxeter,212
2681,702845,Extend free bus travel for people over 60 in England,,Bury North,311
2682,702845,Extend free bus travel for people over 60 in England,,Bury South,274
2683,702845,Extend free bus travel for people over 60 in England,,Bury St Edmunds and Stowmarket,128
2684,702845,Extend free bus travel for people over 60 in England,,Calder Valley,321
2685,702845,Extend free bus travel for people over 60 in England,,Camborne and Redruth,245
2686,702845,Extend free bus travel for people over 60 in England,,Cambridge,147
2687,702845,Extend free bus travel for people over 60 in England,,Cannock Chase,133
2688,702845,Extend free bus travel for people over 60 in England,,Canterbury,179
2689,702845,Extend free bus travel for people over 60 in England,,Carlisle,229
2690,702845,Extend free bus travel for people over 60 in England,,Carshalton and Wallington,57
2691,702845,Extend free bus travel for people over 60 in England,,Castle Point,177
2692,702845,Extend free bus travel for people over 60 in England,,Central Devon,201
2693,702845,Extend free bus travel for people over 60 in England,,Central Suffolk and North Ipswich,142
2694,702845,Extend free bus travel for people over 60 in England,,Chatham and Aylesford,173
2695,702845,Extend free bus travel for people over 60 in England,,Cheadle,193
2696,702845,Extend free bus travel for people over 60 in England,,Chelmsford,176
2697,702845,Extend free bus travel for people over 60 in England,,Chelsea and Fulham,44
2698,702845,Extend free bus travel for people over 60 in England,,Cheltenham,207
2699,702845,Extend free bus travel for people over 60 in England,,Chesham and Amersham,107
2700,702845,Extend free bus travel for people over 60 in England,,Chester North and Neston,289
2701,702845,Extend free bus travel for people over 60 in England,,Chester South and Eddisbury,168
2702,702845,Extend free bus travel for people over 60 in England,,Chesterfield,202
2703,702845,Extend free bus travel for people over 60 in England,,Chichester,211
2704,702845,Extend free bus travel for people over 60 in England,,Chingford and Woodford Green,52
2705,702845,Extend free bus travel for people over 60 in England,,Chippenham,198
2706,702845,Extend free bus travel for people over 60 in England,,Chipping Barnet,52
2707,702845,Extend free bus travel for people over 60 in England,,Chorley,318
2708,702845,Extend free bus travel for people over 60 in England,,Christchurch,173
2709,702845,Extend free bus travel for people over 60 in England,,Cities of London and Westminster,48
2710,702845,Extend free bus travel for people over 60 in England,,City of Durham,210
2711,702845,Extend free bus travel for people over 60 in England,,Clacton,210
2712,702845,Extend free bus travel for people over 60 in England,,Clapham and Brixton Hill,29
2713,702845,Extend free bus travel for people over 60 in England,,Colchester,192
2714,702845,Extend free bus travel for people over 60 in England,,Colne Valley,238
2715,702845,Extend free bus travel for people over 60 in England,,Congleton,168
2716,702845,Extend free bus travel for people over 60 in England,,Corby and East Northamptonshire,147
2717,702845,Extend free bus travel for people over 60 in England,,Coventry East,214
2718,702845,Extend free bus travel for people over 60 in England,,Coventry North West,244
2719,702845,Extend free bus travel for people over 60 in England,,Coventry South,194
2720,702845,Extend free bus travel for people over 60 in England,,Cramlington and Killingworth,420
2721,702845,Extend free bus travel for people over 60 in England,,Crawley,232
2722,702845,Extend free bus travel for people over 60 in England,,Crewe and Nantwich,240
2723,702845,Extend free bus travel for people over 60 in England,,Croydon East,73
2724,702845,Extend free bus travel for people over 60 in England,,Croydon South,72
2725,702845,Extend free bus travel for people over 60 in England,,Croydon West,64
2726,702845,Extend free bus travel for people over 60 in England,,Dagenham and Rainham,47
2727,702845,Extend free bus travel for people over 60 in England,,Darlington,252
2728,702845,Extend free bus travel for people over 60 in England,,Dartford,143
2729,702845,Extend free bus travel for people over 60 in England,,Daventry,160
2730,702845,Extend free bus travel for people over 60 in England,,Derby North,244
2731,702845,Extend free bus travel for people over 60 in England,,Derby South,204
2732,702845,Extend free bus travel for people over 60 in England,,Derbyshire Dales,169
2733,702845,Extend free bus travel for people over 60 in England,,Dewsbury and Batley,149
2734,702845,Extend free bus travel for people over 60 in England,,Didcot and Wantage,196
2735,702845,Extend free bus travel for people over 60 in England,,Doncaster Central,192
2736,702845,Extend free bus travel for people over 60 in England,,Doncaster East and the Isle of Axholme,151
2737,702845,Extend free bus travel for people over 60 in England,,Doncaster North,167
2738,702845,Extend free bus travel for people over 60 in England,,Dorking and Horley,142
2739,702845,Extend free bus travel for people over 60 in England,,Dover and Deal,258
2740,702845,Extend free bus travel for people over 60 in England,,Droitwich and Evesham,156
2741,702845,Extend free bus travel for people over 60 in England,,Dudley,173
2742,702845,Extend free bus travel for people over 60 in England,,Dulwich and West Norwood,36
2743,702845,Extend free bus travel for people over 60 in England,,Dunstable and Leighton Buzzard,269
2744,702845,Extend free bus travel for people over 60 in England,,Ealing Central and Acton,55
2745,702845,Extend free bus travel for people over 60 in England,,Ealing North,68
2746,702845,Extend free bus travel for people over 60 in England,,Ealing Southall,70
2747,702845,Extend free bus travel for people over 60 in England,,Earley and Woodley,175
2748,702845,Extend free bus travel for people over 60 in England,,Easington,264
2749,702845,Extend free bus travel for people over 60 in England,,East Grinstead and Uckfield,133
2750,702845,Extend free bus travel for people over 60 in England,,East Ham,51
2751,702845,Extend free bus travel for people over 60 in England,,East Hampshire,126
2752,702845,Extend free bus travel for people over 60 in England,,East Surrey,151
2753,702845,Extend free bus travel for people over 60 in England,,East Thanet,303
2754,702845,Extend free bus travel for people over 60 in England,,East Wiltshire,150
2755,702845,Extend free bus travel for people over 60 in England,,East Worthing and Shoreham,268
2756,702845,Extend free bus travel for people over 60 in England,,Eastbourne,266
2757,702845,Extend free bus travel for people over 60 in England,,Eastleigh,140
2758,702845,Extend free bus travel for people over 60 in England,,Edmonton and Winchmore Hill,42
2759,702845,Extend free bus travel for people over 60 in England,,Ellesmere Port and Bromborough,231
2760,702845,Extend free bus travel for people over 60 in England,,Eltham and Chislehurst,45
2761,702845,Extend free bus travel for people over 60 in England,,Ely and East Cambridgeshire,127
2762,702845,Extend free bus travel for people over 60 in England,,Enfield North,55
2763,702845,Extend free bus travel for people over 60 in England,,Epping Forest,118
2764,702845,Extend free bus travel for people over 60 in England,,Epsom and Ewell,182
2765,702845,Extend free bus travel for people over 60 in England,,Erewash,256
2766,702845,Extend free bus travel for people over 60 in England,,Erith and Thamesmead,73
2767,702845,Extend free bus travel for people over 60 in England,,Esher and Walton,157
2768,702845,Extend free bus travel for people over 60 in England,,Exeter,252
2769,702845,Extend free bus travel for people over 60 in England,,Exmouth and Exeter East,285
2770,702845,Extend free bus travel for people over 60 in England,,Fareham and Waterlooville,219
2771,702845,Extend free bus travel for people over 60 in England,,Farnham and Bordon,103
2772,702845,Extend free bus travel for people over 60 in England,,Faversham and Mid Kent,179
2773,702845,Extend free bus travel for people over 60 in England,,Feltham and Heston,80
2774,702845,Extend free bus travel for people over 60 in England,,Filton and Bradley Stoke,280
2775,702845,Extend free bus travel for people over 60 in England,,Finchley and Golders Green,68
2776,702845,Extend free bus travel for people over 60 in England,,Folkestone and Hythe,211
2777,702845,Extend free bus travel for people over 60 in England,,Forest of Dean,166
2778,702845,Extend free bus travel for people over 60 in England,,Frome and East Somerset,150
2779,702845,Extend free bus travel for people over 60 in England,,Fylde,428
2780,702845,Extend free bus travel for people over 60 in England,,Gainsborough,245
2781,702845,Extend free bus travel for people over 60 in England,,Gateshead Central and Whickham,396
2782,702845,Extend free bus travel for people over 60 in England,,Gedling,357
2783,702845,Extend free bus travel for people over 60 in England,,Gillingham and Rainham,163
2784,702845,Extend free bus travel for people over 60 in England,,Glastonbury and Somerton,136
2785,702845,Extend free bus travel for people over 60 in England,,Gloucester,291
2786,702845,Extend free bus travel for people over 60 in England,,Godalming and Ash,140
2787,702845,Extend free bus travel for people over 60 in England,,Goole and Pocklington,175
2788,702845,Extend free bus travel for people over 60 in England,,Gorton and Denton,230
2789,702845,Extend free bus travel for people over 60 in England,,Gosport,256
2790,702845,Extend free bus travel for people over 60 in England,,Grantham and Bourne,187
2791,702845,Extend free bus travel for people over 60 in England,,Gravesham,138
2792,702845,Extend free bus travel for people over 60 in England,,Great Grimsby and Cleethorpes,231
2793,702845,Extend free bus travel for people over 60 in England,,Great Yarmouth,212
2794,702845,Extend free bus travel for people over 60 in England,,Greenwich and Woolwich,41
2795,702845,Extend free bus travel for people over 60 in England,,Guildford,147
2796,702845,Extend free bus travel for people over 60 in England,,Hackney North and Stoke Newington,39
2797,702845,Extend free bus travel for people over 60 in England,,Hackney South and Shoreditch,45
2798,702845,Extend free bus travel for people over 60 in England,,Halesowen,214
2799,702845,Extend free bus travel for people over 60 in England,,Halifax,262
2800,702845,Extend free bus travel for people over 60 in England,,Hamble Valley,184
2801,702845,Extend free bus travel for people over 60 in England,,Hammersmith and Chiswick,41
2802,702845,Extend free bus travel for people over 60 in England,,Hampstead and Highgate,37
2803,702845,Extend free bus travel for people over 60 in England,,"Harborough, Oadby and Wigston",193
2804,702845,Extend free bus travel for people over 60 in England,,Harlow,135
2805,702845,Extend free bus travel for people over 60 in England,,Harpenden and Berkhamsted,80
2806,702845,Extend free bus travel for people over 60 in England,,Harrogate and Knaresborough,226
2807,702845,Extend free bus travel for people over 60 in England,,Harrow East,59
2808,702845,Extend free bus travel for people over 60 in England,,Harrow West,62
2809,702845,Extend free bus travel for people over 60 in England,,Hartlepool,182
2810,702845,Extend free bus travel for people over 60 in England,,Harwich and North Essex,170
2811,702845,Extend free bus travel for people over 60 in England,,Hastings and Rye,232
2812,702845,Extend free bus travel for people over 60 in England,,Havant,170
2813,702845,Extend free bus travel for people over 60 in England,,Hayes and Harlington,85
2814,702845,Extend free bus travel for people over 60 in England,,Hazel Grove,273
2815,702845,Extend free bus travel for people over 60 in England,,Hemel Hempstead,140
2816,702845,Extend free bus travel for people over 60 in England,,Hendon,60
2817,702845,Extend free bus travel for people over 60 in England,,Henley and Thame,111
2818,702845,Extend free bus travel for people over 60 in England,,Hereford and South Herefordshire,156
2819,702845,Extend free bus travel for people over 60 in England,,Herne Bay and Sandwich,275
2820,702845,Extend free bus travel for people over 60 in England,,Hertford and Stortford,118
2821,702845,Extend free bus travel for people over 60 in England,,Hertsmere,150
2822,702845,Extend free bus travel for people over 60 in England,,Hexham,303
2823,702845,Extend free bus travel for people over 60 in England,,Heywood and Middleton North,221
2824,702845,Extend free bus travel for people over 60 in England,,High Peak,205
2825,702845,Extend free bus travel for people over 60 in England,,Hinckley and Bosworth,148
2826,702845,Extend free bus travel for people over 60 in England,,Hitchin,138
2827,702845,Extend free bus travel for people over 60 in England,,Holborn and St Pancras,42
2828,702845,Extend free bus travel for people over 60 in England,,Honiton and Sidmouth,261
2829,702845,Extend free bus travel for people over 60 in England,,Hornchurch and Upminster,51
2830,702845,Extend free bus travel for people over 60 in England,,Hornsey and Friern Barnet,57
2831,702845,Extend free bus travel for people over 60 in England,,Horsham,160
2832,702845,Extend free bus travel for people over 60 in England,,Houghton and Sunderland South,320
2833,702845,Extend free bus travel for people over 60 in England,,Hove and Portslade,276
2834,702845,Extend free bus travel for people over 60 in England,,Huddersfield,258
2835,702845,Extend free bus travel for people over 60 in England,,Huntingdon,189
2836,702845,Extend free bus travel for people over 60 in England,,Hyndburn,267
2837,702845,Extend free bus travel for people over 60 in England,,Ilford North,73
2838,702845,Extend free bus travel for people over 60 in England,,Ilford South,55
2839,702845,Extend free bus travel for people over 60 in England,,Ipswich,165
2840,702845,Extend free bus travel for people over 60 in England,,Isle of Wight East,279
2841,702845,Extend free bus travel for people over 60 in England,,Isle of Wight West,212
2842,702845,Extend free bus travel for people over 60 in England,,Islington North,48
2843,702845,Extend free bus travel for people over 60 in England,,Islington South and Finsbury,58
2844,702845,Extend free bus travel for people over 60 in England,,Jarrow and Gateshead East,403
2845,702845,Extend free bus travel for people over 60 in England,,Keighley and Ilkley,220
2846,702845,Extend free bus travel for people over 60 in England,,Kenilworth and Southam,143
2847,702845,Extend free bus travel for people over 60 in England,,Kensington and Bayswater,31
2848,702845,Extend free bus travel for people over 60 in England,,Kettering,159
2849,702845,Extend free bus travel for people over 60 in England,,Kingston and Surbiton,73
2850,702845,Extend free bus travel for people over 60 in England,,Kingston upon Hull East,278
2851,702845,Extend free bus travel for people over 60 in England,,Kingston upon Hull North and Cottingham,255
2852,702845,Extend free bus travel for people over 60 in England,,Kingston upon Hull West and Haltemprice,263
2853,702845,Extend free bus travel for people over 60 in England,,Kingswinford and South Staffordshire,167
2854,702845,Extend free bus travel for people over 60 in England,,Knowsley,51
2855,702845,Extend free bus travel for people over 60 in England,,Lancaster and Wyre,326
2856,702845,Extend free bus travel for people over 60 in England,,Leeds Central and Headingley,101
2857,702845,Extend free bus travel for people over 60 in England,,Leeds East,244
2858,702845,Extend free bus travel for people over 60 in England,,Leeds North East,194
2859,702845,Extend free bus travel for people over 60 in England,,Leeds North West,198
2860,702845,Extend free bus travel for people over 60 in England,,Leeds South,253
2861,702845,Extend free bus travel for people over 60 in England,,Leeds South West and Morley,221
2862,702845,Extend free bus travel for people over 60 in England,,Leeds West and Pudsey,218
2863,702845,Extend free bus travel for people over 60 in England,,Leicester East,218
2864,702845,Extend free bus travel for people over 60 in England,,Leicester South,176
2865,702845,Extend free bus travel for people over 60 in England,,Leicester West,237
2866,702845,Extend free bus travel for people over 60 in England,,Leigh and Atherton,268
2867,702845,Extend free bus travel for people over 60 in England,,Lewes,254
2868,702845,Extend free bus travel for people over 60 in England,,Lewisham East,56
2869,702845,Extend free bus travel for people over 60 in England,,Lewisham North,62
2870,702845,Extend free bus travel for people over 60 in England,,Lewisham West and East Dulwich,48
2871,702845,Extend free bus travel for people over 60 in England,,Leyton and Wanstead,43
2872,702845,Extend free bus travel for people over 60 in England,,Lichfield,192
2873,702845,Extend free bus travel for people over 60 in England,,Lincoln,309
2874,702845,Extend free bus travel for people over 60 in England,,Liverpool Garston,66
2875,702845,Extend free bus travel for people over 60 in England,,Liverpool Riverside,61
2876,702845,Extend free bus travel for people over 60 in England,,Liverpool Walton,62
2877,702845,Extend free bus travel for people over 60 in England,,Liverpool Wavertree,47
2878,702845,Extend free bus travel for people over 60 in England,,Liverpool West Derby,56
2879,702845,Extend free bus travel for people over 60 in England,,Loughborough,121
2880,702845,Extend free bus travel for people over 60 in England,,Louth and Horncastle,250
2881,702845,Extend free bus travel for people over 60 in England,,Lowestoft,241
2882,702845,Extend free bus travel for people over 60 in England,,Luton North,226
2883,702845,Extend free bus travel for people over 60 in England,,Luton South and South Bedfordshire,158
2884,702845,Extend free bus travel for people over 60 in England,,Macclesfield,190
2885,702845,Extend free bus travel for people over 60 in England,,Maidenhead,122
2886,702845,Extend free bus travel for people over 60 in England,,Maidstone and Malling,163
2887,702845,Extend free bus travel for people over 60 in England,,Makerfield,276
2888,702845,Extend free bus travel for people over 60 in England,,Maldon,154
2889,702845,Extend free bus travel for people over 60 in England,,Manchester Central,253
2890,702845,Extend free bus travel for people over 60 in England,,Manchester Rusholme,144
2891,702845,Extend free bus travel for people over 60 in England,,Manchester Withington,192
2892,702845,Extend free bus travel for people over 60 in England,,Mansfield,241
2893,702845,Extend free bus travel for people over 60 in England,,Melksham and Devizes,189
2894,702845,Extend free bus travel for people over 60 in England,,Melton and Syston,167
2895,702845,Extend free bus travel for people over 60 in England,,Meriden and Solihull East,222
2896,702845,Extend free bus travel for people over 60 in England,,Mid Bedfordshire,157
2897,702845,Extend free bus travel for people over 60 in England,,Mid Buckinghamshire,128
2898,702845,Extend free bus travel for people over 60 in England,,Mid Cheshire,142
2899,702845,Extend free bus travel for people over 60 in England,,Mid Derbyshire,255
2900,702845,Extend free bus travel for people over 60 in England,,Mid Dorset and North Poole,201
2901,702845,Extend free bus travel for people over 60 in England,,Mid Leicestershire,185
2902,702845,Extend free bus travel for people over 60 in England,,Mid Norfolk,158
2903,702845,Extend free bus travel for people over 60 in England,,Mid Sussex,134
2904,702845,Extend free bus travel for people over 60 in England,,Middlesbrough and Thornaby East,258
2905,702845,Extend free bus travel for people over 60 in England,,Middlesbrough South and East Cleveland,242
2906,702845,Extend free bus travel for people over 60 in England,,Milton Keynes Central,146
2907,702845,Extend free bus travel for people over 60 in England,,Milton Keynes North,139
2908,702845,Extend free bus travel for people over 60 in England,,Mitcham and Morden,51
2909,702845,Extend free bus travel for people over 60 in England,,Morecambe and Lunesdale,327
2910,702845,Extend free bus travel for people over 60 in England,,New Forest East,165
2911,702845,Extend free bus travel for people over 60 in England,,New Forest West,118
2912,702845,Extend free bus travel for people over 60 in England,,Newark,236
2913,702845,Extend free bus travel for people over 60 in England,,Newbury,113
2914,702845,Extend free bus travel for people over 60 in England,,Newcastle upon Tyne Central and West,418
2915,702845,Extend free bus travel for people over 60 in England,,Newcastle upon Tyne East and Wallsend,451
2916,702845,Extend free bus travel for people over 60 in England,,Newcastle upon Tyne North,373
2917,702845,Extend free bus travel for people over 60 in England,,Newcastle-under-Lyme,184
2918,702845,Extend free bus travel for people over 60 in England,,Newton Abbot,323
2919,702845,Extend free bus travel for people over 60 in England,,Newton Aycliffe and Spennymoor,264
2920,702845,Extend free bus travel for people over 60 in England,,Normanton and Hemsworth,179
2921,702845,Extend free bus travel for people over 60 in England,,North Bedfordshire,133
2922,702845,Extend free bus travel for people over 60 in England,,North Cornwall,177
2923,702845,Extend free bus travel for people over 60 in England,,North Cotswolds,198
2924,702845,Extend free bus travel for people over 60 in England,,North Devon,264
2925,702845,Extend free bus travel for people over 60 in England,,North Dorset,124
2926,702845,Extend free bus travel for people over 60 in England,,North Durham,361
2927,702845,Extend free bus travel for people over 60 in England,,North East Cambridgeshire,126
2928,702845,Extend free bus travel for people over 60 in England,,North East Derbyshire,178
2929,702845,Extend free bus travel for people over 60 in England,,North East Hampshire,99
2930,702845,Extend free bus travel for people over 60 in England,,North East Hertfordshire,113
2931,702845,Extend free bus travel for people over 60 in England,,North East Somerset and Hanham,194
2932,702845,Extend free bus travel for people over 60 in England,,North Herefordshire,119
2933,702845,Extend free bus travel for people over 60 in England,,North Norfolk,162
2934,702845,Extend free bus travel for people over 60 in England,,North Northumberland,246
2935,702845,Extend free bus travel for people over 60 in England,,North Shropshire,155
2936,702845,Extend free bus travel for people over 60 in England,,North Somerset,207
2937,702845,Extend free bus travel for people over 60 in England,,North Warwickshire and Bedworth,192
2938,702845,Extend free bus travel for people over 60 in England,,North West Cambridgeshire,145
2939,702845,Extend free bus travel for people over 60 in England,,North West Essex,99
2940,702845,Extend free bus travel for people over 60 in England,,North West Hampshire,165
2941,702845,Extend free bus travel for people over 60 in England,,North West Leicestershire,174
2942,702845,Extend free bus travel for people over 60 in England,,North West Norfolk,191
2943,702845,Extend free bus travel for people over 60 in England,,Northampton North,199
2944,702845,Extend free bus travel for people over 60 in England,,Northampton South,149
2945,702845,Extend free bus travel for people over 60 in England,,Norwich North,221
2946,702845,Extend free bus travel for people over 60 in England,,Norwich South,171
2947,702845,Extend free bus travel for people over 60 in England,,Nottingham East,232
2948,702845,Extend free bus travel for people over 60 in England,,Nottingham North and Kimberley,271
2949,702845,Extend free bus travel for people over 60 in England,,Nottingham South,212
2950,702845,Extend free bus travel for people over 60 in England,,Nuneaton,175
2951,702845,Extend free bus travel for people over 60 in England,,Old Bexley and Sidcup,63
2952,702845,Extend free bus travel for people over 60 in England,,Oldham East and Saddleworth,237
2953,702845,Extend free bus travel for people over 60 in England,,"Oldham West, Chadderton and Royton",234
2954,702845,Extend free bus travel for people over 60 in England,,Orpington,57
2955,702845,Extend free bus travel for people over 60 in England,,Ossett and Denby Dale,194
2956,702845,Extend free bus travel for people over 60 in England,,Oxford East,173
2957,702845,Extend free bus travel for people over 60 in England,,Oxford West and Abingdon,159
2958,702845,Extend free bus travel for people over 60 in England,,Peckham,41
2959,702845,Extend free bus travel for people over 60 in England,,Pendle and Clitheroe,302
2960,702845,Extend free bus travel for people over 60 in England,,Penistone and Stocksbridge,184
2961,702845,Extend free bus travel for people over 60 in England,,Penrith and Solway,260
2962,702845,Extend free bus travel for people over 60 in England,,Peterborough,180
2963,702845,Extend free bus travel for people over 60 in England,,Plymouth Moor View,420
2964,702845,Extend free bus travel for people over 60 in England,,Plymouth Sutton and Devonport,359
2965,702845,Extend free bus travel for people over 60 in England,,"Pontefract, Castleford and Knottingley",226
2966,702845,Extend free bus travel for people over 60 in England,,Poole,212
2967,702845,Extend free bus travel for people over 60 in England,,Poplar and Limehouse,30
2968,702845,Extend free bus travel for people over 60 in England,,Portsmouth North,308
2969,702845,Extend free bus travel for people over 60 in England,,Portsmouth South,214
2970,702845,Extend free bus travel for people over 60 in England,,Preston,365
2971,702845,Extend free bus travel for people over 60 in England,,Putney,40
2972,702845,Extend free bus travel for people over 60 in England,,Queen's Park and Maida Vale,44
2973,702845,Extend free bus travel for people over 60 in England,,Rawmarsh and Conisbrough,179
2974,702845,Extend free bus travel for people over 60 in England,,Rayleigh and Wickford,179
2975,702845,Extend free bus travel for people over 60 in England,,Reading Central,164
2976,702845,Extend free bus travel for people over 60 in England,,Reading West and Mid Berkshire,156
2977,702845,Extend free bus travel for people over 60 in England,,Redcar,283
2978,702845,Extend free bus travel for people over 60 in England,,Redditch,132
2979,702845,Extend free bus travel for people over 60 in England,,Reigate,161
2980,702845,Extend free bus travel for people over 60 in England,,Ribble Valley,395
2981,702845,Extend free bus travel for people over 60 in England,,Richmond and Northallerton,140
2982,702845,Extend free bus travel for people over 60 in England,,Richmond Park,31
2983,702845,Extend free bus travel for people over 60 in England,,Rochdale,177
2984,702845,Extend free bus travel for people over 60 in England,,Rochester and Strood,170
2985,702845,Extend free bus travel for people over 60 in England,,Romford,58
2986,702845,Extend free bus travel for people over 60 in England,,Romsey and Southampton North,126
2987,702845,Extend free bus travel for people over 60 in England,,Rossendale and Darwen,352
2988,702845,Extend free bus travel for people over 60 in England,,Rother Valley,177
2989,702845,Extend free bus travel for people over 60 in England,,Rotherham,209
2990,702845,Extend free bus travel for people over 60 in England,,Rugby,181
2991,702845,Extend free bus travel for people over 60 in England,,"Ruislip, Northwood and Pinner",58
2992,702845,Extend free bus travel for people over 60 in England,,Runcorn and Helsby,235
2993,702845,Extend free bus travel for people over 60 in England,,Runnymede and Weybridge,139
2994,702845,Extend free bus travel for people over 60 in England,,Rushcliffe,252
2995,702845,Extend free bus travel for people over 60 in England,,Rutland and Stamford,138
2996,702845,Extend free bus travel for people over 60 in England,,Salford,320
2997,702845,Extend free bus travel for people over 60 in England,,Salisbury,163
2998,702845,Extend free bus travel for people over 60 in England,,Scarborough and Whitby,301
2999,702845,Extend free bus travel for people over 60 in England,,Scunthorpe,204
3000,702845,Extend free bus travel for people over 60 in England,,Sefton Central,80
3001,702845,Extend free bus travel for people over 60 in England,,Selby,232
3002,702845,Extend free bus travel for people over 60 in England,,Sevenoaks,109
3003,702845,Extend free bus travel for people over 60 in England,,Sheffield Brightside and Hillsborough,221
3004,702845,Extend free bus travel for people over 60 in England,,Sheffield Central,112
3005,702845,Extend free bus travel for people over 60 in England,,Sheffield Hallam,204
3006,702845,Extend free bus travel for people over 60 in England,,Sheffield Heeley,276
3007,702845,Extend free bus travel for people over 60 in England,,Sheffield South East,282
3008,702845,Extend free bus travel for people over 60 in England,,Sherwood Forest,238
3009,702845,Extend free bus travel for people over 60 in England,,Shipley,249
3010,702845,Extend free bus travel for people over 60 in England,,Shrewsbury,222
3011,702845,Extend free bus travel for people over 60 in England,,Sittingbourne and Sheppey,122
3012,702845,Extend free bus travel for people over 60 in England,,Skipton and Ripon,211
3013,702845,Extend free bus travel for people over 60 in England,,Sleaford and North Hykeham,242
3014,702845,Extend free bus travel for people over 60 in England,,Slough,238
3015,702845,Extend free bus travel for people over 60 in England,,Smethwick,203
3016,702845,Extend free bus travel for people over 60 in England,,Solihull West and Shirley,252
3017,702845,Extend free bus travel for people over 60 in England,,South Basildon and East Thurrock,148
3018,702845,Extend free bus travel for people over 60 in England,,South Cambridgeshire,139
3019,702845,Extend free bus travel for people over 60 in England,,South Cotswolds,124
3020,702845,Extend free bus travel for people over 60 in England,,South Derbyshire,195
3021,702845,Extend free bus travel for people over 60 in England,,South Devon,289
3022,702845,Extend free bus travel for people over 60 in England,,South Dorset,328
3023,702845,Extend free bus travel for people over 60 in England,,South East Cornwall,251
3024,702845,Extend free bus travel for people over 60 in England,,South Holland and The Deepings,149
3025,702845,Extend free bus travel for people over 60 in England,,South Leicestershire,167
3026,702845,Extend free bus travel for people over 60 in England,,South Norfolk,140
3027,702845,Extend free bus travel for people over 60 in England,,South Northamptonshire,136
3028,702845,Extend free bus travel for people over 60 in England,,South Ribble,431
3029,702845,Extend free bus travel for people over 60 in England,,South Shields,363
3030,702845,Extend free bus travel for people over 60 in England,,South Shropshire,160
3031,702845,Extend free bus travel for people over 60 in England,,South Suffolk,111
3032,702845,Extend free bus travel for people over 60 in England,,South West Devon,361
3033,702845,Extend free bus travel for people over 60 in England,,South West Hertfordshire,146
3034,702845,Extend free bus travel for people over 60 in England,,South West Norfolk,150
3035,702845,Extend free bus travel for people over 60 in England,,South West Wiltshire,149
3036,702845,Extend free bus travel for people over 60 in England,,Southampton Itchen,185
3037,702845,Extend free bus travel for people over 60 in England,,Southampton Test,180
3038,702845,Extend free bus travel for people over 60 in England,,Southend East and Rochford,171
3039,702845,Extend free bus travel for people over 60 in England,,Southend West and Leigh,179
3040,702845,Extend free bus travel for people over 60 in England,,Southgate and Wood Green,57
3041,702845,Extend free bus travel for people over 60 in England,,Southport,178
3042,702845,Extend free bus travel for people over 60 in England,,Spelthorne,188
3043,702845,Extend free bus travel for people over 60 in England,,Spen Valley,219
3044,702845,Extend free bus travel for people over 60 in England,,St Albans,129
3045,702845,Extend free bus travel for people over 60 in England,,St Austell and Newquay,247
3046,702845,Extend free bus travel for people over 60 in England,,St Helens North,105
3047,702845,Extend free bus travel for people over 60 in England,,St Helens South and Whiston,68
3048,702845,Extend free bus travel for people over 60 in England,,St Ives,196
3049,702845,Extend free bus travel for people over 60 in England,,St Neots and Mid Cambridgeshire,171
3050,702845,Extend free bus travel for people over 60 in England,,Stafford,153
3051,702845,Extend free bus travel for people over 60 in England,,Staffordshire Moorlands,140
3052,702845,Extend free bus travel for people over 60 in England,,Stalybridge and Hyde,242
3053,702845,Extend free bus travel for people over 60 in England,,Stevenage,168
3054,702845,Extend free bus travel for people over 60 in England,,Stockport,301
3055,702845,Extend free bus travel for people over 60 in England,,Stockton North,224
3056,702845,Extend free bus travel for people over 60 in England,,Stockton West,231
3057,702845,Extend free bus travel for people over 60 in England,,Stoke-on-Trent Central,202
3058,702845,Extend free bus travel for people over 60 in England,,Stoke-on-Trent North,166
3059,702845,Extend free bus travel for people over 60 in England,,Stoke-on-Trent South,145
3060,702845,Extend free bus travel for people over 60 in England,,"Stone, Great Wyrley and Penkridge",148
3061,702845,Extend free bus travel for people over 60 in England,,Stourbridge,166
3062,702845,Extend free bus travel for people over 60 in England,,Stratford and Bow,40
3063,702845,Extend free bus travel for people over 60 in England,,Stratford-on-Avon,111
3064,702845,Extend free bus travel for people over 60 in England,,Streatham and Croydon North,65
3065,702845,Extend free bus travel for people over 60 in England,,Stretford and Urmston,337
3066,702845,Extend free bus travel for people over 60 in England,,Stroud,170
3067,702845,Extend free bus travel for people over 60 in England,,Suffolk Coastal,143
3068,702845,Extend free bus travel for people over 60 in England,,Sunderland Central,380
3069,702845,Extend free bus travel for people over 60 in England,,Surrey Heath,126
3070,702845,Extend free bus travel for people over 60 in England,,Sussex Weald,117
3071,702845,Extend free bus travel for people over 60 in England,,Sutton and Cheam,74
3072,702845,Extend free bus travel for people over 60 in England,,Sutton Coldfield,307
3073,702845,Extend free bus travel for people over 60 in England,,Swindon North,178
3074,702845,Extend free bus travel for people over 60 in England,,Swindon South,260
3075,702845,Extend free bus travel for people over 60 in England,,Tamworth,227
3076,702845,Extend free bus travel for people over 60 in England,,Tatton,123
3077,702845,Extend free bus travel for people over 60 in England,,Taunton and Wellington,212
3078,702845,Extend free bus travel for people over 60 in England,,Telford,131
3079,702845,Extend free bus travel for people over 60 in England,,Tewkesbury,270
3080,702845,Extend free bus travel for people over 60 in England,,The Wrekin,145
3081,702845,Extend free bus travel for people over 60 in England,,Thirsk and Malton,211
3082,702845,Extend free bus travel for people over 60 in England,,Thornbury and Yate,222
3083,702845,Extend free bus travel for people over 60 in England,,Thurrock,135
3084,702845,Extend free bus travel for people over 60 in England,,Tipton and Wednesbury,198
3085,702845,Extend free bus travel for people over 60 in England,,Tiverton and Minehead,150
3086,702845,Extend free bus travel for people over 60 in England,,Tonbridge,129
3087,702845,Extend free bus travel for people over 60 in England,,Tooting,36
3088,702845,Extend free bus travel for people over 60 in England,,Torbay,405
3089,702845,Extend free bus travel for people over 60 in England,,Torridge and Tavistock,218
3090,702845,Extend free bus travel for people over 60 in England,,Tottenham,54
3091,702845,Extend free bus travel for people over 60 in England,,Truro and Falmouth,194
3092,702845,Extend free bus travel for people over 60 in England,,Tunbridge Wells,137
3093,702845,Extend free bus travel for people over 60 in England,,Twickenham,43
3094,702845,Extend free bus travel for people over 60 in England,,Tynemouth,386
3095,702845,Extend free bus travel for people over 60 in England,,Uxbridge and South Ruislip,82
3096,702845,Extend free bus travel for people over 60 in England,,Vauxhall and Camberwell Green,45
3097,702845,Extend free bus travel for people over 60 in England,,Wakefield and Rothwell,227
3098,702845,Extend free bus travel for people over 60 in England,,Wallasey,75
3099,702845,Extend free bus travel for people over 60 in England,,Walsall and Bloxwich,212
3100,702845,Extend free bus travel for people over 60 in England,,Walthamstow,42
3101,702845,Extend free bus travel for people over 60 in England,,Warrington North,242
3102,702845,Extend free bus travel for people over 60 in England,,Warrington South,258
3103,702845,Extend free bus travel for people over 60 in England,,Warwick and Leamington,147
3104,702845,Extend free bus travel for people over 60 in England,,Washington and Gateshead South,341
3105,702845,Extend free bus travel for people over 60 in England,,Watford,139
3106,702845,Extend free bus travel for people over 60 in England,,Waveney Valley,135
3107,702845,Extend free bus travel for people over 60 in England,,Weald of Kent,113
3108,702845,Extend free bus travel for people over 60 in England,,Wellingborough and Rushden,199
3109,702845,Extend free bus travel for people over 60 in England,,Wells and Mendip Hills,118
3110,702845,Extend free bus travel for people over 60 in England,,Welwyn Hatfield,133
3111,702845,Extend free bus travel for people over 60 in England,,West Bromwich,232
3112,702845,Extend free bus travel for people over 60 in England,,West Dorset,195
3113,702845,Extend free bus travel for people over 60 in England,,West Ham and Beckton,44
3114,702845,Extend free bus travel for people over 60 in England,,West Lancashire,289
3115,702845,Extend free bus travel for people over 60 in England,,West Suffolk,150
3116,702845,Extend free bus travel for people over 60 in England,,West Worcestershire,131
3117,702845,Extend free bus travel for people over 60 in England,,Westmorland and Lonsdale,232
3118,702845,Extend free bus travel for people over 60 in England,,Weston-super-Mare,216
3119,702845,Extend free bus travel for people over 60 in England,,Wetherby and Easingwold,146
3120,702845,Extend free bus travel for people over 60 in England,,Whitehaven and Workington,209
3121,702845,Extend free bus travel for people over 60 in England,,Widnes and Halewood,135
3122,702845,Extend free bus travel for people over 60 in England,,Wigan,325
3123,702845,Extend free bus travel for people over 60 in England,,Wimbledon,43
3124,702845,Extend free bus travel for people over 60 in England,,Winchester,113
3125,702845,Extend free bus travel for people over 60 in England,,Windsor,158
3126,702845,Extend free bus travel for people over 60 in England,,Wirral West,78
3127,702845,Extend free bus travel for people over 60 in England,,Witham,149
3128,702845,Extend free bus travel for people over 60 in England,,Witney,151
3129,702845,Extend free bus travel for people over 60 in England,,Woking,153
3130,702845,Extend free bus travel for people over 60 in England,,Wokingham,146
3131,702845,Extend free bus travel for people over 60 in England,,Wolverhampton North East,209
3132,702845,Extend free bus travel for people over 60 in England,,Wolverhampton South East,253
3133,702845,Extend free bus travel for people over 60 in England,,Wolverhampton West,206
3134,702845,Extend free bus travel for people over 60 in England,,Worcester,133
3135,702845,Extend free bus travel for people over 60 in England,,Worsley and Eccles,258
3136,702845,Extend free bus travel for people over 60 in England,,Worthing West,252
3137,702845,Extend free bus travel for people over 60 in England,,Wycombe,125
3138,702845,Extend free bus travel for people over 60 in England,,Wyre Forest,181
3139,702845,Extend free bus travel for people over 60 in England,,Wythenshawe and Sale East,282
3140,702845,Extend free bus travel for people over 60 in England,,Yeovil,171
3141,702845,Extend free bus travel for people over 60 in England,,York Central,237
3142,702845,Extend free bus travel for people over 60 in England,,York Outer,288
3143,702845,Extend free bus travel for people over 60 in England,,Belfast North,4
3144,702845,Extend free bus travel for people over 60 in England,,Belfast South and Mid Down,1
3145,702845,Extend free bus travel for people over 60 in England,,Belfast West,2
3146,702845,Extend free bus travel for people over 60 in England,,East Antrim,3
3147,702845,Extend free bus travel for people over 60 in England,,East Londonderry,6
3148,702845,Extend free bus travel for people over 60 in England,,Fermanagh and South Tyrone,3
3149,702845,Extend free bus travel for people over 60 in England,,Foyle,1
3150,702845,Extend free bus travel for people over 60 in England,,Lagan Valley,4
3151,702845,Extend free bus travel for people over 60 in England,,Mid Ulster,3
3152,702845,Extend free bus travel for people over 60 in England,,Newry and Armagh,2
3153,702845,Extend free bus travel for people over 60 in England,,North Antrim,1
3154,702845,Extend free bus travel for people over 60 in England,,North Down,3
3155,702845,Extend free bus travel for people over 60 in England,,South Antrim,6
3156,702845,Extend free bus travel for people over 60 in England,,South Down,1
3157,702845,Extend free bus travel for people over 60 in England,,Strangford,4
3158,702845,Extend free bus travel for people over 60 in England,,Upper Bann,2
3159,702845,Extend free bus travel for people over 60 in England,,West Tyrone,4
3160,702845,Extend free bus travel for people over 60 in England,,East Renfrewshire,7
3161,702845,Extend free bus travel for people over 60 in England,,Na h-Eileanan an Iar,2
3162,702845,Extend free bus travel for people over 60 in England,,Midlothian,7
3163,702845,Extend free bus travel for people over 60 in England,,North Ayrshire and Arran,13
3164,702845,Extend free bus travel for people over 60 in England,,Orkney and Shetland,5
3165,702845,Extend free bus travel for people over 60 in England,,Aberdeen North,12
3166,702845,Extend free bus travel for people over 60 in England,,Aberdeen South,4
3167,702845,Extend free bus travel for people over 60 in England,,Aberdeenshire North and Moray East,7
3168,702845,Extend free bus travel for people over 60 in England,,Airdrie and Shotts,5
3169,702845,Extend free bus travel for people over 60 in England,,Alloa and Grangemouth,6
3170,702845,Extend free bus travel for people over 60 in England,,Angus and Perthshire Glens,8
3171,702845,Extend free bus travel for people over 60 in England,,Arbroath and Broughty Ferry,8
3172,702845,Extend free bus travel for people over 60 in England,,"Argyll, Bute and South Lochaber",8
3173,702845,Extend free bus travel for people over 60 in England,,Bathgate and Linlithgow,5
3174,702845,Extend free bus travel for people over 60 in England,,"Caithness, Sutherland and Easter Ross",7
3175,702845,Extend free bus travel for people over 60 in England,,Coatbridge and Bellshill,7
3176,702845,Extend free bus travel for people over 60 in England,,Cowdenbeath and Kirkcaldy,9
3177,702845,Extend free bus travel for people over 60 in England,,Cumbernauld and Kirkintilloch,5
3178,702845,Extend free bus travel for people over 60 in England,,Dumfries and Galloway,6
3179,702845,Extend free bus travel for people over 60 in England,,"Dumfriesshire, Clydesdale and Tweeddale",3
3180,702845,Extend free bus travel for people over 60 in England,,Dundee Central,8
3181,702845,Extend free bus travel for people over 60 in England,,Dunfermline and Dollar,8
3182,702845,Extend free bus travel for people over 60 in England,,East Kilbride and Strathaven,10
3183,702845,Extend free bus travel for people over 60 in England,,Edinburgh East and Musselburgh,14
3184,702845,Extend free bus travel for people over 60 in England,,Edinburgh North and Leith,6
3185,702845,Extend free bus travel for people over 60 in England,,Edinburgh South,5
3186,702845,Extend free bus travel for people over 60 in England,,Edinburgh South West,3
3187,702845,Extend free bus travel for people over 60 in England,,Edinburgh West,10
3188,702845,Extend free bus travel for people over 60 in England,,Falkirk,8
3189,702845,Extend free bus travel for people over 60 in England,,Glasgow East,8
3190,702845,Extend free bus travel for people over 60 in England,,Glasgow North,9
3191,702845,Extend free bus travel for people over 60 in England,,Glasgow North East,17
3192,702845,Extend free bus travel for people over 60 in England,,Glasgow South,8
3193,702845,Extend free bus travel for people over 60 in England,,Glasgow South West,8
3194,702845,Extend free bus travel for people over 60 in England,,Glasgow West,6
3195,702845,Extend free bus travel for people over 60 in England,,Glenrothes and Mid Fife,6
3196,702845,Extend free bus travel for people over 60 in England,,Gordon and Buchan,4
3197,702845,Extend free bus travel for people over 60 in England,,Hamilton and Clyde Valley,8
3198,702845,Extend free bus travel for people over 60 in England,,Inverclyde and Renfrewshire West,5
3199,702845,Extend free bus travel for people over 60 in England,,"Inverness, Skye and West Ross-shire",10
3200,702845,Extend free bus travel for people over 60 in England,,Livingston,8
3201,702845,Extend free bus travel for people over 60 in England,,Lothian East,8
3202,702845,Extend free bus travel for people over 60 in England,,Mid Dunbartonshire,6
3203,702845,Extend free bus travel for people over 60 in England,,"Moray West, Nairn and Strathspey",10
3204,702845,Extend free bus travel for people over 60 in England,,"Motherwell, Wishaw and Carluke",8
3205,702845,Extend free bus travel for people over 60 in England,,North East Fife,7
3206,702845,Extend free bus travel for people over 60 in England,,Paisley and Renfrewshire North,3
3207,702845,Extend free bus travel for people over 60 in England,,Paisley and Renfrewshire South,6
3208,702845,Extend free bus travel for people over 60 in England,,Perth and Kinross-shire,7
3209,702845,Extend free bus travel for people over 60 in England,,Rutherglen,2
3210,702845,Extend free bus travel for people over 60 in England,,Stirling and Strathallan,5
3211,702845,Extend free bus travel for people over 60 in England,,West Dunbartonshire,10
3212,702845,Extend free bus travel for people over 60 in England,,"Ayr, Carrick and Cumnock",10
3213,702845,Extend free bus travel for people over 60 in England,,"Berwickshire, Roxburgh and Selkirk",9
3214,702845,Extend free bus travel for people over 60 in England,,Central Ayrshire,8
3215,702845,Extend free bus travel for people over 60 in England,,Kilmarnock and Loudoun,3
3216,702845,Extend free bus travel for people over 60 in England,,West Aberdeenshire and Kincardine,7
3217,702845,Extend free bus travel for people over 60 in England,,Aberafan Maesteg,7
3218,702845,Extend free bus travel for people over 60 in England,,Alyn and Deeside,21
3219,702845,Extend free bus travel for people over 60 in England,,Bangor Aberconwy,13
3220,702845,Extend free bus travel for people over 60 in England,,Blaenau Gwent and Rhymney,6
3221,702845,Extend free bus travel for people over 60 in England,,"Brecon, Radnor and Cwm Tawe",16
3222,702845,Extend free bus travel for people over 60 in England,,Bridgend,9
3223,702845,Extend free bus travel for people over 60 in England,,Caerfyrddin,11
3224,702845,Extend free bus travel for people over 60 in England,,Caerphilly,12
3225,702845,Extend free bus travel for people over 60 in England,,Cardiff East,7
3226,702845,Extend free bus travel for people over 60 in England,,Cardiff North,6
3227,702845,Extend free bus travel for people over 60 in England,,Cardiff South and Penarth,7
3228,702845,Extend free bus travel for people over 60 in England,,Cardiff West,7
3229,702845,Extend free bus travel for people over 60 in England,,Ceredigion Preseli,18
3230,702845,Extend free bus travel for people over 60 in England,,Clwyd East,19
3231,702845,Extend free bus travel for people over 60 in England,,Clwyd North,25
3232,702845,Extend free bus travel for people over 60 in England,,Dwyfor Meirionnydd,9
3233,702845,Extend free bus travel for people over 60 in England,,Gower,9
3234,702845,Extend free bus travel for people over 60 in England,,Llanelli,5
3235,702845,Extend free bus travel for people over 60 in England,,Merthyr Tydfil and Aberdare,7
3236,702845,Extend free bus travel for people over 60 in England,,Mid and South Pembrokeshire,6
3237,702845,Extend free bus travel for people over 60 in England,,Monmouthshire,14
3238,702845,Extend free bus travel for people over 60 in England,,Montgomeryshire and Glyndŵr,12
3239,702845,Extend free bus travel for people over 60 in England,,Neath and Swansea East,7
3240,702845,Extend free bus travel for people over 60 in England,,Newport East,12
3241,702845,Extend free bus travel for people over 60 in England,,Newport West and Islwyn,7
3242,702845,Extend free bus travel for people over 60 in England,,Pontypridd,7
3243,702845,Extend free bus travel for people over 60 in England,,Rhondda and Ogmore,3
3244,702845,Extend free bus travel for people over 60 in England,,Swansea West,3
3245,702845,Extend free bus travel for people over 60 in England,,Torfaen,8
3246,702845,Extend free bus travel for people over 60 in England,,Vale of Glamorgan,8
3247,702845,Extend free bus travel for people over 60 in England,,Wrexham,8
3248,702845,Extend free bus travel for people over 60 in England,,Ynys Môn,4
3249,730605,Mandatory collection and publication of certain child sexual offender data,,Aldershot,440
3250,730605,Mandatory collection and publication of certain child sexual offender data,,Aldridge-Brownhills,488
3251,730605,Mandatory collection and publication of certain child sexual offender data,,Altrincham and Sale West,372
3252,730605,Mandatory collection and publication of certain child sexual offender data,,Amber Valley,452
3253,730605,Mandatory collection and publication of certain child sexual offender data,,Arundel and South Downs,400
3254,730605,Mandatory collection and publication of certain child sexual offender data,,Ashfield,541
3255,730605,Mandatory collection and publication of certain child sexual offender data,,Ashford,503
3256,730605,Mandatory collection and publication of certain child sexual offender data,,Ashton-under-Lyne,446
3257,730605,Mandatory collection and publication of certain child sexual offender data,,Aylesbury,371
3258,730605,Mandatory collection and publication of certain child sexual offender data,,Banbury,365
3259,730605,Mandatory collection and publication of certain child sexual offender data,,Barking,196
3260,730605,Mandatory collection and publication of certain child sexual offender data,,Barnsley North,553
3261,730605,Mandatory collection and publication of certain child sexual offender data,,Barnsley South,545
3262,730605,Mandatory collection and publication of certain child sexual offender data,,Barrow and Furness,741
3263,730605,Mandatory collection and publication of certain child sexual offender data,,Basildon and Billericay,517
3264,730605,Mandatory collection and publication of certain child sexual offender data,,Basingstoke,416
3265,730605,Mandatory collection and publication of certain child sexual offender data,,Bassetlaw,623
3266,730605,Mandatory collection and publication of certain child sexual offender data,,Bath,204
3267,730605,Mandatory collection and publication of certain child sexual offender data,,Battersea,147
3268,730605,Mandatory collection and publication of certain child sexual offender data,,Beaconsfield,330
3269,730605,Mandatory collection and publication of certain child sexual offender data,,Beckenham and Penge,235
3270,730605,Mandatory collection and publication of certain child sexual offender data,,Bedford,228
3271,730605,Mandatory collection and publication of certain child sexual offender data,,Bermondsey and Old Southwark,158
3272,730605,Mandatory collection and publication of certain child sexual offender data,,Bethnal Green and Stepney,105
3273,730605,Mandatory collection and publication of certain child sexual offender data,,Beverley and Holderness,513
3274,730605,Mandatory collection and publication of certain child sexual offender data,,Bexhill and Battle,444
3275,730605,Mandatory collection and publication of certain child sexual offender data,,Bexleyheath and Crayford,385
3276,730605,Mandatory collection and publication of certain child sexual offender data,,Bicester and Woodstock,313
3277,730605,Mandatory collection and publication of certain child sexual offender data,,Birkenhead,490
3278,730605,Mandatory collection and publication of certain child sexual offender data,,Birmingham Edgbaston,239
3279,730605,Mandatory collection and publication of certain child sexual offender data,,Birmingham Erdington,404
3280,730605,Mandatory collection and publication of certain child sexual offender data,,Birmingham Hall Green and Moseley,122
3281,730605,Mandatory collection and publication of certain child sexual offender data,,Birmingham Hodge Hill and Solihull North,339
3282,730605,Mandatory collection and publication of certain child sexual offender data,,Birmingham Ladywood,106
3283,730605,Mandatory collection and publication of certain child sexual offender data,,Birmingham Northfield,390
3284,730605,Mandatory collection and publication of certain child sexual offender data,,Birmingham Perry Barr,104
3285,730605,Mandatory collection and publication of certain child sexual offender data,,Birmingham Selly Oak,259
3286,730605,Mandatory collection and publication of certain child sexual offender data,,Birmingham Yardley,263
3287,730605,Mandatory collection and publication of certain child sexual offender data,,Bishop Auckland,577
3288,730605,Mandatory collection and publication of certain child sexual offender data,,Blackburn,308
3289,730605,Mandatory collection and publication of certain child sexual offender data,,Blackley and Middleton South,404
3290,730605,Mandatory collection and publication of certain child sexual offender data,,Blackpool North and Fleetwood,680
3291,730605,Mandatory collection and publication of certain child sexual offender data,,Blackpool South,590
3292,730605,Mandatory collection and publication of certain child sexual offender data,,Blaydon and Consett,603
3293,730605,Mandatory collection and publication of certain child sexual offender data,,Blyth and Ashington,668
3294,730605,Mandatory collection and publication of certain child sexual offender data,,Bognor Regis and Littlehampton,480
3295,730605,Mandatory collection and publication of certain child sexual offender data,,Bolsover,597
3296,730605,Mandatory collection and publication of certain child sexual offender data,,Bolton North East,526
3297,730605,Mandatory collection and publication of certain child sexual offender data,,Bolton South and Walkden,428
3298,730605,Mandatory collection and publication of certain child sexual offender data,,Bolton West,509
3299,730605,Mandatory collection and publication of certain child sexual offender data,,Bootle,438
3300,730605,Mandatory collection and publication of certain child sexual offender data,,Boston and Skegness,533
3301,730605,Mandatory collection and publication of certain child sexual offender data,,Bournemouth East,456
3302,730605,Mandatory collection and publication of certain child sexual offender data,,Bournemouth West,451
3303,730605,Mandatory collection and publication of certain child sexual offender data,,Bracknell,381
3304,730605,Mandatory collection and publication of certain child sexual offender data,,Bradford East,330
3305,730605,Mandatory collection and publication of certain child sexual offender data,,Bradford South,478
3306,730605,Mandatory collection and publication of certain child sexual offender data,,Bradford West,185
3307,730605,Mandatory collection and publication of certain child sexual offender data,,Braintree,597
3308,730605,Mandatory collection and publication of certain child sexual offender data,,Brent East,92
3309,730605,Mandatory collection and publication of certain child sexual offender data,,Brent West,89
3310,730605,Mandatory collection and publication of certain child sexual offender data,,Brentford and Isleworth,201
3311,730605,Mandatory collection and publication of certain child sexual offender data,,Brentwood and Ongar,635
3312,730605,Mandatory collection and publication of certain child sexual offender data,,Bridgwater,458
3313,730605,Mandatory collection and publication of certain child sexual offender data,,Bridlington and The Wolds,595
3314,730605,Mandatory collection and publication of certain child sexual offender data,,Brigg and Immingham,546
3315,730605,Mandatory collection and publication of certain child sexual offender data,,Brighton Kemptown and Peacehaven,304
3316,730605,Mandatory collection and publication of certain child sexual offender data,,Brighton Pavilion,220
3317,730605,Mandatory collection and publication of certain child sexual offender data,,Bristol Central,101
3318,730605,Mandatory collection and publication of certain child sexual offender data,,Bristol East,265
3319,730605,Mandatory collection and publication of certain child sexual offender data,,Bristol North East,277
3320,730605,Mandatory collection and publication of certain child sexual offender data,,Bristol North West,282
3321,730605,Mandatory collection and publication of certain child sexual offender data,,Bristol South,377
3322,730605,Mandatory collection and publication of certain child sexual offender data,,Broadland and Fakenham,503
3323,730605,Mandatory collection and publication of certain child sexual offender data,,Bromley and Biggin Hill,309
3324,730605,Mandatory collection and publication of certain child sexual offender data,,Bromsgrove,439
3325,730605,Mandatory collection and publication of certain child sexual offender data,,Broxbourne,459
3326,730605,Mandatory collection and publication of certain child sexual offender data,,Broxtowe,370
3327,730605,Mandatory collection and publication of certain child sexual offender data,,Buckingham and Bletchley,381
3328,730605,Mandatory collection and publication of certain child sexual offender data,,Burnley,570
3329,730605,Mandatory collection and publication of certain child sexual offender data,,Burton and Uttoxeter,420
3330,730605,Mandatory collection and publication of certain child sexual offender data,,Bury North,498
3331,730605,Mandatory collection and publication of certain child sexual offender data,,Bury South,390
3332,730605,Mandatory collection and publication of certain child sexual offender data,,Bury St Edmunds and Stowmarket,433
3333,730605,Mandatory collection and publication of certain child sexual offender data,,Calder Valley,525
3334,730605,Mandatory collection and publication of certain child sexual offender data,,Camborne and Redruth,409
3335,730605,Mandatory collection and publication of certain child sexual offender data,,Cambridge,160
3336,730605,Mandatory collection and publication of certain child sexual offender data,,Cannock Chase,569
3337,730605,Mandatory collection and publication of certain child sexual offender data,,Canterbury,327
3338,730605,Mandatory collection and publication of certain child sexual offender data,,Carlisle,613
3339,730605,Mandatory collection and publication of certain child sexual offender data,,Carshalton and Wallington,327
3340,730605,Mandatory collection and publication of certain child sexual offender data,,Castle Point,644
3341,730605,Mandatory collection and publication of certain child sexual offender data,,Central Devon,420
3342,730605,Mandatory collection and publication of certain child sexual offender data,,Central Suffolk and North Ipswich,400
3343,730605,Mandatory collection and publication of certain child sexual offender data,,Chatham and Aylesford,436
3344,730605,Mandatory collection and publication of certain child sexual offender data,,Cheadle,371
3345,730605,Mandatory collection and publication of certain child sexual offender data,,Chelmsford,470
3346,730605,Mandatory collection and publication of certain child sexual offender data,,Chelsea and Fulham,235
3347,730605,Mandatory collection and publication of certain child sexual offender data,,Cheltenham,343
3348,730605,Mandatory collection and publication of certain child sexual offender data,,Chesham and Amersham,302
3349,730605,Mandatory collection and publication of certain child sexual offender data,,Chester North and Neston,330
3350,730605,Mandatory collection and publication of certain child sexual offender data,,Chester South and Eddisbury,370
3351,730605,Mandatory collection and publication of certain child sexual offender data,,Chesterfield,416
3352,730605,Mandatory collection and publication of certain child sexual offender data,,Chichester,459
3353,730605,Mandatory collection and publication of certain child sexual offender data,,Chingford and Woodford Green,310
3354,730605,Mandatory collection and publication of certain child sexual offender data,,Chippenham,351
3355,730605,Mandatory collection and publication of certain child sexual offender data,,Chipping Barnet,189
3356,730605,Mandatory collection and publication of certain child sexual offender data,,Chorley,521
3357,730605,Mandatory collection and publication of certain child sexual offender data,,Christchurch,463
3358,730605,Mandatory collection and publication of certain child sexual offender data,,Cities of London and Westminster,249
3359,730605,Mandatory collection and publication of certain child sexual offender data,,City of Durham,421
3360,730605,Mandatory collection and publication of certain child sexual offender data,,Clacton,646
3361,730605,Mandatory collection and publication of certain child sexual offender data,,Clapham and Brixton Hill,78
3362,730605,Mandatory collection and publication of certain child sexual offender data,,Colchester,427
3363,730605,Mandatory collection and publication of certain child sexual offender data,,Colne Valley,479
3364,730605,Mandatory collection and publication of certain child sexual offender data,,Congleton,469
3365,730605,Mandatory collection and publication of certain child sexual offender data,,Corby and East Northamptonshire,466
3366,730605,Mandatory collection and publication of certain child sexual offender data,,Coventry East,323
3367,730605,Mandatory collection and publication of certain child sexual offender data,,Coventry North West,384
3368,730605,Mandatory collection and publication of certain child sexual offender data,,Coventry South,296
3369,730605,Mandatory collection and publication of certain child sexual offender data,,Cramlington and Killingworth,565
3370,730605,Mandatory collection and publication of certain child sexual offender data,,Crawley,412
3371,730605,Mandatory collection and publication of certain child sexual offender data,,Crewe and Nantwich,518
3372,730605,Mandatory collection and publication of certain child sexual offender data,,Croydon East,238
3373,730605,Mandatory collection and publication of certain child sexual offender data,,Croydon South,257
3374,730605,Mandatory collection and publication of certain child sexual offender data,,Croydon West,117
3375,730605,Mandatory collection and publication of certain child sexual offender data,,Dagenham and Rainham,352
3376,730605,Mandatory collection and publication of certain child sexual offender data,,Darlington,519
3377,730605,Mandatory collection and publication of certain child sexual offender data,,Dartford,420
3378,730605,Mandatory collection and publication of certain child sexual offender data,,Daventry,519
3379,730605,Mandatory collection and publication of certain child sexual offender data,,Derby North,377
3380,730605,Mandatory collection and publication of certain child sexual offender data,,Derby South,347
3381,730605,Mandatory collection and publication of certain child sexual offender data,,Derbyshire Dales,395
3382,730605,Mandatory collection and publication of certain child sexual offender data,,Dewsbury and Batley,348
3383,730605,Mandatory collection and publication of certain child sexual offender data,,Didcot and Wantage,341
3384,730605,Mandatory collection and publication of certain child sexual offender data,,Doncaster Central,500
3385,730605,Mandatory collection and publication of certain child sexual offender data,,Doncaster East and the Isle of Axholme,601
3386,730605,Mandatory collection and publication of certain child sexual offender data,,Doncaster North,566
3387,730605,Mandatory collection and publication of certain child sexual offender data,,Dorking and Horley,346
3388,730605,Mandatory collection and publication of certain child sexual offender data,,Dover and Deal,489
3389,730605,Mandatory collection and publication of certain child sexual offender data,,Droitwich and Evesham,430
3390,730605,Mandatory collection and publication of certain child sexual offender data,,Dudley,398
3391,730605,Mandatory collection and publication of certain child sexual offender data,,Dulwich and West Norwood,105
3392,730605,Mandatory collection and publication of certain child sexual offender data,,Dunstable and Leighton Buzzard,408
3393,730605,Mandatory collection and publication of certain child sexual offender data,,Ealing Central and Acton,179
3394,730605,Mandatory collection and publication of certain child sexual offender data,,Ealing North,140
3395,730605,Mandatory collection and publication of certain child sexual offender data,,Ealing Southall,102
3396,730605,Mandatory collection and publication of certain child sexual offender data,,Earley and Woodley,247
3397,730605,Mandatory collection and publication of certain child sexual offender data,,Easington,619
3398,730605,Mandatory collection and publication of certain child sexual offender data,,East Grinstead and Uckfield,417
3399,730605,Mandatory collection and publication of certain child sexual offender data,,East Ham,52
3400,730605,Mandatory collection and publication of certain child sexual offender data,,East Hampshire,385
3401,730605,Mandatory collection and publication of certain child sexual offender data,,East Surrey,373
3402,730605,Mandatory collection and publication of certain child sexual offender data,,East Thanet,472
3403,730605,Mandatory collection and publication of certain child sexual offender data,,East Wiltshire,410
3404,730605,Mandatory collection and publication of certain child sexual offender data,,East Worthing and Shoreham,405
3405,730605,Mandatory collection and publication of certain child sexual offender data,,Eastbourne,408
3406,730605,Mandatory collection and publication of certain child sexual offender data,,Eastleigh,392
3407,730605,Mandatory collection and publication of certain child sexual offender data,,Edmonton and Winchmore Hill,117
3408,730605,Mandatory collection and publication of certain child sexual offender data,,Ellesmere Port and Bromborough,517
3409,730605,Mandatory collection and publication of certain child sexual offender data,,Eltham and Chislehurst,343
3410,730605,Mandatory collection and publication of certain child sexual offender data,,Ely and East Cambridgeshire,376
3411,730605,Mandatory collection and publication of certain child sexual offender data,,Enfield North,237
3412,730605,Mandatory collection and publication of certain child sexual offender data,,Epping Forest,557
3413,730605,Mandatory collection and publication of certain child sexual offender data,,Epsom and Ewell,311
3414,730605,Mandatory collection and publication of certain child sexual offender data,,Erewash,523
3415,730605,Mandatory collection and publication of certain child sexual offender data,,Erith and Thamesmead,252
3416,730605,Mandatory collection and publication of certain child sexual offender data,,Esher and Walton,283
3417,730605,Mandatory collection and publication of certain child sexual offender data,,Exeter,334
3418,730605,Mandatory collection and publication of certain child sexual offender data,,Exmouth and Exeter East,443
3419,730605,Mandatory collection and publication of certain child sexual offender data,,Fareham and Waterlooville,552
3420,730605,Mandatory collection and publication of certain child sexual offender data,,Farnham and Bordon,347
3421,730605,Mandatory collection and publication of certain child sexual offender data,,Faversham and Mid Kent,444
3422,730605,Mandatory collection and publication of certain child sexual offender data,,Feltham and Heston,184
3423,730605,Mandatory collection and publication of certain child sexual offender data,,Filton and Bradley Stoke,325
3424,730605,Mandatory collection and publication of certain child sexual offender data,,Finchley and Golders Green,142
3425,730605,Mandatory collection and publication of certain child sexual offender data,,Folkestone and Hythe,461
3426,730605,Mandatory collection and publication of certain child sexual offender data,,Forest of Dean,396
3427,730605,Mandatory collection and publication of certain child sexual offender data,,Frome and East Somerset,306
3428,730605,Mandatory collection and publication of certain child sexual offender data,,Fylde,636
3429,730605,Mandatory collection and publication of certain child sexual offender data,,Gainsborough,491
3430,730605,Mandatory collection and publication of certain child sexual offender data,,Gateshead Central and Whickham,512
3431,730605,Mandatory collection and publication of certain child sexual offender data,,Gedling,406
3432,730605,Mandatory collection and publication of certain child sexual offender data,,Gillingham and Rainham,421
3433,730605,Mandatory collection and publication of certain child sexual offender data,,Glastonbury and Somerton,386
3434,730605,Mandatory collection and publication of certain child sexual offender data,,Gloucester,341
3435,730605,Mandatory collection and publication of certain child sexual offender data,,Godalming and Ash,326
3436,730605,Mandatory collection and publication of certain child sexual offender data,,Goole and Pocklington,528
3437,730605,Mandatory collection and publication of certain child sexual offender data,,Gorton and Denton,360
3438,730605,Mandatory collection and publication of certain child sexual offender data,,Gosport,541
3439,730605,Mandatory collection and publication of certain child sexual offender data,,Grantham and Bourne,497
3440,730605,Mandatory collection and publication of certain child sexual offender data,,Gravesham,384
3441,730605,Mandatory collection and publication of certain child sexual offender data,,Great Grimsby and Cleethorpes,559
3442,730605,Mandatory collection and publication of certain child sexual offender data,,Great Yarmouth,1293
3443,730605,Mandatory collection and publication of certain child sexual offender data,,Greenwich and Woolwich,156
3444,730605,Mandatory collection and publication of certain child sexual offender data,,Guildford,262
3445,730605,Mandatory collection and publication of certain child sexual offender data,,Hackney North and Stoke Newington,75
3446,730605,Mandatory collection and publication of certain child sexual offender data,,Hackney South and Shoreditch,104
3447,730605,Mandatory collection and publication of certain child sexual offender data,,Halesowen,391
3448,730605,Mandatory collection and publication of certain child sexual offender data,,Halifax,478
3449,730605,Mandatory collection and publication of certain child sexual offender data,,Hamble Valley,497
3450,730605,Mandatory collection and publication of certain child sexual offender data,,Hammersmith and Chiswick,171
3451,730605,Mandatory collection and publication of certain child sexual offender data,,Hampstead and Highgate,152
3452,730605,Mandatory collection and publication of certain child sexual offender data,,"Harborough, Oadby and Wigston",340
3453,730605,Mandatory collection and publication of certain child sexual offender data,,Harlow,564
3454,730605,Mandatory collection and publication of certain child sexual offender data,,Harpenden and Berkhamsted,294
3455,730605,Mandatory collection and publication of certain child sexual offender data,,Harrogate and Knaresborough,411
3456,730605,Mandatory collection and publication of certain child sexual offender data,,Harrow East,132
3457,730605,Mandatory collection and publication of certain child sexual offender data,,Harrow West,120
3458,730605,Mandatory collection and publication of certain child sexual offender data,,Hartlepool,646
3459,730605,Mandatory collection and publication of certain child sexual offender data,,Harwich and North Essex,499
3460,730605,Mandatory collection and publication of certain child sexual offender data,,Hastings and Rye,426
3461,730605,Mandatory collection and publication of certain child sexual offender data,,Havant,553
3462,730605,Mandatory collection and publication of certain child sexual offender data,,Hayes and Harlington,163
3463,730605,Mandatory collection and publication of certain child sexual offender data,,Hazel Grove,546
3464,730605,Mandatory collection and publication of certain child sexual offender data,,Hemel Hempstead,396
3465,730605,Mandatory collection and publication of certain child sexual offender data,,Hendon,161
3466,730605,Mandatory collection and publication of certain child sexual offender data,,Henley and Thame,303
3467,730605,Mandatory collection and publication of certain child sexual offender data,,Hereford and South Herefordshire,396
3468,730605,Mandatory collection and publication of certain child sexual offender data,,Herne Bay and Sandwich,522
3469,730605,Mandatory collection and publication of certain child sexual offender data,,Hertford and Stortford,448
3470,730605,Mandatory collection and publication of certain child sexual offender data,,Hertsmere,331
3471,730605,Mandatory collection and publication of certain child sexual offender data,,Hexham,532
3472,730605,Mandatory collection and publication of certain child sexual offender data,,Heywood and Middleton North,730
3473,730605,Mandatory collection and publication of certain child sexual offender data,,High Peak,516
3474,730605,Mandatory collection and publication of certain child sexual offender data,,Hinckley and Bosworth,464
3475,730605,Mandatory collection and publication of certain child sexual offender data,,Hitchin,384
3476,730605,Mandatory collection and publication of certain child sexual offender data,,Holborn and St Pancras,151
3477,730605,Mandatory collection and publication of certain child sexual offender data,,Honiton and Sidmouth,377
3478,730605,Mandatory collection and publication of certain child sexual offender data,,Hornchurch and Upminster,527
3479,730605,Mandatory collection and publication of certain child sexual offender data,,Hornsey and Friern Barnet,94
3480,730605,Mandatory collection and publication of certain child sexual offender data,,Horsham,381
3481,730605,Mandatory collection and publication of certain child sexual offender data,,Houghton and Sunderland South,810
3482,730605,Mandatory collection and publication of certain child sexual offender data,,Hove and Portslade,223
3483,730605,Mandatory collection and publication of certain child sexual offender data,,Huddersfield,352
3484,730605,Mandatory collection and publication of certain child sexual offender data,,Huntingdon,429
3485,730605,Mandatory collection and publication of certain child sexual offender data,,Hyndburn,495
3486,730605,Mandatory collection and publication of certain child sexual offender data,,Ilford North,151
3487,730605,Mandatory collection and publication of certain child sexual offender data,,Ilford South,102
3488,730605,Mandatory collection and publication of certain child sexual offender data,,Ipswich,333
3489,730605,Mandatory collection and publication of certain child sexual offender data,,Isle of Wight East,386
3490,730605,Mandatory collection and publication of certain child sexual offender data,,Isle of Wight West,352
3491,730605,Mandatory collection and publication of certain child sexual offender data,,Islington North,122
3492,730605,Mandatory collection and publication of certain child sexual offender data,,Islington South and Finsbury,202
3493,730605,Mandatory collection and publication of certain child sexual offender data,,Jarrow and Gateshead East,651
3494,730605,Mandatory collection and publication of certain child sexual offender data,,Keighley and Ilkley,487
3495,730605,Mandatory collection and publication of certain child sexual offender data,,Kenilworth and Southam,391
3496,730605,Mandatory collection and publication of certain child sexual offender data,,Kensington and Bayswater,194
3497,730605,Mandatory collection and publication of certain child sexual offender data,,Kettering,447
3498,730605,Mandatory collection and publication of certain child sexual offender data,,Kingston and Surbiton,233
3499,730605,Mandatory collection and publication of certain child sexual offender data,,Kingston upon Hull East,480
3500,730605,Mandatory collection and publication of certain child sexual offender data,,Kingston upon Hull North and Cottingham,493
3501,730605,Mandatory collection and publication of certain child sexual offender data,,Kingston upon Hull West and Haltemprice,565
3502,730605,Mandatory collection and publication of certain child sexual offender data,,Kingswinford and South Staffordshire,429
3503,730605,Mandatory collection and publication of certain child sexual offender data,,Knowsley,399
3504,730605,Mandatory collection and publication of certain child sexual offender data,,Lancaster and Wyre,543
3505,730605,Mandatory collection and publication of certain child sexual offender data,,Leeds Central and Headingley,172
3506,730605,Mandatory collection and publication of certain child sexual offender data,,Leeds East,482
3507,730605,Mandatory collection and publication of certain child sexual offender data,,Leeds North East,226
3508,730605,Mandatory collection and publication of certain child sexual offender data,,Leeds North West,422
3509,730605,Mandatory collection and publication of certain child sexual offender data,,Leeds South,445
3510,730605,Mandatory collection and publication of certain child sexual offender data,,Leeds South West and Morley,620
3511,730605,Mandatory collection and publication of certain child sexual offender data,,Leeds West and Pudsey,452
3512,730605,Mandatory collection and publication of certain child sexual offender data,,Leicester East,120
3513,730605,Mandatory collection and publication of certain child sexual offender data,,Leicester South,146
3514,730605,Mandatory collection and publication of certain child sexual offender data,,Leicester West,288
3515,730605,Mandatory collection and publication of certain child sexual offender data,,Leigh and Atherton,635
3516,730605,Mandatory collection and publication of certain child sexual offender data,,Lewes,390
3517,730605,Mandatory collection and publication of certain child sexual offender data,,Lewisham East,140
3518,730605,Mandatory collection and publication of certain child sexual offender data,,Lewisham North,107
3519,730605,Mandatory collection and publication of certain child sexual offender data,,Lewisham West and East Dulwich,87
3520,730605,Mandatory collection and publication of certain child sexual offender data,,Leyton and Wanstead,140
3521,730605,Mandatory collection and publication of certain child sexual offender data,,Lichfield,460
3522,730605,Mandatory collection and publication of certain child sexual offender data,,Lincoln,441
3523,730605,Mandatory collection and publication of certain child sexual offender data,,Liverpool Garston,409
3524,730605,Mandatory collection and publication of certain child sexual offender data,,Liverpool Riverside,292
3525,730605,Mandatory collection and publication of certain child sexual offender data,,Liverpool Walton,427
3526,730605,Mandatory collection and publication of certain child sexual offender data,,Liverpool Wavertree,259
3527,730605,Mandatory collection and publication of certain child sexual offender data,,Liverpool West Derby,391
3528,730605,Mandatory collection and publication of certain child sexual offender data,,Loughborough,314
3529,730605,Mandatory collection and publication of certain child sexual offender data,,Louth and Horncastle,589
3530,730605,Mandatory collection and publication of certain child sexual offender data,,Lowestoft,608
3531,730605,Mandatory collection and publication of certain child sexual offender data,,Luton North,208
3532,730605,Mandatory collection and publication of certain child sexual offender data,,Luton South and South Bedfordshire,223
3533,730605,Mandatory collection and publication of certain child sexual offender data,,Macclesfield,361
3534,730605,Mandatory collection and publication of certain child sexual offender data,,Maidenhead,322
3535,730605,Mandatory collection and publication of certain child sexual offender data,,Maidstone and Malling,434
3536,730605,Mandatory collection and publication of certain child sexual offender data,,Makerfield,596
3537,730605,Mandatory collection and publication of certain child sexual offender data,,Maldon,609
3538,730605,Mandatory collection and publication of certain child sexual offender data,,Manchester Central,388
3539,730605,Mandatory collection and publication of certain child sexual offender data,,Manchester Rusholme,92
3540,730605,Mandatory collection and publication of certain child sexual offender data,,Manchester Withington,154
3541,730605,Mandatory collection and publication of certain child sexual offender data,,Mansfield,456
3542,730605,Mandatory collection and publication of certain child sexual offender data,,Melksham and Devizes,347
3543,730605,Mandatory collection and publication of certain child sexual offender data,,Melton and Syston,424
3544,730605,Mandatory collection and publication of certain child sexual offender data,,Meriden and Solihull East,476
3545,730605,Mandatory collection and publication of certain child sexual offender data,,Mid Bedfordshire,370
3546,730605,Mandatory collection and publication of certain child sexual offender data,,Mid Buckinghamshire,352
3547,730605,Mandatory collection and publication of certain child sexual offender data,,Mid Cheshire,479
3548,730605,Mandatory collection and publication of certain child sexual offender data,,Mid Derbyshire,423
3549,730605,Mandatory collection and publication of certain child sexual offender data,,Mid Dorset and North Poole,473
3550,730605,Mandatory collection and publication of certain child sexual offender data,,Mid Leicestershire,401
3551,730605,Mandatory collection and publication of certain child sexual offender data,,Mid Norfolk,480
3552,730605,Mandatory collection and publication of certain child sexual offender data,,Mid Sussex,346
3553,730605,Mandatory collection and publication of certain child sexual offender data,,Middlesbrough and Thornaby East,564
3554,730605,Mandatory collection and publication of certain child sexual offender data,,Middlesbrough South and East Cleveland,731
3555,730605,Mandatory collection and publication of certain child sexual offender data,,Milton Keynes Central,342
3556,730605,Mandatory collection and publication of certain child sexual offender data,,Milton Keynes North,405
3557,730605,Mandatory collection and publication of certain child sexual offender data,,Mitcham and Morden,180
3558,730605,Mandatory collection and publication of certain child sexual offender data,,Morecambe and Lunesdale,630
3559,730605,Mandatory collection and publication of certain child sexual offender data,,New Forest East,491
3560,730605,Mandatory collection and publication of certain child sexual offender data,,New Forest West,399
3561,730605,Mandatory collection and publication of certain child sexual offender data,,Newark,511
3562,730605,Mandatory collection and publication of certain child sexual offender data,,Newbury,370
3563,730605,Mandatory collection and publication of certain child sexual offender data,,Newcastle upon Tyne Central and West,632
3564,730605,Mandatory collection and publication of certain child sexual offender data,,Newcastle upon Tyne East and Wallsend,557
3565,730605,Mandatory collection and publication of certain child sexual offender data,,Newcastle upon Tyne North,405
3566,730605,Mandatory collection and publication of certain child sexual offender data,,Newcastle-under-Lyme,446
3567,730605,Mandatory collection and publication of certain child sexual offender data,,Newton Abbot,435
3568,730605,Mandatory collection and publication of certain child sexual offender data,,Newton Aycliffe and Spennymoor,602
3569,730605,Mandatory collection and publication of certain child sexual offender data,,Normanton and Hemsworth,644
3570,730605,Mandatory collection and publication of certain child sexual offender data,,North Bedfordshire,461
3571,730605,Mandatory collection and publication of certain child sexual offender data,,North Cornwall,461
3572,730605,Mandatory collection and publication of certain child sexual offender data,,North Cotswolds,347
3573,730605,Mandatory collection and publication of certain child sexual offender data,,North Devon,484
3574,730605,Mandatory collection and publication of certain child sexual offender data,,North Dorset,434
3575,730605,Mandatory collection and publication of certain child sexual offender data,,North Durham,576
3576,730605,Mandatory collection and publication of certain child sexual offender data,,North East Cambridgeshire,517
3577,730605,Mandatory collection and publication of certain child sexual offender data,,North East Derbyshire,501
3578,730605,Mandatory collection and publication of certain child sexual offender data,,North East Hampshire,427
3579,730605,Mandatory collection and publication of certain child sexual offender data,,North East Hertfordshire,443
3580,730605,Mandatory collection and publication of certain child sexual offender data,,North East Somerset and Hanham,381
3581,730605,Mandatory collection and publication of certain child sexual offender data,,North Herefordshire,418
3582,730605,Mandatory collection and publication of certain child sexual offender data,,North Norfolk,497
3583,730605,Mandatory collection and publication of certain child sexual offender data,,North Northumberland,527
3584,730605,Mandatory collection and publication of certain child sexual offender data,,North Shropshire,519
3585,730605,Mandatory collection and publication of certain child sexual offender data,,North Somerset,315
3586,730605,Mandatory collection and publication of certain child sexual offender data,,North Warwickshire and Bedworth,542
3587,730605,Mandatory collection and publication of certain child sexual offender data,,North West Cambridgeshire,475
3588,730605,Mandatory collection and publication of certain child sexual offender data,,North West Essex,565
3589,730605,Mandatory collection and publication of certain child sexual offender data,,North West Hampshire,411
3590,730605,Mandatory collection and publication of certain child sexual offender data,,North West Leicestershire,481
3591,730605,Mandatory collection and publication of certain child sexual offender data,,North West Norfolk,434
3592,730605,Mandatory collection and publication of certain child sexual offender data,,Northampton North,358
3593,730605,Mandatory collection and publication of certain child sexual offender data,,Northampton South,348
3594,730605,Mandatory collection and publication of certain child sexual offender data,,Norwich North,472
3595,730605,Mandatory collection and publication of certain child sexual offender data,,Norwich South,352
3596,730605,Mandatory collection and publication of certain child sexual offender data,,Nottingham East,178
3597,730605,Mandatory collection and publication of certain child sexual offender data,,Nottingham North and Kimberley,297
3598,730605,Mandatory collection and publication of certain child sexual offender data,,Nottingham South,263
3599,730605,Mandatory collection and publication of certain child sexual offender data,,Nuneaton,451
3600,730605,Mandatory collection and publication of certain child sexual offender data,,Old Bexley and Sidcup,415
3601,730605,Mandatory collection and publication of certain child sexual offender data,,Oldham East and Saddleworth,696
3602,730605,Mandatory collection and publication of certain child sexual offender data,,"Oldham West, Chadderton and Royton",539
3603,730605,Mandatory collection and publication of certain child sexual offender data,,Orpington,355
3604,730605,Mandatory collection and publication of certain child sexual offender data,,Ossett and Denby Dale,556
3605,730605,Mandatory collection and publication of certain child sexual offender data,,Oxford East,166
3606,730605,Mandatory collection and publication of certain child sexual offender data,,Oxford West and Abingdon,218
3607,730605,Mandatory collection and publication of certain child sexual offender data,,Peckham,91
3608,730605,Mandatory collection and publication of certain child sexual offender data,,Pendle and Clitheroe,568
3609,730605,Mandatory collection and publication of certain child sexual offender data,,Penistone and Stocksbridge,554
3610,730605,Mandatory collection and publication of certain child sexual offender data,,Penrith and Solway,495
3611,730605,Mandatory collection and publication of certain child sexual offender data,,Peterborough,314
3612,730605,Mandatory collection and publication of certain child sexual offender data,,Plymouth Moor View,549
3613,730605,Mandatory collection and publication of certain child sexual offender data,,Plymouth Sutton and Devonport,495
3614,730605,Mandatory collection and publication of certain child sexual offender data,,"Pontefract, Castleford and Knottingley",543
3615,730605,Mandatory collection and publication of certain child sexual offender data,,Poole,430
3616,730605,Mandatory collection and publication of certain child sexual offender data,,Poplar and Limehouse,206
3617,730605,Mandatory collection and publication of certain child sexual offender data,,Portsmouth North,602
3618,730605,Mandatory collection and publication of certain child sexual offender data,,Portsmouth South,399
3619,730605,Mandatory collection and publication of certain child sexual offender data,,Preston,382
3620,730605,Mandatory collection and publication of certain child sexual offender data,,Putney,194
3621,730605,Mandatory collection and publication of certain child sexual offender data,,Queen's Park and Maida Vale,115
3622,730605,Mandatory collection and publication of certain child sexual offender data,,Rawmarsh and Conisbrough,529
3623,730605,Mandatory collection and publication of certain child sexual offender data,,Rayleigh and Wickford,639
3624,730605,Mandatory collection and publication of certain child sexual offender data,,Reading Central,214
3625,730605,Mandatory collection and publication of certain child sexual offender data,,Reading West and Mid Berkshire,311
3626,730605,Mandatory collection and publication of certain child sexual offender data,,Redcar,768
3627,730605,Mandatory collection and publication of certain child sexual offender data,,Redditch,445
3628,730605,Mandatory collection and publication of certain child sexual offender data,,Reigate,379
3629,730605,Mandatory collection and publication of certain child sexual offender data,,Ribble Valley,557
3630,730605,Mandatory collection and publication of certain child sexual offender data,,Richmond and Northallerton,540
3631,730605,Mandatory collection and publication of certain child sexual offender data,,Richmond Park,210
3632,730605,Mandatory collection and publication of certain child sexual offender data,,Rochdale,771
3633,730605,Mandatory collection and publication of certain child sexual offender data,,Rochester and Strood,462
3634,730605,Mandatory collection and publication of certain child sexual offender data,,Romford,483
3635,730605,Mandatory collection and publication of certain child sexual offender data,,Romsey and Southampton North,399
3636,730605,Mandatory collection and publication of certain child sexual offender data,,Rossendale and Darwen,742
3637,730605,Mandatory collection and publication of certain child sexual offender data,,Rother Valley,578
3638,730605,Mandatory collection and publication of certain child sexual offender data,,Rotherham,509
3639,730605,Mandatory collection and publication of certain child sexual offender data,,Rugby,439
3640,730605,Mandatory collection and publication of certain child sexual offender data,,"Ruislip, Northwood and Pinner",245
3641,730605,Mandatory collection and publication of certain child sexual offender data,,Runcorn and Helsby,464
3642,730605,Mandatory collection and publication of certain child sexual offender data,,Runnymede and Weybridge,370
3643,730605,Mandatory collection and publication of certain child sexual offender data,,Rushcliffe,356
3644,730605,Mandatory collection and publication of certain child sexual offender data,,Rutland and Stamford,392
3645,730605,Mandatory collection and publication of certain child sexual offender data,,Salford,409
3646,730605,Mandatory collection and publication of certain child sexual offender data,,Salisbury,378
3647,730605,Mandatory collection and publication of certain child sexual offender data,,Scarborough and Whitby,523
3648,730605,Mandatory collection and publication of certain child sexual offender data,,Scunthorpe,495
3649,730605,Mandatory collection and publication of certain child sexual offender data,,Sefton Central,402
3650,730605,Mandatory collection and publication of certain child sexual offender data,,Selby,584
3651,730605,Mandatory collection and publication of certain child sexual offender data,,Sevenoaks,404
3652,730605,Mandatory collection and publication of certain child sexual offender data,,Sheffield Brightside and Hillsborough,354
3653,730605,Mandatory collection and publication of certain child sexual offender data,,Sheffield Central,121
3654,730605,Mandatory collection and publication of certain child sexual offender data,,Sheffield Hallam,252
3655,730605,Mandatory collection and publication of certain child sexual offender data,,Sheffield Heeley,359
3656,730605,Mandatory collection and publication of certain child sexual offender data,,Sheffield South East,428
3657,730605,Mandatory collection and publication of certain child sexual offender data,,Sherwood Forest,483
3658,730605,Mandatory collection and publication of certain child sexual offender data,,Shipley,493
3659,730605,Mandatory collection and publication of certain child sexual offender data,,Shrewsbury,404
3660,730605,Mandatory collection and publication of certain child sexual offender data,,Sittingbourne and Sheppey,490
3661,730605,Mandatory collection and publication of certain child sexual offender data,,Skipton and Ripon,524
3662,730605,Mandatory collection and publication of certain child sexual offender data,,Sleaford and North Hykeham,482
3663,730605,Mandatory collection and publication of certain child sexual offender data,,Slough,169
3664,730605,Mandatory collection and publication of certain child sexual offender data,,Smethwick,250
3665,730605,Mandatory collection and publication of certain child sexual offender data,,Solihull West and Shirley,360
3666,730605,Mandatory collection and publication of certain child sexual offender data,,South Basildon and East Thurrock,600
3667,730605,Mandatory collection and publication of certain child sexual offender data,,South Cambridgeshire,308
3668,730605,Mandatory collection and publication of certain child sexual offender data,,South Cotswolds,324
3669,730605,Mandatory collection and publication of certain child sexual offender data,,South Derbyshire,483
3670,730605,Mandatory collection and publication of certain child sexual offender data,,South Devon,412
3671,730605,Mandatory collection and publication of certain child sexual offender data,,South Dorset,496
3672,730605,Mandatory collection and publication of certain child sexual offender data,,South East Cornwall,538
3673,730605,Mandatory collection and publication of certain child sexual offender data,,South Holland and The Deepings,542
3674,730605,Mandatory collection and publication of certain child sexual offender data,,South Leicestershire,454
3675,730605,Mandatory collection and publication of certain child sexual offender data,,South Norfolk,445
3676,730605,Mandatory collection and publication of certain child sexual offender data,,South Northamptonshire,416
3677,730605,Mandatory collection and publication of certain child sexual offender data,,South Ribble,492
3678,730605,Mandatory collection and publication of certain child sexual offender data,,South Shields,616
3679,730605,Mandatory collection and publication of certain child sexual offender data,,South Shropshire,499
3680,730605,Mandatory collection and publication of certain child sexual offender data,,South Suffolk,476
3681,730605,Mandatory collection and publication of certain child sexual offender data,,South West Devon,533
3682,730605,Mandatory collection and publication of certain child sexual offender data,,South West Hertfordshire,397
3683,730605,Mandatory collection and publication of certain child sexual offender data,,South West Norfolk,570
3684,730605,Mandatory collection and publication of certain child sexual offender data,,South West Wiltshire,354
3685,730605,Mandatory collection and publication of certain child sexual offender data,,Southampton Itchen,491
3686,730605,Mandatory collection and publication of certain child sexual offender data,,Southampton Test,378
3687,730605,Mandatory collection and publication of certain child sexual offender data,,Southend East and Rochford,526
3688,730605,Mandatory collection and publication of certain child sexual offender data,,Southend West and Leigh,544
3689,730605,Mandatory collection and publication of certain child sexual offender data,,Southgate and Wood Green,143
3690,730605,Mandatory collection and publication of certain child sexual offender data,,Southport,492
3691,730605,Mandatory collection and publication of certain child sexual offender data,,Spelthorne,410
3692,730605,Mandatory collection and publication of certain child sexual offender data,,Spen Valley,655
3693,730605,Mandatory collection and publication of certain child sexual offender data,,St Albans,258
3694,730605,Mandatory collection and publication of certain child sexual offender data,,St Austell and Newquay,495
3695,730605,Mandatory collection and publication of certain child sexual offender data,,St Helens North,480
3696,730605,Mandatory collection and publication of certain child sexual offender data,,St Helens South and Whiston,409
3697,730605,Mandatory collection and publication of certain child sexual offender data,,St Ives,403
3698,730605,Mandatory collection and publication of certain child sexual offender data,,St Neots and Mid Cambridgeshire,358
3699,730605,Mandatory collection and publication of certain child sexual offender data,,Stafford,407
3700,730605,Mandatory collection and publication of certain child sexual offender data,,Staffordshire Moorlands,433
3701,730605,Mandatory collection and publication of certain child sexual offender data,,Stalybridge and Hyde,536
3702,730605,Mandatory collection and publication of certain child sexual offender data,,Stevenage,382
3703,730605,Mandatory collection and publication of certain child sexual offender data,,Stockport,398
3704,730605,Mandatory collection and publication of certain child sexual offender data,,Stockton North,534
3705,730605,Mandatory collection and publication of certain child sexual offender data,,Stockton West,650
3706,730605,Mandatory collection and publication of certain child sexual offender data,,Stoke-on-Trent Central,415
3707,730605,Mandatory collection and publication of certain child sexual offender data,,Stoke-on-Trent North,460
3708,730605,Mandatory collection and publication of certain child sexual offender data,,Stoke-on-Trent South,396
3709,730605,Mandatory collection and publication of certain child sexual offender data,,"Stone, Great Wyrley and Penkridge",483
3710,730605,Mandatory collection and publication of certain child sexual offender data,,Stourbridge,373
3711,730605,Mandatory collection and publication of certain child sexual offender data,,Stratford and Bow,104
3712,730605,Mandatory collection and publication of certain child sexual offender data,,Stratford-on-Avon,411
3713,730605,Mandatory collection and publication of certain child sexual offender data,,Streatham and Croydon North,103
3714,730605,Mandatory collection and publication of certain child sexual offender data,,Stretford and Urmston,381
3715,730605,Mandatory collection and publication of certain child sexual offender data,,Stroud,385
3716,730605,Mandatory collection and publication of certain child sexual offender data,,Suffolk Coastal,409
3717,730605,Mandatory collection and publication of certain child sexual offender data,,Sunderland Central,704
3718,730605,Mandatory collection and publication of certain child sexual offender data,,Surrey Heath,353
3719,730605,Mandatory collection and publication of certain child sexual offender data,,Sussex Weald,418
3720,730605,Mandatory collection and publication of certain child sexual offender data,,Sutton and Cheam,288
3721,730605,Mandatory collection and publication of certain child sexual offender data,,Sutton Coldfield,404
3722,730605,Mandatory collection and publication of certain child sexual offender data,,Swindon North,371
3723,730605,Mandatory collection and publication of certain child sexual offender data,,Swindon South,381
3724,730605,Mandatory collection and publication of certain child sexual offender data,,Tamworth,590
3725,730605,Mandatory collection and publication of certain child sexual offender data,,Tatton,432
3726,730605,Mandatory collection and publication of certain child sexual offender data,,Taunton and Wellington,427
3727,730605,Mandatory collection and publication of certain child sexual offender data,,Telford,471
3728,730605,Mandatory collection and publication of certain child sexual offender data,,Tewkesbury,357
3729,730605,Mandatory collection and publication of certain child sexual offender data,,The Wrekin,491
3730,730605,Mandatory collection and publication of certain child sexual offender data,,Thirsk and Malton,521
3731,730605,Mandatory collection and publication of certain child sexual offender data,,Thornbury and Yate,430
3732,730605,Mandatory collection and publication of certain child sexual offender data,,Thurrock,418
3733,730605,Mandatory collection and publication of certain child sexual offender data,,Tipton and Wednesbury,363
3734,730605,Mandatory collection and publication of certain child sexual offender data,,Tiverton and Minehead,419
3735,730605,Mandatory collection and publication of certain child sexual offender data,,Tonbridge,398
3736,730605,Mandatory collection and publication of certain child sexual offender data,,Tooting,136
3737,730605,Mandatory collection and publication of certain child sexual offender data,,Torbay,543
3738,730605,Mandatory collection and publication of certain child sexual offender data,,Torridge and Tavistock,460
3739,730605,Mandatory collection and publication of certain child sexual offender data,,Tottenham,74
3740,730605,Mandatory collection and publication of certain child sexual offender data,,Truro and Falmouth,389
3741,730605,Mandatory collection and publication of certain child sexual offender data,,Tunbridge Wells,367
3742,730605,Mandatory collection and publication of certain child sexual offender data,,Twickenham,230
3743,730605,Mandatory collection and publication of certain child sexual offender data,,Tynemouth,521
3744,730605,Mandatory collection and publication of certain child sexual offender data,,Uxbridge and South Ruislip,366
3745,730605,Mandatory collection and publication of certain child sexual offender data,,Vauxhall and Camberwell Green,104
3746,730605,Mandatory collection and publication of certain child sexual offender data,,Wakefield and Rothwell,530
3747,730605,Mandatory collection and publication of certain child sexual offender data,,Wallasey,493
3748,730605,Mandatory collection and publication of certain child sexual offender data,,Walsall and Bloxwich,328
3749,730605,Mandatory collection and publication of certain child sexual offender data,,Walthamstow,88
3750,730605,Mandatory collection and publication of certain child sexual offender data,,Warrington North,467
3751,730605,Mandatory collection and publication of certain child sexual offender data,,Warrington South,444
3752,730605,Mandatory collection and publication of certain child sexual offender data,,Warwick and Leamington,345
3753,730605,Mandatory collection and publication of certain child sexual offender data,,Washington and Gateshead South,734
3754,730605,Mandatory collection and publication of certain child sexual offender data,,Watford,270
3755,730605,Mandatory collection and publication of certain child sexual offender data,,Waveney Valley,486
3756,730605,Mandatory collection and publication of certain child sexual offender data,,Weald of Kent,454
3757,730605,Mandatory collection and publication of certain child sexual offender data,,Wellingborough and Rushden,392
3758,730605,Mandatory collection and publication of certain child sexual offender data,,Wells and Mendip Hills,319
3759,730605,Mandatory collection and publication of certain child sexual offender data,,Welwyn Hatfield,317
3760,730605,Mandatory collection and publication of certain child sexual offender data,,West Bromwich,269
3761,730605,Mandatory collection and publication of certain child sexual offender data,,West Dorset,382
3762,730605,Mandatory collection and publication of certain child sexual offender data,,West Ham and Beckton,152
3763,730605,Mandatory collection and publication of certain child sexual offender data,,West Lancashire,456
3764,730605,Mandatory collection and publication of certain child sexual offender data,,West Suffolk,498
3765,730605,Mandatory collection and publication of certain child sexual offender data,,West Worcestershire,399
3766,730605,Mandatory collection and publication of certain child sexual offender data,,Westmorland and Lonsdale,414
3767,730605,Mandatory collection and publication of certain child sexual offender data,,Weston-super-Mare,463
3768,730605,Mandatory collection and publication of certain child sexual offender data,,Wetherby and Easingwold,419
3769,730605,Mandatory collection and publication of certain child sexual offender data,,Whitehaven and Workington,734
3770,730605,Mandatory collection and publication of certain child sexual offender data,,Widnes and Halewood,517
3771,730605,Mandatory collection and publication of certain child sexual offender data,,Wigan,557
3772,730605,Mandatory collection and publication of certain child sexual offender data,,Wimbledon,167
3773,730605,Mandatory collection and publication of certain child sexual offender data,,Winchester,316
3774,730605,Mandatory collection and publication of certain child sexual offender data,,Windsor,306
3775,730605,Mandatory collection and publication of certain child sexual offender data,,Wirral West,379
3776,730605,Mandatory collection and publication of certain child sexual offender data,,Witham,530
3777,730605,Mandatory collection and publication of certain child sexual offender data,,Witney,369
3778,730605,Mandatory collection and publication of certain child sexual offender data,,Woking,290
3779,730605,Mandatory collection and publication of certain child sexual offender data,,Wokingham,292
3780,730605,Mandatory collection and publication of certain child sexual offender data,,Wolverhampton North East,339
3781,730605,Mandatory collection and publication of certain child sexual offender data,,Wolverhampton South East,343
3782,730605,Mandatory collection and publication of certain child sexual offender data,,Wolverhampton West,257
3783,730605,Mandatory collection and publication of certain child sexual offender data,,Worcester,330
3784,730605,Mandatory collection and publication of certain child sexual offender data,,Worsley and Eccles,496
3785,730605,Mandatory collection and publication of certain child sexual offender data,,Worthing West,365
3786,730605,Mandatory collection and publication of certain child sexual offender data,,Wycombe,239
3787,730605,Mandatory collection and publication of certain child sexual offender data,,Wyre Forest,499
3788,730605,Mandatory collection and publication of certain child sexual offender data,,Wythenshawe and Sale East,398
3789,730605,Mandatory collection and publication of certain child sexual offender data,,Yeovil,470
3790,730605,Mandatory collection and publication of certain child sexual offender data,,York Central,322
3791,730605,Mandatory collection and publication of certain child sexual offender data,,York Outer,334
3792,730605,Mandatory collection and publication of certain child sexual offender data,,Belfast East,414
3793,730605,Mandatory collection and publication of certain child sexual offender data,,Belfast North,326
3794,730605,Mandatory collection and publication of certain child sexual offender data,,Belfast South and Mid Down,230
3795,730605,Mandatory collection and publication of certain child sexual offender data,,Belfast West,241
3796,730605,Mandatory collection and publication of certain child sexual offender data,,East Antrim,455
3797,730605,Mandatory collection and publication of certain child sexual offender data,,East Londonderry,220
3798,730605,Mandatory collection and publication of certain child sexual offender data,,Fermanagh and South Tyrone,157
3799,730605,Mandatory collection and publication of certain child sexual offender data,,Foyle,122
3800,730605,Mandatory collection and publication of certain child sexual offender data,,Lagan Valley,338
3801,730605,Mandatory collection and publication of certain child sexual offender data,,Mid Ulster,151
3802,730605,Mandatory collection and publication of certain child sexual offender data,,Newry and Armagh,171
3803,730605,Mandatory collection and publication of certain child sexual offender data,,North Antrim,337
3804,730605,Mandatory collection and publication of certain child sexual offender data,,North Down,421
3805,730605,Mandatory collection and publication of certain child sexual offender data,,South Antrim,327
3806,730605,Mandatory collection and publication of certain child sexual offender data,,South Down,154
3807,730605,Mandatory collection and publication of certain child sexual offender data,,Strangford,345
3808,730605,Mandatory collection and publication of certain child sexual offender data,,Upper Bann,321
3809,730605,Mandatory collection and publication of certain child sexual offender data,,West Tyrone,107
3810,730605,Mandatory collection and publication of certain child sexual offender data,,East Renfrewshire,239
3811,730605,Mandatory collection and publication of certain child sexual offender data,,Na h-Eileanan an Iar,101
3812,730605,Mandatory collection and publication of certain child sexual offender data,,Midlothian,266
3813,730605,Mandatory collection and publication of certain child sexual offender data,,North Ayrshire and Arran,362
3814,730605,Mandatory collection and publication of certain child sexual offender data,,Orkney and Shetland,131
3815,730605,Mandatory collection and publication of certain child sexual offender data,,Aberdeen North,394
3816,730605,Mandatory collection and publication of certain child sexual offender data,,Aberdeen South,327
3817,730605,Mandatory collection and publication of certain child sexual offender data,,Aberdeenshire North and Moray East,444
3818,730605,Mandatory collection and publication of certain child sexual offender data,,Airdrie and Shotts,335
3819,730605,Mandatory collection and publication of certain child sexual offender data,,Alloa and Grangemouth,349
3820,730605,Mandatory collection and publication of certain child sexual offender data,,Angus and Perthshire Glens,358
3821,730605,Mandatory collection and publication of certain child sexual offender data,,Arbroath and Broughty Ferry,354
3822,730605,Mandatory collection and publication of certain child sexual offender data,,"Argyll, Bute and South Lochaber",335
3823,730605,Mandatory collection and publication of certain child sexual offender data,,Bathgate and Linlithgow,347
3824,730605,Mandatory collection and publication of certain child sexual offender data,,"Caithness, Sutherland and Easter Ross",385
3825,730605,Mandatory collection and publication of certain child sexual offender data,,Coatbridge and Bellshill,329
3826,730605,Mandatory collection and publication of certain child sexual offender data,,Cowdenbeath and Kirkcaldy,324
3827,730605,Mandatory collection and publication of certain child sexual offender data,,Cumbernauld and Kirkintilloch,335
3828,730605,Mandatory collection and publication of certain child sexual offender data,,Dumfries and Galloway,379
3829,730605,Mandatory collection and publication of certain child sexual offender data,,"Dumfriesshire, Clydesdale and Tweeddale",291
3830,730605,Mandatory collection and publication of certain child sexual offender data,,Dundee Central,290
3831,730605,Mandatory collection and publication of certain child sexual offender data,,Dunfermline and Dollar,276
3832,730605,Mandatory collection and publication of certain child sexual offender data,,East Kilbride and Strathaven,359
3833,730605,Mandatory collection and publication of certain child sexual offender data,,Edinburgh East and Musselburgh,182
3834,730605,Mandatory collection and publication of certain child sexual offender data,,Edinburgh North and Leith,205
3835,730605,Mandatory collection and publication of certain child sexual offender data,,Edinburgh South,155
3836,730605,Mandatory collection and publication of certain child sexual offender data,,Edinburgh South West,184
3837,730605,Mandatory collection and publication of certain child sexual offender data,,Edinburgh West,236
3838,730605,Mandatory collection and publication of certain child sexual offender data,,Falkirk,477
3839,730605,Mandatory collection and publication of certain child sexual offender data,,Glasgow East,306
3840,730605,Mandatory collection and publication of certain child sexual offender data,,Glasgow North,255
3841,730605,Mandatory collection and publication of certain child sexual offender data,,Glasgow North East,363
3842,730605,Mandatory collection and publication of certain child sexual offender data,,Glasgow South,220
3843,730605,Mandatory collection and publication of certain child sexual offender data,,Glasgow South West,270
3844,730605,Mandatory collection and publication of certain child sexual offender data,,Glasgow West,268
3845,730605,Mandatory collection and publication of certain child sexual offender data,,Glenrothes and Mid Fife,326
3846,730605,Mandatory collection and publication of certain child sexual offender data,,Gordon and Buchan,328
3847,730605,Mandatory collection and publication of certain child sexual offender data,,Hamilton and Clyde Valley,373
3848,730605,Mandatory collection and publication of certain child sexual offender data,,Inverclyde and Renfrewshire West,343
3849,730605,Mandatory collection and publication of certain child sexual offender data,,"Inverness, Skye and West Ross-shire",357
3850,730605,Mandatory collection and publication of certain child sexual offender data,,Livingston,350
3851,730605,Mandatory collection and publication of certain child sexual offender data,,Lothian East,258
3852,730605,Mandatory collection and publication of certain child sexual offender data,,Mid Dunbartonshire,280
3853,730605,Mandatory collection and publication of certain child sexual offender data,,"Moray West, Nairn and Strathspey",347
3854,730605,Mandatory collection and publication of certain child sexual offender data,,"Motherwell, Wishaw and Carluke",356
3855,730605,Mandatory collection and publication of certain child sexual offender data,,North East Fife,259
3856,730605,Mandatory collection and publication of certain child sexual offender data,,Paisley and Renfrewshire North,337
3857,730605,Mandatory collection and publication of certain child sexual offender data,,Paisley and Renfrewshire South,312
3858,730605,Mandatory collection and publication of certain child sexual offender data,,Perth and Kinross-shire,302
3859,730605,Mandatory collection and publication of certain child sexual offender data,,Rutherglen,329
3860,730605,Mandatory collection and publication of certain child sexual offender data,,Stirling and Strathallan,312
3861,730605,Mandatory collection and publication of certain child sexual offender data,,West Dunbartonshire,333
3862,730605,Mandatory collection and publication of certain child sexual offender data,,"Ayr, Carrick and Cumnock",369
3863,730605,Mandatory collection and publication of certain child sexual offender data,,"Berwickshire, Roxburgh and Selkirk",329
3864,730605,Mandatory collection and publication of certain child sexual offender data,,Central Ayrshire,351
3865,730605,Mandatory collection and publication of certain child sexual offender data,,Kilmarnock and Loudoun,379
3866,730605,Mandatory collection and publication of certain child sexual offender data,,West Aberdeenshire and Kincardine,328
3867,730605,Mandatory collection and publication of certain child sexual offender data,,Aberafan Maesteg,384
3868,730605,Mandatory collection and publication of certain child sexual offender data,,Alyn and Deeside,505
3869,730605,Mandatory collection and publication of certain child sexual offender data,,Bangor Aberconwy,388
3870,730605,Mandatory collection and publication of certain child sexual offender data,,Blaenau Gwent and Rhymney,556
3871,730605,Mandatory collection and publication of certain child sexual offender data,,"Brecon, Radnor and Cwm Tawe",427
3872,730605,Mandatory collection and publication of certain child sexual offender data,,Bridgend,461
3873,730605,Mandatory collection and publication of certain child sexual offender data,,Caerfyrddin,464
3874,730605,Mandatory collection and publication of certain child sexual offender data,,Caerphilly,451
3875,730605,Mandatory collection and publication of certain child sexual offender data,,Cardiff East,268
3876,730605,Mandatory collection and publication of certain child sexual offender data,,Cardiff North,293
3877,730605,Mandatory collection and publication of certain child sexual offender data,,Cardiff South and Penarth,208
3878,730605,Mandatory collection and publication of certain child sexual offender data,,Cardiff West,287
3879,730605,Mandatory collection and publication of certain child sexual offender data,,Ceredigion Preseli,377
3880,730605,Mandatory collection and publication of certain child sexual offender data,,Clwyd East,492
3881,730605,Mandatory collection and publication of certain child sexual offender data,,Clwyd North,497
3882,730605,Mandatory collection and publication of certain child sexual offender data,,Dwyfor Meirionnydd,341
3883,730605,Mandatory collection and publication of certain child sexual offender data,,Gower,448
3884,730605,Mandatory collection and publication of certain child sexual offender data,,Llanelli,486
3885,730605,Mandatory collection and publication of certain child sexual offender data,,Merthyr Tydfil and Aberdare,432
3886,730605,Mandatory collection and publication of certain child sexual offender data,,Mid and South Pembrokeshire,443
3887,730605,Mandatory collection and publication of certain child sexual offender data,,Monmouthshire,420
3888,730605,Mandatory collection and publication of certain child sexual offender data,,Montgomeryshire and Glyndŵr,453
3889,730605,Mandatory collection and publication of certain child sexual offender data,,Neath and Swansea East,463
3890,730605,Mandatory collection and publication of certain child sexual offender data,,Newport East,417
3891,730605,Mandatory collection and publication of certain child sexual offender data,,Newport West and Islwyn,464
3892,730605,Mandatory collection and publication of certain child sexual offender data,,Pontypridd,457
3893,730605,Mandatory collection and publication of certain child sexual offender data,,Rhondda and Ogmore,527
3894,730605,Mandatory collection and publication of certain child sexual offender data,,Swansea West,380
3895,730605,Mandatory collection and publication of certain child sexual offender data,,Torfaen,423
3896,730605,Mandatory collection and publication of certain child sexual offender data,,Vale of Glamorgan,445
3897,730605,Mandatory collection and publication of certain child sexual offender data,,Wrexham,407
3898,730605,Mandatory collection and publication of certain child sexual offender data,,Ynys Môn,314
3899,727309,Call an immediate general election,,Aldershot,2043
3900,727309,Call an immediate general election,,Aldridge-Brownhills,2161
3901,727309,Call an immediate general election,,Altrincham and Sale West,1539
3902,727309,Call an immediate general election,,Amber Valley,2060
3903,727309,Call an immediate general election,,Arundel and South Downs,1873
3904,727309,Call an immediate general election,,Ashfield,2464
3905,727309,Call an immediate general election,,Ashford,2078
3906,727309,Call an immediate general election,,Ashton-under-Lyne,1788
3907,727309,Call an immediate general election,,Aylesbury,1649
3908,727309,Call an immediate general election,,Banbury,1581
3909,727309,Call an immediate general election,,Barking,1045
3910,727309,Call an immediate general election,,Barnsley North,2328
3911,727309,Call an immediate general election,,Barnsley South,2178
3912,727309,Call an immediate general election,,Barrow and Furness,2074
3913,727309,Call an immediate general election,,Basildon and Billericay,2672
3914,727309,Call an immediate general election,,Basingstoke,1816
3915,727309,Call an immediate general election,,Bassetlaw,2296
3916,727309,Call an immediate general election,,Bath,787
3917,727309,Call an immediate general election,,Battersea,757
3918,727309,Call an immediate general election,,Beaconsfield,1519
3919,727309,Call an immediate general election,,Beckenham and Penge,1063
3920,727309,Call an immediate general election,,Bedford,1136
3921,727309,Call an immediate general election,,Bermondsey and Old Southwark,793
3922,727309,Call an immediate general election,,Bethnal Green and Stepney,578
3923,727309,Call an immediate general election,,Beverley and Holderness,1914
3924,727309,Call an immediate general election,,Bexhill and Battle,1942
3925,727309,Call an immediate general election,,Bexleyheath and Crayford,1789
3926,727309,Call an immediate general election,,Bicester and Woodstock,1430
3927,727309,Call an immediate general election,,Birkenhead,1968
3928,727309,Call an immediate general election,,Birmingham Edgbaston,955
3929,727309,Call an immediate general election,,Birmingham Erdington,1638
3930,727309,Call an immediate general election,,Birmingham Hall Green and Moseley,464
3931,727309,Call an immediate general election,,Birmingham Hodge Hill and Solihull North,1385
3932,727309,Call an immediate general election,,Birmingham Ladywood,553
3933,727309,Call an immediate general election,,Birmingham Northfield,1989
3934,727309,Call an immediate general election,,Birmingham Perry Barr,536
3935,727309,Call an immediate general election,,Birmingham Selly Oak,1168
3936,727309,Call an immediate general election,,Birmingham Yardley,1127
3937,727309,Call an immediate general election,,Bishop Auckland,1890
3938,727309,Call an immediate general election,,Blackburn,1325
3939,727309,Call an immediate general election,,Blackley and Middleton South,1512
3940,727309,Call an immediate general election,,Blackpool North and Fleetwood,2463
3941,727309,Call an immediate general election,,Blackpool South,2430
3942,727309,Call an immediate general election,,Blaydon and Consett,1901
3943,727309,Call an immediate general election,,Blyth and Ashington,2348
3944,727309,Call an immediate general election,,Bognor Regis and Littlehampton,2194
3945,727309,Call an immediate general election,,Bolsover,2550
3946,727309,Call an immediate general election,,Bolton North East,2050
3947,727309,Call an immediate general election,,Bolton South and Walkden,1810
3948,727309,Call an immediate general election,,Bolton West,1929
3949,727309,Call an immediate general election,,Bootle,1489
3950,727309,Call an immediate general election,,Boston and Skegness,2321
3951,727309,Call an immediate general election,,Bournemouth East,1944
3952,727309,Call an immediate general election,,Bournemouth West,2055
3953,727309,Call an immediate general election,,Bracknell,1850
3954,727309,Call an immediate general election,,Bradford East,1087
3955,727309,Call an immediate general election,,Bradford South,1533
3956,727309,Call an immediate general election,,Bradford West,602
3957,727309,Call an immediate general election,,Braintree,2951
3958,727309,Call an immediate general election,,Brent East,487
3959,727309,Call an immediate general election,,Brent West,488
3960,727309,Call an immediate general election,,Brentford and Isleworth,851
3961,727309,Call an immediate general election,,Brentwood and Ongar,3158
3962,727309,Call an immediate general election,,Bridgwater,2238
3963,727309,Call an immediate general election,,Bridlington and The Wolds,2097
3964,727309,Call an immediate general election,,Brigg and Immingham,2427
3965,727309,Call an immediate general election,,Brighton Kemptown and Peacehaven,1269
3966,727309,Call an immediate general election,,Brighton Pavilion,901
3967,727309,Call an immediate general election,,Bristol Central,402
3968,727309,Call an immediate general election,,Bristol East,1178
3969,727309,Call an immediate general election,,Bristol North East,1193
3970,727309,Call an immediate general election,,Bristol North West,1094
3971,727309,Call an immediate general election,,Bristol South,1541
3972,727309,Call an immediate general election,,Broadland and Fakenham,2032
3973,727309,Call an immediate general election,,Bromley and Biggin Hill,1667
3974,727309,Call an immediate general election,,Bromsgrove,2087
3975,727309,Call an immediate general election,,Broxbourne,2320
3976,727309,Call an immediate general election,,Broxtowe,1542
3977,727309,Call an immediate general election,,Buckingham and Bletchley,1610
3978,727309,Call an immediate general election,,Burnley,2830
3979,727309,Call an immediate general election,,Burton and Uttoxeter,2003
3980,727309,Call an immediate general election,,Bury North,1972
3981,727309,Call an immediate general election,,Bury South,1796
3982,727309,Call an immediate general election,,Bury St Edmunds and Stowmarket,1933
3983,727309,Call an immediate general election,,Calder Valley,1995
3984,727309,Call an immediate general election,,Camborne and Redruth,1876
3985,727309,Call an immediate general election,,Cambridge,638
3986,727309,Call an immediate general election,,Cannock Chase,2655
3987,727309,Call an immediate general election,,Canterbury,1383
3988,727309,Call an immediate general election,,Carlisle,2305
3989,727309,Call an immediate general election,,Carshalton and Wallington,1558
3990,727309,Call an immediate general election,,Castle Point,3043
3991,727309,Call an immediate general election,,Central Devon,1666
3992,727309,Call an immediate general election,,Central Suffolk and North Ipswich,1777
3993,727309,Call an immediate general election,,Chatham and Aylesford,2157
3994,727309,Call an immediate general election,,Cheadle,1436
3995,727309,Call an immediate general election,,Chelmsford,1875
3996,727309,Call an immediate general election,,Chelsea and Fulham,1120
3997,727309,Call an immediate general election,,Cheltenham,1224
3998,727309,Call an immediate general election,,Chesham and Amersham,1379
3999,727309,Call an immediate general election,,Chester North and Neston,1402
4000,727309,Call an immediate general election,,Chester South and Eddisbury,1779
4001,727309,Call an immediate general election,,Chesterfield,1742
4002,727309,Call an immediate general election,,Chichester,2091
4003,727309,Call an immediate general election,,Chingford and Woodford Green,1356
4004,727309,Call an immediate general election,,Chippenham,1544
4005,727309,Call an immediate general election,,Chipping Barnet,1046
4006,727309,Call an immediate general election,,Chorley,2104
4007,727309,Call an immediate general election,,Christchurch,2103
4008,727309,Call an immediate general election,,Cities of London and Westminster,1177
4009,727309,Call an immediate general election,,City of Durham,1410
4010,727309,Call an immediate general election,,Clacton,2797
4011,727309,Call an immediate general election,,Clapham and Brixton Hill,410
4012,727309,Call an immediate general election,,Colchester,1966
4013,727309,Call an immediate general election,,Colne Valley,1783
4014,727309,Call an immediate general election,,Congleton,1915
4015,727309,Call an immediate general election,,Corby and East Northamptonshire,1997
4016,727309,Call an immediate general election,,Coventry East,1343
4017,727309,Call an immediate general election,,Coventry North West,1747
4018,727309,Call an immediate general election,,Coventry South,1402
4019,727309,Call an immediate general election,,Cramlington and Killingworth,2015
4020,727309,Call an immediate general election,,Crawley,1967
4021,727309,Call an immediate general election,,Crewe and Nantwich,2061
4022,727309,Call an immediate general election,,Croydon East,1126
4023,727309,Call an immediate general election,,Croydon South,1102
4024,727309,Call an immediate general election,,Croydon West,567
4025,727309,Call an immediate general election,,Dagenham and Rainham,1606
4026,727309,Call an immediate general election,,Darlington,1909
4027,727309,Call an immediate general election,,Dartford,2010
4028,727309,Call an immediate general election,,Daventry,2312
4029,727309,Call an immediate general election,,Derby North,1655
4030,727309,Call an immediate general election,,Derby South,1345
4031,727309,Call an immediate general election,,Derbyshire Dales,1656
4032,727309,Call an immediate general election,,Dewsbury and Batley,1471
4033,727309,Call an immediate general election,,Didcot and Wantage,1596
4034,727309,Call an immediate general election,,Doncaster Central,1786
4035,727309,Call an immediate general election,,Doncaster East and the Isle of Axholme,1974
4036,727309,Call an immediate general election,,Doncaster North,2008
4037,727309,Call an immediate general election,,Dorking and Horley,1691
4038,727309,Call an immediate general election,,Dover and Deal,2031
4039,727309,Call an immediate general election,,Droitwich and Evesham,2010
4040,727309,Call an immediate general election,,Dudley,1978
4041,727309,Call an immediate general election,,Dulwich and West Norwood,347
4042,727309,Call an immediate general election,,Dunstable and Leighton Buzzard,1940
4043,727309,Call an immediate general election,,Ealing Central and Acton,783
4044,727309,Call an immediate general election,,Ealing North,733
4045,727309,Call an immediate general election,,Ealing Southall,467
4046,727309,Call an immediate general election,,Earley and Woodley,1222
4047,727309,Call an immediate general election,,Easington,2022
4048,727309,Call an immediate general election,,East Grinstead and Uckfield,2068
4049,727309,Call an immediate general election,,East Ham,313
4050,727309,Call an immediate general election,,East Hampshire,1654
4051,727309,Call an immediate general election,,East Surrey,1876
4052,727309,Call an immediate general election,,East Thanet,1975
4053,727309,Call an immediate general election,,East Wiltshire,1922
4054,727309,Call an immediate general election,,East Worthing and Shoreham,1688
4055,727309,Call an immediate general election,,Eastbourne,1758
4056,727309,Call an immediate general election,,Eastleigh,1648
4057,727309,Call an immediate general election,,Edmonton and Winchmore Hill,617
4058,727309,Call an immediate general election,,Ellesmere Port and Bromborough,2008
4059,727309,Call an immediate general election,,Eltham and Chislehurst,1622
4060,727309,Call an immediate general election,,Ely and East Cambridgeshire,1563
4061,727309,Call an immediate general election,,Enfield North,874
4062,727309,Call an immediate general election,,Epping Forest,2766
4063,727309,Call an immediate general election,,Epsom and Ewell,1485
4064,727309,Call an immediate general election,,Erewash,2103
4065,727309,Call an immediate general election,,Erith and Thamesmead,1175
4066,727309,Call an immediate general election,,Esher and Walton,1273
4067,727309,Call an immediate general election,,Exeter,1091
4068,727309,Call an immediate general election,,Exmouth and Exeter East,1704
4069,727309,Call an immediate general election,,Fareham and Waterlooville,2662
4070,727309,Call an immediate general election,,Farnham and Bordon,1517
4071,727309,Call an immediate general election,,Faversham and Mid Kent,2190
4072,727309,Call an immediate general election,,Feltham and Heston,1071
4073,727309,Call an immediate general election,,Filton and Bradley Stoke,1503
4074,727309,Call an immediate general election,,Finchley and Golders Green,855
4075,727309,Call an immediate general election,,Folkestone and Hythe,1891
4076,727309,Call an immediate general election,,Forest of Dean,1655
4077,727309,Call an immediate general election,,Frome and East Somerset,1446
4078,727309,Call an immediate general election,,Fylde,2328
4079,727309,Call an immediate general election,,Gainsborough,2125
4080,727309,Call an immediate general election,,Gateshead Central and Whickham,1620
4081,727309,Call an immediate general election,,Gedling,1688
4082,727309,Call an immediate general election,,Gillingham and Rainham,1889
4083,727309,Call an immediate general election,,Glastonbury and Somerton,1681
4084,727309,Call an immediate general election,,Gloucester,1718
4085,727309,Call an immediate general election,,Godalming and Ash,1395
4086,727309,Call an immediate general election,,Goole and Pocklington,2154
4087,727309,Call an immediate general election,,Gorton and Denton,1248
4088,727309,Call an immediate general election,,Gosport,2464
4089,727309,Call an immediate general election,,Grantham and Bourne,1969
4090,727309,Call an immediate general election,,Gravesham,1867
4091,727309,Call an immediate general election,,Great Grimsby and Cleethorpes,2427
4092,727309,Call an immediate general election,,Great Yarmouth,2321
4093,727309,Call an immediate general election,,Greenwich and Woolwich,782
4094,727309,Call an immediate general election,,Guildford,1127
4095,727309,Call an immediate general election,,Hackney North and Stoke Newington,323
4096,727309,Call an immediate general election,,Hackney South and Shoreditch,441
4097,727309,Call an immediate general election,,Halesowen,1823
4098,727309,Call an immediate general election,,Halifax,1812
4099,727309,Call an immediate general election,,Hamble Valley,2324
4100,727309,Call an immediate general election,,Hammersmith and Chiswick,713
4101,727309,Call an immediate general election,,Hampstead and Highgate,642
4102,727309,Call an immediate general election,,"Harborough, Oadby and Wigston",1495
4103,727309,Call an immediate general election,,Harlow,2582
4104,727309,Call an immediate general election,,Harpenden and Berkhamsted,1169
4105,727309,Call an immediate general election,,Harrogate and Knaresborough,1495
4106,727309,Call an immediate general election,,Harrow East,676
4107,727309,Call an immediate general election,,Harrow West,585
4108,727309,Call an immediate general election,,Hartlepool,2189
4109,727309,Call an immediate general election,,Harwich and North Essex,2285
4110,727309,Call an immediate general election,,Hastings and Rye,1812
4111,727309,Call an immediate general election,,Havant,2799
4112,727309,Call an immediate general election,,Hayes and Harlington,948
4113,727309,Call an immediate general election,,Hazel Grove,1962
4114,727309,Call an immediate general election,,Hemel Hempstead,1833
4115,727309,Call an immediate general election,,Hendon,925
4116,727309,Call an immediate general election,,Henley and Thame,1395
4117,727309,Call an immediate general election,,Hereford and South Herefordshire,1772
4118,727309,Call an immediate general election,,Herne Bay and Sandwich,2189
4119,727309,Call an immediate general election,,Hertford and Stortford,2074
4120,727309,Call an immediate general election,,Hertsmere,1757
4121,727309,Call an immediate general election,,Hexham,1729
4122,727309,Call an immediate general election,,Heywood and Middleton North,2214
4123,727309,Call an immediate general election,,High Peak,1800
4124,727309,Call an immediate general election,,Hinckley and Bosworth,2374
4125,727309,Call an immediate general election,,Hitchin,1643
4126,727309,Call an immediate general election,,Holborn and St Pancras,608
4127,727309,Call an immediate general election,,Honiton and Sidmouth,1702
4128,727309,Call an immediate general election,,Hornchurch and Upminster,2478
4129,727309,Call an immediate general election,,Hornsey and Friern Barnet,526
4130,727309,Call an immediate general election,,Horsham,1896
4131,727309,Call an immediate general election,,Houghton and Sunderland South,2314
4132,727309,Call an immediate general election,,Hove and Portslade,1113
4133,727309,Call an immediate general election,,Huddersfield,1319
4134,727309,Call an immediate general election,,Huntingdon,1840
4135,727309,Call an immediate general election,,Hyndburn,2078
4136,727309,Call an immediate general election,,Ilford North,752
4137,727309,Call an immediate general election,,Ilford South,474
4138,727309,Call an immediate general election,,Ipswich,1684
4139,727309,Call an immediate general election,,Isle of Wight East,1325
4140,727309,Call an immediate general election,,Isle of Wight West,1241
4141,727309,Call an immediate general election,,Islington North,562
4142,727309,Call an immediate general election,,Islington South and Finsbury,919
4143,727309,Call an immediate general election,,Jarrow and Gateshead East,1886
4144,727309,Call an immediate general election,,Keighley and Ilkley,1724
4145,727309,Call an immediate general election,,Kenilworth and Southam,1771
4146,727309,Call an immediate general election,,Kensington and Bayswater,846
4147,727309,Call an immediate general election,,Kettering,1903
4148,727309,Call an immediate general election,,Kingston and Surbiton,1113
4149,727309,Call an immediate general election,,Kingston upon Hull East,1967
4150,727309,Call an immediate general election,,Kingston upon Hull North and Cottingham,1828
4151,727309,Call an immediate general election,,Kingston upon Hull West and Haltemprice,2119
4152,727309,Call an immediate general election,,Kingswinford and South Staffordshire,1981
4153,727309,Call an immediate general election,,Knowsley,1548
4154,727309,Call an immediate general election,,Lancaster and Wyre,1576
4155,727309,Call an immediate general election,,Leeds Central and Headingley,676
4156,727309,Call an immediate general election,,Leeds East,1816
4157,727309,Call an immediate general election,,Leeds North East,750
4158,727309,Call an immediate general election,,Leeds North West,1489
4159,727309,Call an immediate general election,,Leeds South,1619
4160,727309,Call an immediate general election,,Leeds South West and Morley,2107
4161,727309,Call an immediate general election,,Leeds West and Pudsey,1456
4162,727309,Call an immediate general election,,Leicester East,568
4163,727309,Call an immediate general election,,Leicester South,639
4164,727309,Call an immediate general election,,Leicester West,1349
4165,727309,Call an immediate general election,,Leigh and Atherton,2396
4166,727309,Call an immediate general election,,Lewes,1631
4167,727309,Call an immediate general election,,Lewisham East,696
4168,727309,Call an immediate general election,,Lewisham North,484
4169,727309,Call an immediate general election,,Lewisham West and East Dulwich,467
4170,727309,Call an immediate general election,,Leyton and Wanstead,601
4171,727309,Call an immediate general election,,Lichfield,2095
4172,727309,Call an immediate general election,,Lincoln,1688
4173,727309,Call an immediate general election,,Liverpool Garston,1307
4174,727309,Call an immediate general election,,Liverpool Riverside,1134
4175,727309,Call an immediate general election,,Liverpool Walton,1644
4176,727309,Call an immediate general election,,Liverpool Wavertree,867
4177,727309,Call an immediate general election,,Liverpool West Derby,1405
4178,727309,Call an immediate general election,,Loughborough,1548
4179,727309,Call an immediate general election,,Louth and Horncastle,2328
4180,727309,Call an immediate general election,,Lowestoft,2022
4181,727309,Call an immediate general election,,Luton North,842
4182,727309,Call an immediate general election,,Luton South and South Bedfordshire,960
4183,727309,Call an immediate general election,,Macclesfield,1723
4184,727309,Call an immediate general election,,Maidenhead,1622
4185,727309,Call an immediate general election,,Maidstone and Malling,1971
4186,727309,Call an immediate general election,,Makerfield,2313
4187,727309,Call an immediate general election,,Maldon,2865
4188,727309,Call an immediate general election,,Manchester Central,1539
4189,727309,Call an immediate general election,,Manchester Rusholme,377
4190,727309,Call an immediate general election,,Manchester Withington,513
4191,727309,Call an immediate general election,,Mansfield,2254
4192,727309,Call an immediate general election,,Melksham and Devizes,1542
4193,727309,Call an immediate general election,,Melton and Syston,1826
4194,727309,Call an immediate general election,,Meriden and Solihull East,2028
4195,727309,Call an immediate general election,,Mid Bedfordshire,1766
4196,727309,Call an immediate general election,,Mid Buckinghamshire,1591
4197,727309,Call an immediate general election,,Mid Cheshire,2027
4198,727309,Call an immediate general election,,Mid Derbyshire,1582
4199,727309,Call an immediate general election,,Mid Dorset and North Poole,2112
4200,727309,Call an immediate general election,,Mid Leicestershire,1829
4201,727309,Call an immediate general election,,Mid Norfolk,2142
4202,727309,Call an immediate general election,,Mid Sussex,1552
4203,727309,Call an immediate general election,,Middlesbrough and Thornaby East,1741
4204,727309,Call an immediate general election,,Middlesbrough South and East Cleveland,2040
4205,727309,Call an immediate general election,,Milton Keynes Central,1576
4206,727309,Call an immediate general election,,Milton Keynes North,1458
4207,727309,Call an immediate general election,,Mitcham and Morden,907
4208,727309,Call an immediate general election,,Morecambe and Lunesdale,1871
4209,727309,Call an immediate general election,,New Forest East,2009
4210,727309,Call an immediate general election,,New Forest West,1711
4211,727309,Call an immediate general election,,Newark,1989
4212,727309,Call an immediate general election,,Newbury,1558
4213,727309,Call an immediate general election,,Newcastle upon Tyne Central and West,1663
4214,727309,Call an immediate general election,,Newcastle upon Tyne East and Wallsend,1896
4215,727309,Call an immediate general election,,Newcastle upon Tyne North,1178
4216,727309,Call an immediate general election,,Newcastle-under-Lyme,1817
4217,727309,Call an immediate general election,,Newton Abbot,1728
4218,727309,Call an immediate general election,,Newton Aycliffe and Spennymoor,2064
4219,727309,Call an immediate general election,,Normanton and Hemsworth,2480
4220,727309,Call an immediate general election,,North Bedfordshire,1833
4221,727309,Call an immediate general election,,North Cornwall,1944
4222,727309,Call an immediate general election,,North Cotswolds,1586
4223,727309,Call an immediate general election,,North Devon,1932
4224,727309,Call an immediate general election,,North Dorset,1967
4225,727309,Call an immediate general election,,North Durham,1845
4226,727309,Call an immediate general election,,North East Cambridgeshire,2308
4227,727309,Call an immediate general election,,North East Derbyshire,1999
4228,727309,Call an immediate general election,,North East Hampshire,1836
4229,727309,Call an immediate general election,,North East Hertfordshire,1848
4230,727309,Call an immediate general election,,North East Somerset and Hanham,1610
4231,727309,Call an immediate general election,,North Herefordshire,1818
4232,727309,Call an immediate general election,,North Norfolk,1712
4233,727309,Call an immediate general election,,North Northumberland,1737
4234,727309,Call an immediate general election,,North Shropshire,2181
4235,727309,Call an immediate general election,,North Somerset,1422
4236,727309,Call an immediate general election,,North Warwickshire and Bedworth,2504
4237,727309,Call an immediate general election,,North West Cambridgeshire,1991
4238,727309,Call an immediate general election,,North West Essex,2461
4239,727309,Call an immediate general election,,North West Hampshire,1923
4240,727309,Call an immediate general election,,North West Leicestershire,2200
4241,727309,Call an immediate general election,,North West Norfolk,2007
4242,727309,Call an immediate general election,,Northampton North,1526
4243,727309,Call an immediate general election,,Northampton South,1589
4244,727309,Call an immediate general election,,Norwich North,1722
4245,727309,Call an immediate general election,,Norwich South,1404
4246,727309,Call an immediate general election,,Nottingham East,830
4247,727309,Call an immediate general election,,Nottingham North and Kimberley,1350
4248,727309,Call an immediate general election,,Nottingham South,1135
4249,727309,Call an immediate general election,,Nuneaton,2523
4250,727309,Call an immediate general election,,Old Bexley and Sidcup,2195
4251,727309,Call an immediate general election,,Oldham East and Saddleworth,1998
4252,727309,Call an immediate general election,,"Oldham West, Chadderton and Royton",1556
4253,727309,Call an immediate general election,,Orpington,1724
4254,727309,Call an immediate general election,,Ossett and Denby Dale,2337
4255,727309,Call an immediate general election,,Oxford East,639
4256,727309,Call an immediate general election,,Oxford West and Abingdon,795
4257,727309,Call an immediate general election,,Peckham,419
4258,727309,Call an immediate general election,,Pendle and Clitheroe,2326
4259,727309,Call an immediate general election,,Penistone and Stocksbridge,1789
4260,727309,Call an immediate general election,,Penrith and Solway,1793
4261,727309,Call an immediate general election,,Peterborough,1463
4262,727309,Call an immediate general election,,Plymouth Moor View,2336
4263,727309,Call an immediate general election,,Plymouth Sutton and Devonport,1919
4264,727309,Call an immediate general election,,"Pontefract, Castleford and Knottingley",2243
4265,727309,Call an immediate general election,,Poole,2156
4266,727309,Call an immediate general election,,Poplar and Limehouse,1371
4267,727309,Call an immediate general election,,Portsmouth North,2876
4268,727309,Call an immediate general election,,Portsmouth South,1723
4269,727309,Call an immediate general election,,Preston,1600
4270,727309,Call an immediate general election,,Putney,857
4271,727309,Call an immediate general election,,Queen's Park and Maida Vale,510
4272,727309,Call an immediate general election,,Rawmarsh and Conisbrough,1869
4273,727309,Call an immediate general election,,Rayleigh and Wickford,2910
4274,727309,Call an immediate general election,,Reading Central,942
4275,727309,Call an immediate general election,,Reading West and Mid Berkshire,1371
4276,727309,Call an immediate general election,,Redcar,2151
4277,727309,Call an immediate general election,,Redditch,2118
4278,727309,Call an immediate general election,,Reigate,1756
4279,727309,Call an immediate general election,,Ribble Valley,2174
4280,727309,Call an immediate general election,,Richmond and Northallerton,1969
4281,727309,Call an immediate general election,,Richmond Park,880
4282,727309,Call an immediate general election,,Rochdale,1537
4283,727309,Call an immediate general election,,Rochester and Strood,2193
4284,727309,Call an immediate general election,,Romford,2179
4285,727309,Call an immediate general election,,Romsey and Southampton North,1647
4286,727309,Call an immediate general election,,Rossendale and Darwen,2712
4287,727309,Call an immediate general election,,Rother Valley,1886
4288,727309,Call an immediate general election,,Rotherham,1745
4289,727309,Call an immediate general election,,Rugby,2126
4290,727309,Call an immediate general election,,"Ruislip, Northwood and Pinner",1117
4291,727309,Call an immediate general election,,Runcorn and Helsby,1877
4292,727309,Call an immediate general election,,Runnymede and Weybridge,1809
4293,727309,Call an immediate general election,,Rushcliffe,1494
4294,727309,Call an immediate general election,,Rutland and Stamford,1645
4295,727309,Call an immediate general election,,Salford,1773
4296,727309,Call an immediate general election,,Salisbury,1486
4297,727309,Call an immediate general election,,Scarborough and Whitby,2138
4298,727309,Call an immediate general election,,Scunthorpe,1909
4299,727309,Call an immediate general election,,Sefton Central,1526
4300,727309,Call an immediate general election,,Selby,2343
4301,727309,Call an immediate general election,,Sevenoaks,2059
4302,727309,Call an immediate general election,,Sheffield Brightside and Hillsborough,1325
4303,727309,Call an immediate general election,,Sheffield Central,434
4304,727309,Call an immediate general election,,Sheffield Hallam,830
4305,727309,Call an immediate general election,,Sheffield Heeley,1262
4306,727309,Call an immediate general election,,Sheffield South East,1645
4307,727309,Call an immediate general election,,Sherwood Forest,2164
4308,727309,Call an immediate general election,,Shipley,1667
4309,727309,Call an immediate general election,,Shrewsbury,1778
4310,727309,Call an immediate general election,,Sittingbourne and Sheppey,2361
4311,727309,Call an immediate general election,,Skipton and Ripon,1889
4312,727309,Call an immediate general election,,Sleaford and North Hykeham,1944
4313,727309,Call an immediate general election,,Slough,789
4314,727309,Call an immediate general election,,Smethwick,1117
4315,727309,Call an immediate general election,,Solihull West and Shirley,1675
4316,727309,Call an immediate general election,,South Basildon and East Thurrock,2665
4317,727309,Call an immediate general election,,South Cambridgeshire,1207
4318,727309,Call an immediate general election,,South Cotswolds,1482
4319,727309,Call an immediate general election,,South Derbyshire,2066
4320,727309,Call an immediate general election,,South Devon,1622
4321,727309,Call an immediate general election,,South Dorset,1962
4322,727309,Call an immediate general election,,South East Cornwall,2106
4323,727309,Call an immediate general election,,South Holland and The Deepings,2463
4324,727309,Call an immediate general election,,South Leicestershire,2226
4325,727309,Call an immediate general election,,South Norfolk,1858
4326,727309,Call an immediate general election,,South Northamptonshire,2060
4327,727309,Call an immediate general election,,South Ribble,2149
4328,727309,Call an immediate general election,,South Shields,1762
4329,727309,Call an immediate general election,,South Shropshire,1939
4330,727309,Call an immediate general election,,South Suffolk,1933
4331,727309,Call an immediate general election,,South West Devon,2157
4332,727309,Call an immediate general election,,South West Hertfordshire,1684
4333,727309,Call an immediate general election,,South West Norfolk,2392
4334,727309,Call an immediate general election,,South West Wiltshire,1754
4335,727309,Call an immediate general election,,Southampton Itchen,1958
4336,727309,Call an immediate general election,,Southampton Test,1471
4337,727309,Call an immediate general election,,Southend East and Rochford,2132
4338,727309,Call an immediate general election,,Southend West and Leigh,2180
4339,727309,Call an immediate general election,,Southgate and Wood Green,788
4340,727309,Call an immediate general election,,Southport,1919
4341,727309,Call an immediate general election,,Spelthorne,1960
4342,727309,Call an immediate general election,,Spen Valley,1911
4343,727309,Call an immediate general election,,St Albans,1051
4344,727309,Call an immediate general election,,St Austell and Newquay,2004
4345,727309,Call an immediate general election,,St Helens North,1978
4346,727309,Call an immediate general election,,St Helens South and Whiston,1846
4347,727309,Call an immediate general election,,St Ives,1592
4348,727309,Call an immediate general election,,St Neots and Mid Cambridgeshire,1482
4349,727309,Call an immediate general election,,Stafford,1819
4350,727309,Call an immediate general election,,Staffordshire Moorlands,2059
4351,727309,Call an immediate general election,,Stalybridge and Hyde,2238
4352,727309,Call an immediate general election,,Stevenage,1848
4353,727309,Call an immediate general election,,Stockport,1502
4354,727309,Call an immediate general election,,Stockton North,2038
4355,727309,Call an immediate general election,,Stockton West,2046
4356,727309,Call an immediate general election,,Stoke-on-Trent Central,1781
4357,727309,Call an immediate general election,,Stoke-on-Trent North,1992
4358,727309,Call an immediate general election,,Stoke-on-Trent South,1878
4359,727309,Call an immediate general election,,"Stone, Great Wyrley and Penkridge",2136
4360,727309,Call an immediate general election,,Stourbridge,1803
4361,727309,Call an immediate general election,,Stratford and Bow,547
4362,727309,Call an immediate general election,,Stratford-on-Avon,1693
4363,727309,Call an immediate general election,,Streatham and Croydon North,488
4364,727309,Call an immediate general election,,Stretford and Urmston,1490
4365,727309,Call an immediate general election,,Stroud,1481
4366,727309,Call an immediate general election,,Suffolk Coastal,1748
4367,727309,Call an immediate general election,,Sunderland Central,1841
4368,727309,Call an immediate general election,,Surrey Heath,1806
4369,727309,Call an immediate general election,,Sussex Weald,2040
4370,727309,Call an immediate general election,,Sutton and Cheam,1287
4371,727309,Call an immediate general election,,Sutton Coldfield,1826
4372,727309,Call an immediate general election,,Swindon North,1775
4373,727309,Call an immediate general election,,Swindon South,1530
4374,727309,Call an immediate general election,,Tamworth,2725
4375,727309,Call an immediate general election,,Tatton,1809
4376,727309,Call an immediate general election,,Taunton and Wellington,1760
4377,727309,Call an immediate general election,,Telford,2189
4378,727309,Call an immediate general election,,Tewkesbury,1557
4379,727309,Call an immediate general election,,The Wrekin,1960
4380,727309,Call an immediate general election,,Thirsk and Malton,2015
4381,727309,Call an immediate general election,,Thornbury and Yate,1770
4382,727309,Call an immediate general election,,Thurrock,2179
4383,727309,Call an immediate general election,,Tipton and Wednesbury,2072
4384,727309,Call an immediate general election,,Tiverton and Minehead,1625
4385,727309,Call an immediate general election,,Tonbridge,1739
4386,727309,Call an immediate general election,,Tooting,646
4387,727309,Call an immediate general election,,Torbay,2115
4388,727309,Call an immediate general election,,Torridge and Tavistock,1850
4389,727309,Call an immediate general election,,Tottenham,388
4390,727309,Call an immediate general election,,Truro and Falmouth,1420
4391,727309,Call an immediate general election,,Tunbridge Wells,1577
4392,727309,Call an immediate general election,,Twickenham,950
4393,727309,Call an immediate general election,,Tynemouth,1605
4394,727309,Call an immediate general election,,Uxbridge and South Ruislip,1539
4395,727309,Call an immediate general election,,Vauxhall and Camberwell Green,435
4396,727309,Call an immediate general election,,Wakefield and Rothwell,2177
4397,727309,Call an immediate general election,,Wallasey,1816
4398,727309,Call an immediate general election,,Walsall and Bloxwich,1478
4399,727309,Call an immediate general election,,Walthamstow,429
4400,727309,Call an immediate general election,,Warrington North,1947
4401,727309,Call an immediate general election,,Warrington South,1845
4402,727309,Call an immediate general election,,Warwick and Leamington,1238
4403,727309,Call an immediate general election,,Washington and Gateshead South,2001
4404,727309,Call an immediate general election,,Watford,1136
4405,727309,Call an immediate general election,,Waveney Valley,2104
4406,727309,Call an immediate general election,,Weald of Kent,2111
4407,727309,Call an immediate general election,,Wellingborough and Rushden,1893
4408,727309,Call an immediate general election,,Wells and Mendip Hills,1587
4409,727309,Call an immediate general election,,Welwyn Hatfield,1735
4410,727309,Call an immediate general election,,West Bromwich,1475
4411,727309,Call an immediate general election,,West Dorset,1468
4412,727309,Call an immediate general election,,West Ham and Beckton,806
4413,727309,Call an immediate general election,,West Lancashire,1781
4414,727309,Call an immediate general election,,West Suffolk,2165
4415,727309,Call an immediate general election,,West Worcestershire,1858
4416,727309,Call an immediate general election,,Westmorland and Lonsdale,1438
4417,727309,Call an immediate general election,,Weston-super-Mare,2150
4418,727309,Call an immediate general election,,Wetherby and Easingwold,1727
4419,727309,Call an immediate general election,,Whitehaven and Workington,2343
4420,727309,Call an immediate general election,,Widnes and Halewood,1768
4421,727309,Call an immediate general election,,Wigan,2192
4422,727309,Call an immediate general election,,Wimbledon,893
4423,727309,Call an immediate general election,,Winchester,1345
4424,727309,Call an immediate general election,,Windsor,1541
4425,727309,Call an immediate general election,,Wirral West,1525
4426,727309,Call an immediate general election,,Witham,2562
4427,727309,Call an immediate general election,,Witney,1696
4428,727309,Call an immediate general election,,Woking,1347
4429,727309,Call an immediate general election,,Wokingham,1565
4430,727309,Call an immediate general election,,Wolverhampton North East,1579
4431,727309,Call an immediate general election,,Wolverhampton South East,1562
4432,727309,Call an immediate general election,,Wolverhampton West,1219
4433,727309,Call an immediate general election,,Worcester,1609
4434,727309,Call an immediate general election,,Worsley and Eccles,2095
4435,727309,Call an immediate general election,,Worthing West,1777
4436,727309,Call an immediate general election,,Wycombe,1122
4437,727309,Call an immediate general election,,Wyre Forest,2297
4438,727309,Call an immediate general election,,Wythenshawe and Sale East,1761
4439,727309,Call an immediate general election,,Yeovil,1956
4440,727309,Call an immediate general election,,York Central,1232
4441,727309,Call an immediate general election,,York Outer,1482
4442,727309,Call an immediate general election,,Belfast East,1028
4443,727309,Call an immediate general election,,Belfast North,903
4444,727309,Call an immediate general election,,Belfast South and Mid Down,554
4445,727309,Call an immediate general election,,Belfast West,496
4446,727309,Call an immediate general election,,East Antrim,1180
4447,727309,Call an immediate general election,,East Londonderry,668
4448,727309,Call an immediate general election,,Fermanagh and South Tyrone,403
4449,727309,Call an immediate general election,,Foyle,303
4450,727309,Call an immediate general election,,Lagan Valley,914
4451,727309,Call an immediate general election,,Mid Ulster,390
4452,727309,Call an immediate general election,,Newry and Armagh,452
4453,727309,Call an immediate general election,,North Antrim,798
4454,727309,Call an immediate general election,,North Down,1222
4455,727309,Call an immediate general election,,South Antrim,956
4456,727309,Call an immediate general election,,South Down,441
4457,727309,Call an immediate general election,,Strangford,1036
4458,727309,Call an immediate general election,,Upper Bann,927
4459,727309,Call an immediate general election,,West Tyrone,338
4460,727309,Call an immediate general election,,East Renfrewshire,719
4461,727309,Call an immediate general election,,Na h-Eileanan an Iar,263
4462,727309,Call an immediate general election,,Midlothian,874
4463,727309,Call an immediate general election,,North Ayrshire and Arran,1093
4464,727309,Call an immediate general election,,Orkney and Shetland,413
4465,727309,Call an immediate general election,,Aberdeen North,1422
4466,727309,Call an immediate general election,,Aberdeen South,1380
4467,727309,Call an immediate general election,,Aberdeenshire North and Moray East,1678
4468,727309,Call an immediate general election,,Airdrie and Shotts,1075
4469,727309,Call an immediate general election,,Alloa and Grangemouth,1055
4470,727309,Call an immediate general election,,Angus and Perthshire Glens,1174
4471,727309,Call an immediate general election,,Arbroath and Broughty Ferry,1233
4472,727309,Call an immediate general election,,"Argyll, Bute and South Lochaber",1054
4473,727309,Call an immediate general election,,Bathgate and Linlithgow,1065
4474,727309,Call an immediate general election,,"Caithness, Sutherland and Easter Ross",1182
4475,727309,Call an immediate general election,,Coatbridge and Bellshill,918
4476,727309,Call an immediate general election,,Cowdenbeath and Kirkcaldy,831
4477,727309,Call an immediate general election,,Cumbernauld and Kirkintilloch,954
4478,727309,Call an immediate general election,,Dumfries and Galloway,1257
4479,727309,Call an immediate general election,,"Dumfriesshire, Clydesdale and Tweeddale",1083
4480,727309,Call an immediate general election,,Dundee Central,960
4481,727309,Call an immediate general election,,Dunfermline and Dollar,964
4482,727309,Call an immediate general election,,East Kilbride and Strathaven,1058
4483,727309,Call an immediate general election,,Edinburgh East and Musselburgh,669
4484,727309,Call an immediate general election,,Edinburgh North and Leith,712
4485,727309,Call an immediate general election,,Edinburgh South,580
4486,727309,Call an immediate general election,,Edinburgh South West,655
4487,727309,Call an immediate general election,,Edinburgh West,777
4488,727309,Call an immediate general election,,Falkirk,1266
4489,727309,Call an immediate general election,,Glasgow East,884
4490,727309,Call an immediate general election,,Glasgow North,767
4491,727309,Call an immediate general election,,Glasgow North East,959
4492,727309,Call an immediate general election,,Glasgow South,602
4493,727309,Call an immediate general election,,Glasgow South West,752
4494,727309,Call an immediate general election,,Glasgow West,753
4495,727309,Call an immediate general election,,Glenrothes and Mid Fife,979
4496,727309,Call an immediate general election,,Gordon and Buchan,1349
4497,727309,Call an immediate general election,,Hamilton and Clyde Valley,1157
4498,727309,Call an immediate general election,,Inverclyde and Renfrewshire West,979
4499,727309,Call an immediate general election,,"Inverness, Skye and West Ross-shire",1061
4500,727309,Call an immediate general election,,Livingston,1184
4501,727309,Call an immediate general election,,Lothian East,851
4502,727309,Call an immediate general election,,Mid Dunbartonshire,776
4503,727309,Call an immediate general election,,"Moray West, Nairn and Strathspey",1240
4504,727309,Call an immediate general election,,"Motherwell, Wishaw and Carluke",989
4505,727309,Call an immediate general election,,North East Fife,798
4506,727309,Call an immediate general election,,Paisley and Renfrewshire North,988
4507,727309,Call an immediate general election,,Paisley and Renfrewshire South,1011
4508,727309,Call an immediate general election,,Perth and Kinross-shire,1091
4509,727309,Call an immediate general election,,Rutherglen,916
4510,727309,Call an immediate general election,,Stirling and Strathallan,873
4511,727309,Call an immediate general election,,West Dunbartonshire,977
4512,727309,Call an immediate general election,,"Ayr, Carrick and Cumnock",1025
4513,727309,Call an immediate general election,,"Berwickshire, Roxburgh and Selkirk",1102
4514,727309,Call an immediate general election,,Central Ayrshire,1061
4515,727309,Call an immediate general election,,Kilmarnock and Loudoun,1126
4516,727309,Call an immediate general election,,West Aberdeenshire and Kincardine,1429
4517,727309,Call an immediate general election,,Aberafan Maesteg,1627
4518,727309,Call an immediate general election,,Alyn and Deeside,2289
4519,727309,Call an immediate general election,,Bangor Aberconwy,1579
4520,727309,Call an immediate general election,,Blaenau Gwent and Rhymney,1842
4521,727309,Call an immediate general election,,"Brecon, Radnor and Cwm Tawe",1604
4522,727309,Call an immediate general election,,Bridgend,1692
4523,727309,Call an immediate general election,,Caerfyrddin,1726
4524,727309,Call an immediate general election,,Caerphilly,1784
4525,727309,Call an immediate general election,,Cardiff East,1120
4526,727309,Call an immediate general election,,Cardiff North,1138
4527,727309,Call an immediate general election,,Cardiff South and Penarth,944
4528,727309,Call an immediate general election,,Cardiff West,1227
4529,727309,Call an immediate general election,,Ceredigion Preseli,1300
4530,727309,Call an immediate general election,,Clwyd East,2063
4531,727309,Call an immediate general election,,Clwyd North,1996
4532,727309,Call an immediate general election,,Dwyfor Meirionnydd,1337
4533,727309,Call an immediate general election,,Gower,1732
4534,727309,Call an immediate general election,,Llanelli,1822
4535,727309,Call an immediate general election,,Merthyr Tydfil and Aberdare,1692
4536,727309,Call an immediate general election,,Mid and South Pembrokeshire,1728
4537,727309,Call an immediate general election,,Monmouthshire,1472
4538,727309,Call an immediate general election,,Montgomeryshire and Glyndŵr,1971
4539,727309,Call an immediate general election,,Neath and Swansea East,1825
4540,727309,Call an immediate general election,,Newport East,1678
4541,727309,Call an immediate general election,,Newport West and Islwyn,1838
4542,727309,Call an immediate general election,,Pontypridd,1672
4543,727309,Call an immediate general election,,Rhondda and Ogmore,2205
4544,727309,Call an immediate general election,,Swansea West,1507
4545,727309,Call an immediate general election,,Torfaen,1648
4546,727309,Call an immediate general election,,Vale of Glamorgan,1780
4547,727309,Call an immediate general election,,Wrexham,1926
4548,727309,Call an immediate general election,,Ynys Môn,1156
4549,737105,Introduce offshore detention/mass deportation for illegal migrants,,Aldershot,1143
4550,737105,Introduce offshore detention/mass deportation for illegal migrants,,Aldridge-Brownhills,1218
4551,737105,Introduce offshore detention/mass deportation for illegal migrants,,Altrincham and Sale West,865
4552,737105,Introduce offshore detention/mass deportation for illegal migrants,,Amber Valley,1280
4553,737105,Introduce offshore detention/mass deportation for illegal migrants,,Arundel and South Downs,938
4554,737105,Introduce offshore detention/mass deportation for illegal migrants,,Ashfield,1243
4555,737105,Introduce offshore detention/mass deportation for illegal migrants,,Ashford,1185
4556,737105,Introduce offshore detention/mass deportation for illegal migrants,,Ashton-under-Lyne,1083
4557,737105,Introduce offshore detention/mass deportation for illegal migrants,,Aylesbury,938
4558,737105,Introduce offshore detention/mass deportation for illegal migrants,,Banbury,835
4559,737105,Introduce offshore detention/mass deportation for illegal migrants,,Barking,512
4560,737105,Introduce offshore detention/mass deportation for illegal migrants,,Barnsley North,1398
4561,737105,Introduce offshore detention/mass deportation for illegal migrants,,Barnsley South,1319
4562,737105,Introduce offshore detention/mass deportation for illegal migrants,,Barrow and Furness,1474
4563,737105,Introduce offshore detention/mass deportation for illegal migrants,,Basildon and Billericay,1431
4564,737105,Introduce offshore detention/mass deportation for illegal migrants,,Basingstoke,1097
4565,737105,Introduce offshore detention/mass deportation for illegal migrants,,Bassetlaw,1429
4566,737105,Introduce offshore detention/mass deportation for illegal migrants,,Bath,439
4567,737105,Introduce offshore detention/mass deportation for illegal migrants,,Battersea,364
4568,737105,Introduce offshore detention/mass deportation for illegal migrants,,Beaconsfield,885
4569,737105,Introduce offshore detention/mass deportation for illegal migrants,,Beckenham and Penge,599
4570,737105,Introduce offshore detention/mass deportation for illegal migrants,,Bedford,560
4571,737105,Introduce offshore detention/mass deportation for illegal migrants,,Bermondsey and Old Southwark,458
4572,737105,Introduce offshore detention/mass deportation for illegal migrants,,Bethnal Green and Stepney,277
4573,737105,Introduce offshore detention/mass deportation for illegal migrants,,Beverley and Holderness,1244
4574,737105,Introduce offshore detention/mass deportation for illegal migrants,,Bexhill and Battle,1162
4575,737105,Introduce offshore detention/mass deportation for illegal migrants,,Bexleyheath and Crayford,1061
4576,737105,Introduce offshore detention/mass deportation for illegal migrants,,Bicester and Woodstock,761
4577,737105,Introduce offshore detention/mass deportation for illegal migrants,,Birkenhead,1274
4578,737105,Introduce offshore detention/mass deportation for illegal migrants,,Birmingham Edgbaston,535
4579,737105,Introduce offshore detention/mass deportation for illegal migrants,,Birmingham Erdington,990
4580,737105,Introduce offshore detention/mass deportation for illegal migrants,,Birmingham Hall Green and Moseley,245
4581,737105,Introduce offshore detention/mass deportation for illegal migrants,,Birmingham Hodge Hill and Solihull North,818
4582,737105,Introduce offshore detention/mass deportation for illegal migrants,,Birmingham Ladywood,252
4583,737105,Introduce offshore detention/mass deportation for illegal migrants,,Birmingham Northfield,1069
4584,737105,Introduce offshore detention/mass deportation for illegal migrants,,Birmingham Perry Barr,271
4585,737105,Introduce offshore detention/mass deportation for illegal migrants,,Birmingham Selly Oak,640
4586,737105,Introduce offshore detention/mass deportation for illegal migrants,,Birmingham Yardley,622
4587,737105,Introduce offshore detention/mass deportation for illegal migrants,,Bishop Auckland,1338
4588,737105,Introduce offshore detention/mass deportation for illegal migrants,,Blackburn,754
4589,737105,Introduce offshore detention/mass deportation for illegal migrants,,Blackley and Middleton South,882
4590,737105,Introduce offshore detention/mass deportation for illegal migrants,,Blackpool North and Fleetwood,1623
4591,737105,Introduce offshore detention/mass deportation for illegal migrants,,Blackpool South,1470
4592,737105,Introduce offshore detention/mass deportation for illegal migrants,,Blaydon and Consett,1372
4593,737105,Introduce offshore detention/mass deportation for illegal migrants,,Blyth and Ashington,1651
4594,737105,Introduce offshore detention/mass deportation for illegal migrants,,Bognor Regis and Littlehampton,1238
4595,737105,Introduce offshore detention/mass deportation for illegal migrants,,Bolsover,1447
4596,737105,Introduce offshore detention/mass deportation for illegal migrants,,Bolton North East,1273
4597,737105,Introduce offshore detention/mass deportation for illegal migrants,,Bolton South and Walkden,1119
4598,737105,Introduce offshore detention/mass deportation for illegal migrants,,Bolton West,1211
4599,737105,Introduce offshore detention/mass deportation for illegal migrants,,Bootle,1026
4600,737105,Introduce offshore detention/mass deportation for illegal migrants,,Boston and Skegness,1404
4601,737105,Introduce offshore detention/mass deportation for illegal migrants,,Bournemouth East,996
4602,737105,Introduce offshore detention/mass deportation for illegal migrants,,Bournemouth West,1121
4603,737105,Introduce offshore detention/mass deportation for illegal migrants,,Bracknell,984
4604,737105,Introduce offshore detention/mass deportation for illegal migrants,,Bradford East,734
4605,737105,Introduce offshore detention/mass deportation for illegal migrants,,Bradford South,980
4606,737105,Introduce offshore detention/mass deportation for illegal migrants,,Bradford West,363
4607,737105,Introduce offshore detention/mass deportation for illegal migrants,,Braintree,1541
4608,737105,Introduce offshore detention/mass deportation for illegal migrants,,Brent East,254
4609,737105,Introduce offshore detention/mass deportation for illegal migrants,,Brent West,197
4610,737105,Introduce offshore detention/mass deportation for illegal migrants,,Brentford and Isleworth,464
4611,737105,Introduce offshore detention/mass deportation for illegal migrants,,Brentwood and Ongar,1572
4612,737105,Introduce offshore detention/mass deportation for illegal migrants,,Bridgwater,1289
4613,737105,Introduce offshore detention/mass deportation for illegal migrants,,Bridlington and The Wolds,1417
4614,737105,Introduce offshore detention/mass deportation for illegal migrants,,Brigg and Immingham,1309
4615,737105,Introduce offshore detention/mass deportation for illegal migrants,,Brighton Kemptown and Peacehaven,838
4616,737105,Introduce offshore detention/mass deportation for illegal migrants,,Brighton Pavilion,484
4617,737105,Introduce offshore detention/mass deportation for illegal migrants,,Bristol Central,224
4618,737105,Introduce offshore detention/mass deportation for illegal migrants,,Bristol East,678
4619,737105,Introduce offshore detention/mass deportation for illegal migrants,,Bristol North East,671
4620,737105,Introduce offshore detention/mass deportation for illegal migrants,,Bristol North West,659
4621,737105,Introduce offshore detention/mass deportation for illegal migrants,,Bristol South,972
4622,737105,Introduce offshore detention/mass deportation for illegal migrants,,Broadland and Fakenham,1342
4623,737105,Introduce offshore detention/mass deportation for illegal migrants,,Bromley and Biggin Hill,791
4624,737105,Introduce offshore detention/mass deportation for illegal migrants,,Bromsgrove,1069
4625,737105,Introduce offshore detention/mass deportation for illegal migrants,,Broxbourne,1209
4626,737105,Introduce offshore detention/mass deportation for illegal migrants,,Broxtowe,910
4627,737105,Introduce offshore detention/mass deportation for illegal migrants,,Buckingham and Bletchley,860
4628,737105,Introduce offshore detention/mass deportation for illegal migrants,,Burnley,1486
4629,737105,Introduce offshore detention/mass deportation for illegal migrants,,Burton and Uttoxeter,1113
4630,737105,Introduce offshore detention/mass deportation for illegal migrants,,Bury North,1150
4631,737105,Introduce offshore detention/mass deportation for illegal migrants,,Bury South,924
4632,737105,Introduce offshore detention/mass deportation for illegal migrants,,Bury St Edmunds and Stowmarket,1041
4633,737105,Introduce offshore detention/mass deportation for illegal migrants,,Calder Valley,1147
4634,737105,Introduce offshore detention/mass deportation for illegal migrants,,Camborne and Redruth,1056
4635,737105,Introduce offshore detention/mass deportation for illegal migrants,,Cambridge,405
4636,737105,Introduce offshore detention/mass deportation for illegal migrants,,Cannock Chase,1419
4637,737105,Introduce offshore detention/mass deportation for illegal migrants,,Canterbury,873
4638,737105,Introduce offshore detention/mass deportation for illegal migrants,,Carlisle,2303
4639,737105,Introduce offshore detention/mass deportation for illegal migrants,,Carshalton and Wallington,891
4640,737105,Introduce offshore detention/mass deportation for illegal migrants,,Castle Point,1694
4641,737105,Introduce offshore detention/mass deportation for illegal migrants,,Central Devon,944
4642,737105,Introduce offshore detention/mass deportation for illegal migrants,,Central Suffolk and North Ipswich,1024
4643,737105,Introduce offshore detention/mass deportation for illegal migrants,,Chatham and Aylesford,1153
4644,737105,Introduce offshore detention/mass deportation for illegal migrants,,Cheadle,797
4645,737105,Introduce offshore detention/mass deportation for illegal migrants,,Chelmsford,1060
4646,737105,Introduce offshore detention/mass deportation for illegal migrants,,Chelsea and Fulham,574
4647,737105,Introduce offshore detention/mass deportation for illegal migrants,,Cheltenham,679
4648,737105,Introduce offshore detention/mass deportation for illegal migrants,,Chesham and Amersham,768
4649,737105,Introduce offshore detention/mass deportation for illegal migrants,,Chester North and Neston,789
4650,737105,Introduce offshore detention/mass deportation for illegal migrants,,Chester South and Eddisbury,1025
4651,737105,Introduce offshore detention/mass deportation for illegal migrants,,Chesterfield,1043
4652,737105,Introduce offshore detention/mass deportation for illegal migrants,,Chichester,1146
4653,737105,Introduce offshore detention/mass deportation for illegal migrants,,Chingford and Woodford Green,677
4654,737105,Introduce offshore detention/mass deportation for illegal migrants,,Chippenham,852
4655,737105,Introduce offshore detention/mass deportation for illegal migrants,,Chipping Barnet,511
4656,737105,Introduce offshore detention/mass deportation for illegal migrants,,Chorley,1437
4657,737105,Introduce offshore detention/mass deportation for illegal migrants,,Christchurch,1130
4658,737105,Introduce offshore detention/mass deportation for illegal migrants,,Cities of London and Westminster,570
4659,737105,Introduce offshore detention/mass deportation for illegal migrants,,City of Durham,1053
4660,737105,Introduce offshore detention/mass deportation for illegal migrants,,Clacton,1676
4661,737105,Introduce offshore detention/mass deportation for illegal migrants,,Clapham and Brixton Hill,214
4662,737105,Introduce offshore detention/mass deportation for illegal migrants,,Colchester,1036
4663,737105,Introduce offshore detention/mass deportation for illegal migrants,,Colne Valley,1011
4664,737105,Introduce offshore detention/mass deportation for illegal migrants,,Congleton,1079
4665,737105,Introduce offshore detention/mass deportation for illegal migrants,,Corby and East Northamptonshire,1181
4666,737105,Introduce offshore detention/mass deportation for illegal migrants,,Coventry East,733
4667,737105,Introduce offshore detention/mass deportation for illegal migrants,,Coventry North West,947
4668,737105,Introduce offshore detention/mass deportation for illegal migrants,,Coventry South,680
4669,737105,Introduce offshore detention/mass deportation for illegal migrants,,Cramlington and Killingworth,1478
4670,737105,Introduce offshore detention/mass deportation for illegal migrants,,Crawley,1186
4671,737105,Introduce offshore detention/mass deportation for illegal migrants,,Crewe and Nantwich,1224
4672,737105,Introduce offshore detention/mass deportation for illegal migrants,,Croydon East,573
4673,737105,Introduce offshore detention/mass deportation for illegal migrants,,Croydon South,529
4674,737105,Introduce offshore detention/mass deportation for illegal migrants,,Croydon West,258
4675,737105,Introduce offshore detention/mass deportation for illegal migrants,,Dagenham and Rainham,907
4676,737105,Introduce offshore detention/mass deportation for illegal migrants,,Darlington,1355
4677,737105,Introduce offshore detention/mass deportation for illegal migrants,,Dartford,1233
4678,737105,Introduce offshore detention/mass deportation for illegal migrants,,Daventry,1255
4679,737105,Introduce offshore detention/mass deportation for illegal migrants,,Derby North,955
4680,737105,Introduce offshore detention/mass deportation for illegal migrants,,Derby South,810
4681,737105,Introduce offshore detention/mass deportation for illegal migrants,,Derbyshire Dales,906
4682,737105,Introduce offshore detention/mass deportation for illegal migrants,,Dewsbury and Batley,835
4683,737105,Introduce offshore detention/mass deportation for illegal migrants,,Didcot and Wantage,877
4684,737105,Introduce offshore detention/mass deportation for illegal migrants,,Doncaster Central,1192
4685,737105,Introduce offshore detention/mass deportation for illegal migrants,,Doncaster East and the Isle of Axholme,1442
4686,737105,Introduce offshore detention/mass deportation for illegal migrants,,Doncaster North,1544
4687,737105,Introduce offshore detention/mass deportation for illegal migrants,,Dorking and Horley,934
4688,737105,Introduce offshore detention/mass deportation for illegal migrants,,Dover and Deal,1320
4689,737105,Introduce offshore detention/mass deportation for illegal migrants,,Droitwich and Evesham,1084
4690,737105,Introduce offshore detention/mass deportation for illegal migrants,,Dudley,984
4691,737105,Introduce offshore detention/mass deportation for illegal migrants,,Dulwich and West Norwood,226
4692,737105,Introduce offshore detention/mass deportation for illegal migrants,,Dunstable and Leighton Buzzard,1131
4693,737105,Introduce offshore detention/mass deportation for illegal migrants,,Ealing Central and Acton,436
4694,737105,Introduce offshore detention/mass deportation for illegal migrants,,Ealing North,404
4695,737105,Introduce offshore detention/mass deportation for illegal migrants,,Ealing Southall,235
4696,737105,Introduce offshore detention/mass deportation for illegal migrants,,Earley and Woodley,674
4697,737105,Introduce offshore detention/mass deportation for illegal migrants,,Easington,1521
4698,737105,Introduce offshore detention/mass deportation for illegal migrants,,East Grinstead and Uckfield,1197
4699,737105,Introduce offshore detention/mass deportation for illegal migrants,,East Ham,139
4700,737105,Introduce offshore detention/mass deportation for illegal migrants,,East Hampshire,851
4701,737105,Introduce offshore detention/mass deportation for illegal migrants,,East Surrey,1008
4702,737105,Introduce offshore detention/mass deportation for illegal migrants,,East Thanet,1192
4703,737105,Introduce offshore detention/mass deportation for illegal migrants,,East Wiltshire,1027
4704,737105,Introduce offshore detention/mass deportation for illegal migrants,,East Worthing and Shoreham,908
4705,737105,Introduce offshore detention/mass deportation for illegal migrants,,Eastbourne,1069
4706,737105,Introduce offshore detention/mass deportation for illegal migrants,,Eastleigh,1008
4707,737105,Introduce offshore detention/mass deportation for illegal migrants,,Edmonton and Winchmore Hill,294
4708,737105,Introduce offshore detention/mass deportation for illegal migrants,,Ellesmere Port and Bromborough,1346
4709,737105,Introduce offshore detention/mass deportation for illegal migrants,,Eltham and Chislehurst,932
4710,737105,Introduce offshore detention/mass deportation for illegal migrants,,Ely and East Cambridgeshire,879
4711,737105,Introduce offshore detention/mass deportation for illegal migrants,,Enfield North,474
4712,737105,Introduce offshore detention/mass deportation for illegal migrants,,Epping Forest,1396
4713,737105,Introduce offshore detention/mass deportation for illegal migrants,,Epsom and Ewell,777
4714,737105,Introduce offshore detention/mass deportation for illegal migrants,,Erewash,1246
4715,737105,Introduce offshore detention/mass deportation for illegal migrants,,Erith and Thamesmead,639
4716,737105,Introduce offshore detention/mass deportation for illegal migrants,,Esher and Walton,767
4717,737105,Introduce offshore detention/mass deportation for illegal migrants,,Exeter,681
4718,737105,Introduce offshore detention/mass deportation for illegal migrants,,Exmouth and Exeter East,1049
4719,737105,Introduce offshore detention/mass deportation for illegal migrants,,Fareham and Waterlooville,1328
4720,737105,Introduce offshore detention/mass deportation for illegal migrants,,Farnham and Bordon,804
4721,737105,Introduce offshore detention/mass deportation for illegal migrants,,Faversham and Mid Kent,1233
4722,737105,Introduce offshore detention/mass deportation for illegal migrants,,Feltham and Heston,539
4723,737105,Introduce offshore detention/mass deportation for illegal migrants,,Filton and Bradley Stoke,790
4724,737105,Introduce offshore detention/mass deportation for illegal migrants,,Finchley and Golders Green,371
4725,737105,Introduce offshore detention/mass deportation for illegal migrants,,Folkestone and Hythe,1176
4726,737105,Introduce offshore detention/mass deportation for illegal migrants,,Forest of Dean,994
4727,737105,Introduce offshore detention/mass deportation for illegal migrants,,Frome and East Somerset,758
4728,737105,Introduce offshore detention/mass deportation for illegal migrants,,Fylde,1393
4729,737105,Introduce offshore detention/mass deportation for illegal migrants,,Gainsborough,1299
4730,737105,Introduce offshore detention/mass deportation for illegal migrants,,Gateshead Central and Whickham,1188
4731,737105,Introduce offshore detention/mass deportation for illegal migrants,,Gedling,967
4732,737105,Introduce offshore detention/mass deportation for illegal migrants,,Gillingham and Rainham,1048
4733,737105,Introduce offshore detention/mass deportation for illegal migrants,,Glastonbury and Somerton,851
4734,737105,Introduce offshore detention/mass deportation for illegal migrants,,Gloucester,893
4735,737105,Introduce offshore detention/mass deportation for illegal migrants,,Godalming and Ash,730
4736,737105,Introduce offshore detention/mass deportation for illegal migrants,,Goole and Pocklington,1292
4737,737105,Introduce offshore detention/mass deportation for illegal migrants,,Gorton and Denton,752
4738,737105,Introduce offshore detention/mass deportation for illegal migrants,,Gosport,1207
4739,737105,Introduce offshore detention/mass deportation for illegal migrants,,Grantham and Bourne,1135
4740,737105,Introduce offshore detention/mass deportation for illegal migrants,,Gravesham,1098
4741,737105,Introduce offshore detention/mass deportation for illegal migrants,,Great Grimsby and Cleethorpes,1390
4742,737105,Introduce offshore detention/mass deportation for illegal migrants,,Great Yarmouth,3753
4743,737105,Introduce offshore detention/mass deportation for illegal migrants,,Greenwich and Woolwich,400
4744,737105,Introduce offshore detention/mass deportation for illegal migrants,,Guildford,555
4745,737105,Introduce offshore detention/mass deportation for illegal migrants,,Hackney North and Stoke Newington,160
4746,737105,Introduce offshore detention/mass deportation for illegal migrants,,Hackney South and Shoreditch,220
4747,737105,Introduce offshore detention/mass deportation for illegal migrants,,Halesowen,1003
4748,737105,Introduce offshore detention/mass deportation for illegal migrants,,Halifax,1130
4749,737105,Introduce offshore detention/mass deportation for illegal migrants,,Hamble Valley,1250
4750,737105,Introduce offshore detention/mass deportation for illegal migrants,,Hammersmith and Chiswick,407
4751,737105,Introduce offshore detention/mass deportation for illegal migrants,,Hampstead and Highgate,311
4752,737105,Introduce offshore detention/mass deportation for illegal migrants,,"Harborough, Oadby and Wigston",725
4753,737105,Introduce offshore detention/mass deportation for illegal migrants,,Harlow,1355
4754,737105,Introduce offshore detention/mass deportation for illegal migrants,,Harpenden and Berkhamsted,702
4755,737105,Introduce offshore detention/mass deportation for illegal migrants,,Harrogate and Knaresborough,917
4756,737105,Introduce offshore detention/mass deportation for illegal migrants,,Harrow East,290
4757,737105,Introduce offshore detention/mass deportation for illegal migrants,,Harrow West,308
4758,737105,Introduce offshore detention/mass deportation for illegal migrants,,Hartlepool,1567
4759,737105,Introduce offshore detention/mass deportation for illegal migrants,,Harwich and North Essex,1244
4760,737105,Introduce offshore detention/mass deportation for illegal migrants,,Hastings and Rye,1040
4761,737105,Introduce offshore detention/mass deportation for illegal migrants,,Havant,1284
4762,737105,Introduce offshore detention/mass deportation for illegal migrants,,Hayes and Harlington,647
4763,737105,Introduce offshore detention/mass deportation for illegal migrants,,Hazel Grove,1124
4764,737105,Introduce offshore detention/mass deportation for illegal migrants,,Hemel Hempstead,940
4765,737105,Introduce offshore detention/mass deportation for illegal migrants,,Hendon,391
4766,737105,Introduce offshore detention/mass deportation for illegal migrants,,Henley and Thame,737
4767,737105,Introduce offshore detention/mass deportation for illegal migrants,,Hereford and South Herefordshire,1008
4768,737105,Introduce offshore detention/mass deportation for illegal migrants,,Herne Bay and Sandwich,1366
4769,737105,Introduce offshore detention/mass deportation for illegal migrants,,Hertford and Stortford,997
4770,737105,Introduce offshore detention/mass deportation for illegal migrants,,Hertsmere,885
4771,737105,Introduce offshore detention/mass deportation for illegal migrants,,Hexham,1177
4772,737105,Introduce offshore detention/mass deportation for illegal migrants,,Heywood and Middleton North,1280
4773,737105,Introduce offshore detention/mass deportation for illegal migrants,,High Peak,1210
4774,737105,Introduce offshore detention/mass deportation for illegal migrants,,Hinckley and Bosworth,1202
4775,737105,Introduce offshore detention/mass deportation for illegal migrants,,Hitchin,898
4776,737105,Introduce offshore detention/mass deportation for illegal migrants,,Holborn and St Pancras,368
4777,737105,Introduce offshore detention/mass deportation for illegal migrants,,Honiton and Sidmouth,877
4778,737105,Introduce offshore detention/mass deportation for illegal migrants,,Hornchurch and Upminster,1308
4779,737105,Introduce offshore detention/mass deportation for illegal migrants,,Hornsey and Friern Barnet,241
4780,737105,Introduce offshore detention/mass deportation for illegal migrants,,Horsham,1056
4781,737105,Introduce offshore detention/mass deportation for illegal migrants,,Houghton and Sunderland South,2098
4782,737105,Introduce offshore detention/mass deportation for illegal migrants,,Hove and Portslade,580
4783,737105,Introduce offshore detention/mass deportation for illegal migrants,,Huddersfield,750
4784,737105,Introduce offshore detention/mass deportation for illegal migrants,,Huntingdon,1091
4785,737105,Introduce offshore detention/mass deportation for illegal migrants,,Hyndburn,1187
4786,737105,Introduce offshore detention/mass deportation for illegal migrants,,Ilford North,346
4787,737105,Introduce offshore detention/mass deportation for illegal migrants,,Ilford South,215
4788,737105,Introduce offshore detention/mass deportation for illegal migrants,,Ipswich,860
4789,737105,Introduce offshore detention/mass deportation for illegal migrants,,Isle of Wight East,924
4790,737105,Introduce offshore detention/mass deportation for illegal migrants,,Isle of Wight West,790
4791,737105,Introduce offshore detention/mass deportation for illegal migrants,,Islington North,306
4792,737105,Introduce offshore detention/mass deportation for illegal migrants,,Islington South and Finsbury,569
4793,737105,Introduce offshore detention/mass deportation for illegal migrants,,Jarrow and Gateshead East,1515
4794,737105,Introduce offshore detention/mass deportation for illegal migrants,,Keighley and Ilkley,1001
4795,737105,Introduce offshore detention/mass deportation for illegal migrants,,Kenilworth and Southam,877
4796,737105,Introduce offshore detention/mass deportation for illegal migrants,,Kensington and Bayswater,423
4797,737105,Introduce offshore detention/mass deportation for illegal migrants,,Kettering,1184
4798,737105,Introduce offshore detention/mass deportation for illegal migrants,,Kingston and Surbiton,636
4799,737105,Introduce offshore detention/mass deportation for illegal migrants,,Kingston upon Hull East,1422
4800,737105,Introduce offshore detention/mass deportation for illegal migrants,,Kingston upon Hull North and Cottingham,1242
4801,737105,Introduce offshore detention/mass deportation for illegal migrants,,Kingston upon Hull West and Haltemprice,1440
4802,737105,Introduce offshore detention/mass deportation for illegal migrants,,Kingswinford and South Staffordshire,1066
4803,737105,Introduce offshore detention/mass deportation for illegal migrants,,Knowsley,1043
4804,737105,Introduce offshore detention/mass deportation for illegal migrants,,Lancaster and Wyre,998
4805,737105,Introduce offshore detention/mass deportation for illegal migrants,,Leeds Central and Headingley,347
4806,737105,Introduce offshore detention/mass deportation for illegal migrants,,Leeds East,1037
4807,737105,Introduce offshore detention/mass deportation for illegal migrants,,Leeds North East,436
4808,737105,Introduce offshore detention/mass deportation for illegal migrants,,Leeds North West,857
4809,737105,Introduce offshore detention/mass deportation for illegal migrants,,Leeds South,1024
4810,737105,Introduce offshore detention/mass deportation for illegal migrants,,Leeds South West and Morley,1279
4811,737105,Introduce offshore detention/mass deportation for illegal migrants,,Leeds West and Pudsey,943
4812,737105,Introduce offshore detention/mass deportation for illegal migrants,,Leicester East,280
4813,737105,Introduce offshore detention/mass deportation for illegal migrants,,Leicester South,312
4814,737105,Introduce offshore detention/mass deportation for illegal migrants,,Leicester West,702
4815,737105,Introduce offshore detention/mass deportation for illegal migrants,,Leigh and Atherton,1585
4816,737105,Introduce offshore detention/mass deportation for illegal migrants,,Lewes,991
4817,737105,Introduce offshore detention/mass deportation for illegal migrants,,Lewisham East,401
4818,737105,Introduce offshore detention/mass deportation for illegal migrants,,Lewisham North,282
4819,737105,Introduce offshore detention/mass deportation for illegal migrants,,Lewisham West and East Dulwich,234
4820,737105,Introduce offshore detention/mass deportation for illegal migrants,,Leyton and Wanstead,333
4821,737105,Introduce offshore detention/mass deportation for illegal migrants,,Lichfield,1260
4822,737105,Introduce offshore detention/mass deportation for illegal migrants,,Lincoln,987
4823,737105,Introduce offshore detention/mass deportation for illegal migrants,,Liverpool Garston,851
4824,737105,Introduce offshore detention/mass deportation for illegal migrants,,Liverpool Riverside,673
4825,737105,Introduce offshore detention/mass deportation for illegal migrants,,Liverpool Walton,1089
4826,737105,Introduce offshore detention/mass deportation for illegal migrants,,Liverpool Wavertree,588
4827,737105,Introduce offshore detention/mass deportation for illegal migrants,,Liverpool West Derby,933
4828,737105,Introduce offshore detention/mass deportation for illegal migrants,,Loughborough,811
4829,737105,Introduce offshore detention/mass deportation for illegal migrants,,Louth and Horncastle,1305
4830,737105,Introduce offshore detention/mass deportation for illegal migrants,,Lowestoft,1611
4831,737105,Introduce offshore detention/mass deportation for illegal migrants,,Luton North,527
4832,737105,Introduce offshore detention/mass deportation for illegal migrants,,Luton South and South Bedfordshire,594
4833,737105,Introduce offshore detention/mass deportation for illegal migrants,,Macclesfield,953
4834,737105,Introduce offshore detention/mass deportation for illegal migrants,,Maidenhead,835
4835,737105,Introduce offshore detention/mass deportation for illegal migrants,,Maidstone and Malling,1072
4836,737105,Introduce offshore detention/mass deportation for illegal migrants,,Makerfield,1751
4837,737105,Introduce offshore detention/mass deportation for illegal migrants,,Maldon,1682
4838,737105,Introduce offshore detention/mass deportation for illegal migrants,,Manchester Central,809
4839,737105,Introduce offshore detention/mass deportation for illegal migrants,,Manchester Rusholme,180
4840,737105,Introduce offshore detention/mass deportation for illegal migrants,,Manchester Withington,318
4841,737105,Introduce offshore detention/mass deportation for illegal migrants,,Mansfield,1246
4842,737105,Introduce offshore detention/mass deportation for illegal migrants,,Melksham and Devizes,857
4843,737105,Introduce offshore detention/mass deportation for illegal migrants,,Melton and Syston,1041
4844,737105,Introduce offshore detention/mass deportation for illegal migrants,,Meriden and Solihull East,1091
4845,737105,Introduce offshore detention/mass deportation for illegal migrants,,Mid Bedfordshire,1010
4846,737105,Introduce offshore detention/mass deportation for illegal migrants,,Mid Buckinghamshire,866
4847,737105,Introduce offshore detention/mass deportation for illegal migrants,,Mid Cheshire,1099
4848,737105,Introduce offshore detention/mass deportation for illegal migrants,,Mid Derbyshire,991
4849,737105,Introduce offshore detention/mass deportation for illegal migrants,,Mid Dorset and North Poole,1135
4850,737105,Introduce offshore detention/mass deportation for illegal migrants,,Mid Leicestershire,950
4851,737105,Introduce offshore detention/mass deportation for illegal migrants,,Mid Norfolk,1324
4852,737105,Introduce offshore detention/mass deportation for illegal migrants,,Mid Sussex,876
4853,737105,Introduce offshore detention/mass deportation for illegal migrants,,Middlesbrough and Thornaby East,1283
4854,737105,Introduce offshore detention/mass deportation for illegal migrants,,Middlesbrough South and East Cleveland,1452
4855,737105,Introduce offshore detention/mass deportation for illegal migrants,,Milton Keynes Central,887
4856,737105,Introduce offshore detention/mass deportation for illegal migrants,,Milton Keynes North,793
4857,737105,Introduce offshore detention/mass deportation for illegal migrants,,Mitcham and Morden,433
4858,737105,Introduce offshore detention/mass deportation for illegal migrants,,Morecambe and Lunesdale,1251
4859,737105,Introduce offshore detention/mass deportation for illegal migrants,,New Forest East,1187
4860,737105,Introduce offshore detention/mass deportation for illegal migrants,,New Forest West,1055
4861,737105,Introduce offshore detention/mass deportation for illegal migrants,,Newark,1162
4862,737105,Introduce offshore detention/mass deportation for illegal migrants,,Newbury,826
4863,737105,Introduce offshore detention/mass deportation for illegal migrants,,Newcastle upon Tyne Central and West,1344
4864,737105,Introduce offshore detention/mass deportation for illegal migrants,,Newcastle upon Tyne East and Wallsend,1364
4865,737105,Introduce offshore detention/mass deportation for illegal migrants,,Newcastle upon Tyne North,817
4866,737105,Introduce offshore detention/mass deportation for illegal migrants,,Newcastle-under-Lyme,1033
4867,737105,Introduce offshore detention/mass deportation for illegal migrants,,Newton Abbot,986
4868,737105,Introduce offshore detention/mass deportation for illegal migrants,,Newton Aycliffe and Spennymoor,1485
4869,737105,Introduce offshore detention/mass deportation for illegal migrants,,Normanton and Hemsworth,1485
4870,737105,Introduce offshore detention/mass deportation for illegal migrants,,North Bedfordshire,1088
4871,737105,Introduce offshore detention/mass deportation for illegal migrants,,North Cornwall,1078
4872,737105,Introduce offshore detention/mass deportation for illegal migrants,,North Cotswolds,849
4873,737105,Introduce offshore detention/mass deportation for illegal migrants,,North Devon,1125
4874,737105,Introduce offshore detention/mass deportation for illegal migrants,,North Dorset,1057
4875,737105,Introduce offshore detention/mass deportation for illegal migrants,,North Durham,1337
4876,737105,Introduce offshore detention/mass deportation for illegal migrants,,North East Cambridgeshire,1314
4877,737105,Introduce offshore detention/mass deportation for illegal migrants,,North East Derbyshire,1167
4878,737105,Introduce offshore detention/mass deportation for illegal migrants,,North East Hampshire,952
4879,737105,Introduce offshore detention/mass deportation for illegal migrants,,North East Hertfordshire,1116
4880,737105,Introduce offshore detention/mass deportation for illegal migrants,,North East Somerset and Hanham,951
4881,737105,Introduce offshore detention/mass deportation for illegal migrants,,North Herefordshire,978
4882,737105,Introduce offshore detention/mass deportation for illegal migrants,,North Norfolk,1212
4883,737105,Introduce offshore detention/mass deportation for illegal migrants,,North Northumberland,1273
4884,737105,Introduce offshore detention/mass deportation for illegal migrants,,North Shropshire,1181
4885,737105,Introduce offshore detention/mass deportation for illegal migrants,,North Somerset,811
4886,737105,Introduce offshore detention/mass deportation for illegal migrants,,North Warwickshire and Bedworth,1299
4887,737105,Introduce offshore detention/mass deportation for illegal migrants,,North West Cambridgeshire,1227
4888,737105,Introduce offshore detention/mass deportation for illegal migrants,,North West Essex,1312
4889,737105,Introduce offshore detention/mass deportation for illegal migrants,,North West Hampshire,1074
4890,737105,Introduce offshore detention/mass deportation for illegal migrants,,North West Leicestershire,1246
4891,737105,Introduce offshore detention/mass deportation for illegal migrants,,North West Norfolk,1198
4892,737105,Introduce offshore detention/mass deportation for illegal migrants,,Northampton North,876
4893,737105,Introduce offshore detention/mass deportation for illegal migrants,,Northampton South,950
4894,737105,Introduce offshore detention/mass deportation for illegal migrants,,Norwich North,1063
4895,737105,Introduce offshore detention/mass deportation for illegal migrants,,Norwich South,848
4896,737105,Introduce offshore detention/mass deportation for illegal migrants,,Nottingham East,416
4897,737105,Introduce offshore detention/mass deportation for illegal migrants,,Nottingham North and Kimberley,750
4898,737105,Introduce offshore detention/mass deportation for illegal migrants,,Nottingham South,622
4899,737105,Introduce offshore detention/mass deportation for illegal migrants,,Nuneaton,1147
4900,737105,Introduce offshore detention/mass deportation for illegal migrants,,Old Bexley and Sidcup,1176
4901,737105,Introduce offshore detention/mass deportation for illegal migrants,,Oldham East and Saddleworth,1166
4902,737105,Introduce offshore detention/mass deportation for illegal migrants,,"Oldham West, Chadderton and Royton",943
4903,737105,Introduce offshore detention/mass deportation for illegal migrants,,Orpington,934
4904,737105,Introduce offshore detention/mass deportation for illegal migrants,,Ossett and Denby Dale,1323
4905,737105,Introduce offshore detention/mass deportation for illegal migrants,,Oxford East,359
4906,737105,Introduce offshore detention/mass deportation for illegal migrants,,Oxford West and Abingdon,470
4907,737105,Introduce offshore detention/mass deportation for illegal migrants,,Peckham,220
4908,737105,Introduce offshore detention/mass deportation for illegal migrants,,Pendle and Clitheroe,1331
4909,737105,Introduce offshore detention/mass deportation for illegal migrants,,Penistone and Stocksbridge,1140
4910,737105,Introduce offshore detention/mass deportation for illegal migrants,,Penrith and Solway,1473
4911,737105,Introduce offshore detention/mass deportation for illegal migrants,,Peterborough,842
4912,737105,Introduce offshore detention/mass deportation for illegal migrants,,Plymouth Moor View,1320
4913,737105,Introduce offshore detention/mass deportation for illegal migrants,,Plymouth Sutton and Devonport,1101
4914,737105,Introduce offshore detention/mass deportation for illegal migrants,,"Pontefract, Castleford and Knottingley",1419
4915,737105,Introduce offshore detention/mass deportation for illegal migrants,,Poole,1121
4916,737105,Introduce offshore detention/mass deportation for illegal migrants,,Poplar and Limehouse,520
4917,737105,Introduce offshore detention/mass deportation for illegal migrants,,Portsmouth North,1458
4918,737105,Introduce offshore detention/mass deportation for illegal migrants,,Portsmouth South,881
4919,737105,Introduce offshore detention/mass deportation for illegal migrants,,Preston,934
4920,737105,Introduce offshore detention/mass deportation for illegal migrants,,Putney,406
4921,737105,Introduce offshore detention/mass deportation for illegal migrants,,Queen's Park and Maida Vale,262
4922,737105,Introduce offshore detention/mass deportation for illegal migrants,,Rawmarsh and Conisbrough,1278
4923,737105,Introduce offshore detention/mass deportation for illegal migrants,,Rayleigh and Wickford,1652
4924,737105,Introduce offshore detention/mass deportation for illegal migrants,,Reading Central,466
4925,737105,Introduce offshore detention/mass deportation for illegal migrants,,Reading West and Mid Berkshire,766
4926,737105,Introduce offshore detention/mass deportation for illegal migrants,,Redcar,1603
4927,737105,Introduce offshore detention/mass deportation for illegal migrants,,Redditch,1090
4928,737105,Introduce offshore detention/mass deportation for illegal migrants,,Reigate,983
4929,737105,Introduce offshore detention/mass deportation for illegal migrants,,Ribble Valley,1299
4930,737105,Introduce offshore detention/mass deportation for illegal migrants,,Richmond and Northallerton,1213
4931,737105,Introduce offshore detention/mass deportation for illegal migrants,,Richmond Park,466
4932,737105,Introduce offshore detention/mass deportation for illegal migrants,,Rochdale,908
4933,737105,Introduce offshore detention/mass deportation for illegal migrants,,Rochester and Strood,1211
4934,737105,Introduce offshore detention/mass deportation for illegal migrants,,Romford,1243
4935,737105,Introduce offshore detention/mass deportation for illegal migrants,,Romsey and Southampton North,912
4936,737105,Introduce offshore detention/mass deportation for illegal migrants,,Rossendale and Darwen,1488
4937,737105,Introduce offshore detention/mass deportation for illegal migrants,,Rother Valley,1204
4938,737105,Introduce offshore detention/mass deportation for illegal migrants,,Rotherham,1087
4939,737105,Introduce offshore detention/mass deportation for illegal migrants,,Rugby,1072
4940,737105,Introduce offshore detention/mass deportation for illegal migrants,,"Ruislip, Northwood and Pinner",688
4941,737105,Introduce offshore detention/mass deportation for illegal migrants,,Runcorn and Helsby,1094
4942,737105,Introduce offshore detention/mass deportation for illegal migrants,,Runnymede and Weybridge,958
4943,737105,Introduce offshore detention/mass deportation for illegal migrants,,Rushcliffe,777
4944,737105,Introduce offshore detention/mass deportation for illegal migrants,,Rutland and Stamford,907
4945,737105,Introduce offshore detention/mass deportation for illegal migrants,,Salford,986
4946,737105,Introduce offshore detention/mass deportation for illegal migrants,,Salisbury,820
4947,737105,Introduce offshore detention/mass deportation for illegal migrants,,Scarborough and Whitby,1309
4948,737105,Introduce offshore detention/mass deportation for illegal migrants,,Scunthorpe,1257
4949,737105,Introduce offshore detention/mass deportation for illegal migrants,,Sefton Central,941
4950,737105,Introduce offshore detention/mass deportation for illegal migrants,,Selby,1372
4951,737105,Introduce offshore detention/mass deportation for illegal migrants,,Sevenoaks,1261
4952,737105,Introduce offshore detention/mass deportation for illegal migrants,,Sheffield Brightside and Hillsborough,845
4953,737105,Introduce offshore detention/mass deportation for illegal migrants,,Sheffield Central,255
4954,737105,Introduce offshore detention/mass deportation for illegal migrants,,Sheffield Hallam,475
4955,737105,Introduce offshore detention/mass deportation for illegal migrants,,Sheffield Heeley,769
4956,737105,Introduce offshore detention/mass deportation for illegal migrants,,Sheffield South East,1041
4957,737105,Introduce offshore detention/mass deportation for illegal migrants,,Sherwood Forest,1240
4958,737105,Introduce offshore detention/mass deportation for illegal migrants,,Shipley,1033
4959,737105,Introduce offshore detention/mass deportation for illegal migrants,,Shrewsbury,956
4960,737105,Introduce offshore detention/mass deportation for illegal migrants,,Sittingbourne and Sheppey,1398
4961,737105,Introduce offshore detention/mass deportation for illegal migrants,,Skipton and Ripon,1155
4962,737105,Introduce offshore detention/mass deportation for illegal migrants,,Sleaford and North Hykeham,1153
4963,737105,Introduce offshore detention/mass deportation for illegal migrants,,Slough,502
4964,737105,Introduce offshore detention/mass deportation for illegal migrants,,Smethwick,628
4965,737105,Introduce offshore detention/mass deportation for illegal migrants,,Solihull West and Shirley,867
4966,737105,Introduce offshore detention/mass deportation for illegal migrants,,South Basildon and East Thurrock,1519
4967,737105,Introduce offshore detention/mass deportation for illegal migrants,,South Cambridgeshire,734
4968,737105,Introduce offshore detention/mass deportation for illegal migrants,,South Cotswolds,772
4969,737105,Introduce offshore detention/mass deportation for illegal migrants,,South Derbyshire,1151
4970,737105,Introduce offshore detention/mass deportation for illegal migrants,,South Devon,948
4971,737105,Introduce offshore detention/mass deportation for illegal migrants,,South Dorset,1237
4972,737105,Introduce offshore detention/mass deportation for illegal migrants,,South East Cornwall,1225
4973,737105,Introduce offshore detention/mass deportation for illegal migrants,,South Holland and The Deepings,1466
4974,737105,Introduce offshore detention/mass deportation for illegal migrants,,South Leicestershire,1123
4975,737105,Introduce offshore detention/mass deportation for illegal migrants,,South Norfolk,1129
4976,737105,Introduce offshore detention/mass deportation for illegal migrants,,South Northamptonshire,1046
4977,737105,Introduce offshore detention/mass deportation for illegal migrants,,South Ribble,1264
4978,737105,Introduce offshore detention/mass deportation for illegal migrants,,South Shields,1451
4979,737105,Introduce offshore detention/mass deportation for illegal migrants,,South Shropshire,1141
4980,737105,Introduce offshore detention/mass deportation for illegal migrants,,South Suffolk,1058
4981,737105,Introduce offshore detention/mass deportation for illegal migrants,,South West Devon,1221
4982,737105,Introduce offshore detention/mass deportation for illegal migrants,,South West Hertfordshire,915
4983,737105,Introduce offshore detention/mass deportation for illegal migrants,,South West Norfolk,1521
4984,737105,Introduce offshore detention/mass deportation for illegal migrants,,South West Wiltshire,973
4985,737105,Introduce offshore detention/mass deportation for illegal migrants,,Southampton Itchen,1186
4986,737105,Introduce offshore detention/mass deportation for illegal migrants,,Southampton Test,863
4987,737105,Introduce offshore detention/mass deportation for illegal migrants,,Southend East and Rochford,1332
4988,737105,Introduce offshore detention/mass deportation for illegal migrants,,Southend West and Leigh,1205
4989,737105,Introduce offshore detention/mass deportation for illegal migrants,,Southgate and Wood Green,338
4990,737105,Introduce offshore detention/mass deportation for illegal migrants,,Southport,1059
4991,737105,Introduce offshore detention/mass deportation for illegal migrants,,Spelthorne,1139
4992,737105,Introduce offshore detention/mass deportation for illegal migrants,,Spen Valley,1237
4993,737105,Introduce offshore detention/mass deportation for illegal migrants,,St Albans,570
4994,737105,Introduce offshore detention/mass deportation for illegal migrants,,St Austell and Newquay,1235
4995,737105,Introduce offshore detention/mass deportation for illegal migrants,,St Helens North,1297
4996,737105,Introduce offshore detention/mass deportation for illegal migrants,,St Helens South and Whiston,1191
4997,737105,Introduce offshore detention/mass deportation for illegal migrants,,St Ives,941
4998,737105,Introduce offshore detention/mass deportation for illegal migrants,,St Neots and Mid Cambridgeshire,851
4999,737105,Introduce offshore detention/mass deportation for illegal migrants,,Stafford,1033
5000,737105,Introduce offshore detention/mass deportation for illegal migrants,,Staffordshire Moorlands,1058
5001,737105,Introduce offshore detention/mass deportation for illegal migrants,,Stalybridge and Hyde,1219
5002,737105,Introduce offshore detention/mass deportation for illegal migrants,,Stevenage,1003
5003,737105,Introduce offshore detention/mass deportation for illegal migrants,,Stockport,926
5004,737105,Introduce offshore detention/mass deportation for illegal migrants,,Stockton North,1250
5005,737105,Introduce offshore detention/mass deportation for illegal migrants,,Stockton West,1380
5006,737105,Introduce offshore detention/mass deportation for illegal migrants,,Stoke-on-Trent Central,1052
5007,737105,Introduce offshore detention/mass deportation for illegal migrants,,Stoke-on-Trent North,1223
5008,737105,Introduce offshore detention/mass deportation for illegal migrants,,Stoke-on-Trent South,1054
5009,737105,Introduce offshore detention/mass deportation for illegal migrants,,"Stone, Great Wyrley and Penkridge",1130
5010,737105,Introduce offshore detention/mass deportation for illegal migrants,,Stourbridge,902
5011,737105,Introduce offshore detention/mass deportation for illegal migrants,,Stratford and Bow,255
5012,737105,Introduce offshore detention/mass deportation for illegal migrants,,Stratford-on-Avon,931
5013,737105,Introduce offshore detention/mass deportation for illegal migrants,,Streatham and Croydon North,235
5014,737105,Introduce offshore detention/mass deportation for illegal migrants,,Stretford and Urmston,870
5015,737105,Introduce offshore detention/mass deportation for illegal migrants,,Stroud,781
5016,737105,Introduce offshore detention/mass deportation for illegal migrants,,Suffolk Coastal,1018
5017,737105,Introduce offshore detention/mass deportation for illegal migrants,,Sunderland Central,1601
5018,737105,Introduce offshore detention/mass deportation for illegal migrants,,Surrey Heath,919
5019,737105,Introduce offshore detention/mass deportation for illegal migrants,,Sussex Weald,1462
5020,737105,Introduce offshore detention/mass deportation for illegal migrants,,Sutton and Cheam,687
5021,737105,Introduce offshore detention/mass deportation for illegal migrants,,Sutton Coldfield,976
5022,737105,Introduce offshore detention/mass deportation for illegal migrants,,Swindon North,953
5023,737105,Introduce offshore detention/mass deportation for illegal migrants,,Swindon South,897
5024,737105,Introduce offshore detention/mass deportation for illegal migrants,,Tamworth,1453
5025,737105,Introduce offshore detention/mass deportation for illegal migrants,,Tatton,937
5026,737105,Introduce offshore detention/mass deportation for illegal migrants,,Taunton and Wellington,1052
5027,737105,Introduce offshore detention/mass deportation for illegal migrants,,Telford,1293
5028,737105,Introduce offshore detention/mass deportation for illegal migrants,,Tewkesbury,827
5029,737105,Introduce offshore detention/mass deportation for illegal migrants,,The Wrekin,1252
5030,737105,Introduce offshore detention/mass deportation for illegal migrants,,Thirsk and Malton,1121
5031,737105,Introduce offshore detention/mass deportation for illegal migrants,,Thornbury and Yate,1097
5032,737105,Introduce offshore detention/mass deportation for illegal migrants,,Thurrock,1181
5033,737105,Introduce offshore detention/mass deportation for illegal migrants,,Tipton and Wednesbury,985
5034,737105,Introduce offshore detention/mass deportation for illegal migrants,,Tiverton and Minehead,993
5035,737105,Introduce offshore detention/mass deportation for illegal migrants,,Tonbridge,1089
5036,737105,Introduce offshore detention/mass deportation for illegal migrants,,Tooting,308
5037,737105,Introduce offshore detention/mass deportation for illegal migrants,,Torbay,1297
5038,737105,Introduce offshore detention/mass deportation for illegal migrants,,Torridge and Tavistock,1102
5039,737105,Introduce offshore detention/mass deportation for illegal migrants,,Tottenham,173
5040,737105,Introduce offshore detention/mass deportation for illegal migrants,,Truro and Falmouth,856
5041,737105,Introduce offshore detention/mass deportation for illegal migrants,,Tunbridge Wells,942
5042,737105,Introduce offshore detention/mass deportation for illegal migrants,,Twickenham,490
5043,737105,Introduce offshore detention/mass deportation for illegal migrants,,Tynemouth,1126
5044,737105,Introduce offshore detention/mass deportation for illegal migrants,,Uxbridge and South Ruislip,1023
5045,737105,Introduce offshore detention/mass deportation for illegal migrants,,Vauxhall and Camberwell Green,211
5046,737105,Introduce offshore detention/mass deportation for illegal migrants,,Wakefield and Rothwell,1259
5047,737105,Introduce offshore detention/mass deportation for illegal migrants,,Wallasey,1243
5048,737105,Introduce offshore detention/mass deportation for illegal migrants,,Walsall and Bloxwich,907
5049,737105,Introduce offshore detention/mass deportation for illegal migrants,,Walthamstow,195
5050,737105,Introduce offshore detention/mass deportation for illegal migrants,,Warrington North,1169
5051,737105,Introduce offshore detention/mass deportation for illegal migrants,,Warrington South,1074
5052,737105,Introduce offshore detention/mass deportation for illegal migrants,,Warwick and Leamington,736
5053,737105,Introduce offshore detention/mass deportation for illegal migrants,,Washington and Gateshead South,1512
5054,737105,Introduce offshore detention/mass deportation for illegal migrants,,Watford,655
5055,737105,Introduce offshore detention/mass deportation for illegal migrants,,Waveney Valley,1134
5056,737105,Introduce offshore detention/mass deportation for illegal migrants,,Weald of Kent,1148
5057,737105,Introduce offshore detention/mass deportation for illegal migrants,,Wellingborough and Rushden,1067
5058,737105,Introduce offshore detention/mass deportation for illegal migrants,,Wells and Mendip Hills,800
5059,737105,Introduce offshore detention/mass deportation for illegal migrants,,Welwyn Hatfield,913
5060,737105,Introduce offshore detention/mass deportation for illegal migrants,,West Bromwich,674
5061,737105,Introduce offshore detention/mass deportation for illegal migrants,,West Dorset,791
5062,737105,Introduce offshore detention/mass deportation for illegal migrants,,West Ham and Beckton,335
5063,737105,Introduce offshore detention/mass deportation for illegal migrants,,West Lancashire,1093
5064,737105,Introduce offshore detention/mass deportation for illegal migrants,,West Suffolk,1230
5065,737105,Introduce offshore detention/mass deportation for illegal migrants,,West Worcestershire,1018
5066,737105,Introduce offshore detention/mass deportation for illegal migrants,,Westmorland and Lonsdale,934
5067,737105,Introduce offshore detention/mass deportation for illegal migrants,,Weston-super-Mare,1161
5068,737105,Introduce offshore detention/mass deportation for illegal migrants,,Wetherby and Easingwold,924
5069,737105,Introduce offshore detention/mass deportation for illegal migrants,,Whitehaven and Workington,1845
5070,737105,Introduce offshore detention/mass deportation for illegal migrants,,Widnes and Halewood,1160
5071,737105,Introduce offshore detention/mass deportation for illegal migrants,,Wigan,1672
5072,737105,Introduce offshore detention/mass deportation for illegal migrants,,Wimbledon,422
5073,737105,Introduce offshore detention/mass deportation for illegal migrants,,Winchester,765
5074,737105,Introduce offshore detention/mass deportation for illegal migrants,,Windsor,807
5075,737105,Introduce offshore detention/mass deportation for illegal migrants,,Wirral West,973
5076,737105,Introduce offshore detention/mass deportation for illegal migrants,,Witham,1431
5077,737105,Introduce offshore detention/mass deportation for illegal migrants,,Witney,862
5078,737105,Introduce offshore detention/mass deportation for illegal migrants,,Woking,709
5079,737105,Introduce offshore detention/mass deportation for illegal migrants,,Wokingham,806
5080,737105,Introduce offshore detention/mass deportation for illegal migrants,,Wolverhampton North East,908
5081,737105,Introduce offshore detention/mass deportation for illegal migrants,,Wolverhampton South East,900
5082,737105,Introduce offshore detention/mass deportation for illegal migrants,,Wolverhampton West,641
5083,737105,Introduce offshore detention/mass deportation for illegal migrants,,Worcester,839
5084,737105,Introduce offshore detention/mass deportation for illegal migrants,,Worsley and Eccles,1317
5085,737105,Introduce offshore detention/mass deportation for illegal migrants,,Worthing West,993
5086,737105,Introduce offshore detention/mass deportation for illegal migrants,,Wycombe,610
5087,737105,Introduce offshore detention/mass deportation for illegal migrants,,Wyre Forest,1139
5088,737105,Introduce offshore detention/mass deportation for illegal migrants,,Wythenshawe and Sale East,1023
5089,737105,Introduce offshore detention/mass deportation for illegal migrants,,Yeovil,1097
5090,737105,Introduce offshore detention/mass deportation for illegal migrants,,York Central,789
5091,737105,Introduce offshore detention/mass deportation for illegal migrants,,York Outer,837
5092,737105,Introduce offshore detention/mass deportation for illegal migrants,,Belfast East,946
5093,737105,Introduce offshore detention/mass deportation for illegal migrants,,Belfast North,793
5094,737105,Introduce offshore detention/mass deportation for illegal migrants,,Belfast South and Mid Down,471
5095,737105,Introduce offshore detention/mass deportation for illegal migrants,,Belfast West,466
5096,737105,Introduce offshore detention/mass deportation for illegal migrants,,East Antrim,1142
5097,737105,Introduce offshore detention/mass deportation for illegal migrants,,East Londonderry,627
5098,737105,Introduce offshore detention/mass deportation for illegal migrants,,Fermanagh and South Tyrone,349
5099,737105,Introduce offshore detention/mass deportation for illegal migrants,,Foyle,294
5100,737105,Introduce offshore detention/mass deportation for illegal migrants,,Lagan Valley,768
5101,737105,Introduce offshore detention/mass deportation for illegal migrants,,Mid Ulster,342
5102,737105,Introduce offshore detention/mass deportation for illegal migrants,,Newry and Armagh,469
5103,737105,Introduce offshore detention/mass deportation for illegal migrants,,North Antrim,771
5104,737105,Introduce offshore detention/mass deportation for illegal migrants,,North Down,932
5105,737105,Introduce offshore detention/mass deportation for illegal migrants,,South Antrim,780
5106,737105,Introduce offshore detention/mass deportation for illegal migrants,,South Down,382
5107,737105,Introduce offshore detention/mass deportation for illegal migrants,,Strangford,856
5108,737105,Introduce offshore detention/mass deportation for illegal migrants,,Upper Bann,979
5109,737105,Introduce offshore detention/mass deportation for illegal migrants,,West Tyrone,265
5110,737105,Introduce offshore detention/mass deportation for illegal migrants,,East Renfrewshire,563
5111,737105,Introduce offshore detention/mass deportation for illegal migrants,,Na h-Eileanan an Iar,217
5112,737105,Introduce offshore detention/mass deportation for illegal migrants,,Midlothian,850
5113,737105,Introduce offshore detention/mass deportation for illegal migrants,,North Ayrshire and Arran,959
5114,737105,Introduce offshore detention/mass deportation for illegal migrants,,Orkney and Shetland,326
5115,737105,Introduce offshore detention/mass deportation for illegal migrants,,Aberdeen North,1412
5116,737105,Introduce offshore detention/mass deportation for illegal migrants,,Aberdeen South,1067
5117,737105,Introduce offshore detention/mass deportation for illegal migrants,,Aberdeenshire North and Moray East,1564
5118,737105,Introduce offshore detention/mass deportation for illegal migrants,,Airdrie and Shotts,1046
5119,737105,Introduce offshore detention/mass deportation for illegal migrants,,Alloa and Grangemouth,921
5120,737105,Introduce offshore detention/mass deportation for illegal migrants,,Angus and Perthshire Glens,907
5121,737105,Introduce offshore detention/mass deportation for illegal migrants,,Arbroath and Broughty Ferry,1051
5122,737105,Introduce offshore detention/mass deportation for illegal migrants,,"Argyll, Bute and South Lochaber",873
5123,737105,Introduce offshore detention/mass deportation for illegal migrants,,Bathgate and Linlithgow,940
5124,737105,Introduce offshore detention/mass deportation for illegal migrants,,"Caithness, Sutherland and Easter Ross",1041
5125,737105,Introduce offshore detention/mass deportation for illegal migrants,,Coatbridge and Bellshill,822
5126,737105,Introduce offshore detention/mass deportation for illegal migrants,,Cowdenbeath and Kirkcaldy,885
5127,737105,Introduce offshore detention/mass deportation for illegal migrants,,Cumbernauld and Kirkintilloch,831
5128,737105,Introduce offshore detention/mass deportation for illegal migrants,,Dumfries and Galloway,943
5129,737105,Introduce offshore detention/mass deportation for illegal migrants,,"Dumfriesshire, Clydesdale and Tweeddale",856
5130,737105,Introduce offshore detention/mass deportation for illegal migrants,,Dundee Central,891
5131,737105,Introduce offshore detention/mass deportation for illegal migrants,,Dunfermline and Dollar,781
5132,737105,Introduce offshore detention/mass deportation for illegal migrants,,East Kilbride and Strathaven,935
5133,737105,Introduce offshore detention/mass deportation for illegal migrants,,Edinburgh East and Musselburgh,600
5134,737105,Introduce offshore detention/mass deportation for illegal migrants,,Edinburgh North and Leith,575
5135,737105,Introduce offshore detention/mass deportation for illegal migrants,,Edinburgh South,450
5136,737105,Introduce offshore detention/mass deportation for illegal migrants,,Edinburgh South West,585
5137,737105,Introduce offshore detention/mass deportation for illegal migrants,,Edinburgh West,597
5138,737105,Introduce offshore detention/mass deportation for illegal migrants,,Falkirk,1111
5139,737105,Introduce offshore detention/mass deportation for illegal migrants,,Glasgow East,787
5140,737105,Introduce offshore detention/mass deportation for illegal migrants,,Glasgow North,606
5141,737105,Introduce offshore detention/mass deportation for illegal migrants,,Glasgow North East,985
5142,737105,Introduce offshore detention/mass deportation for illegal migrants,,Glasgow South,518
5143,737105,Introduce offshore detention/mass deportation for illegal migrants,,Glasgow South West,722
5144,737105,Introduce offshore detention/mass deportation for illegal migrants,,Glasgow West,670
5145,737105,Introduce offshore detention/mass deportation for illegal migrants,,Glenrothes and Mid Fife,994
5146,737105,Introduce offshore detention/mass deportation for illegal migrants,,Gordon and Buchan,1129
5147,737105,Introduce offshore detention/mass deportation for illegal migrants,,Hamilton and Clyde Valley,995
5148,737105,Introduce offshore detention/mass deportation for illegal migrants,,Inverclyde and Renfrewshire West,840
5149,737105,Introduce offshore detention/mass deportation for illegal migrants,,"Inverness, Skye and West Ross-shire",1095
5150,737105,Introduce offshore detention/mass deportation for illegal migrants,,Livingston,1031
5151,737105,Introduce offshore detention/mass deportation for illegal migrants,,Lothian East,803
5152,737105,Introduce offshore detention/mass deportation for illegal migrants,,Mid Dunbartonshire,648
5153,737105,Introduce offshore detention/mass deportation for illegal migrants,,"Moray West, Nairn and Strathspey",1059
5154,737105,Introduce offshore detention/mass deportation for illegal migrants,,"Motherwell, Wishaw and Carluke",870
5155,737105,Introduce offshore detention/mass deportation for illegal migrants,,North East Fife,663
5156,737105,Introduce offshore detention/mass deportation for illegal migrants,,Paisley and Renfrewshire North,941
5157,737105,Introduce offshore detention/mass deportation for illegal migrants,,Paisley and Renfrewshire South,850
5158,737105,Introduce offshore detention/mass deportation for illegal migrants,,Perth and Kinross-shire,799
5159,737105,Introduce offshore detention/mass deportation for illegal migrants,,Rutherglen,856
5160,737105,Introduce offshore detention/mass deportation for illegal migrants,,Stirling and Strathallan,697
5161,737105,Introduce offshore detention/mass deportation for illegal migrants,,West Dunbartonshire,930
5162,737105,Introduce offshore detention/mass deportation for illegal migrants,,"Ayr, Carrick and Cumnock",991
5163,737105,Introduce offshore detention/mass deportation for illegal migrants,,"Berwickshire, Roxburgh and Selkirk",825
5164,737105,Introduce offshore detention/mass deportation for illegal migrants,,Central Ayrshire,937
5165,737105,Introduce offshore detention/mass deportation for illegal migrants,,Kilmarnock and Loudoun,988
5166,737105,Introduce offshore detention/mass deportation for illegal migrants,,West Aberdeenshire and Kincardine,1115
5167,737105,Introduce offshore detention/mass deportation for illegal migrants,,Aberafan Maesteg,1369
5168,737105,Introduce offshore detention/mass deportation for illegal migrants,,Alyn and Deeside,1279
5169,737105,Introduce offshore detention/mass deportation for illegal migrants,,Bangor Aberconwy,904
5170,737105,Introduce offshore detention/mass deportation for illegal migrants,,Blaenau Gwent and Rhymney,1387
5171,737105,Introduce offshore detention/mass deportation for illegal migrants,,"Brecon, Radnor and Cwm Tawe",995
5172,737105,Introduce offshore detention/mass deportation for illegal migrants,,Bridgend,1136
5173,737105,Introduce offshore detention/mass deportation for illegal migrants,,Caerfyrddin,1118
5174,737105,Introduce offshore detention/mass deportation for illegal migrants,,Caerphilly,1235
5175,737105,Introduce offshore detention/mass deportation for illegal migrants,,Cardiff East,642
5176,737105,Introduce offshore detention/mass deportation for illegal migrants,,Cardiff North,674
5177,737105,Introduce offshore detention/mass deportation for illegal migrants,,Cardiff South and Penarth,508
5178,737105,Introduce offshore detention/mass deportation for illegal migrants,,Cardiff West,713
5179,737105,Introduce offshore detention/mass deportation for illegal migrants,,Ceredigion Preseli,897
5180,737105,Introduce offshore detention/mass deportation for illegal migrants,,Clwyd East,1265
5181,737105,Introduce offshore detention/mass deportation for illegal migrants,,Clwyd North,1213
5182,737105,Introduce offshore detention/mass deportation for illegal migrants,,Dwyfor Meirionnydd,860
5183,737105,Introduce offshore detention/mass deportation for illegal migrants,,Gower,1147
5184,737105,Introduce offshore detention/mass deportation for illegal migrants,,Llanelli,1303
5185,737105,Introduce offshore detention/mass deportation for illegal migrants,,Merthyr Tydfil and Aberdare,1247
5186,737105,Introduce offshore detention/mass deportation for illegal migrants,,Mid and South Pembrokeshire,1133
5187,737105,Introduce offshore detention/mass deportation for illegal migrants,,Monmouthshire,891
5188,737105,Introduce offshore detention/mass deportation for illegal migrants,,Montgomeryshire and Glyndŵr,1161
5189,737105,Introduce offshore detention/mass deportation for illegal migrants,,Neath and Swansea East,1316
5190,737105,Introduce offshore detention/mass deportation for illegal migrants,,Newport East,1045
5191,737105,Introduce offshore detention/mass deportation for illegal migrants,,Newport West and Islwyn,1196
5192,737105,Introduce offshore detention/mass deportation for illegal migrants,,Pontypridd,1125
5193,737105,Introduce offshore detention/mass deportation for illegal migrants,,Rhondda and Ogmore,1496
5194,737105,Introduce offshore detention/mass deportation for illegal migrants,,Swansea West,1017
5195,737105,Introduce offshore detention/mass deportation for illegal migrants,,Torfaen,1269
5196,737105,Introduce offshore detention/mass deportation for illegal migrants,,Vale of Glamorgan,1190
5197,737105,Introduce offshore detention/mass deportation for illegal migrants,,Wrexham,999
5198,737105,Introduce offshore detention/mass deportation for illegal migrants,,Ynys Môn,784
5199,718660,Introduce Licensing and Regulation for Dog and Cat Rescues to Protect Welfare,,Aldershot,197
5200,718660,Introduce Licensing and Regulation for Dog and Cat Rescues to Protect Welfare,,Aldridge-Brownhills,130
5201,718660,Introduce Licensing and Regulation for Dog and Cat Rescues to Protect Welfare,,Altrincham and Sale West,84
5202,718660,Introduce Licensing and Regulation for Dog and Cat Rescues to Protect Welfare,,Amber Valley,200
5203,718660,Introduce Licensing and Regulation for Dog and Cat Rescues to Protect Welfare,,Arundel and South Downs,213
5204,718660,Introduce Licensing and Regulation for Dog and Cat Rescues to Protect Welfare,,Ashfield,177
5205,718660,Introduce Licensing and Regulation for Dog and Cat Rescues to Protect Welfare,,Ashford,177
5206,718660,Introduce Licensing and Regulation for Dog and Cat Rescues to Protect Welfare,,Ashton-under-Lyne,114
5207,718660,Introduce Licensing and Regulation for Dog and Cat Rescues to Protect Welfare,,Aylesbury,232
5208,718660,Introduce Licensing and Regulation for Dog and Cat Rescues to Protect Welfare,,Banbury,153
5209,718660,Introduce Licensing and Regulation for Dog and Cat Rescues to Protect Welfare,,Barking,208
5210,718660,Introduce Licensing and Regulation for Dog and Cat Rescues to Protect Welfare,,Barnsley North,121
5211,718660,Introduce Licensing and Regulation for Dog and Cat Rescues to Protect Welfare,,Barnsley South,156
5212,718660,Introduce Licensing and Regulation for Dog and Cat Rescues to Protect Welfare,,Barrow and Furness,113
5213,718660,Introduce Licensing and Regulation for Dog and Cat Rescues to Protect Welfare,,Basildon and Billericay,2587
5214,718660,Introduce Licensing and Regulation for Dog and Cat Rescues to Protect Welfare,,Basingstoke,405
5215,718660,Introduce Licensing and Regulation for Dog and Cat Rescues to Protect Welfare,,Bassetlaw,194
5216,718660,Introduce Licensing and Regulation for Dog and Cat Rescues to Protect Welfare,,Bath,144
5217,718660,Introduce Licensing and Regulation for Dog and Cat Rescues to Protect Welfare,,Battersea,62
5218,718660,Introduce Licensing and Regulation for Dog and Cat Rescues to Protect Welfare,,Beaconsfield,189
5219,718660,Introduce Licensing and Regulation for Dog and Cat Rescues to Protect Welfare,,Beckenham and Penge,158
5220,718660,Introduce Licensing and Regulation for Dog and Cat Rescues to Protect Welfare,,Bedford,119
5221,718660,Introduce Licensing and Regulation for Dog and Cat Rescues to Protect Welfare,,Bermondsey and Old Southwark,69
5222,718660,Introduce Licensing and Regulation for Dog and Cat Rescues to Protect Welfare,,Bethnal Green and Stepney,65
5223,718660,Introduce Licensing and Regulation for Dog and Cat Rescues to Protect Welfare,,Beverley and Holderness,151
5224,718660,Introduce Licensing and Regulation for Dog and Cat Rescues to Protect Welfare,,Bexhill and Battle,224
5225,718660,Introduce Licensing and Regulation for Dog and Cat Rescues to Protect Welfare,,Bexleyheath and Crayford,341
5226,718660,Introduce Licensing and Regulation for Dog and Cat Rescues to Protect Welfare,,Bicester and Woodstock,135
5227,718660,Introduce Licensing and Regulation for Dog and Cat Rescues to Protect Welfare,,Birkenhead,129
5228,718660,Introduce Licensing and Regulation for Dog and Cat Rescues to Protect Welfare,,Birmingham Edgbaston,86
5229,718660,Introduce Licensing and Regulation for Dog and Cat Rescues to Protect Welfare,,Birmingham Erdington,132
5230,718660,Introduce Licensing and Regulation for Dog and Cat Rescues to Protect Welfare,,Birmingham Hall Green and Moseley,70
5231,718660,Introduce Licensing and Regulation for Dog and Cat Rescues to Protect Welfare,,Birmingham Hodge Hill and Solihull North,105
5232,718660,Introduce Licensing and Regulation for Dog and Cat Rescues to Protect Welfare,,Birmingham Ladywood,29
5233,718660,Introduce Licensing and Regulation for Dog and Cat Rescues to Protect Welfare,,Birmingham Northfield,169
5234,718660,Introduce Licensing and Regulation for Dog and Cat Rescues to Protect Welfare,,Birmingham Perry Barr,30
5235,718660,Introduce Licensing and Regulation for Dog and Cat Rescues to Protect Welfare,,Birmingham Selly Oak,95
5236,718660,Introduce Licensing and Regulation for Dog and Cat Rescues to Protect Welfare,,Birmingham Yardley,86
5237,718660,Introduce Licensing and Regulation for Dog and Cat Rescues to Protect Welfare,,Bishop Auckland,214
5238,718660,Introduce Licensing and Regulation for Dog and Cat Rescues to Protect Welfare,,Blackburn,66
5239,718660,Introduce Licensing and Regulation for Dog and Cat Rescues to Protect Welfare,,Blackley and Middleton South,75
5240,718660,Introduce Licensing and Regulation for Dog and Cat Rescues to Protect Welfare,,Blackpool North and Fleetwood,138
5241,718660,Introduce Licensing and Regulation for Dog and Cat Rescues to Protect Welfare,,Blackpool South,205
5242,718660,Introduce Licensing and Regulation for Dog and Cat Rescues to Protect Welfare,,Blaydon and Consett,173
5243,718660,Introduce Licensing and Regulation for Dog and Cat Rescues to Protect Welfare,,Blyth and Ashington,175
5244,718660,Introduce Licensing and Regulation for Dog and Cat Rescues to Protect Welfare,,Bognor Regis and Littlehampton,171
5245,718660,Introduce Licensing and Regulation for Dog and Cat Rescues to Protect Welfare,,Bolsover,196
5246,718660,Introduce Licensing and Regulation for Dog and Cat Rescues to Protect Welfare,,Bolton North East,124
5247,718660,Introduce Licensing and Regulation for Dog and Cat Rescues to Protect Welfare,,Bolton South and Walkden,106
5248,718660,Introduce Licensing and Regulation for Dog and Cat Rescues to Protect Welfare,,Bolton West,121
5249,718660,Introduce Licensing and Regulation for Dog and Cat Rescues to Protect Welfare,,Bootle,117
5250,718660,Introduce Licensing and Regulation for Dog and Cat Rescues to Protect Welfare,,Boston and Skegness,203
5251,718660,Introduce Licensing and Regulation for Dog and Cat Rescues to Protect Welfare,,Bournemouth East,145
5252,718660,Introduce Licensing and Regulation for Dog and Cat Rescues to Protect Welfare,,Bournemouth West,157
5253,718660,Introduce Licensing and Regulation for Dog and Cat Rescues to Protect Welfare,,Bracknell,193
5254,718660,Introduce Licensing and Regulation for Dog and Cat Rescues to Protect Welfare,,Bradford East,88
5255,718660,Introduce Licensing and Regulation for Dog and Cat Rescues to Protect Welfare,,Bradford South,126
5256,718660,Introduce Licensing and Regulation for Dog and Cat Rescues to Protect Welfare,,Bradford West,53
5257,718660,Introduce Licensing and Regulation for Dog and Cat Rescues to Protect Welfare,,Braintree,447
5258,718660,Introduce Licensing and Regulation for Dog and Cat Rescues to Protect Welfare,,Brent East,48
5259,718660,Introduce Licensing and Regulation for Dog and Cat Rescues to Protect Welfare,,Brent West,35
5260,718660,Introduce Licensing and Regulation for Dog and Cat Rescues to Protect Welfare,,Brentford and Isleworth,84
5261,718660,Introduce Licensing and Regulation for Dog and Cat Rescues to Protect Welfare,,Brentwood and Ongar,942
5262,718660,Introduce Licensing and Regulation for Dog and Cat Rescues to Protect Welfare,,Bridgwater,334
5263,718660,Introduce Licensing and Regulation for Dog and Cat Rescues to Protect Welfare,,Bridlington and The Wolds,176
5264,718660,Introduce Licensing and Regulation for Dog and Cat Rescues to Protect Welfare,,Brigg and Immingham,151
5265,718660,Introduce Licensing and Regulation for Dog and Cat Rescues to Protect Welfare,,Brighton Kemptown and Peacehaven,186
5266,718660,Introduce Licensing and Regulation for Dog and Cat Rescues to Protect Welfare,,Brighton Pavilion,145
5267,718660,Introduce Licensing and Regulation for Dog and Cat Rescues to Protect Welfare,,Bristol Central,51
5268,718660,Introduce Licensing and Regulation for Dog and Cat Rescues to Protect Welfare,,Bristol East,121
5269,718660,Introduce Licensing and Regulation for Dog and Cat Rescues to Protect Welfare,,Bristol North East,137
5270,718660,Introduce Licensing and Regulation for Dog and Cat Rescues to Protect Welfare,,Bristol North West,118
5271,718660,Introduce Licensing and Regulation for Dog and Cat Rescues to Protect Welfare,,Bristol South,121
5272,718660,Introduce Licensing and Regulation for Dog and Cat Rescues to Protect Welfare,,Broadland and Fakenham,196
5273,718660,Introduce Licensing and Regulation for Dog and Cat Rescues to Protect Welfare,,Bromley and Biggin Hill,190
5274,718660,Introduce Licensing and Regulation for Dog and Cat Rescues to Protect Welfare,,Bromsgrove,170
5275,718660,Introduce Licensing and Regulation for Dog and Cat Rescues to Protect Welfare,,Broxbourne,292
5276,718660,Introduce Licensing and Regulation for Dog and Cat Rescues to Protect Welfare,,Broxtowe,119
5277,718660,Introduce Licensing and Regulation for Dog and Cat Rescues to Protect Welfare,,Buckingham and Bletchley,154
5278,718660,Introduce Licensing and Regulation for Dog and Cat Rescues to Protect Welfare,,Burnley,176
5279,718660,Introduce Licensing and Regulation for Dog and Cat Rescues to Protect Welfare,,Burton and Uttoxeter,147
5280,718660,Introduce Licensing and Regulation for Dog and Cat Rescues to Protect Welfare,,Bury North,123
5281,718660,Introduce Licensing and Regulation for Dog and Cat Rescues to Protect Welfare,,Bury South,124
5282,718660,Introduce Licensing and Regulation for Dog and Cat Rescues to Protect Welfare,,Bury St Edmunds and Stowmarket,202
5283,718660,Introduce Licensing and Regulation for Dog and Cat Rescues to Protect Welfare,,Calder Valley,163
5284,718660,Introduce Licensing and Regulation for Dog and Cat Rescues to Protect Welfare,,Camborne and Redruth,260
5285,718660,Introduce Licensing and Regulation for Dog and Cat Rescues to Protect Welfare,,Cambridge,92
5286,718660,Introduce Licensing and Regulation for Dog and Cat Rescues to Protect Welfare,,Cannock Chase,163
5287,718660,Introduce Licensing and Regulation for Dog and Cat Rescues to Protect Welfare,,Canterbury,181
5288,718660,Introduce Licensing and Regulation for Dog and Cat Rescues to Protect Welfare,,Carlisle,140
5289,718660,Introduce Licensing and Regulation for Dog and Cat Rescues to Protect Welfare,,Carshalton and Wallington,143
5290,718660,Introduce Licensing and Regulation for Dog and Cat Rescues to Protect Welfare,,Castle Point,1507
5291,718660,Introduce Licensing and Regulation for Dog and Cat Rescues to Protect Welfare,,Central Devon,210
5292,718660,Introduce Licensing and Regulation for Dog and Cat Rescues to Protect Welfare,,Central Suffolk and North Ipswich,163
5293,718660,Introduce Licensing and Regulation for Dog and Cat Rescues to Protect Welfare,,Chatham and Aylesford,165
5294,718660,Introduce Licensing and Regulation for Dog and Cat Rescues to Protect Welfare,,Cheadle,124
5295,718660,Introduce Licensing and Regulation for Dog and Cat Rescues to Protect Welfare,,Chelmsford,698
5296,718660,Introduce Licensing and Regulation for Dog and Cat Rescues to Protect Welfare,,Chelsea and Fulham,80
5297,718660,Introduce Licensing and Regulation for Dog and Cat Rescues to Protect Welfare,,Cheltenham,129
5298,718660,Introduce Licensing and Regulation for Dog and Cat Rescues to Protect Welfare,,Chesham and Amersham,261
5299,718660,Introduce Licensing and Regulation for Dog and Cat Rescues to Protect Welfare,,Chester North and Neston,123
5300,718660,Introduce Licensing and Regulation for Dog and Cat Rescues to Protect Welfare,,Chester South and Eddisbury,177
5301,718660,Introduce Licensing and Regulation for Dog and Cat Rescues to Protect Welfare,,Chesterfield,184
5302,718660,Introduce Licensing and Regulation for Dog and Cat Rescues to Protect Welfare,,Chichester,162
5303,718660,Introduce Licensing and Regulation for Dog and Cat Rescues to Protect Welfare,,Chingford and Woodford Green,231
5304,718660,Introduce Licensing and Regulation for Dog and Cat Rescues to Protect Welfare,,Chippenham,158
5305,718660,Introduce Licensing and Regulation for Dog and Cat Rescues to Protect Welfare,,Chipping Barnet,105
5306,718660,Introduce Licensing and Regulation for Dog and Cat Rescues to Protect Welfare,,Chorley,167
5307,718660,Introduce Licensing and Regulation for Dog and Cat Rescues to Protect Welfare,,Christchurch,207
5308,718660,Introduce Licensing and Regulation for Dog and Cat Rescues to Protect Welfare,,Cities of London and Westminster,85
5309,718660,Introduce Licensing and Regulation for Dog and Cat Rescues to Protect Welfare,,City of Durham,143
5310,718660,Introduce Licensing and Regulation for Dog and Cat Rescues to Protect Welfare,,Clacton,515
5311,718660,Introduce Licensing and Regulation for Dog and Cat Rescues to Protect Welfare,,Clapham and Brixton Hill,53
5312,718660,Introduce Licensing and Regulation for Dog and Cat Rescues to Protect Welfare,,Colchester,236
5313,718660,Introduce Licensing and Regulation for Dog and Cat Rescues to Protect Welfare,,Colne Valley,123
5314,718660,Introduce Licensing and Regulation for Dog and Cat Rescues to Protect Welfare,,Congleton,200
5315,718660,Introduce Licensing and Regulation for Dog and Cat Rescues to Protect Welfare,,Corby and East Northamptonshire,215
5316,718660,Introduce Licensing and Regulation for Dog and Cat Rescues to Protect Welfare,,Coventry East,86
5317,718660,Introduce Licensing and Regulation for Dog and Cat Rescues to Protect Welfare,,Coventry North West,143
5318,718660,Introduce Licensing and Regulation for Dog and Cat Rescues to Protect Welfare,,Coventry South,85
5319,718660,Introduce Licensing and Regulation for Dog and Cat Rescues to Protect Welfare,,Cramlington and Killingworth,172
5320,718660,Introduce Licensing and Regulation for Dog and Cat Rescues to Protect Welfare,,Crawley,140
5321,718660,Introduce Licensing and Regulation for Dog and Cat Rescues to Protect Welfare,,Crewe and Nantwich,148
5322,718660,Introduce Licensing and Regulation for Dog and Cat Rescues to Protect Welfare,,Croydon East,128
5323,718660,Introduce Licensing and Regulation for Dog and Cat Rescues to Protect Welfare,,Croydon South,107
5324,718660,Introduce Licensing and Regulation for Dog and Cat Rescues to Protect Welfare,,Croydon West,58
5325,718660,Introduce Licensing and Regulation for Dog and Cat Rescues to Protect Welfare,,Dagenham and Rainham,337
5326,718660,Introduce Licensing and Regulation for Dog and Cat Rescues to Protect Welfare,,Darlington,153
5327,718660,Introduce Licensing and Regulation for Dog and Cat Rescues to Protect Welfare,,Dartford,299
5328,718660,Introduce Licensing and Regulation for Dog and Cat Rescues to Protect Welfare,,Daventry,216
5329,718660,Introduce Licensing and Regulation for Dog and Cat Rescues to Protect Welfare,,Derby North,121
5330,718660,Introduce Licensing and Regulation for Dog and Cat Rescues to Protect Welfare,,Derby South,130
5331,718660,Introduce Licensing and Regulation for Dog and Cat Rescues to Protect Welfare,,Derbyshire Dales,159
5332,718660,Introduce Licensing and Regulation for Dog and Cat Rescues to Protect Welfare,,Dewsbury and Batley,63
5333,718660,Introduce Licensing and Regulation for Dog and Cat Rescues to Protect Welfare,,Didcot and Wantage,133
5334,718660,Introduce Licensing and Regulation for Dog and Cat Rescues to Protect Welfare,,Doncaster Central,158
5335,718660,Introduce Licensing and Regulation for Dog and Cat Rescues to Protect Welfare,,Doncaster East and the Isle of Axholme,153
5336,718660,Introduce Licensing and Regulation for Dog and Cat Rescues to Protect Welfare,,Doncaster North,163
5337,718660,Introduce Licensing and Regulation for Dog and Cat Rescues to Protect Welfare,,Dorking and Horley,204
5338,718660,Introduce Licensing and Regulation for Dog and Cat Rescues to Protect Welfare,,Dover and Deal,185
5339,718660,Introduce Licensing and Regulation for Dog and Cat Rescues to Protect Welfare,,Droitwich and Evesham,200
5340,718660,Introduce Licensing and Regulation for Dog and Cat Rescues to Protect Welfare,,Dudley,104
5341,718660,Introduce Licensing and Regulation for Dog and Cat Rescues to Protect Welfare,,Dulwich and West Norwood,65
5342,718660,Introduce Licensing and Regulation for Dog and Cat Rescues to Protect Welfare,,Dunstable and Leighton Buzzard,181
5343,718660,Introduce Licensing and Regulation for Dog and Cat Rescues to Protect Welfare,,Ealing Central and Acton,76
5344,718660,Introduce Licensing and Regulation for Dog and Cat Rescues to Protect Welfare,,Ealing North,82
5345,718660,Introduce Licensing and Regulation for Dog and Cat Rescues to Protect Welfare,,Ealing Southall,66
5346,718660,Introduce Licensing and Regulation for Dog and Cat Rescues to Protect Welfare,,Earley and Woodley,167
5347,718660,Introduce Licensing and Regulation for Dog and Cat Rescues to Protect Welfare,,Easington,139
5348,718660,Introduce Licensing and Regulation for Dog and Cat Rescues to Protect Welfare,,East Grinstead and Uckfield,195
5349,718660,Introduce Licensing and Regulation for Dog and Cat Rescues to Protect Welfare,,East Ham,58
5350,718660,Introduce Licensing and Regulation for Dog and Cat Rescues to Protect Welfare,,East Hampshire,169
5351,718660,Introduce Licensing and Regulation for Dog and Cat Rescues to Protect Welfare,,East Surrey,294
5352,718660,Introduce Licensing and Regulation for Dog and Cat Rescues to Protect Welfare,,East Thanet,240
5353,718660,Introduce Licensing and Regulation for Dog and Cat Rescues to Protect Welfare,,East Wiltshire,154
5354,718660,Introduce Licensing and Regulation for Dog and Cat Rescues to Protect Welfare,,East Worthing and Shoreham,176
5355,718660,Introduce Licensing and Regulation for Dog and Cat Rescues to Protect Welfare,,Eastbourne,162
5356,718660,Introduce Licensing and Regulation for Dog and Cat Rescues to Protect Welfare,,Eastleigh,110
5357,718660,Introduce Licensing and Regulation for Dog and Cat Rescues to Protect Welfare,,Edmonton and Winchmore Hill,59
5358,718660,Introduce Licensing and Regulation for Dog and Cat Rescues to Protect Welfare,,Ellesmere Port and Bromborough,114
5359,718660,Introduce Licensing and Regulation for Dog and Cat Rescues to Protect Welfare,,Eltham and Chislehurst,232
5360,718660,Introduce Licensing and Regulation for Dog and Cat Rescues to Protect Welfare,,Ely and East Cambridgeshire,224
5361,718660,Introduce Licensing and Regulation for Dog and Cat Rescues to Protect Welfare,,Enfield North,101
5362,718660,Introduce Licensing and Regulation for Dog and Cat Rescues to Protect Welfare,,Epping Forest,388
5363,718660,Introduce Licensing and Regulation for Dog and Cat Rescues to Protect Welfare,,Epsom and Ewell,145
5364,718660,Introduce Licensing and Regulation for Dog and Cat Rescues to Protect Welfare,,Erewash,153
5365,718660,Introduce Licensing and Regulation for Dog and Cat Rescues to Protect Welfare,,Erith and Thamesmead,248
5366,718660,Introduce Licensing and Regulation for Dog and Cat Rescues to Protect Welfare,,Esher and Walton,145
5367,718660,Introduce Licensing and Regulation for Dog and Cat Rescues to Protect Welfare,,Exeter,116
5368,718660,Introduce Licensing and Regulation for Dog and Cat Rescues to Protect Welfare,,Exmouth and Exeter East,159
5369,718660,Introduce Licensing and Regulation for Dog and Cat Rescues to Protect Welfare,,Fareham and Waterlooville,182
5370,718660,Introduce Licensing and Regulation for Dog and Cat Rescues to Protect Welfare,,Farnham and Bordon,168
5371,718660,Introduce Licensing and Regulation for Dog and Cat Rescues to Protect Welfare,,Faversham and Mid Kent,197
5372,718660,Introduce Licensing and Regulation for Dog and Cat Rescues to Protect Welfare,,Feltham and Heston,79
5373,718660,Introduce Licensing and Regulation for Dog and Cat Rescues to Protect Welfare,,Filton and Bradley Stoke,108
5374,718660,Introduce Licensing and Regulation for Dog and Cat Rescues to Protect Welfare,,Finchley and Golders Green,84
5375,718660,Introduce Licensing and Regulation for Dog and Cat Rescues to Protect Welfare,,Folkestone and Hythe,253
5376,718660,Introduce Licensing and Regulation for Dog and Cat Rescues to Protect Welfare,,Forest of Dean,179
5377,718660,Introduce Licensing and Regulation for Dog and Cat Rescues to Protect Welfare,,Frome and East Somerset,158
5378,718660,Introduce Licensing and Regulation for Dog and Cat Rescues to Protect Welfare,,Fylde,162
5379,718660,Introduce Licensing and Regulation for Dog and Cat Rescues to Protect Welfare,,Gainsborough,235
5380,718660,Introduce Licensing and Regulation for Dog and Cat Rescues to Protect Welfare,,Gateshead Central and Whickham,106
5381,718660,Introduce Licensing and Regulation for Dog and Cat Rescues to Protect Welfare,,Gedling,158
5382,718660,Introduce Licensing and Regulation for Dog and Cat Rescues to Protect Welfare,,Gillingham and Rainham,163
5383,718660,Introduce Licensing and Regulation for Dog and Cat Rescues to Protect Welfare,,Glastonbury and Somerton,201
5384,718660,Introduce Licensing and Regulation for Dog and Cat Rescues to Protect Welfare,,Gloucester,103
5385,718660,Introduce Licensing and Regulation for Dog and Cat Rescues to Protect Welfare,,Godalming and Ash,191
5386,718660,Introduce Licensing and Regulation for Dog and Cat Rescues to Protect Welfare,,Goole and Pocklington,157
5387,718660,Introduce Licensing and Regulation for Dog and Cat Rescues to Protect Welfare,,Gorton and Denton,105
5388,718660,Introduce Licensing and Regulation for Dog and Cat Rescues to Protect Welfare,,Gosport,159
5389,718660,Introduce Licensing and Regulation for Dog and Cat Rescues to Protect Welfare,,Grantham and Bourne,205
5390,718660,Introduce Licensing and Regulation for Dog and Cat Rescues to Protect Welfare,,Gravesham,272
5391,718660,Introduce Licensing and Regulation for Dog and Cat Rescues to Protect Welfare,,Great Grimsby and Cleethorpes,126
5392,718660,Introduce Licensing and Regulation for Dog and Cat Rescues to Protect Welfare,,Great Yarmouth,211
5393,718660,Introduce Licensing and Regulation for Dog and Cat Rescues to Protect Welfare,,Greenwich and Woolwich,119
5394,718660,Introduce Licensing and Regulation for Dog and Cat Rescues to Protect Welfare,,Guildford,102
5395,718660,Introduce Licensing and Regulation for Dog and Cat Rescues to Protect Welfare,,Hackney North and Stoke Newington,76
5396,718660,Introduce Licensing and Regulation for Dog and Cat Rescues to Protect Welfare,,Hackney South and Shoreditch,60
5397,718660,Introduce Licensing and Regulation for Dog and Cat Rescues to Protect Welfare,,Halesowen,113
5398,718660,Introduce Licensing and Regulation for Dog and Cat Rescues to Protect Welfare,,Halifax,124
5399,718660,Introduce Licensing and Regulation for Dog and Cat Rescues to Protect Welfare,,Hamble Valley,200
5400,718660,Introduce Licensing and Regulation for Dog and Cat Rescues to Protect Welfare,,Hammersmith and Chiswick,74
5401,718660,Introduce Licensing and Regulation for Dog and Cat Rescues to Protect Welfare,,Hampstead and Highgate,77
5402,718660,Introduce Licensing and Regulation for Dog and Cat Rescues to Protect Welfare,,"Harborough, Oadby and Wigston",122
5403,718660,Introduce Licensing and Regulation for Dog and Cat Rescues to Protect Welfare,,Harlow,348
5404,718660,Introduce Licensing and Regulation for Dog and Cat Rescues to Protect Welfare,,Harpenden and Berkhamsted,172
5405,718660,Introduce Licensing and Regulation for Dog and Cat Rescues to Protect Welfare,,Harrogate and Knaresborough,190
5406,718660,Introduce Licensing and Regulation for Dog and Cat Rescues to Protect Welfare,,Harrow East,56
5407,718660,Introduce Licensing and Regulation for Dog and Cat Rescues to Protect Welfare,,Harrow West,52
5408,718660,Introduce Licensing and Regulation for Dog and Cat Rescues to Protect Welfare,,Hartlepool,125
5409,718660,Introduce Licensing and Regulation for Dog and Cat Rescues to Protect Welfare,,Harwich and North Essex,346
5410,718660,Introduce Licensing and Regulation for Dog and Cat Rescues to Protect Welfare,,Hastings and Rye,203
5411,718660,Introduce Licensing and Regulation for Dog and Cat Rescues to Protect Welfare,,Havant,163
5412,718660,Introduce Licensing and Regulation for Dog and Cat Rescues to Protect Welfare,,Hayes and Harlington,83
5413,718660,Introduce Licensing and Regulation for Dog and Cat Rescues to Protect Welfare,,Hazel Grove,133
5414,718660,Introduce Licensing and Regulation for Dog and Cat Rescues to Protect Welfare,,Hemel Hempstead,151
5415,718660,Introduce Licensing and Regulation for Dog and Cat Rescues to Protect Welfare,,Hendon,56
5416,718660,Introduce Licensing and Regulation for Dog and Cat Rescues to Protect Welfare,,Henley and Thame,134
5417,718660,Introduce Licensing and Regulation for Dog and Cat Rescues to Protect Welfare,,Hereford and South Herefordshire,146
5418,718660,Introduce Licensing and Regulation for Dog and Cat Rescues to Protect Welfare,,Herne Bay and Sandwich,280
5419,718660,Introduce Licensing and Regulation for Dog and Cat Rescues to Protect Welfare,,Hertford and Stortford,369
5420,718660,Introduce Licensing and Regulation for Dog and Cat Rescues to Protect Welfare,,Hertsmere,134
5421,718660,Introduce Licensing and Regulation for Dog and Cat Rescues to Protect Welfare,,Hexham,144
5422,718660,Introduce Licensing and Regulation for Dog and Cat Rescues to Protect Welfare,,Heywood and Middleton North,108
5423,718660,Introduce Licensing and Regulation for Dog and Cat Rescues to Protect Welfare,,High Peak,184
5424,718660,Introduce Licensing and Regulation for Dog and Cat Rescues to Protect Welfare,,Hinckley and Bosworth,189
5425,718660,Introduce Licensing and Regulation for Dog and Cat Rescues to Protect Welfare,,Hitchin,217
5426,718660,Introduce Licensing and Regulation for Dog and Cat Rescues to Protect Welfare,,Holborn and St Pancras,66
5427,718660,Introduce Licensing and Regulation for Dog and Cat Rescues to Protect Welfare,,Honiton and Sidmouth,208
5428,718660,Introduce Licensing and Regulation for Dog and Cat Rescues to Protect Welfare,,Hornchurch and Upminster,423
5429,718660,Introduce Licensing and Regulation for Dog and Cat Rescues to Protect Welfare,,Hornsey and Friern Barnet,101
5430,718660,Introduce Licensing and Regulation for Dog and Cat Rescues to Protect Welfare,,Horsham,181
5431,718660,Introduce Licensing and Regulation for Dog and Cat Rescues to Protect Welfare,,Houghton and Sunderland South,159
5432,718660,Introduce Licensing and Regulation for Dog and Cat Rescues to Protect Welfare,,Hove and Portslade,146
5433,718660,Introduce Licensing and Regulation for Dog and Cat Rescues to Protect Welfare,,Huddersfield,85
5434,718660,Introduce Licensing and Regulation for Dog and Cat Rescues to Protect Welfare,,Huntingdon,176
5435,718660,Introduce Licensing and Regulation for Dog and Cat Rescues to Protect Welfare,,Hyndburn,118
5436,718660,Introduce Licensing and Regulation for Dog and Cat Rescues to Protect Welfare,,Ilford North,186
5437,718660,Introduce Licensing and Regulation for Dog and Cat Rescues to Protect Welfare,,Ilford South,98
5438,718660,Introduce Licensing and Regulation for Dog and Cat Rescues to Protect Welfare,,Ipswich,129
5439,718660,Introduce Licensing and Regulation for Dog and Cat Rescues to Protect Welfare,,Isle of Wight East,114
5440,718660,Introduce Licensing and Regulation for Dog and Cat Rescues to Protect Welfare,,Isle of Wight West,125
5441,718660,Introduce Licensing and Regulation for Dog and Cat Rescues to Protect Welfare,,Islington North,77
5442,718660,Introduce Licensing and Regulation for Dog and Cat Rescues to Protect Welfare,,Islington South and Finsbury,105
5443,718660,Introduce Licensing and Regulation for Dog and Cat Rescues to Protect Welfare,,Jarrow and Gateshead East,95
5444,718660,Introduce Licensing and Regulation for Dog and Cat Rescues to Protect Welfare,,Keighley and Ilkley,216
5445,718660,Introduce Licensing and Regulation for Dog and Cat Rescues to Protect Welfare,,Kenilworth and Southam,192
5446,718660,Introduce Licensing and Regulation for Dog and Cat Rescues to Protect Welfare,,Kensington and Bayswater,70
5447,718660,Introduce Licensing and Regulation for Dog and Cat Rescues to Protect Welfare,,Kettering,312
5448,718660,Introduce Licensing and Regulation for Dog and Cat Rescues to Protect Welfare,,Kingston and Surbiton,130
5449,718660,Introduce Licensing and Regulation for Dog and Cat Rescues to Protect Welfare,,Kingston upon Hull East,100
5450,718660,Introduce Licensing and Regulation for Dog and Cat Rescues to Protect Welfare,,Kingston upon Hull North and Cottingham,105
5451,718660,Introduce Licensing and Regulation for Dog and Cat Rescues to Protect Welfare,,Kingston upon Hull West and Haltemprice,92
5452,718660,Introduce Licensing and Regulation for Dog and Cat Rescues to Protect Welfare,,Kingswinford and South Staffordshire,134
5453,718660,Introduce Licensing and Regulation for Dog and Cat Rescues to Protect Welfare,,Knowsley,120
5454,718660,Introduce Licensing and Regulation for Dog and Cat Rescues to Protect Welfare,,Lancaster and Wyre,119
5455,718660,Introduce Licensing and Regulation for Dog and Cat Rescues to Protect Welfare,,Leeds Central and Headingley,58
5456,718660,Introduce Licensing and Regulation for Dog and Cat Rescues to Protect Welfare,,Leeds East,124
5457,718660,Introduce Licensing and Regulation for Dog and Cat Rescues to Protect Welfare,,Leeds North East,125
5458,718660,Introduce Licensing and Regulation for Dog and Cat Rescues to Protect Welfare,,Leeds North West,161
5459,718660,Introduce Licensing and Regulation for Dog and Cat Rescues to Protect Welfare,,Leeds South,109
5460,718660,Introduce Licensing and Regulation for Dog and Cat Rescues to Protect Welfare,,Leeds South West and Morley,128
5461,718660,Introduce Licensing and Regulation for Dog and Cat Rescues to Protect Welfare,,Leeds West and Pudsey,128
5462,718660,Introduce Licensing and Regulation for Dog and Cat Rescues to Protect Welfare,,Leicester East,33
5463,718660,Introduce Licensing and Regulation for Dog and Cat Rescues to Protect Welfare,,Leicester South,54
5464,718660,Introduce Licensing and Regulation for Dog and Cat Rescues to Protect Welfare,,Leicester West,102
5465,718660,Introduce Licensing and Regulation for Dog and Cat Rescues to Protect Welfare,,Leigh and Atherton,181
5466,718660,Introduce Licensing and Regulation for Dog and Cat Rescues to Protect Welfare,,Lewes,197
5467,718660,Introduce Licensing and Regulation for Dog and Cat Rescues to Protect Welfare,,Lewisham East,104
5468,718660,Introduce Licensing and Regulation for Dog and Cat Rescues to Protect Welfare,,Lewisham North,57
5469,718660,Introduce Licensing and Regulation for Dog and Cat Rescues to Protect Welfare,,Lewisham West and East Dulwich,87
5470,718660,Introduce Licensing and Regulation for Dog and Cat Rescues to Protect Welfare,,Leyton and Wanstead,119
5471,718660,Introduce Licensing and Regulation for Dog and Cat Rescues to Protect Welfare,,Lichfield,215
5472,718660,Introduce Licensing and Regulation for Dog and Cat Rescues to Protect Welfare,,Lincoln,116
5473,718660,Introduce Licensing and Regulation for Dog and Cat Rescues to Protect Welfare,,Liverpool Garston,137
5474,718660,Introduce Licensing and Regulation for Dog and Cat Rescues to Protect Welfare,,Liverpool Riverside,93
5475,718660,Introduce Licensing and Regulation for Dog and Cat Rescues to Protect Welfare,,Liverpool Walton,108
5476,718660,Introduce Licensing and Regulation for Dog and Cat Rescues to Protect Welfare,,Liverpool Wavertree,139
5477,718660,Introduce Licensing and Regulation for Dog and Cat Rescues to Protect Welfare,,Liverpool West Derby,134
5478,718660,Introduce Licensing and Regulation for Dog and Cat Rescues to Protect Welfare,,Loughborough,113
5479,718660,Introduce Licensing and Regulation for Dog and Cat Rescues to Protect Welfare,,Louth and Horncastle,276
5480,718660,Introduce Licensing and Regulation for Dog and Cat Rescues to Protect Welfare,,Lowestoft,208
5481,718660,Introduce Licensing and Regulation for Dog and Cat Rescues to Protect Welfare,,Luton North,104
5482,718660,Introduce Licensing and Regulation for Dog and Cat Rescues to Protect Welfare,,Luton South and South Bedfordshire,112
5483,718660,Introduce Licensing and Regulation for Dog and Cat Rescues to Protect Welfare,,Macclesfield,144
5484,718660,Introduce Licensing and Regulation for Dog and Cat Rescues to Protect Welfare,,Maidenhead,225
5485,718660,Introduce Licensing and Regulation for Dog and Cat Rescues to Protect Welfare,,Maidstone and Malling,169
5486,718660,Introduce Licensing and Regulation for Dog and Cat Rescues to Protect Welfare,,Makerfield,151
5487,718660,Introduce Licensing and Regulation for Dog and Cat Rescues to Protect Welfare,,Maldon,1378
5488,718660,Introduce Licensing and Regulation for Dog and Cat Rescues to Protect Welfare,,Manchester Central,63
5489,718660,Introduce Licensing and Regulation for Dog and Cat Rescues to Protect Welfare,,Manchester Rusholme,36
5490,718660,Introduce Licensing and Regulation for Dog and Cat Rescues to Protect Welfare,,Manchester Withington,71
5491,718660,Introduce Licensing and Regulation for Dog and Cat Rescues to Protect Welfare,,Mansfield,181
5492,718660,Introduce Licensing and Regulation for Dog and Cat Rescues to Protect Welfare,,Melksham and Devizes,192
5493,718660,Introduce Licensing and Regulation for Dog and Cat Rescues to Protect Welfare,,Melton and Syston,145
5494,718660,Introduce Licensing and Regulation for Dog and Cat Rescues to Protect Welfare,,Meriden and Solihull East,132
5495,718660,Introduce Licensing and Regulation for Dog and Cat Rescues to Protect Welfare,,Mid Bedfordshire,220
5496,718660,Introduce Licensing and Regulation for Dog and Cat Rescues to Protect Welfare,,Mid Buckinghamshire,248
5497,718660,Introduce Licensing and Regulation for Dog and Cat Rescues to Protect Welfare,,Mid Cheshire,197
5498,718660,Introduce Licensing and Regulation for Dog and Cat Rescues to Protect Welfare,,Mid Derbyshire,159
5499,718660,Introduce Licensing and Regulation for Dog and Cat Rescues to Protect Welfare,,Mid Dorset and North Poole,232
5500,718660,Introduce Licensing and Regulation for Dog and Cat Rescues to Protect Welfare,,Mid Leicestershire,138
5501,718660,Introduce Licensing and Regulation for Dog and Cat Rescues to Protect Welfare,,Mid Norfolk,244
5502,718660,Introduce Licensing and Regulation for Dog and Cat Rescues to Protect Welfare,,Mid Sussex,154
5503,718660,Introduce Licensing and Regulation for Dog and Cat Rescues to Protect Welfare,,Middlesbrough and Thornaby East,112
5504,718660,Introduce Licensing and Regulation for Dog and Cat Rescues to Protect Welfare,,Middlesbrough South and East Cleveland,108
5505,718660,Introduce Licensing and Regulation for Dog and Cat Rescues to Protect Welfare,,Milton Keynes Central,150
5506,718660,Introduce Licensing and Regulation for Dog and Cat Rescues to Protect Welfare,,Milton Keynes North,231
5507,718660,Introduce Licensing and Regulation for Dog and Cat Rescues to Protect Welfare,,Mitcham and Morden,95
5508,718660,Introduce Licensing and Regulation for Dog and Cat Rescues to Protect Welfare,,Morecambe and Lunesdale,145
5509,718660,Introduce Licensing and Regulation for Dog and Cat Rescues to Protect Welfare,,New Forest East,175
5510,718660,Introduce Licensing and Regulation for Dog and Cat Rescues to Protect Welfare,,New Forest West,201
5511,718660,Introduce Licensing and Regulation for Dog and Cat Rescues to Protect Welfare,,Newark,185
5512,718660,Introduce Licensing and Regulation for Dog and Cat Rescues to Protect Welfare,,Newbury,165
5513,718660,Introduce Licensing and Regulation for Dog and Cat Rescues to Protect Welfare,,Newcastle upon Tyne Central and West,111
5514,718660,Introduce Licensing and Regulation for Dog and Cat Rescues to Protect Welfare,,Newcastle upon Tyne East and Wallsend,124
5515,718660,Introduce Licensing and Regulation for Dog and Cat Rescues to Protect Welfare,,Newcastle upon Tyne North,112
5516,718660,Introduce Licensing and Regulation for Dog and Cat Rescues to Protect Welfare,,Newcastle-under-Lyme,173
5517,718660,Introduce Licensing and Regulation for Dog and Cat Rescues to Protect Welfare,,Newton Abbot,216
5518,718660,Introduce Licensing and Regulation for Dog and Cat Rescues to Protect Welfare,,Newton Aycliffe and Spennymoor,151
5519,718660,Introduce Licensing and Regulation for Dog and Cat Rescues to Protect Welfare,,Normanton and Hemsworth,172
5520,718660,Introduce Licensing and Regulation for Dog and Cat Rescues to Protect Welfare,,North Bedfordshire,225
5521,718660,Introduce Licensing and Regulation for Dog and Cat Rescues to Protect Welfare,,North Cornwall,252
5522,718660,Introduce Licensing and Regulation for Dog and Cat Rescues to Protect Welfare,,North Cotswolds,148
5523,718660,Introduce Licensing and Regulation for Dog and Cat Rescues to Protect Welfare,,North Devon,210
5524,718660,Introduce Licensing and Regulation for Dog and Cat Rescues to Protect Welfare,,North Dorset,268
5525,718660,Introduce Licensing and Regulation for Dog and Cat Rescues to Protect Welfare,,North Durham,145
5526,718660,Introduce Licensing and Regulation for Dog and Cat Rescues to Protect Welfare,,North East Cambridgeshire,247
5527,718660,Introduce Licensing and Regulation for Dog and Cat Rescues to Protect Welfare,,North East Derbyshire,187
5528,718660,Introduce Licensing and Regulation for Dog and Cat Rescues to Protect Welfare,,North East Hampshire,286
5529,718660,Introduce Licensing and Regulation for Dog and Cat Rescues to Protect Welfare,,North East Hertfordshire,462
5530,718660,Introduce Licensing and Regulation for Dog and Cat Rescues to Protect Welfare,,North East Somerset and Hanham,198
5531,718660,Introduce Licensing and Regulation for Dog and Cat Rescues to Protect Welfare,,North Herefordshire,189
5532,718660,Introduce Licensing and Regulation for Dog and Cat Rescues to Protect Welfare,,North Norfolk,240
5533,718660,Introduce Licensing and Regulation for Dog and Cat Rescues to Protect Welfare,,North Northumberland,227
5534,718660,Introduce Licensing and Regulation for Dog and Cat Rescues to Protect Welfare,,North Shropshire,197
5535,718660,Introduce Licensing and Regulation for Dog and Cat Rescues to Protect Welfare,,North Somerset,181
5536,718660,Introduce Licensing and Regulation for Dog and Cat Rescues to Protect Welfare,,North Warwickshire and Bedworth,129
5537,718660,Introduce Licensing and Regulation for Dog and Cat Rescues to Protect Welfare,,North West Cambridgeshire,168
5538,718660,Introduce Licensing and Regulation for Dog and Cat Rescues to Protect Welfare,,North West Essex,523
5539,718660,Introduce Licensing and Regulation for Dog and Cat Rescues to Protect Welfare,,North West Hampshire,237
5540,718660,Introduce Licensing and Regulation for Dog and Cat Rescues to Protect Welfare,,North West Leicestershire,149
5541,718660,Introduce Licensing and Regulation for Dog and Cat Rescues to Protect Welfare,,North West Norfolk,206
5542,718660,Introduce Licensing and Regulation for Dog and Cat Rescues to Protect Welfare,,Northampton North,150
5543,718660,Introduce Licensing and Regulation for Dog and Cat Rescues to Protect Welfare,,Northampton South,171
5544,718660,Introduce Licensing and Regulation for Dog and Cat Rescues to Protect Welfare,,Norwich North,141
5545,718660,Introduce Licensing and Regulation for Dog and Cat Rescues to Protect Welfare,,Norwich South,116
5546,718660,Introduce Licensing and Regulation for Dog and Cat Rescues to Protect Welfare,,Nottingham East,84
5547,718660,Introduce Licensing and Regulation for Dog and Cat Rescues to Protect Welfare,,Nottingham North and Kimberley,116
5548,718660,Introduce Licensing and Regulation for Dog and Cat Rescues to Protect Welfare,,Nottingham South,83
5549,718660,Introduce Licensing and Regulation for Dog and Cat Rescues to Protect Welfare,,Nuneaton,126
5550,718660,Introduce Licensing and Regulation for Dog and Cat Rescues to Protect Welfare,,Old Bexley and Sidcup,314
5551,718660,Introduce Licensing and Regulation for Dog and Cat Rescues to Protect Welfare,,Oldham East and Saddleworth,108
5552,718660,Introduce Licensing and Regulation for Dog and Cat Rescues to Protect Welfare,,"Oldham West, Chadderton and Royton",75
5553,718660,Introduce Licensing and Regulation for Dog and Cat Rescues to Protect Welfare,,Orpington,217
5554,718660,Introduce Licensing and Regulation for Dog and Cat Rescues to Protect Welfare,,Ossett and Denby Dale,155
5555,718660,Introduce Licensing and Regulation for Dog and Cat Rescues to Protect Welfare,,Oxford East,82
5556,718660,Introduce Licensing and Regulation for Dog and Cat Rescues to Protect Welfare,,Oxford West and Abingdon,89
5557,718660,Introduce Licensing and Regulation for Dog and Cat Rescues to Protect Welfare,,Peckham,52
5558,718660,Introduce Licensing and Regulation for Dog and Cat Rescues to Protect Welfare,,Pendle and Clitheroe,160
5559,718660,Introduce Licensing and Regulation for Dog and Cat Rescues to Protect Welfare,,Penistone and Stocksbridge,148
5560,718660,Introduce Licensing and Regulation for Dog and Cat Rescues to Protect Welfare,,Penrith and Solway,177
5561,718660,Introduce Licensing and Regulation for Dog and Cat Rescues to Protect Welfare,,Peterborough,89
5562,718660,Introduce Licensing and Regulation for Dog and Cat Rescues to Protect Welfare,,Plymouth Moor View,151
5563,718660,Introduce Licensing and Regulation for Dog and Cat Rescues to Protect Welfare,,Plymouth Sutton and Devonport,134
5564,718660,Introduce Licensing and Regulation for Dog and Cat Rescues to Protect Welfare,,"Pontefract, Castleford and Knottingley",135
5565,718660,Introduce Licensing and Regulation for Dog and Cat Rescues to Protect Welfare,,Poole,145
5566,718660,Introduce Licensing and Regulation for Dog and Cat Rescues to Protect Welfare,,Poplar and Limehouse,98
5567,718660,Introduce Licensing and Regulation for Dog and Cat Rescues to Protect Welfare,,Portsmouth North,121
5568,718660,Introduce Licensing and Regulation for Dog and Cat Rescues to Protect Welfare,,Portsmouth South,107
5569,718660,Introduce Licensing and Regulation for Dog and Cat Rescues to Protect Welfare,,Preston,70
5570,718660,Introduce Licensing and Regulation for Dog and Cat Rescues to Protect Welfare,,Putney,90
5571,718660,Introduce Licensing and Regulation for Dog and Cat Rescues to Protect Welfare,,Queen's Park and Maida Vale,60
5572,718660,Introduce Licensing and Regulation for Dog and Cat Rescues to Protect Welfare,,Rawmarsh and Conisbrough,136
5573,718660,Introduce Licensing and Regulation for Dog and Cat Rescues to Protect Welfare,,Rayleigh and Wickford,1526
5574,718660,Introduce Licensing and Regulation for Dog and Cat Rescues to Protect Welfare,,Reading Central,109
5575,718660,Introduce Licensing and Regulation for Dog and Cat Rescues to Protect Welfare,,Reading West and Mid Berkshire,186
5576,718660,Introduce Licensing and Regulation for Dog and Cat Rescues to Protect Welfare,,Redcar,133
5577,718660,Introduce Licensing and Regulation for Dog and Cat Rescues to Protect Welfare,,Redditch,144
5578,718660,Introduce Licensing and Regulation for Dog and Cat Rescues to Protect Welfare,,Reigate,165
5579,718660,Introduce Licensing and Regulation for Dog and Cat Rescues to Protect Welfare,,Ribble Valley,144
5580,718660,Introduce Licensing and Regulation for Dog and Cat Rescues to Protect Welfare,,Richmond and Northallerton,168
5581,718660,Introduce Licensing and Regulation for Dog and Cat Rescues to Protect Welfare,,Richmond Park,112
5582,718660,Introduce Licensing and Regulation for Dog and Cat Rescues to Protect Welfare,,Rochdale,78
5583,718660,Introduce Licensing and Regulation for Dog and Cat Rescues to Protect Welfare,,Rochester and Strood,198
5584,718660,Introduce Licensing and Regulation for Dog and Cat Rescues to Protect Welfare,,Romford,419
5585,718660,Introduce Licensing and Regulation for Dog and Cat Rescues to Protect Welfare,,Romsey and Southampton North,149
5586,718660,Introduce Licensing and Regulation for Dog and Cat Rescues to Protect Welfare,,Rossendale and Darwen,144
5587,718660,Introduce Licensing and Regulation for Dog and Cat Rescues to Protect Welfare,,Rother Valley,192
5588,718660,Introduce Licensing and Regulation for Dog and Cat Rescues to Protect Welfare,,Rotherham,176
5589,718660,Introduce Licensing and Regulation for Dog and Cat Rescues to Protect Welfare,,Rugby,206
5590,718660,Introduce Licensing and Regulation for Dog and Cat Rescues to Protect Welfare,,"Ruislip, Northwood and Pinner",143
5591,718660,Introduce Licensing and Regulation for Dog and Cat Rescues to Protect Welfare,,Runcorn and Helsby,162
5592,718660,Introduce Licensing and Regulation for Dog and Cat Rescues to Protect Welfare,,Runnymede and Weybridge,173
5593,718660,Introduce Licensing and Regulation for Dog and Cat Rescues to Protect Welfare,,Rushcliffe,152
5594,718660,Introduce Licensing and Regulation for Dog and Cat Rescues to Protect Welfare,,Rutland and Stamford,154
5595,718660,Introduce Licensing and Regulation for Dog and Cat Rescues to Protect Welfare,,Salford,74
5596,718660,Introduce Licensing and Regulation for Dog and Cat Rescues to Protect Welfare,,Salisbury,157
5597,718660,Introduce Licensing and Regulation for Dog and Cat Rescues to Protect Welfare,,Scarborough and Whitby,163
5598,718660,Introduce Licensing and Regulation for Dog and Cat Rescues to Protect Welfare,,Scunthorpe,129
5599,718660,Introduce Licensing and Regulation for Dog and Cat Rescues to Protect Welfare,,Sefton Central,173
5600,718660,Introduce Licensing and Regulation for Dog and Cat Rescues to Protect Welfare,,Selby,195
5601,718660,Introduce Licensing and Regulation for Dog and Cat Rescues to Protect Welfare,,Sevenoaks,271
5602,718660,Introduce Licensing and Regulation for Dog and Cat Rescues to Protect Welfare,,Sheffield Brightside and Hillsborough,129
5603,718660,Introduce Licensing and Regulation for Dog and Cat Rescues to Protect Welfare,,Sheffield Central,60
5604,718660,Introduce Licensing and Regulation for Dog and Cat Rescues to Protect Welfare,,Sheffield Hallam,130
5605,718660,Introduce Licensing and Regulation for Dog and Cat Rescues to Protect Welfare,,Sheffield Heeley,154
5606,718660,Introduce Licensing and Regulation for Dog and Cat Rescues to Protect Welfare,,Sheffield South East,157
5607,718660,Introduce Licensing and Regulation for Dog and Cat Rescues to Protect Welfare,,Sherwood Forest,169
5608,718660,Introduce Licensing and Regulation for Dog and Cat Rescues to Protect Welfare,,Shipley,215
5609,718660,Introduce Licensing and Regulation for Dog and Cat Rescues to Protect Welfare,,Shrewsbury,185
5610,718660,Introduce Licensing and Regulation for Dog and Cat Rescues to Protect Welfare,,Sittingbourne and Sheppey,227
5611,718660,Introduce Licensing and Regulation for Dog and Cat Rescues to Protect Welfare,,Skipton and Ripon,179
5612,718660,Introduce Licensing and Regulation for Dog and Cat Rescues to Protect Welfare,,Sleaford and North Hykeham,195
5613,718660,Introduce Licensing and Regulation for Dog and Cat Rescues to Protect Welfare,,Slough,84
5614,718660,Introduce Licensing and Regulation for Dog and Cat Rescues to Protect Welfare,,Smethwick,75
5615,718660,Introduce Licensing and Regulation for Dog and Cat Rescues to Protect Welfare,,Solihull West and Shirley,96
5616,718660,Introduce Licensing and Regulation for Dog and Cat Rescues to Protect Welfare,,South Basildon and East Thurrock,1006
5617,718660,Introduce Licensing and Regulation for Dog and Cat Rescues to Protect Welfare,,South Cambridgeshire,176
5618,718660,Introduce Licensing and Regulation for Dog and Cat Rescues to Protect Welfare,,South Cotswolds,156
5619,718660,Introduce Licensing and Regulation for Dog and Cat Rescues to Protect Welfare,,South Derbyshire,191
5620,718660,Introduce Licensing and Regulation for Dog and Cat Rescues to Protect Welfare,,South Devon,169
5621,718660,Introduce Licensing and Regulation for Dog and Cat Rescues to Protect Welfare,,South Dorset,194
5622,718660,Introduce Licensing and Regulation for Dog and Cat Rescues to Protect Welfare,,South East Cornwall,227
5623,718660,Introduce Licensing and Regulation for Dog and Cat Rescues to Protect Welfare,,South Holland and The Deepings,233
5624,718660,Introduce Licensing and Regulation for Dog and Cat Rescues to Protect Welfare,,South Leicestershire,220
5625,718660,Introduce Licensing and Regulation for Dog and Cat Rescues to Protect Welfare,,South Norfolk,172
5626,718660,Introduce Licensing and Regulation for Dog and Cat Rescues to Protect Welfare,,South Northamptonshire,216
5627,718660,Introduce Licensing and Regulation for Dog and Cat Rescues to Protect Welfare,,South Ribble,120
5628,718660,Introduce Licensing and Regulation for Dog and Cat Rescues to Protect Welfare,,South Shields,119
5629,718660,Introduce Licensing and Regulation for Dog and Cat Rescues to Protect Welfare,,South Shropshire,215
5630,718660,Introduce Licensing and Regulation for Dog and Cat Rescues to Protect Welfare,,South Suffolk,256
5631,718660,Introduce Licensing and Regulation for Dog and Cat Rescues to Protect Welfare,,South West Devon,177
5632,718660,Introduce Licensing and Regulation for Dog and Cat Rescues to Protect Welfare,,South West Hertfordshire,198
5633,718660,Introduce Licensing and Regulation for Dog and Cat Rescues to Protect Welfare,,South West Norfolk,263
5634,718660,Introduce Licensing and Regulation for Dog and Cat Rescues to Protect Welfare,,South West Wiltshire,184
5635,718660,Introduce Licensing and Regulation for Dog and Cat Rescues to Protect Welfare,,Southampton Itchen,123
5636,718660,Introduce Licensing and Regulation for Dog and Cat Rescues to Protect Welfare,,Southampton Test,114
5637,718660,Introduce Licensing and Regulation for Dog and Cat Rescues to Protect Welfare,,Southend East and Rochford,647
5638,718660,Introduce Licensing and Regulation for Dog and Cat Rescues to Protect Welfare,,Southend West and Leigh,736
5639,718660,Introduce Licensing and Regulation for Dog and Cat Rescues to Protect Welfare,,Southgate and Wood Green,89
5640,718660,Introduce Licensing and Regulation for Dog and Cat Rescues to Protect Welfare,,Southport,192
5641,718660,Introduce Licensing and Regulation for Dog and Cat Rescues to Protect Welfare,,Spelthorne,143
5642,718660,Introduce Licensing and Regulation for Dog and Cat Rescues to Protect Welfare,,Spen Valley,103
5643,718660,Introduce Licensing and Regulation for Dog and Cat Rescues to Protect Welfare,,St Albans,147
5644,718660,Introduce Licensing and Regulation for Dog and Cat Rescues to Protect Welfare,,St Austell and Newquay,199
5645,718660,Introduce Licensing and Regulation for Dog and Cat Rescues to Protect Welfare,,St Helens North,154
5646,718660,Introduce Licensing and Regulation for Dog and Cat Rescues to Protect Welfare,,St Helens South and Whiston,135
5647,718660,Introduce Licensing and Regulation for Dog and Cat Rescues to Protect Welfare,,St Ives,192
5648,718660,Introduce Licensing and Regulation for Dog and Cat Rescues to Protect Welfare,,St Neots and Mid Cambridgeshire,173
5649,718660,Introduce Licensing and Regulation for Dog and Cat Rescues to Protect Welfare,,Stafford,198
5650,718660,Introduce Licensing and Regulation for Dog and Cat Rescues to Protect Welfare,,Staffordshire Moorlands,182
5651,718660,Introduce Licensing and Regulation for Dog and Cat Rescues to Protect Welfare,,Stalybridge and Hyde,145
5652,718660,Introduce Licensing and Regulation for Dog and Cat Rescues to Protect Welfare,,Stevenage,426
5653,718660,Introduce Licensing and Regulation for Dog and Cat Rescues to Protect Welfare,,Stockport,122
5654,718660,Introduce Licensing and Regulation for Dog and Cat Rescues to Protect Welfare,,Stockton North,142
5655,718660,Introduce Licensing and Regulation for Dog and Cat Rescues to Protect Welfare,,Stockton West,144
5656,718660,Introduce Licensing and Regulation for Dog and Cat Rescues to Protect Welfare,,Stoke-on-Trent Central,162
5657,718660,Introduce Licensing and Regulation for Dog and Cat Rescues to Protect Welfare,,Stoke-on-Trent North,138
5658,718660,Introduce Licensing and Regulation for Dog and Cat Rescues to Protect Welfare,,Stoke-on-Trent South,202
5659,718660,Introduce Licensing and Regulation for Dog and Cat Rescues to Protect Welfare,,"Stone, Great Wyrley and Penkridge",179
5660,718660,Introduce Licensing and Regulation for Dog and Cat Rescues to Protect Welfare,,Stourbridge,107
5661,718660,Introduce Licensing and Regulation for Dog and Cat Rescues to Protect Welfare,,Stratford and Bow,85
5662,718660,Introduce Licensing and Regulation for Dog and Cat Rescues to Protect Welfare,,Stratford-on-Avon,197
5663,718660,Introduce Licensing and Regulation for Dog and Cat Rescues to Protect Welfare,,Streatham and Croydon North,92
5664,718660,Introduce Licensing and Regulation for Dog and Cat Rescues to Protect Welfare,,Stretford and Urmston,108
5665,718660,Introduce Licensing and Regulation for Dog and Cat Rescues to Protect Welfare,,Stroud,167
5666,718660,Introduce Licensing and Regulation for Dog and Cat Rescues to Protect Welfare,,Suffolk Coastal,209
5667,718660,Introduce Licensing and Regulation for Dog and Cat Rescues to Protect Welfare,,Sunderland Central,127
5668,718660,Introduce Licensing and Regulation for Dog and Cat Rescues to Protect Welfare,,Surrey Heath,221
5669,718660,Introduce Licensing and Regulation for Dog and Cat Rescues to Protect Welfare,,Sussex Weald,224
5670,718660,Introduce Licensing and Regulation for Dog and Cat Rescues to Protect Welfare,,Sutton and Cheam,122
5671,718660,Introduce Licensing and Regulation for Dog and Cat Rescues to Protect Welfare,,Sutton Coldfield,144
5672,718660,Introduce Licensing and Regulation for Dog and Cat Rescues to Protect Welfare,,Swindon North,132
5673,718660,Introduce Licensing and Regulation for Dog and Cat Rescues to Protect Welfare,,Swindon South,116
5674,718660,Introduce Licensing and Regulation for Dog and Cat Rescues to Protect Welfare,,Tamworth,150
5675,718660,Introduce Licensing and Regulation for Dog and Cat Rescues to Protect Welfare,,Tatton,143
5676,718660,Introduce Licensing and Regulation for Dog and Cat Rescues to Protect Welfare,,Taunton and Wellington,329
5677,718660,Introduce Licensing and Regulation for Dog and Cat Rescues to Protect Welfare,,Telford,135
5678,718660,Introduce Licensing and Regulation for Dog and Cat Rescues to Protect Welfare,,Tewkesbury,154
5679,718660,Introduce Licensing and Regulation for Dog and Cat Rescues to Protect Welfare,,The Wrekin,159
5680,718660,Introduce Licensing and Regulation for Dog and Cat Rescues to Protect Welfare,,Thirsk and Malton,182
5681,718660,Introduce Licensing and Regulation for Dog and Cat Rescues to Protect Welfare,,Thornbury and Yate,173
5682,718660,Introduce Licensing and Regulation for Dog and Cat Rescues to Protect Welfare,,Thurrock,442
5683,718660,Introduce Licensing and Regulation for Dog and Cat Rescues to Protect Welfare,,Tipton and Wednesbury,115
5684,718660,Introduce Licensing and Regulation for Dog and Cat Rescues to Protect Welfare,,Tiverton and Minehead,240
5685,718660,Introduce Licensing and Regulation for Dog and Cat Rescues to Protect Welfare,,Tonbridge,232
5686,718660,Introduce Licensing and Regulation for Dog and Cat Rescues to Protect Welfare,,Tooting,96
5687,718660,Introduce Licensing and Regulation for Dog and Cat Rescues to Protect Welfare,,Torbay,168
5688,718660,Introduce Licensing and Regulation for Dog and Cat Rescues to Protect Welfare,,Torridge and Tavistock,260
5689,718660,Introduce Licensing and Regulation for Dog and Cat Rescues to Protect Welfare,,Tottenham,56
5690,718660,Introduce Licensing and Regulation for Dog and Cat Rescues to Protect Welfare,,Truro and Falmouth,171
5691,718660,Introduce Licensing and Regulation for Dog and Cat Rescues to Protect Welfare,,Tunbridge Wells,164
5692,718660,Introduce Licensing and Regulation for Dog and Cat Rescues to Protect Welfare,,Twickenham,109
5693,718660,Introduce Licensing and Regulation for Dog and Cat Rescues to Protect Welfare,,Tynemouth,115
5694,718660,Introduce Licensing and Regulation for Dog and Cat Rescues to Protect Welfare,,Uxbridge and South Ruislip,184
5695,718660,Introduce Licensing and Regulation for Dog and Cat Rescues to Protect Welfare,,Vauxhall and Camberwell Green,31
5696,718660,Introduce Licensing and Regulation for Dog and Cat Rescues to Protect Welfare,,Wakefield and Rothwell,143
5697,718660,Introduce Licensing and Regulation for Dog and Cat Rescues to Protect Welfare,,Wallasey,164
5698,718660,Introduce Licensing and Regulation for Dog and Cat Rescues to Protect Welfare,,Walsall and Bloxwich,80
5699,718660,Introduce Licensing and Regulation for Dog and Cat Rescues to Protect Welfare,,Walthamstow,95
5700,718660,Introduce Licensing and Regulation for Dog and Cat Rescues to Protect Welfare,,Warrington North,138
5701,718660,Introduce Licensing and Regulation for Dog and Cat Rescues to Protect Welfare,,Warrington South,157
5702,718660,Introduce Licensing and Regulation for Dog and Cat Rescues to Protect Welfare,,Warwick and Leamington,103
5703,718660,Introduce Licensing and Regulation for Dog and Cat Rescues to Protect Welfare,,Washington and Gateshead South,150
5704,718660,Introduce Licensing and Regulation for Dog and Cat Rescues to Protect Welfare,,Watford,116
5705,718660,Introduce Licensing and Regulation for Dog and Cat Rescues to Protect Welfare,,Waveney Valley,226
5706,718660,Introduce Licensing and Regulation for Dog and Cat Rescues to Protect Welfare,,Weald of Kent,237
5707,718660,Introduce Licensing and Regulation for Dog and Cat Rescues to Protect Welfare,,Wellingborough and Rushden,228
5708,718660,Introduce Licensing and Regulation for Dog and Cat Rescues to Protect Welfare,,Wells and Mendip Hills,265
5709,718660,Introduce Licensing and Regulation for Dog and Cat Rescues to Protect Welfare,,Welwyn Hatfield,292
5710,718660,Introduce Licensing and Regulation for Dog and Cat Rescues to Protect Welfare,,West Bromwich,94
5711,718660,Introduce Licensing and Regulation for Dog and Cat Rescues to Protect Welfare,,West Dorset,205
5712,718660,Introduce Licensing and Regulation for Dog and Cat Rescues to Protect Welfare,,West Ham and Beckton,73
5713,718660,Introduce Licensing and Regulation for Dog and Cat Rescues to Protect Welfare,,West Lancashire,202
5714,718660,Introduce Licensing and Regulation for Dog and Cat Rescues to Protect Welfare,,West Suffolk,243
5715,718660,Introduce Licensing and Regulation for Dog and Cat Rescues to Protect Welfare,,West Worcestershire,205
5716,718660,Introduce Licensing and Regulation for Dog and Cat Rescues to Protect Welfare,,Westmorland and Lonsdale,144
5717,718660,Introduce Licensing and Regulation for Dog and Cat Rescues to Protect Welfare,,Weston-super-Mare,253
5718,718660,Introduce Licensing and Regulation for Dog and Cat Rescues to Protect Welfare,,Wetherby and Easingwold,156
5719,718660,Introduce Licensing and Regulation for Dog and Cat Rescues to Protect Welfare,,Whitehaven and Workington,121
5720,718660,Introduce Licensing and Regulation for Dog and Cat Rescues to Protect Welfare,,Widnes and Halewood,141
5721,718660,Introduce Licensing and Regulation for Dog and Cat Rescues to Protect Welfare,,Wigan,136
5722,718660,Introduce Licensing and Regulation for Dog and Cat Rescues to Protect Welfare,,Wimbledon,87
5723,718660,Introduce Licensing and Regulation for Dog and Cat Rescues to Protect Welfare,,Winchester,154
5724,718660,Introduce Licensing and Regulation for Dog and Cat Rescues to Protect Welfare,,Windsor,182
5725,718660,Introduce Licensing and Regulation for Dog and Cat Rescues to Protect Welfare,,Wirral West,132
5726,718660,Introduce Licensing and Regulation for Dog and Cat Rescues to Protect Welfare,,Witham,589
5727,718660,Introduce Licensing and Regulation for Dog and Cat Rescues to Protect Welfare,,Witney,143
5728,718660,Introduce Licensing and Regulation for Dog and Cat Rescues to Protect Welfare,,Woking,153
5729,718660,Introduce Licensing and Regulation for Dog and Cat Rescues to Protect Welfare,,Wokingham,151
5730,718660,Introduce Licensing and Regulation for Dog and Cat Rescues to Protect Welfare,,Wolverhampton North East,91
5731,718660,Introduce Licensing and Regulation for Dog and Cat Rescues to Protect Welfare,,Wolverhampton South East,81
5732,718660,Introduce Licensing and Regulation for Dog and Cat Rescues to Protect Welfare,,Wolverhampton West,87
5733,718660,Introduce Licensing and Regulation for Dog and Cat Rescues to Protect Welfare,,Worcester,144
5734,718660,Introduce Licensing and Regulation for Dog and Cat Rescues to Protect Welfare,,Worsley and Eccles,142
5735,718660,Introduce Licensing and Regulation for Dog and Cat Rescues to Protect Welfare,,Worthing West,188
5736,718660,Introduce Licensing and Regulation for Dog and Cat Rescues to Protect Welfare,,Wycombe,207
5737,718660,Introduce Licensing and Regulation for Dog and Cat Rescues to Protect Welfare,,Wyre Forest,203
5738,718660,Introduce Licensing and Regulation for Dog and Cat Rescues to Protect Welfare,,Wythenshawe and Sale East,107
5739,718660,Introduce Licensing and Regulation for Dog and Cat Rescues to Protect Welfare,,Yeovil,209
5740,718660,Introduce Licensing and Regulation for Dog and Cat Rescues to Protect Welfare,,York Central,117
5741,718660,Introduce Licensing and Regulation for Dog and Cat Rescues to Protect Welfare,,York Outer,129
5742,718660,Introduce Licensing and Regulation for Dog and Cat Rescues to Protect Welfare,,Belfast East,186
5743,718660,Introduce Licensing and Regulation for Dog and Cat Rescues to Protect Welfare,,Belfast North,115
5744,718660,Introduce Licensing and Regulation for Dog and Cat Rescues to Protect Welfare,,Belfast South and Mid Down,139
5745,718660,Introduce Licensing and Regulation for Dog and Cat Rescues to Protect Welfare,,Belfast West,73
5746,718660,Introduce Licensing and Regulation for Dog and Cat Rescues to Protect Welfare,,East Antrim,114
5747,718660,Introduce Licensing and Regulation for Dog and Cat Rescues to Protect Welfare,,East Londonderry,81
5748,718660,Introduce Licensing and Regulation for Dog and Cat Rescues to Protect Welfare,,Fermanagh and South Tyrone,59
5749,718660,Introduce Licensing and Regulation for Dog and Cat Rescues to Protect Welfare,,Foyle,33
5750,718660,Introduce Licensing and Regulation for Dog and Cat Rescues to Protect Welfare,,Lagan Valley,215
5751,718660,Introduce Licensing and Regulation for Dog and Cat Rescues to Protect Welfare,,Mid Ulster,32
5752,718660,Introduce Licensing and Regulation for Dog and Cat Rescues to Protect Welfare,,Newry and Armagh,52
5753,718660,Introduce Licensing and Regulation for Dog and Cat Rescues to Protect Welfare,,North Antrim,105
5754,718660,Introduce Licensing and Regulation for Dog and Cat Rescues to Protect Welfare,,North Down,135
5755,718660,Introduce Licensing and Regulation for Dog and Cat Rescues to Protect Welfare,,South Antrim,154
5756,718660,Introduce Licensing and Regulation for Dog and Cat Rescues to Protect Welfare,,South Down,60
5757,718660,Introduce Licensing and Regulation for Dog and Cat Rescues to Protect Welfare,,Strangford,130
5758,718660,Introduce Licensing and Regulation for Dog and Cat Rescues to Protect Welfare,,Upper Bann,162
5759,718660,Introduce Licensing and Regulation for Dog and Cat Rescues to Protect Welfare,,West Tyrone,45
5760,718660,Introduce Licensing and Regulation for Dog and Cat Rescues to Protect Welfare,,East Renfrewshire,70
5761,718660,Introduce Licensing and Regulation for Dog and Cat Rescues to Protect Welfare,,Na h-Eileanan an Iar,22
5762,718660,Introduce Licensing and Regulation for Dog and Cat Rescues to Protect Welfare,,Midlothian,74
5763,718660,Introduce Licensing and Regulation for Dog and Cat Rescues to Protect Welfare,,North Ayrshire and Arran,153
5764,718660,Introduce Licensing and Regulation for Dog and Cat Rescues to Protect Welfare,,Orkney and Shetland,38
5765,718660,Introduce Licensing and Regulation for Dog and Cat Rescues to Protect Welfare,,Aberdeen North,63
5766,718660,Introduce Licensing and Regulation for Dog and Cat Rescues to Protect Welfare,,Aberdeen South,74
5767,718660,Introduce Licensing and Regulation for Dog and Cat Rescues to Protect Welfare,,Aberdeenshire North and Moray East,70
5768,718660,Introduce Licensing and Regulation for Dog and Cat Rescues to Protect Welfare,,Airdrie and Shotts,70
5769,718660,Introduce Licensing and Regulation for Dog and Cat Rescues to Protect Welfare,,Alloa and Grangemouth,75
5770,718660,Introduce Licensing and Regulation for Dog and Cat Rescues to Protect Welfare,,Angus and Perthshire Glens,113
5771,718660,Introduce Licensing and Regulation for Dog and Cat Rescues to Protect Welfare,,Arbroath and Broughty Ferry,86
5772,718660,Introduce Licensing and Regulation for Dog and Cat Rescues to Protect Welfare,,"Argyll, Bute and South Lochaber",98
5773,718660,Introduce Licensing and Regulation for Dog and Cat Rescues to Protect Welfare,,Bathgate and Linlithgow,100
5774,718660,Introduce Licensing and Regulation for Dog and Cat Rescues to Protect Welfare,,"Caithness, Sutherland and Easter Ross",104
5775,718660,Introduce Licensing and Regulation for Dog and Cat Rescues to Protect Welfare,,Coatbridge and Bellshill,51
5776,718660,Introduce Licensing and Regulation for Dog and Cat Rescues to Protect Welfare,,Cowdenbeath and Kirkcaldy,74
5777,718660,Introduce Licensing and Regulation for Dog and Cat Rescues to Protect Welfare,,Cumbernauld and Kirkintilloch,67
5778,718660,Introduce Licensing and Regulation for Dog and Cat Rescues to Protect Welfare,,Dumfries and Galloway,116
5779,718660,Introduce Licensing and Regulation for Dog and Cat Rescues to Protect Welfare,,"Dumfriesshire, Clydesdale and Tweeddale",123
5780,718660,Introduce Licensing and Regulation for Dog and Cat Rescues to Protect Welfare,,Dundee Central,69
5781,718660,Introduce Licensing and Regulation for Dog and Cat Rescues to Protect Welfare,,Dunfermline and Dollar,68
5782,718660,Introduce Licensing and Regulation for Dog and Cat Rescues to Protect Welfare,,East Kilbride and Strathaven,93
5783,718660,Introduce Licensing and Regulation for Dog and Cat Rescues to Protect Welfare,,Edinburgh East and Musselburgh,84
5784,718660,Introduce Licensing and Regulation for Dog and Cat Rescues to Protect Welfare,,Edinburgh North and Leith,66
5785,718660,Introduce Licensing and Regulation for Dog and Cat Rescues to Protect Welfare,,Edinburgh South,54
5786,718660,Introduce Licensing and Regulation for Dog and Cat Rescues to Protect Welfare,,Edinburgh South West,65
5787,718660,Introduce Licensing and Regulation for Dog and Cat Rescues to Protect Welfare,,Edinburgh West,79
5788,718660,Introduce Licensing and Regulation for Dog and Cat Rescues to Protect Welfare,,Falkirk,75
5789,718660,Introduce Licensing and Regulation for Dog and Cat Rescues to Protect Welfare,,Glasgow East,59
5790,718660,Introduce Licensing and Regulation for Dog and Cat Rescues to Protect Welfare,,Glasgow North,48
5791,718660,Introduce Licensing and Regulation for Dog and Cat Rescues to Protect Welfare,,Glasgow North East,83
5792,718660,Introduce Licensing and Regulation for Dog and Cat Rescues to Protect Welfare,,Glasgow South,61
5793,718660,Introduce Licensing and Regulation for Dog and Cat Rescues to Protect Welfare,,Glasgow South West,71
5794,718660,Introduce Licensing and Regulation for Dog and Cat Rescues to Protect Welfare,,Glasgow West,56
5795,718660,Introduce Licensing and Regulation for Dog and Cat Rescues to Protect Welfare,,Glenrothes and Mid Fife,66
5796,718660,Introduce Licensing and Regulation for Dog and Cat Rescues to Protect Welfare,,Gordon and Buchan,66
5797,718660,Introduce Licensing and Regulation for Dog and Cat Rescues to Protect Welfare,,Hamilton and Clyde Valley,71
5798,718660,Introduce Licensing and Regulation for Dog and Cat Rescues to Protect Welfare,,Inverclyde and Renfrewshire West,56
5799,718660,Introduce Licensing and Regulation for Dog and Cat Rescues to Protect Welfare,,"Inverness, Skye and West Ross-shire",99
5800,718660,Introduce Licensing and Regulation for Dog and Cat Rescues to Protect Welfare,,Livingston,101
5801,718660,Introduce Licensing and Regulation for Dog and Cat Rescues to Protect Welfare,,Lothian East,90
5802,718660,Introduce Licensing and Regulation for Dog and Cat Rescues to Protect Welfare,,Mid Dunbartonshire,68
5803,718660,Introduce Licensing and Regulation for Dog and Cat Rescues to Protect Welfare,,"Moray West, Nairn and Strathspey",116
5804,718660,Introduce Licensing and Regulation for Dog and Cat Rescues to Protect Welfare,,"Motherwell, Wishaw and Carluke",60
5805,718660,Introduce Licensing and Regulation for Dog and Cat Rescues to Protect Welfare,,North East Fife,74
5806,718660,Introduce Licensing and Regulation for Dog and Cat Rescues to Protect Welfare,,Paisley and Renfrewshire North,66
5807,718660,Introduce Licensing and Regulation for Dog and Cat Rescues to Protect Welfare,,Paisley and Renfrewshire South,80
5808,718660,Introduce Licensing and Regulation for Dog and Cat Rescues to Protect Welfare,,Perth and Kinross-shire,80
5809,718660,Introduce Licensing and Regulation for Dog and Cat Rescues to Protect Welfare,,Rutherglen,71
5810,718660,Introduce Licensing and Regulation for Dog and Cat Rescues to Protect Welfare,,Stirling and Strathallan,81
5811,718660,Introduce Licensing and Regulation for Dog and Cat Rescues to Protect Welfare,,West Dunbartonshire,68
5812,718660,Introduce Licensing and Regulation for Dog and Cat Rescues to Protect Welfare,,"Ayr, Carrick and Cumnock",159
5813,718660,Introduce Licensing and Regulation for Dog and Cat Rescues to Protect Welfare,,"Berwickshire, Roxburgh and Selkirk",141
5814,718660,Introduce Licensing and Regulation for Dog and Cat Rescues to Protect Welfare,,Central Ayrshire,158
5815,718660,Introduce Licensing and Regulation for Dog and Cat Rescues to Protect Welfare,,Kilmarnock and Loudoun,134
5816,718660,Introduce Licensing and Regulation for Dog and Cat Rescues to Protect Welfare,,West Aberdeenshire and Kincardine,80
5817,718660,Introduce Licensing and Regulation for Dog and Cat Rescues to Protect Welfare,,Aberafan Maesteg,186
5818,718660,Introduce Licensing and Regulation for Dog and Cat Rescues to Protect Welfare,,Alyn and Deeside,134
5819,718660,Introduce Licensing and Regulation for Dog and Cat Rescues to Protect Welfare,,Bangor Aberconwy,125
5820,718660,Introduce Licensing and Regulation for Dog and Cat Rescues to Protect Welfare,,Blaenau Gwent and Rhymney,201
5821,718660,Introduce Licensing and Regulation for Dog and Cat Rescues to Protect Welfare,,"Brecon, Radnor and Cwm Tawe",207
5822,718660,Introduce Licensing and Regulation for Dog and Cat Rescues to Protect Welfare,,Bridgend,256
5823,718660,Introduce Licensing and Regulation for Dog and Cat Rescues to Protect Welfare,,Caerfyrddin,240
5824,718660,Introduce Licensing and Regulation for Dog and Cat Rescues to Protect Welfare,,Caerphilly,221
5825,718660,Introduce Licensing and Regulation for Dog and Cat Rescues to Protect Welfare,,Cardiff East,105
5826,718660,Introduce Licensing and Regulation for Dog and Cat Rescues to Protect Welfare,,Cardiff North,197
5827,718660,Introduce Licensing and Regulation for Dog and Cat Rescues to Protect Welfare,,Cardiff South and Penarth,136
5828,718660,Introduce Licensing and Regulation for Dog and Cat Rescues to Protect Welfare,,Cardiff West,194
5829,718660,Introduce Licensing and Regulation for Dog and Cat Rescues to Protect Welfare,,Ceredigion Preseli,214
5830,718660,Introduce Licensing and Regulation for Dog and Cat Rescues to Protect Welfare,,Clwyd East,133
5831,718660,Introduce Licensing and Regulation for Dog and Cat Rescues to Protect Welfare,,Clwyd North,111
5832,718660,Introduce Licensing and Regulation for Dog and Cat Rescues to Protect Welfare,,Dwyfor Meirionnydd,132
5833,718660,Introduce Licensing and Regulation for Dog and Cat Rescues to Protect Welfare,,Gower,161
5834,718660,Introduce Licensing and Regulation for Dog and Cat Rescues to Protect Welfare,,Llanelli,218
5835,718660,Introduce Licensing and Regulation for Dog and Cat Rescues to Protect Welfare,,Merthyr Tydfil and Aberdare,208
5836,718660,Introduce Licensing and Regulation for Dog and Cat Rescues to Protect Welfare,,Mid and South Pembrokeshire,173
5837,718660,Introduce Licensing and Regulation for Dog and Cat Rescues to Protect Welfare,,Monmouthshire,163
5838,718660,Introduce Licensing and Regulation for Dog and Cat Rescues to Protect Welfare,,Montgomeryshire and Glyndŵr,184
5839,718660,Introduce Licensing and Regulation for Dog and Cat Rescues to Protect Welfare,,Neath and Swansea East,165
5840,718660,Introduce Licensing and Regulation for Dog and Cat Rescues to Protect Welfare,,Newport East,147
5841,718660,Introduce Licensing and Regulation for Dog and Cat Rescues to Protect Welfare,,Newport West and Islwyn,175
5842,718660,Introduce Licensing and Regulation for Dog and Cat Rescues to Protect Welfare,,Pontypridd,296
5843,718660,Introduce Licensing and Regulation for Dog and Cat Rescues to Protect Welfare,,Rhondda and Ogmore,274
5844,718660,Introduce Licensing and Regulation for Dog and Cat Rescues to Protect Welfare,,Swansea West,133
5845,718660,Introduce Licensing and Regulation for Dog and Cat Rescues to Protect Welfare,,Torfaen,190
5846,718660,Introduce Licensing and Regulation for Dog and Cat Rescues to Protect Welfare,,Vale of Glamorgan,255
5847,718660,Introduce Licensing and Regulation for Dog and Cat Rescues to Protect Welfare,,Wrexham,122
5848,718660,Introduce Licensing and Regulation for Dog and Cat Rescues to Protect Welfare,,Ynys Môn,106
5849,727514,Reduce the school week to four days a week,,Aldershot,174
5850,727514,Reduce the school week to four days a week,,Aldridge-Brownhills,156
5851,727514,Reduce the school week to four days a week,,Altrincham and Sale West,356
5852,727514,Reduce the school week to four days a week,,Amber Valley,160
5853,727514,Reduce the school week to four days a week,,Arundel and South Downs,78
5854,727514,Reduce the school week to four days a week,,Ashfield,125
5855,727514,Reduce the school week to four days a week,,Ashford,213
5856,727514,Reduce the school week to four days a week,,Ashton-under-Lyne,255
5857,727514,Reduce the school week to four days a week,,Aylesbury,230
5858,727514,Reduce the school week to four days a week,,Banbury,149
5859,727514,Reduce the school week to four days a week,,Barking,376
5860,727514,Reduce the school week to four days a week,,Barnsley North,126
5861,727514,Reduce the school week to four days a week,,Barnsley South,133
5862,727514,Reduce the school week to four days a week,,Barrow and Furness,111
5863,727514,Reduce the school week to four days a week,,Basildon and Billericay,227
5864,727514,Reduce the school week to four days a week,,Basingstoke,208
5865,727514,Reduce the school week to four days a week,,Bassetlaw,232
5866,727514,Reduce the school week to four days a week,,Bath,116
5867,727514,Reduce the school week to four days a week,,Battersea,161
5868,727514,Reduce the school week to four days a week,,Beaconsfield,306
5869,727514,Reduce the school week to four days a week,,Beckenham and Penge,241
5870,727514,Reduce the school week to four days a week,,Bedford,209
5871,727514,Reduce the school week to four days a week,,Bermondsey and Old Southwark,215
5872,727514,Reduce the school week to four days a week,,Bethnal Green and Stepney,277
5873,727514,Reduce the school week to four days a week,,Beverley and Holderness,87
5874,727514,Reduce the school week to four days a week,,Bexhill and Battle,94
5875,727514,Reduce the school week to four days a week,,Bexleyheath and Crayford,185
5876,727514,Reduce the school week to four days a week,,Bicester and Woodstock,134
5877,727514,Reduce the school week to four days a week,,Birkenhead,325
5878,727514,Reduce the school week to four days a week,,Birmingham Edgbaston,192
5879,727514,Reduce the school week to four days a week,,Birmingham Erdington,237
5880,727514,Reduce the school week to four days a week,,Birmingham Hall Green and Moseley,336
5881,727514,Reduce the school week to four days a week,,Birmingham Hodge Hill and Solihull North,307
5882,727514,Reduce the school week to four days a week,,Birmingham Ladywood,313
5883,727514,Reduce the school week to four days a week,,Birmingham Northfield,206
5884,727514,Reduce the school week to four days a week,,Birmingham Perry Barr,285
5885,727514,Reduce the school week to four days a week,,Birmingham Selly Oak,201
5886,727514,Reduce the school week to four days a week,,Birmingham Yardley,384
5887,727514,Reduce the school week to four days a week,,Bishop Auckland,90
5888,727514,Reduce the school week to four days a week,,Blackburn,307
5889,727514,Reduce the school week to four days a week,,Blackley and Middleton South,271
5890,727514,Reduce the school week to four days a week,,Blackpool North and Fleetwood,195
5891,727514,Reduce the school week to four days a week,,Blackpool South,277
5892,727514,Reduce the school week to four days a week,,Blaydon and Consett,181
5893,727514,Reduce the school week to four days a week,,Blyth and Ashington,160
5894,727514,Reduce the school week to four days a week,,Bognor Regis and Littlehampton,125
5895,727514,Reduce the school week to four days a week,,Bolsover,148
5896,727514,Reduce the school week to four days a week,,Bolton North East,238
5897,727514,Reduce the school week to four days a week,,Bolton South and Walkden,329
5898,727514,Reduce the school week to four days a week,,Bolton West,200
5899,727514,Reduce the school week to four days a week,,Bootle,164
5900,727514,Reduce the school week to four days a week,,Boston and Skegness,252
5901,727514,Reduce the school week to four days a week,,Bournemouth East,307
5902,727514,Reduce the school week to four days a week,,Bournemouth West,203
5903,727514,Reduce the school week to four days a week,,Bracknell,188
5904,727514,Reduce the school week to four days a week,,Bradford East,404
5905,727514,Reduce the school week to four days a week,,Bradford South,266
5906,727514,Reduce the school week to four days a week,,Bradford West,389
5907,727514,Reduce the school week to four days a week,,Braintree,145
5908,727514,Reduce the school week to four days a week,,Brent East,420
5909,727514,Reduce the school week to four days a week,,Brent West,520
5910,727514,Reduce the school week to four days a week,,Brentford and Isleworth,385
5911,727514,Reduce the school week to four days a week,,Brentwood and Ongar,189
5912,727514,Reduce the school week to four days a week,,Bridgwater,141
5913,727514,Reduce the school week to four days a week,,Bridlington and The Wolds,139
5914,727514,Reduce the school week to four days a week,,Brigg and Immingham,87
5915,727514,Reduce the school week to four days a week,,Brighton Kemptown and Peacehaven,107
5916,727514,Reduce the school week to four days a week,,Brighton Pavilion,119
5917,727514,Reduce the school week to four days a week,,Bristol Central,64
5918,727514,Reduce the school week to four days a week,,Bristol East,111
5919,727514,Reduce the school week to four days a week,,Bristol North East,137
5920,727514,Reduce the school week to four days a week,,Bristol North West,177
5921,727514,Reduce the school week to four days a week,,Bristol South,125
5922,727514,Reduce the school week to four days a week,,Broadland and Fakenham,176
5923,727514,Reduce the school week to four days a week,,Bromley and Biggin Hill,238
5924,727514,Reduce the school week to four days a week,,Bromsgrove,143
5925,727514,Reduce the school week to four days a week,,Broxbourne,204
5926,727514,Reduce the school week to four days a week,,Broxtowe,147
5927,727514,Reduce the school week to four days a week,,Buckingham and Bletchley,300
5928,727514,Reduce the school week to four days a week,,Burnley,200
5929,727514,Reduce the school week to four days a week,,Burton and Uttoxeter,236
5930,727514,Reduce the school week to four days a week,,Bury North,197
5931,727514,Reduce the school week to four days a week,,Bury South,139
5932,727514,Reduce the school week to four days a week,,Bury St Edmunds and Stowmarket,146
5933,727514,Reduce the school week to four days a week,,Calder Valley,195
5934,727514,Reduce the school week to four days a week,,Camborne and Redruth,210
5935,727514,Reduce the school week to four days a week,,Cambridge,127
5936,727514,Reduce the school week to four days a week,,Cannock Chase,143
5937,727514,Reduce the school week to four days a week,,Canterbury,158
5938,727514,Reduce the school week to four days a week,,Carlisle,202
5939,727514,Reduce the school week to four days a week,,Carshalton and Wallington,326
5940,727514,Reduce the school week to four days a week,,Castle Point,172
5941,727514,Reduce the school week to four days a week,,Central Devon,117
5942,727514,Reduce the school week to four days a week,,Central Suffolk and North Ipswich,106
5943,727514,Reduce the school week to four days a week,,Chatham and Aylesford,174
5944,727514,Reduce the school week to four days a week,,Cheadle,251
5945,727514,Reduce the school week to four days a week,,Chelmsford,188
5946,727514,Reduce the school week to four days a week,,Chelsea and Fulham,162
5947,727514,Reduce the school week to four days a week,,Cheltenham,154
5948,727514,Reduce the school week to four days a week,,Chesham and Amersham,401
5949,727514,Reduce the school week to four days a week,,Chester North and Neston,188
5950,727514,Reduce the school week to four days a week,,Chester South and Eddisbury,159
5951,727514,Reduce the school week to four days a week,,Chesterfield,214
5952,727514,Reduce the school week to four days a week,,Chichester,112
5953,727514,Reduce the school week to four days a week,,Chingford and Woodford Green,245
5954,727514,Reduce the school week to four days a week,,Chippenham,175
5955,727514,Reduce the school week to four days a week,,Chipping Barnet,246
5956,727514,Reduce the school week to four days a week,,Chorley,195
5957,727514,Reduce the school week to four days a week,,Christchurch,120
5958,727514,Reduce the school week to four days a week,,Cities of London and Westminster,300
5959,727514,Reduce the school week to four days a week,,City of Durham,99
5960,727514,Reduce the school week to four days a week,,Clacton,97
5961,727514,Reduce the school week to four days a week,,Clapham and Brixton Hill,169
5962,727514,Reduce the school week to four days a week,,Colchester,190
5963,727514,Reduce the school week to four days a week,,Colne Valley,208
5964,727514,Reduce the school week to four days a week,,Congleton,134
5965,727514,Reduce the school week to four days a week,,Corby and East Northamptonshire,346
5966,727514,Reduce the school week to four days a week,,Coventry East,213
5967,727514,Reduce the school week to four days a week,,Coventry North West,149
5968,727514,Reduce the school week to four days a week,,Coventry South,218
5969,727514,Reduce the school week to four days a week,,Cramlington and Killingworth,152
5970,727514,Reduce the school week to four days a week,,Crawley,247
5971,727514,Reduce the school week to four days a week,,Crewe and Nantwich,152
5972,727514,Reduce the school week to four days a week,,Croydon East,330
5973,727514,Reduce the school week to four days a week,,Croydon South,249
5974,727514,Reduce the school week to four days a week,,Croydon West,305
5975,727514,Reduce the school week to four days a week,,Dagenham and Rainham,243
5976,727514,Reduce the school week to four days a week,,Darlington,95
5977,727514,Reduce the school week to four days a week,,Dartford,242
5978,727514,Reduce the school week to four days a week,,Daventry,171
5979,727514,Reduce the school week to four days a week,,Derby North,241
5980,727514,Reduce the school week to four days a week,,Derby South,258
5981,727514,Reduce the school week to four days a week,,Derbyshire Dales,109
5982,727514,Reduce the school week to four days a week,,Dewsbury and Batley,209
5983,727514,Reduce the school week to four days a week,,Didcot and Wantage,213
5984,727514,Reduce the school week to four days a week,,Doncaster Central,229
5985,727514,Reduce the school week to four days a week,,Doncaster East and the Isle of Axholme,141
5986,727514,Reduce the school week to four days a week,,Doncaster North,199
5987,727514,Reduce the school week to four days a week,,Dorking and Horley,111
5988,727514,Reduce the school week to four days a week,,Dover and Deal,154
5989,727514,Reduce the school week to four days a week,,Droitwich and Evesham,135
5990,727514,Reduce the school week to four days a week,,Dudley,162
5991,727514,Reduce the school week to four days a week,,Dulwich and West Norwood,222
5992,727514,Reduce the school week to four days a week,,Dunstable and Leighton Buzzard,223
5993,727514,Reduce the school week to four days a week,,Ealing Central and Acton,249
5994,727514,Reduce the school week to four days a week,,Ealing North,408
5995,727514,Reduce the school week to four days a week,,Ealing Southall,279
5996,727514,Reduce the school week to four days a week,,Earley and Woodley,366
5997,727514,Reduce the school week to four days a week,,Easington,97
5998,727514,Reduce the school week to four days a week,,East Grinstead and Uckfield,215
5999,727514,Reduce the school week to four days a week,,East Ham,345
6000,727514,Reduce the school week to four days a week,,East Hampshire,92
6001,727514,Reduce the school week to four days a week,,East Surrey,162
6002,727514,Reduce the school week to four days a week,,East Thanet,208
6003,727514,Reduce the school week to four days a week,,East Wiltshire,149
6004,727514,Reduce the school week to four days a week,,East Worthing and Shoreham,124
6005,727514,Reduce the school week to four days a week,,Eastbourne,141
6006,727514,Reduce the school week to four days a week,,Eastleigh,168
6007,727514,Reduce the school week to four days a week,,Edmonton and Winchmore Hill,284
6008,727514,Reduce the school week to four days a week,,Ellesmere Port and Bromborough,269
6009,727514,Reduce the school week to four days a week,,Eltham and Chislehurst,220
6010,727514,Reduce the school week to four days a week,,Ely and East Cambridgeshire,149
6011,727514,Reduce the school week to four days a week,,Enfield North,312
6012,727514,Reduce the school week to four days a week,,Epping Forest,185
6013,727514,Reduce the school week to four days a week,,Epsom and Ewell,259
6014,727514,Reduce the school week to four days a week,,Erewash,149
6015,727514,Reduce the school week to four days a week,,Erith and Thamesmead,245
6016,727514,Reduce the school week to four days a week,,Esher and Walton,157
6017,727514,Reduce the school week to four days a week,,Exeter,167
6018,727514,Reduce the school week to four days a week,,Exmouth and Exeter East,250
6019,727514,Reduce the school week to four days a week,,Fareham and Waterlooville,137
6020,727514,Reduce the school week to four days a week,,Farnham and Bordon,129
6021,727514,Reduce the school week to four days a week,,Faversham and Mid Kent,166
6022,727514,Reduce the school week to four days a week,,Feltham and Heston,351
6023,727514,Reduce the school week to four days a week,,Filton and Bradley Stoke,154
6024,727514,Reduce the school week to four days a week,,Finchley and Golders Green,292
6025,727514,Reduce the school week to four days a week,,Folkestone and Hythe,203
6026,727514,Reduce the school week to four days a week,,Forest of Dean,71
6027,727514,Reduce the school week to four days a week,,Frome and East Somerset,107
6028,727514,Reduce the school week to four days a week,,Fylde,207
6029,727514,Reduce the school week to four days a week,,Gainsborough,135
6030,727514,Reduce the school week to four days a week,,Gateshead Central and Whickham,225
6031,727514,Reduce the school week to four days a week,,Gedling,218
6032,727514,Reduce the school week to four days a week,,Gillingham and Rainham,145
6033,727514,Reduce the school week to four days a week,,Glastonbury and Somerton,101
6034,727514,Reduce the school week to four days a week,,Gloucester,289
6035,727514,Reduce the school week to four days a week,,Godalming and Ash,176
6036,727514,Reduce the school week to four days a week,,Goole and Pocklington,168
6037,727514,Reduce the school week to four days a week,,Gorton and Denton,425
6038,727514,Reduce the school week to four days a week,,Gosport,136
6039,727514,Reduce the school week to four days a week,,Grantham and Bourne,206
6040,727514,Reduce the school week to four days a week,,Gravesham,177
6041,727514,Reduce the school week to four days a week,,Great Grimsby and Cleethorpes,151
6042,727514,Reduce the school week to four days a week,,Great Yarmouth,115
6043,727514,Reduce the school week to four days a week,,Greenwich and Woolwich,222
6044,727514,Reduce the school week to four days a week,,Guildford,140
6045,727514,Reduce the school week to four days a week,,Hackney North and Stoke Newington,207
6046,727514,Reduce the school week to four days a week,,Hackney South and Shoreditch,242
6047,727514,Reduce the school week to four days a week,,Halesowen,195
6048,727514,Reduce the school week to four days a week,,Halifax,219
6049,727514,Reduce the school week to four days a week,,Hamble Valley,137
6050,727514,Reduce the school week to four days a week,,Hammersmith and Chiswick,223
6051,727514,Reduce the school week to four days a week,,Hampstead and Highgate,164
6052,727514,Reduce the school week to four days a week,,"Harborough, Oadby and Wigston",166
6053,727514,Reduce the school week to four days a week,,Harlow,182
6054,727514,Reduce the school week to four days a week,,Harpenden and Berkhamsted,207
6055,727514,Reduce the school week to four days a week,,Harrogate and Knaresborough,129
6056,727514,Reduce the school week to four days a week,,Harrow East,450
6057,727514,Reduce the school week to four days a week,,Harrow West,457
6058,727514,Reduce the school week to four days a week,,Hartlepool,119
6059,727514,Reduce the school week to four days a week,,Harwich and North Essex,117
6060,727514,Reduce the school week to four days a week,,Hastings and Rye,128
6061,727514,Reduce the school week to four days a week,,Havant,95
6062,727514,Reduce the school week to four days a week,,Hayes and Harlington,330
6063,727514,Reduce the school week to four days a week,,Hazel Grove,189
6064,727514,Reduce the school week to four days a week,,Hemel Hempstead,199
6065,727514,Reduce the school week to four days a week,,Hendon,323
6066,727514,Reduce the school week to four days a week,,Henley and Thame,122
6067,727514,Reduce the school week to four days a week,,Hereford and South Herefordshire,134
6068,727514,Reduce the school week to four days a week,,Herne Bay and Sandwich,141
6069,727514,Reduce the school week to four days a week,,Hertford and Stortford,232
6070,727514,Reduce the school week to four days a week,,Hertsmere,240
6071,727514,Reduce the school week to four days a week,,Hexham,88
6072,727514,Reduce the school week to four days a week,,Heywood and Middleton North,237
6073,727514,Reduce the school week to four days a week,,High Peak,124
6074,727514,Reduce the school week to four days a week,,Hinckley and Bosworth,92
6075,727514,Reduce the school week to four days a week,,Hitchin,166
6076,727514,Reduce the school week to four days a week,,Holborn and St Pancras,171
6077,727514,Reduce the school week to four days a week,,Honiton and Sidmouth,145
6078,727514,Reduce the school week to four days a week,,Hornchurch and Upminster,188
6079,727514,Reduce the school week to four days a week,,Hornsey and Friern Barnet,186
6080,727514,Reduce the school week to four days a week,,Horsham,124
6081,727514,Reduce the school week to four days a week,,Houghton and Sunderland South,141
6082,727514,Reduce the school week to four days a week,,Hove and Portslade,108
6083,727514,Reduce the school week to four days a week,,Huddersfield,445
6084,727514,Reduce the school week to four days a week,,Huntingdon,168
6085,727514,Reduce the school week to four days a week,,Hyndburn,205
6086,727514,Reduce the school week to four days a week,,Ilford North,227
6087,727514,Reduce the school week to four days a week,,Ilford South,308
6088,727514,Reduce the school week to four days a week,,Ipswich,109
6089,727514,Reduce the school week to four days a week,,Isle of Wight East,179
6090,727514,Reduce the school week to four days a week,,Isle of Wight West,140
6091,727514,Reduce the school week to four days a week,,Islington North,176
6092,727514,Reduce the school week to four days a week,,Islington South and Finsbury,201
6093,727514,Reduce the school week to four days a week,,Jarrow and Gateshead East,292
6094,727514,Reduce the school week to four days a week,,Keighley and Ilkley,183
6095,727514,Reduce the school week to four days a week,,Kenilworth and Southam,122
6096,727514,Reduce the school week to four days a week,,Kensington and Bayswater,157
6097,727514,Reduce the school week to four days a week,,Kettering,226
6098,727514,Reduce the school week to four days a week,,Kingston and Surbiton,248
6099,727514,Reduce the school week to four days a week,,Kingston upon Hull East,122
6100,727514,Reduce the school week to four days a week,,Kingston upon Hull North and Cottingham,198
6101,727514,Reduce the school week to four days a week,,Kingston upon Hull West and Haltemprice,118
6102,727514,Reduce the school week to four days a week,,Kingswinford and South Staffordshire,112
6103,727514,Reduce the school week to four days a week,,Knowsley,171
6104,727514,Reduce the school week to four days a week,,Lancaster and Wyre,167
6105,727514,Reduce the school week to four days a week,,Leeds Central and Headingley,148
6106,727514,Reduce the school week to four days a week,,Leeds East,250
6107,727514,Reduce the school week to four days a week,,Leeds North East,231
6108,727514,Reduce the school week to four days a week,,Leeds North West,180
6109,727514,Reduce the school week to four days a week,,Leeds South,350
6110,727514,Reduce the school week to four days a week,,Leeds South West and Morley,208
6111,727514,Reduce the school week to four days a week,,Leeds West and Pudsey,284
6112,727514,Reduce the school week to four days a week,,Leicester East,400
6113,727514,Reduce the school week to four days a week,,Leicester South,243
6114,727514,Reduce the school week to four days a week,,Leicester West,286
6115,727514,Reduce the school week to four days a week,,Leigh and Atherton,199
6116,727514,Reduce the school week to four days a week,,Lewes,129
6117,727514,Reduce the school week to four days a week,,Lewisham East,311
6118,727514,Reduce the school week to four days a week,,Lewisham North,252
6119,727514,Reduce the school week to four days a week,,Lewisham West and East Dulwich,222
6120,727514,Reduce the school week to four days a week,,Leyton and Wanstead,204
6121,727514,Reduce the school week to four days a week,,Lichfield,121
6122,727514,Reduce the school week to four days a week,,Lincoln,130
6123,727514,Reduce the school week to four days a week,,Liverpool Garston,253
6124,727514,Reduce the school week to four days a week,,Liverpool Riverside,237
6125,727514,Reduce the school week to four days a week,,Liverpool Walton,202
6126,727514,Reduce the school week to four days a week,,Liverpool Wavertree,215
6127,727514,Reduce the school week to four days a week,,Liverpool West Derby,220
6128,727514,Reduce the school week to four days a week,,Loughborough,95
6129,727514,Reduce the school week to four days a week,,Louth and Horncastle,132
6130,727514,Reduce the school week to four days a week,,Lowestoft,105
6131,727514,Reduce the school week to four days a week,,Luton North,289
6132,727514,Reduce the school week to four days a week,,Luton South and South Bedfordshire,347
6133,727514,Reduce the school week to four days a week,,Macclesfield,164
6134,727514,Reduce the school week to four days a week,,Maidenhead,249
6135,727514,Reduce the school week to four days a week,,Maidstone and Malling,177
6136,727514,Reduce the school week to four days a week,,Makerfield,191
6137,727514,Reduce the school week to four days a week,,Maldon,142
6138,727514,Reduce the school week to four days a week,,Manchester Central,269
6139,727514,Reduce the school week to four days a week,,Manchester Rusholme,264
6140,727514,Reduce the school week to four days a week,,Manchester Withington,166
6141,727514,Reduce the school week to four days a week,,Mansfield,199
6142,727514,Reduce the school week to four days a week,,Melksham and Devizes,115
6143,727514,Reduce the school week to four days a week,,Melton and Syston,166
6144,727514,Reduce the school week to four days a week,,Meriden and Solihull East,171
6145,727514,Reduce the school week to four days a week,,Mid Bedfordshire,133
6146,727514,Reduce the school week to four days a week,,Mid Buckinghamshire,260
6147,727514,Reduce the school week to four days a week,,Mid Cheshire,157
6148,727514,Reduce the school week to four days a week,,Mid Derbyshire,142
6149,727514,Reduce the school week to four days a week,,Mid Dorset and North Poole,122
6150,727514,Reduce the school week to four days a week,,Mid Leicestershire,171
6151,727514,Reduce the school week to four days a week,,Mid Norfolk,128
6152,727514,Reduce the school week to four days a week,,Mid Sussex,211
6153,727514,Reduce the school week to four days a week,,Middlesbrough and Thornaby East,222
6154,727514,Reduce the school week to four days a week,,Middlesbrough South and East Cleveland,103
6155,727514,Reduce the school week to four days a week,,Milton Keynes Central,394
6156,727514,Reduce the school week to four days a week,,Milton Keynes North,349
6157,727514,Reduce the school week to four days a week,,Mitcham and Morden,324
6158,727514,Reduce the school week to four days a week,,Morecambe and Lunesdale,210
6159,727514,Reduce the school week to four days a week,,New Forest East,134
6160,727514,Reduce the school week to four days a week,,New Forest West,121
6161,727514,Reduce the school week to four days a week,,Newark,211
6162,727514,Reduce the school week to four days a week,,Newbury,221
6163,727514,Reduce the school week to four days a week,,Newcastle upon Tyne Central and West,181
6164,727514,Reduce the school week to four days a week,,Newcastle upon Tyne East and Wallsend,159
6165,727514,Reduce the school week to four days a week,,Newcastle upon Tyne North,160
6166,727514,Reduce the school week to four days a week,,Newcastle-under-Lyme,145
6167,727514,Reduce the school week to four days a week,,Newton Abbot,140
6168,727514,Reduce the school week to four days a week,,Newton Aycliffe and Spennymoor,106
6169,727514,Reduce the school week to four days a week,,Normanton and Hemsworth,120
6170,727514,Reduce the school week to four days a week,,North Bedfordshire,153
6171,727514,Reduce the school week to four days a week,,North Cornwall,219
6172,727514,Reduce the school week to four days a week,,North Cotswolds,199
6173,727514,Reduce the school week to four days a week,,North Devon,116
6174,727514,Reduce the school week to four days a week,,North Dorset,121
6175,727514,Reduce the school week to four days a week,,North Durham,124
6176,727514,Reduce the school week to four days a week,,North East Cambridgeshire,101
6177,727514,Reduce the school week to four days a week,,North East Derbyshire,169
6178,727514,Reduce the school week to four days a week,,North East Hampshire,153
6179,727514,Reduce the school week to four days a week,,North East Hertfordshire,150
6180,727514,Reduce the school week to four days a week,,North East Somerset and Hanham,109
6181,727514,Reduce the school week to four days a week,,North Herefordshire,160
6182,727514,Reduce the school week to four days a week,,North Norfolk,89
6183,727514,Reduce the school week to four days a week,,North Northumberland,112
6184,727514,Reduce the school week to four days a week,,North Shropshire,110
6185,727514,Reduce the school week to four days a week,,North Somerset,117
6186,727514,Reduce the school week to four days a week,,North Warwickshire and Bedworth,94
6187,727514,Reduce the school week to four days a week,,North West Cambridgeshire,305
6188,727514,Reduce the school week to four days a week,,North West Essex,145
6189,727514,Reduce the school week to four days a week,,North West Hampshire,297
6190,727514,Reduce the school week to four days a week,,North West Leicestershire,118
6191,727514,Reduce the school week to four days a week,,North West Norfolk,143
6192,727514,Reduce the school week to four days a week,,Northampton North,274
6193,727514,Reduce the school week to four days a week,,Northampton South,248
6194,727514,Reduce the school week to four days a week,,Norwich North,168
6195,727514,Reduce the school week to four days a week,,Norwich South,94
6196,727514,Reduce the school week to four days a week,,Nottingham East,247
6197,727514,Reduce the school week to four days a week,,Nottingham North and Kimberley,256
6198,727514,Reduce the school week to four days a week,,Nottingham South,171
6199,727514,Reduce the school week to four days a week,,Nuneaton,162
6200,727514,Reduce the school week to four days a week,,Old Bexley and Sidcup,172
6201,727514,Reduce the school week to four days a week,,Oldham East and Saddleworth,164
6202,727514,Reduce the school week to four days a week,,"Oldham West, Chadderton and Royton",213
6203,727514,Reduce the school week to four days a week,,Orpington,219
6204,727514,Reduce the school week to four days a week,,Ossett and Denby Dale,137
6205,727514,Reduce the school week to four days a week,,Oxford East,106
6206,727514,Reduce the school week to four days a week,,Oxford West and Abingdon,110
6207,727514,Reduce the school week to four days a week,,Peckham,266
6208,727514,Reduce the school week to four days a week,,Pendle and Clitheroe,253
6209,727514,Reduce the school week to four days a week,,Penistone and Stocksbridge,139
6210,727514,Reduce the school week to four days a week,,Penrith and Solway,158
6211,727514,Reduce the school week to four days a week,,Peterborough,280
6212,727514,Reduce the school week to four days a week,,Plymouth Moor View,197
6213,727514,Reduce the school week to four days a week,,Plymouth Sutton and Devonport,153
6214,727514,Reduce the school week to four days a week,,"Pontefract, Castleford and Knottingley",175
6215,727514,Reduce the school week to four days a week,,Poole,165
6216,727514,Reduce the school week to four days a week,,Poplar and Limehouse,184
6217,727514,Reduce the school week to four days a week,,Portsmouth North,108
6218,727514,Reduce the school week to four days a week,,Portsmouth South,123
6219,727514,Reduce the school week to four days a week,,Preston,286
6220,727514,Reduce the school week to four days a week,,Putney,213
6221,727514,Reduce the school week to four days a week,,Queen's Park and Maida Vale,246
6222,727514,Reduce the school week to four days a week,,Rawmarsh and Conisbrough,164
6223,727514,Reduce the school week to four days a week,,Rayleigh and Wickford,145
6224,727514,Reduce the school week to four days a week,,Reading Central,250
6225,727514,Reduce the school week to four days a week,,Reading West and Mid Berkshire,181
6226,727514,Reduce the school week to four days a week,,Redcar,90
6227,727514,Reduce the school week to four days a week,,Redditch,124
6228,727514,Reduce the school week to four days a week,,Reigate,150
6229,727514,Reduce the school week to four days a week,,Ribble Valley,197
6230,727514,Reduce the school week to four days a week,,Richmond and Northallerton,72
6231,727514,Reduce the school week to four days a week,,Richmond Park,262
6232,727514,Reduce the school week to four days a week,,Rochdale,171
6233,727514,Reduce the school week to four days a week,,Rochester and Strood,223
6234,727514,Reduce the school week to four days a week,,Romford,175
6235,727514,Reduce the school week to four days a week,,Romsey and Southampton North,162
6236,727514,Reduce the school week to four days a week,,Rossendale and Darwen,212
6237,727514,Reduce the school week to four days a week,,Rother Valley,163
6238,727514,Reduce the school week to four days a week,,Rotherham,177
6239,727514,Reduce the school week to four days a week,,Rugby,247
6240,727514,Reduce the school week to four days a week,,"Ruislip, Northwood and Pinner",334
6241,727514,Reduce the school week to four days a week,,Runcorn and Helsby,166
6242,727514,Reduce the school week to four days a week,,Runnymede and Weybridge,189
6243,727514,Reduce the school week to four days a week,,Rushcliffe,199
6244,727514,Reduce the school week to four days a week,,Rutland and Stamford,132
6245,727514,Reduce the school week to four days a week,,Salford,149
6246,727514,Reduce the school week to four days a week,,Salisbury,143
6247,727514,Reduce the school week to four days a week,,Scarborough and Whitby,136
6248,727514,Reduce the school week to four days a week,,Scunthorpe,157
6249,727514,Reduce the school week to four days a week,,Sefton Central,132
6250,727514,Reduce the school week to four days a week,,Selby,125
6251,727514,Reduce the school week to four days a week,,Sevenoaks,154
6252,727514,Reduce the school week to four days a week,,Sheffield Brightside and Hillsborough,211
6253,727514,Reduce the school week to four days a week,,Sheffield Central,94
6254,727514,Reduce the school week to four days a week,,Sheffield Hallam,165
6255,727514,Reduce the school week to four days a week,,Sheffield Heeley,177
6256,727514,Reduce the school week to four days a week,,Sheffield South East,164
6257,727514,Reduce the school week to four days a week,,Sherwood Forest,147
6258,727514,Reduce the school week to four days a week,,Shipley,193
6259,727514,Reduce the school week to four days a week,,Shrewsbury,120
6260,727514,Reduce the school week to four days a week,,Sittingbourne and Sheppey,134
6261,727514,Reduce the school week to four days a week,,Skipton and Ripon,122
6262,727514,Reduce the school week to four days a week,,Sleaford and North Hykeham,142
6263,727514,Reduce the school week to four days a week,,Slough,423
6264,727514,Reduce the school week to four days a week,,Smethwick,372
6265,727514,Reduce the school week to four days a week,,Solihull West and Shirley,237
6266,727514,Reduce the school week to four days a week,,South Basildon and East Thurrock,150
6267,727514,Reduce the school week to four days a week,,South Cambridgeshire,128
6268,727514,Reduce the school week to four days a week,,South Cotswolds,134
6269,727514,Reduce the school week to four days a week,,South Derbyshire,142
6270,727514,Reduce the school week to four days a week,,South Devon,150
6271,727514,Reduce the school week to four days a week,,South Dorset,108
6272,727514,Reduce the school week to four days a week,,South East Cornwall,265
6273,727514,Reduce the school week to four days a week,,South Holland and The Deepings,276
6274,727514,Reduce the school week to four days a week,,South Leicestershire,144
6275,727514,Reduce the school week to four days a week,,South Norfolk,96
6276,727514,Reduce the school week to four days a week,,South Northamptonshire,168
6277,727514,Reduce the school week to four days a week,,South Ribble,202
6278,727514,Reduce the school week to four days a week,,South Shields,257
6279,727514,Reduce the school week to four days a week,,South Shropshire,145
6280,727514,Reduce the school week to four days a week,,South Suffolk,87
6281,727514,Reduce the school week to four days a week,,South West Devon,257
6282,727514,Reduce the school week to four days a week,,South West Hertfordshire,358
6283,727514,Reduce the school week to four days a week,,South West Norfolk,153
6284,727514,Reduce the school week to four days a week,,South West Wiltshire,88
6285,727514,Reduce the school week to four days a week,,Southampton Itchen,139
6286,727514,Reduce the school week to four days a week,,Southampton Test,127
6287,727514,Reduce the school week to four days a week,,Southend East and Rochford,229
6288,727514,Reduce the school week to four days a week,,Southend West and Leigh,257
6289,727514,Reduce the school week to four days a week,,Southgate and Wood Green,247
6290,727514,Reduce the school week to four days a week,,Southport,211
6291,727514,Reduce the school week to four days a week,,Spelthorne,234
6292,727514,Reduce the school week to four days a week,,Spen Valley,211
6293,727514,Reduce the school week to four days a week,,St Albans,326
6294,727514,Reduce the school week to four days a week,,St Austell and Newquay,211
6295,727514,Reduce the school week to four days a week,,St Helens North,155
6296,727514,Reduce the school week to four days a week,,St Helens South and Whiston,166
6297,727514,Reduce the school week to four days a week,,St Ives,222
6298,727514,Reduce the school week to four days a week,,St Neots and Mid Cambridgeshire,147
6299,727514,Reduce the school week to four days a week,,Stafford,161
6300,727514,Reduce the school week to four days a week,,Staffordshire Moorlands,127
6301,727514,Reduce the school week to four days a week,,Stalybridge and Hyde,245
6302,727514,Reduce the school week to four days a week,,Stevenage,155
6303,727514,Reduce the school week to four days a week,,Stockport,239
6304,727514,Reduce the school week to four days a week,,Stockton North,115
6305,727514,Reduce the school week to four days a week,,Stockton West,127
6306,727514,Reduce the school week to four days a week,,Stoke-on-Trent Central,186
6307,727514,Reduce the school week to four days a week,,Stoke-on-Trent North,159
6308,727514,Reduce the school week to four days a week,,Stoke-on-Trent South,199
6309,727514,Reduce the school week to four days a week,,"Stone, Great Wyrley and Penkridge",107
6310,727514,Reduce the school week to four days a week,,Stourbridge,163
6311,727514,Reduce the school week to four days a week,,Stratford and Bow,245
6312,727514,Reduce the school week to four days a week,,Stratford-on-Avon,128
6313,727514,Reduce the school week to four days a week,,Streatham and Croydon North,283
6314,727514,Reduce the school week to four days a week,,Stretford and Urmston,266
6315,727514,Reduce the school week to four days a week,,Stroud,140
6316,727514,Reduce the school week to four days a week,,Suffolk Coastal,51
6317,727514,Reduce the school week to four days a week,,Sunderland Central,148
6318,727514,Reduce the school week to four days a week,,Surrey Heath,138
6319,727514,Reduce the school week to four days a week,,Sussex Weald,155
6320,727514,Reduce the school week to four days a week,,Sutton and Cheam,288
6321,727514,Reduce the school week to four days a week,,Sutton Coldfield,196
6322,727514,Reduce the school week to four days a week,,Swindon North,174
6323,727514,Reduce the school week to four days a week,,Swindon South,173
6324,727514,Reduce the school week to four days a week,,Tamworth,116
6325,727514,Reduce the school week to four days a week,,Tatton,204
6326,727514,Reduce the school week to four days a week,,Taunton and Wellington,129
6327,727514,Reduce the school week to four days a week,,Telford,189
6328,727514,Reduce the school week to four days a week,,Tewkesbury,148
6329,727514,Reduce the school week to four days a week,,The Wrekin,180
6330,727514,Reduce the school week to four days a week,,Thirsk and Malton,122
6331,727514,Reduce the school week to four days a week,,Thornbury and Yate,154
6332,727514,Reduce the school week to four days a week,,Thurrock,220
6333,727514,Reduce the school week to four days a week,,Tipton and Wednesbury,303
6334,727514,Reduce the school week to four days a week,,Tiverton and Minehead,91
6335,727514,Reduce the school week to four days a week,,Tonbridge,168
6336,727514,Reduce the school week to four days a week,,Tooting,187
6337,727514,Reduce the school week to four days a week,,Torbay,246
6338,727514,Reduce the school week to four days a week,,Torridge and Tavistock,135
6339,727514,Reduce the school week to four days a week,,Tottenham,233
6340,727514,Reduce the school week to four days a week,,Truro and Falmouth,199
6341,727514,Reduce the school week to four days a week,,Tunbridge Wells,204
6342,727514,Reduce the school week to four days a week,,Twickenham,264
6343,727514,Reduce the school week to four days a week,,Tynemouth,107
6344,727514,Reduce the school week to four days a week,,Uxbridge and South Ruislip,339
6345,727514,Reduce the school week to four days a week,,Vauxhall and Camberwell Green,200
6346,727514,Reduce the school week to four days a week,,Wakefield and Rothwell,258
6347,727514,Reduce the school week to four days a week,,Wallasey,248
6348,727514,Reduce the school week to four days a week,,Walsall and Bloxwich,281
6349,727514,Reduce the school week to four days a week,,Walthamstow,255
6350,727514,Reduce the school week to four days a week,,Warrington North,175
6351,727514,Reduce the school week to four days a week,,Warrington South,186
6352,727514,Reduce the school week to four days a week,,Warwick and Leamington,126
6353,727514,Reduce the school week to four days a week,,Washington and Gateshead South,201
6354,727514,Reduce the school week to four days a week,,Watford,385
6355,727514,Reduce the school week to four days a week,,Waveney Valley,97
6356,727514,Reduce the school week to four days a week,,Weald of Kent,186
6357,727514,Reduce the school week to four days a week,,Wellingborough and Rushden,182
6358,727514,Reduce the school week to four days a week,,Wells and Mendip Hills,116
6359,727514,Reduce the school week to four days a week,,Welwyn Hatfield,248
6360,727514,Reduce the school week to four days a week,,West Bromwich,259
6361,727514,Reduce the school week to four days a week,,West Dorset,107
6362,727514,Reduce the school week to four days a week,,West Ham and Beckton,340
6363,727514,Reduce the school week to four days a week,,West Lancashire,207
6364,727514,Reduce the school week to four days a week,,West Suffolk,139
6365,727514,Reduce the school week to four days a week,,West Worcestershire,147
6366,727514,Reduce the school week to four days a week,,Westmorland and Lonsdale,113
6367,727514,Reduce the school week to four days a week,,Weston-super-Mare,137
6368,727514,Reduce the school week to four days a week,,Wetherby and Easingwold,90
6369,727514,Reduce the school week to four days a week,,Whitehaven and Workington,149
6370,727514,Reduce the school week to four days a week,,Widnes and Halewood,218
6371,727514,Reduce the school week to four days a week,,Wigan,229
6372,727514,Reduce the school week to four days a week,,Wimbledon,210
6373,727514,Reduce the school week to four days a week,,Winchester,93
6374,727514,Reduce the school week to four days a week,,Windsor,199
6375,727514,Reduce the school week to four days a week,,Wirral West,224
6376,727514,Reduce the school week to four days a week,,Witham,119
6377,727514,Reduce the school week to four days a week,,Witney,120
6378,727514,Reduce the school week to four days a week,,Woking,149
6379,727514,Reduce the school week to four days a week,,Wokingham,288
6380,727514,Reduce the school week to four days a week,,Wolverhampton North East,163
6381,727514,Reduce the school week to four days a week,,Wolverhampton South East,303
6382,727514,Reduce the school week to four days a week,,Wolverhampton West,229
6383,727514,Reduce the school week to four days a week,,Worcester,226
6384,727514,Reduce the school week to four days a week,,Worsley and Eccles,202
6385,727514,Reduce the school week to four days a week,,Worthing West,109
6386,727514,Reduce the school week to four days a week,,Wycombe,373
6387,727514,Reduce the school week to four days a week,,Wyre Forest,150
6388,727514,Reduce the school week to four days a week,,Wythenshawe and Sale East,355
6389,727514,Reduce the school week to four days a week,,Yeovil,142
6390,727514,Reduce the school week to four days a week,,York Central,98
6391,727514,Reduce the school week to four days a week,,York Outer,94
6392,727514,Reduce the school week to four days a week,,Belfast East,180
6393,727514,Reduce the school week to four days a week,,Belfast North,130
6394,727514,Reduce the school week to four days a week,,Belfast South and Mid Down,161
6395,727514,Reduce the school week to four days a week,,Belfast West,132
6396,727514,Reduce the school week to four days a week,,East Antrim,124
6397,727514,Reduce the school week to four days a week,,East Londonderry,77
6398,727514,Reduce the school week to four days a week,,Fermanagh and South Tyrone,168
6399,727514,Reduce the school week to four days a week,,Foyle,75
6400,727514,Reduce the school week to four days a week,,Lagan Valley,193
6401,727514,Reduce the school week to four days a week,,Mid Ulster,73
6402,727514,Reduce the school week to four days a week,,Newry and Armagh,114
6403,727514,Reduce the school week to four days a week,,North Antrim,103
6404,727514,Reduce the school week to four days a week,,North Down,151
6405,727514,Reduce the school week to four days a week,,South Antrim,132
6406,727514,Reduce the school week to four days a week,,South Down,122
6407,727514,Reduce the school week to four days a week,,Strangford,114
6408,727514,Reduce the school week to four days a week,,Upper Bann,119
6409,727514,Reduce the school week to four days a week,,West Tyrone,99
6410,727514,Reduce the school week to four days a week,,East Renfrewshire,540
6411,727514,Reduce the school week to four days a week,,Na h-Eileanan an Iar,25
6412,727514,Reduce the school week to four days a week,,Midlothian,151
6413,727514,Reduce the school week to four days a week,,North Ayrshire and Arran,252
6414,727514,Reduce the school week to four days a week,,Orkney and Shetland,41
6415,727514,Reduce the school week to four days a week,,Aberdeen North,96
6416,727514,Reduce the school week to four days a week,,Aberdeen South,89
6417,727514,Reduce the school week to four days a week,,Aberdeenshire North and Moray East,67
6418,727514,Reduce the school week to four days a week,,Airdrie and Shotts,116
6419,727514,Reduce the school week to four days a week,,Alloa and Grangemouth,108
6420,727514,Reduce the school week to four days a week,,Angus and Perthshire Glens,81
6421,727514,Reduce the school week to four days a week,,Arbroath and Broughty Ferry,99
6422,727514,Reduce the school week to four days a week,,"Argyll, Bute and South Lochaber",117
6423,727514,Reduce the school week to four days a week,,Bathgate and Linlithgow,115
6424,727514,Reduce the school week to four days a week,,"Caithness, Sutherland and Easter Ross",106
6425,727514,Reduce the school week to four days a week,,Coatbridge and Bellshill,107
6426,727514,Reduce the school week to four days a week,,Cowdenbeath and Kirkcaldy,178
6427,727514,Reduce the school week to four days a week,,Cumbernauld and Kirkintilloch,134
6428,727514,Reduce the school week to four days a week,,Dumfries and Galloway,82
6429,727514,Reduce the school week to four days a week,,"Dumfriesshire, Clydesdale and Tweeddale",176
6430,727514,Reduce the school week to four days a week,,Dundee Central,186
6431,727514,Reduce the school week to four days a week,,Dunfermline and Dollar,93
6432,727514,Reduce the school week to four days a week,,East Kilbride and Strathaven,207
6433,727514,Reduce the school week to four days a week,,Edinburgh East and Musselburgh,176
6434,727514,Reduce the school week to four days a week,,Edinburgh North and Leith,133
6435,727514,Reduce the school week to four days a week,,Edinburgh South,100
6436,727514,Reduce the school week to four days a week,,Edinburgh South West,94
6437,727514,Reduce the school week to four days a week,,Edinburgh West,178
6438,727514,Reduce the school week to four days a week,,Falkirk,77
6439,727514,Reduce the school week to four days a week,,Glasgow East,167
6440,727514,Reduce the school week to four days a week,,Glasgow North,88
6441,727514,Reduce the school week to four days a week,,Glasgow North East,165
6442,727514,Reduce the school week to four days a week,,Glasgow South,163
6443,727514,Reduce the school week to four days a week,,Glasgow South West,199
6444,727514,Reduce the school week to four days a week,,Glasgow West,168
6445,727514,Reduce the school week to four days a week,,Glenrothes and Mid Fife,193
6446,727514,Reduce the school week to four days a week,,Gordon and Buchan,81
6447,727514,Reduce the school week to four days a week,,Hamilton and Clyde Valley,151
6448,727514,Reduce the school week to four days a week,,Inverclyde and Renfrewshire West,209
6449,727514,Reduce the school week to four days a week,,"Inverness, Skye and West Ross-shire",210
6450,727514,Reduce the school week to four days a week,,Livingston,136
6451,727514,Reduce the school week to four days a week,,Lothian East,174
6452,727514,Reduce the school week to four days a week,,Mid Dunbartonshire,132
6453,727514,Reduce the school week to four days a week,,"Moray West, Nairn and Strathspey",122
6454,727514,Reduce the school week to four days a week,,"Motherwell, Wishaw and Carluke",124
6455,727514,Reduce the school week to four days a week,,North East Fife,130
6456,727514,Reduce the school week to four days a week,,Paisley and Renfrewshire North,349
6457,727514,Reduce the school week to four days a week,,Paisley and Renfrewshire South,295
6458,727514,Reduce the school week to four days a week,,Perth and Kinross-shire,143
6459,727514,Reduce the school week to four days a week,,Rutherglen,188
6460,727514,Reduce the school week to four days a week,,Stirling and Strathallan,144
6461,727514,Reduce the school week to four days a week,,West Dunbartonshire,132
6462,727514,Reduce the school week to four days a week,,"Ayr, Carrick and Cumnock",90
6463,727514,Reduce the school week to four days a week,,"Berwickshire, Roxburgh and Selkirk",162
6464,727514,Reduce the school week to four days a week,,Central Ayrshire,108
6465,727514,Reduce the school week to four days a week,,Kilmarnock and Loudoun,143
6466,727514,Reduce the school week to four days a week,,West Aberdeenshire and Kincardine,121
6467,727514,Reduce the school week to four days a week,,Aberafan Maesteg,97
6468,727514,Reduce the school week to four days a week,,Alyn and Deeside,254
6469,727514,Reduce the school week to four days a week,,Bangor Aberconwy,110
6470,727514,Reduce the school week to four days a week,,Blaenau Gwent and Rhymney,277
6471,727514,Reduce the school week to four days a week,,"Brecon, Radnor and Cwm Tawe",132
6472,727514,Reduce the school week to four days a week,,Bridgend,66
6473,727514,Reduce the school week to four days a week,,Caerfyrddin,181
6474,727514,Reduce the school week to four days a week,,Caerphilly,326
6475,727514,Reduce the school week to four days a week,,Cardiff East,214
6476,727514,Reduce the school week to four days a week,,Cardiff North,205
6477,727514,Reduce the school week to four days a week,,Cardiff South and Penarth,181
6478,727514,Reduce the school week to four days a week,,Cardiff West,173
6479,727514,Reduce the school week to four days a week,,Ceredigion Preseli,148
6480,727514,Reduce the school week to four days a week,,Clwyd East,147
6481,727514,Reduce the school week to four days a week,,Clwyd North,139
6482,727514,Reduce the school week to four days a week,,Dwyfor Meirionnydd,110
6483,727514,Reduce the school week to four days a week,,Gower,119
6484,727514,Reduce the school week to four days a week,,Llanelli,169
6485,727514,Reduce the school week to four days a week,,Merthyr Tydfil and Aberdare,247
6486,727514,Reduce the school week to four days a week,,Mid and South Pembrokeshire,125
6487,727514,Reduce the school week to four days a week,,Monmouthshire,95
6488,727514,Reduce the school week to four days a week,,Montgomeryshire and Glyndŵr,180
6489,727514,Reduce the school week to four days a week,,Neath and Swansea East,113
6490,727514,Reduce the school week to four days a week,,Newport East,171
6491,727514,Reduce the school week to four days a week,,Newport West and Islwyn,271
6492,727514,Reduce the school week to four days a week,,Pontypridd,250
6493,727514,Reduce the school week to four days a week,,Rhondda and Ogmore,89
6494,727514,Reduce the school week to four days a week,,Swansea West,141
6495,727514,Reduce the school week to four days a week,,Torfaen,261
6496,727514,Reduce the school week to four days a week,,Vale of Glamorgan,142
6497,727514,Reduce the school week to four days a week,,Wrexham,121
6498,727514,Reduce the school week to four days a week,,Ynys Môn,78
6499,729440,Make Play and Continuous Provision statutory in England's Key Stage 1 Curriculum,,Aldershot,249
6500,729440,Make Play and Continuous Provision statutory in England's Key Stage 1 Curriculum,,Aldridge-Brownhills,216
6501,729440,Make Play and Continuous Provision statutory in England's Key Stage 1 Curriculum,,Altrincham and Sale West,247
6502,729440,Make Play and Continuous Provision statutory in England's Key Stage 1 Curriculum,,Amber Valley,207
6503,729440,Make Play and Continuous Provision statutory in England's Key Stage 1 Curriculum,,Arundel and South Downs,243
6504,729440,Make Play and Continuous Provision statutory in England's Key Stage 1 Curriculum,,Ashfield,160
6505,729440,Make Play and Continuous Provision statutory in England's Key Stage 1 Curriculum,,Ashford,150
6506,729440,Make Play and Continuous Provision statutory in England's Key Stage 1 Curriculum,,Ashton-under-Lyne,126
6507,729440,Make Play and Continuous Provision statutory in England's Key Stage 1 Curriculum,,Aylesbury,293
6508,729440,Make Play and Continuous Provision statutory in England's Key Stage 1 Curriculum,,Banbury,303
6509,729440,Make Play and Continuous Provision statutory in England's Key Stage 1 Curriculum,,Barking,56
6510,729440,Make Play and Continuous Provision statutory in England's Key Stage 1 Curriculum,,Barnsley North,154
6511,729440,Make Play and Continuous Provision statutory in England's Key Stage 1 Curriculum,,Barnsley South,89
6512,729440,Make Play and Continuous Provision statutory in England's Key Stage 1 Curriculum,,Barrow and Furness,125
6513,729440,Make Play and Continuous Provision statutory in England's Key Stage 1 Curriculum,,Basildon and Billericay,161
6514,729440,Make Play and Continuous Provision statutory in England's Key Stage 1 Curriculum,,Basingstoke,288
6515,729440,Make Play and Continuous Provision statutory in England's Key Stage 1 Curriculum,,Bassetlaw,232
6516,729440,Make Play and Continuous Provision statutory in England's Key Stage 1 Curriculum,,Bath,226
6517,729440,Make Play and Continuous Provision statutory in England's Key Stage 1 Curriculum,,Battersea,86
6518,729440,Make Play and Continuous Provision statutory in England's Key Stage 1 Curriculum,,Beaconsfield,175
6519,729440,Make Play and Continuous Provision statutory in England's Key Stage 1 Curriculum,,Beckenham and Penge,314
6520,729440,Make Play and Continuous Provision statutory in England's Key Stage 1 Curriculum,,Bedford,164
6521,729440,Make Play and Continuous Provision statutory in England's Key Stage 1 Curriculum,,Bermondsey and Old Southwark,72
6522,729440,Make Play and Continuous Provision statutory in England's Key Stage 1 Curriculum,,Bethnal Green and Stepney,56
6523,729440,Make Play and Continuous Provision statutory in England's Key Stage 1 Curriculum,,Beverley and Holderness,195
6524,729440,Make Play and Continuous Provision statutory in England's Key Stage 1 Curriculum,,Bexhill and Battle,165
6525,729440,Make Play and Continuous Provision statutory in England's Key Stage 1 Curriculum,,Bexleyheath and Crayford,196
6526,729440,Make Play and Continuous Provision statutory in England's Key Stage 1 Curriculum,,Bicester and Woodstock,364
6527,729440,Make Play and Continuous Provision statutory in England's Key Stage 1 Curriculum,,Birkenhead,158
6528,729440,Make Play and Continuous Provision statutory in England's Key Stage 1 Curriculum,,Birmingham Edgbaston,112
6529,729440,Make Play and Continuous Provision statutory in England's Key Stage 1 Curriculum,,Birmingham Erdington,128
6530,729440,Make Play and Continuous Provision statutory in England's Key Stage 1 Curriculum,,Birmingham Hall Green and Moseley,103
6531,729440,Make Play and Continuous Provision statutory in England's Key Stage 1 Curriculum,,Birmingham Hodge Hill and Solihull North,91
6532,729440,Make Play and Continuous Provision statutory in England's Key Stage 1 Curriculum,,Birmingham Ladywood,30
6533,729440,Make Play and Continuous Provision statutory in England's Key Stage 1 Curriculum,,Birmingham Northfield,152
6534,729440,Make Play and Continuous Provision statutory in England's Key Stage 1 Curriculum,,Birmingham Perry Barr,43
6535,729440,Make Play and Continuous Provision statutory in England's Key Stage 1 Curriculum,,Birmingham Selly Oak,232
6536,729440,Make Play and Continuous Provision statutory in England's Key Stage 1 Curriculum,,Birmingham Yardley,94
6537,729440,Make Play and Continuous Provision statutory in England's Key Stage 1 Curriculum,,Bishop Auckland,147
6538,729440,Make Play and Continuous Provision statutory in England's Key Stage 1 Curriculum,,Blackburn,77
6539,729440,Make Play and Continuous Provision statutory in England's Key Stage 1 Curriculum,,Blackley and Middleton South,82
6540,729440,Make Play and Continuous Provision statutory in England's Key Stage 1 Curriculum,,Blackpool North and Fleetwood,96
6541,729440,Make Play and Continuous Provision statutory in England's Key Stage 1 Curriculum,,Blackpool South,98
6542,729440,Make Play and Continuous Provision statutory in England's Key Stage 1 Curriculum,,Blaydon and Consett,181
6543,729440,Make Play and Continuous Provision statutory in England's Key Stage 1 Curriculum,,Blyth and Ashington,101
6544,729440,Make Play and Continuous Provision statutory in England's Key Stage 1 Curriculum,,Bognor Regis and Littlehampton,175
6545,729440,Make Play and Continuous Provision statutory in England's Key Stage 1 Curriculum,,Bolsover,172
6546,729440,Make Play and Continuous Provision statutory in England's Key Stage 1 Curriculum,,Bolton North East,153
6547,729440,Make Play and Continuous Provision statutory in England's Key Stage 1 Curriculum,,Bolton South and Walkden,94
6548,729440,Make Play and Continuous Provision statutory in England's Key Stage 1 Curriculum,,Bolton West,155
6549,729440,Make Play and Continuous Provision statutory in England's Key Stage 1 Curriculum,,Bootle,142
6550,729440,Make Play and Continuous Provision statutory in England's Key Stage 1 Curriculum,,Boston and Skegness,127
6551,729440,Make Play and Continuous Provision statutory in England's Key Stage 1 Curriculum,,Bournemouth East,215
6552,729440,Make Play and Continuous Provision statutory in England's Key Stage 1 Curriculum,,Bournemouth West,157
6553,729440,Make Play and Continuous Provision statutory in England's Key Stage 1 Curriculum,,Bracknell,250
6554,729440,Make Play and Continuous Provision statutory in England's Key Stage 1 Curriculum,,Bradford East,118
6555,729440,Make Play and Continuous Provision statutory in England's Key Stage 1 Curriculum,,Bradford South,142
6556,729440,Make Play and Continuous Provision statutory in England's Key Stage 1 Curriculum,,Bradford West,67
6557,729440,Make Play and Continuous Provision statutory in England's Key Stage 1 Curriculum,,Braintree,244
6558,729440,Make Play and Continuous Provision statutory in England's Key Stage 1 Curriculum,,Brent East,66
6559,729440,Make Play and Continuous Provision statutory in England's Key Stage 1 Curriculum,,Brent West,38
6560,729440,Make Play and Continuous Provision statutory in England's Key Stage 1 Curriculum,,Brentford and Isleworth,177
6561,729440,Make Play and Continuous Provision statutory in England's Key Stage 1 Curriculum,,Brentwood and Ongar,264
6562,729440,Make Play and Continuous Provision statutory in England's Key Stage 1 Curriculum,,Bridgwater,135
6563,729440,Make Play and Continuous Provision statutory in England's Key Stage 1 Curriculum,,Bridlington and The Wolds,98
6564,729440,Make Play and Continuous Provision statutory in England's Key Stage 1 Curriculum,,Brigg and Immingham,156
6565,729440,Make Play and Continuous Provision statutory in England's Key Stage 1 Curriculum,,Brighton Kemptown and Peacehaven,155
6566,729440,Make Play and Continuous Provision statutory in England's Key Stage 1 Curriculum,,Brighton Pavilion,284
6567,729440,Make Play and Continuous Provision statutory in England's Key Stage 1 Curriculum,,Bristol Central,148
6568,729440,Make Play and Continuous Provision statutory in England's Key Stage 1 Curriculum,,Bristol East,403
6569,729440,Make Play and Continuous Provision statutory in England's Key Stage 1 Curriculum,,Bristol North East,276
6570,729440,Make Play and Continuous Provision statutory in England's Key Stage 1 Curriculum,,Bristol North West,236
6571,729440,Make Play and Continuous Provision statutory in England's Key Stage 1 Curriculum,,Bristol South,254
6572,729440,Make Play and Continuous Provision statutory in England's Key Stage 1 Curriculum,,Broadland and Fakenham,233
6573,729440,Make Play and Continuous Provision statutory in England's Key Stage 1 Curriculum,,Bromley and Biggin Hill,193
6574,729440,Make Play and Continuous Provision statutory in England's Key Stage 1 Curriculum,,Bromsgrove,329
6575,729440,Make Play and Continuous Provision statutory in England's Key Stage 1 Curriculum,,Broxbourne,206
6576,729440,Make Play and Continuous Provision statutory in England's Key Stage 1 Curriculum,,Broxtowe,184
6577,729440,Make Play and Continuous Provision statutory in England's Key Stage 1 Curriculum,,Buckingham and Bletchley,172
6578,729440,Make Play and Continuous Provision statutory in England's Key Stage 1 Curriculum,,Burnley,115
6579,729440,Make Play and Continuous Provision statutory in England's Key Stage 1 Curriculum,,Burton and Uttoxeter,200
6580,729440,Make Play and Continuous Provision statutory in England's Key Stage 1 Curriculum,,Bury North,215
6581,729440,Make Play and Continuous Provision statutory in England's Key Stage 1 Curriculum,,Bury South,202
6582,729440,Make Play and Continuous Provision statutory in England's Key Stage 1 Curriculum,,Bury St Edmunds and Stowmarket,262
6583,729440,Make Play and Continuous Provision statutory in England's Key Stage 1 Curriculum,,Calder Valley,243
6584,729440,Make Play and Continuous Provision statutory in England's Key Stage 1 Curriculum,,Camborne and Redruth,264
6585,729440,Make Play and Continuous Provision statutory in England's Key Stage 1 Curriculum,,Cambridge,175
6586,729440,Make Play and Continuous Provision statutory in England's Key Stage 1 Curriculum,,Cannock Chase,221
6587,729440,Make Play and Continuous Provision statutory in England's Key Stage 1 Curriculum,,Canterbury,169
6588,729440,Make Play and Continuous Provision statutory in England's Key Stage 1 Curriculum,,Carlisle,130
6589,729440,Make Play and Continuous Provision statutory in England's Key Stage 1 Curriculum,,Carshalton and Wallington,169
6590,729440,Make Play and Continuous Provision statutory in England's Key Stage 1 Curriculum,,Castle Point,147
6591,729440,Make Play and Continuous Provision statutory in England's Key Stage 1 Curriculum,,Central Devon,238
6592,729440,Make Play and Continuous Provision statutory in England's Key Stage 1 Curriculum,,Central Suffolk and North Ipswich,241
6593,729440,Make Play and Continuous Provision statutory in England's Key Stage 1 Curriculum,,Chatham and Aylesford,162
6594,729440,Make Play and Continuous Provision statutory in England's Key Stage 1 Curriculum,,Cheadle,282
6595,729440,Make Play and Continuous Provision statutory in England's Key Stage 1 Curriculum,,Chelmsford,243
6596,729440,Make Play and Continuous Provision statutory in England's Key Stage 1 Curriculum,,Chelsea and Fulham,64
6597,729440,Make Play and Continuous Provision statutory in England's Key Stage 1 Curriculum,,Cheltenham,212
6598,729440,Make Play and Continuous Provision statutory in England's Key Stage 1 Curriculum,,Chesham and Amersham,263
6599,729440,Make Play and Continuous Provision statutory in England's Key Stage 1 Curriculum,,Chester North and Neston,196
6600,729440,Make Play and Continuous Provision statutory in England's Key Stage 1 Curriculum,,Chester South and Eddisbury,231
6601,729440,Make Play and Continuous Provision statutory in England's Key Stage 1 Curriculum,,Chesterfield,158
6602,729440,Make Play and Continuous Provision statutory in England's Key Stage 1 Curriculum,,Chichester,226
6603,729440,Make Play and Continuous Provision statutory in England's Key Stage 1 Curriculum,,Chingford and Woodford Green,239
6604,729440,Make Play and Continuous Provision statutory in England's Key Stage 1 Curriculum,,Chippenham,265
6605,729440,Make Play and Continuous Provision statutory in England's Key Stage 1 Curriculum,,Chipping Barnet,210
6606,729440,Make Play and Continuous Provision statutory in England's Key Stage 1 Curriculum,,Chorley,264
6607,729440,Make Play and Continuous Provision statutory in England's Key Stage 1 Curriculum,,Christchurch,205
6608,729440,Make Play and Continuous Provision statutory in England's Key Stage 1 Curriculum,,Cities of London and Westminster,58
6609,729440,Make Play and Continuous Provision statutory in England's Key Stage 1 Curriculum,,City of Durham,139
6610,729440,Make Play and Continuous Provision statutory in England's Key Stage 1 Curriculum,,Clacton,111
6611,729440,Make Play and Continuous Provision statutory in England's Key Stage 1 Curriculum,,Clapham and Brixton Hill,87
6612,729440,Make Play and Continuous Provision statutory in England's Key Stage 1 Curriculum,,Colchester,242
6613,729440,Make Play and Continuous Provision statutory in England's Key Stage 1 Curriculum,,Colne Valley,233
6614,729440,Make Play and Continuous Provision statutory in England's Key Stage 1 Curriculum,,Congleton,234
6615,729440,Make Play and Continuous Provision statutory in England's Key Stage 1 Curriculum,,Corby and East Northamptonshire,265
6616,729440,Make Play and Continuous Provision statutory in England's Key Stage 1 Curriculum,,Coventry East,100
6617,729440,Make Play and Continuous Provision statutory in England's Key Stage 1 Curriculum,,Coventry North West,239
6618,729440,Make Play and Continuous Provision statutory in England's Key Stage 1 Curriculum,,Coventry South,189
6619,729440,Make Play and Continuous Provision statutory in England's Key Stage 1 Curriculum,,Cramlington and Killingworth,179
6620,729440,Make Play and Continuous Provision statutory in England's Key Stage 1 Curriculum,,Crawley,181
6621,729440,Make Play and Continuous Provision statutory in England's Key Stage 1 Curriculum,,Crewe and Nantwich,147
6622,729440,Make Play and Continuous Provision statutory in England's Key Stage 1 Curriculum,,Croydon East,109
6623,729440,Make Play and Continuous Provision statutory in England's Key Stage 1 Curriculum,,Croydon South,169
6624,729440,Make Play and Continuous Provision statutory in England's Key Stage 1 Curriculum,,Croydon West,104
6625,729440,Make Play and Continuous Provision statutory in England's Key Stage 1 Curriculum,,Dagenham and Rainham,86
6626,729440,Make Play and Continuous Provision statutory in England's Key Stage 1 Curriculum,,Darlington,134
6627,729440,Make Play and Continuous Provision statutory in England's Key Stage 1 Curriculum,,Dartford,218
6628,729440,Make Play and Continuous Provision statutory in England's Key Stage 1 Curriculum,,Daventry,323
6629,729440,Make Play and Continuous Provision statutory in England's Key Stage 1 Curriculum,,Derby North,172
6630,729440,Make Play and Continuous Provision statutory in England's Key Stage 1 Curriculum,,Derby South,92
6631,729440,Make Play and Continuous Provision statutory in England's Key Stage 1 Curriculum,,Derbyshire Dales,184
6632,729440,Make Play and Continuous Provision statutory in England's Key Stage 1 Curriculum,,Dewsbury and Batley,88
6633,729440,Make Play and Continuous Provision statutory in England's Key Stage 1 Curriculum,,Didcot and Wantage,324
6634,729440,Make Play and Continuous Provision statutory in England's Key Stage 1 Curriculum,,Doncaster Central,157
6635,729440,Make Play and Continuous Provision statutory in England's Key Stage 1 Curriculum,,Doncaster East and the Isle of Axholme,138
6636,729440,Make Play and Continuous Provision statutory in England's Key Stage 1 Curriculum,,Doncaster North,120
6637,729440,Make Play and Continuous Provision statutory in England's Key Stage 1 Curriculum,,Dorking and Horley,265
6638,729440,Make Play and Continuous Provision statutory in England's Key Stage 1 Curriculum,,Dover and Deal,168
6639,729440,Make Play and Continuous Provision statutory in England's Key Stage 1 Curriculum,,Droitwich and Evesham,223
6640,729440,Make Play and Continuous Provision statutory in England's Key Stage 1 Curriculum,,Dudley,165
6641,729440,Make Play and Continuous Provision statutory in England's Key Stage 1 Curriculum,,Dulwich and West Norwood,186
6642,729440,Make Play and Continuous Provision statutory in England's Key Stage 1 Curriculum,,Dunstable and Leighton Buzzard,288
6643,729440,Make Play and Continuous Provision statutory in England's Key Stage 1 Curriculum,,Ealing Central and Acton,143
6644,729440,Make Play and Continuous Provision statutory in England's Key Stage 1 Curriculum,,Ealing North,93
6645,729440,Make Play and Continuous Provision statutory in England's Key Stage 1 Curriculum,,Ealing Southall,107
6646,729440,Make Play and Continuous Provision statutory in England's Key Stage 1 Curriculum,,Earley and Woodley,185
6647,729440,Make Play and Continuous Provision statutory in England's Key Stage 1 Curriculum,,Easington,71
6648,729440,Make Play and Continuous Provision statutory in England's Key Stage 1 Curriculum,,East Grinstead and Uckfield,231
6649,729440,Make Play and Continuous Provision statutory in England's Key Stage 1 Curriculum,,East Ham,45
6650,729440,Make Play and Continuous Provision statutory in England's Key Stage 1 Curriculum,,East Hampshire,225
6651,729440,Make Play and Continuous Provision statutory in England's Key Stage 1 Curriculum,,East Surrey,260
6652,729440,Make Play and Continuous Provision statutory in England's Key Stage 1 Curriculum,,East Thanet,211
6653,729440,Make Play and Continuous Provision statutory in England's Key Stage 1 Curriculum,,East Wiltshire,255
6654,729440,Make Play and Continuous Provision statutory in England's Key Stage 1 Curriculum,,East Worthing and Shoreham,268
6655,729440,Make Play and Continuous Provision statutory in England's Key Stage 1 Curriculum,,Eastbourne,176
6656,729440,Make Play and Continuous Provision statutory in England's Key Stage 1 Curriculum,,Eastleigh,213
6657,729440,Make Play and Continuous Provision statutory in England's Key Stage 1 Curriculum,,Edmonton and Winchmore Hill,107
6658,729440,Make Play and Continuous Provision statutory in England's Key Stage 1 Curriculum,,Ellesmere Port and Bromborough,175
6659,729440,Make Play and Continuous Provision statutory in England's Key Stage 1 Curriculum,,Eltham and Chislehurst,181
6660,729440,Make Play and Continuous Provision statutory in England's Key Stage 1 Curriculum,,Ely and East Cambridgeshire,283
6661,729440,Make Play and Continuous Provision statutory in England's Key Stage 1 Curriculum,,Enfield North,173
6662,729440,Make Play and Continuous Provision statutory in England's Key Stage 1 Curriculum,,Epping Forest,198
6663,729440,Make Play and Continuous Provision statutory in England's Key Stage 1 Curriculum,,Epsom and Ewell,300
6664,729440,Make Play and Continuous Provision statutory in England's Key Stage 1 Curriculum,,Erewash,178
6665,729440,Make Play and Continuous Provision statutory in England's Key Stage 1 Curriculum,,Erith and Thamesmead,125
6666,729440,Make Play and Continuous Provision statutory in England's Key Stage 1 Curriculum,,Esher and Walton,300
6667,729440,Make Play and Continuous Provision statutory in England's Key Stage 1 Curriculum,,Exeter,213
6668,729440,Make Play and Continuous Provision statutory in England's Key Stage 1 Curriculum,,Exmouth and Exeter East,258
6669,729440,Make Play and Continuous Provision statutory in England's Key Stage 1 Curriculum,,Fareham and Waterlooville,175
6670,729440,Make Play and Continuous Provision statutory in England's Key Stage 1 Curriculum,,Farnham and Bordon,284
6671,729440,Make Play and Continuous Provision statutory in England's Key Stage 1 Curriculum,,Faversham and Mid Kent,245
6672,729440,Make Play and Continuous Provision statutory in England's Key Stage 1 Curriculum,,Feltham and Heston,81
6673,729440,Make Play and Continuous Provision statutory in England's Key Stage 1 Curriculum,,Filton and Bradley Stoke,228
6674,729440,Make Play and Continuous Provision statutory in England's Key Stage 1 Curriculum,,Finchley and Golders Green,124
6675,729440,Make Play and Continuous Provision statutory in England's Key Stage 1 Curriculum,,Folkestone and Hythe,190
6676,729440,Make Play and Continuous Provision statutory in England's Key Stage 1 Curriculum,,Forest of Dean,264
6677,729440,Make Play and Continuous Provision statutory in England's Key Stage 1 Curriculum,,Frome and East Somerset,287
6678,729440,Make Play and Continuous Provision statutory in England's Key Stage 1 Curriculum,,Fylde,141
6679,729440,Make Play and Continuous Provision statutory in England's Key Stage 1 Curriculum,,Gainsborough,217
6680,729440,Make Play and Continuous Provision statutory in England's Key Stage 1 Curriculum,,Gateshead Central and Whickham,132
6681,729440,Make Play and Continuous Provision statutory in England's Key Stage 1 Curriculum,,Gedling,313
6682,729440,Make Play and Continuous Provision statutory in England's Key Stage 1 Curriculum,,Gillingham and Rainham,168
6683,729440,Make Play and Continuous Provision statutory in England's Key Stage 1 Curriculum,,Glastonbury and Somerton,182
6684,729440,Make Play and Continuous Provision statutory in England's Key Stage 1 Curriculum,,Gloucester,193
6685,729440,Make Play and Continuous Provision statutory in England's Key Stage 1 Curriculum,,Godalming and Ash,269
6686,729440,Make Play and Continuous Provision statutory in England's Key Stage 1 Curriculum,,Goole and Pocklington,258
6687,729440,Make Play and Continuous Provision statutory in England's Key Stage 1 Curriculum,,Gorton and Denton,134
6688,729440,Make Play and Continuous Provision statutory in England's Key Stage 1 Curriculum,,Gosport,126
6689,729440,Make Play and Continuous Provision statutory in England's Key Stage 1 Curriculum,,Grantham and Bourne,194
6690,729440,Make Play and Continuous Provision statutory in England's Key Stage 1 Curriculum,,Gravesham,172
6691,729440,Make Play and Continuous Provision statutory in England's Key Stage 1 Curriculum,,Great Grimsby and Cleethorpes,107
6692,729440,Make Play and Continuous Provision statutory in England's Key Stage 1 Curriculum,,Great Yarmouth,119
6693,729440,Make Play and Continuous Provision statutory in England's Key Stage 1 Curriculum,,Greenwich and Woolwich,118
6694,729440,Make Play and Continuous Provision statutory in England's Key Stage 1 Curriculum,,Guildford,183
6695,729440,Make Play and Continuous Provision statutory in England's Key Stage 1 Curriculum,,Hackney North and Stoke Newington,185
6696,729440,Make Play and Continuous Provision statutory in England's Key Stage 1 Curriculum,,Hackney South and Shoreditch,119
6697,729440,Make Play and Continuous Provision statutory in England's Key Stage 1 Curriculum,,Halesowen,189
6698,729440,Make Play and Continuous Provision statutory in England's Key Stage 1 Curriculum,,Halifax,170
6699,729440,Make Play and Continuous Provision statutory in England's Key Stage 1 Curriculum,,Hamble Valley,286
6700,729440,Make Play and Continuous Provision statutory in England's Key Stage 1 Curriculum,,Hammersmith and Chiswick,86
6701,729440,Make Play and Continuous Provision statutory in England's Key Stage 1 Curriculum,,Hampstead and Highgate,85
6702,729440,Make Play and Continuous Provision statutory in England's Key Stage 1 Curriculum,,"Harborough, Oadby and Wigston",246
6703,729440,Make Play and Continuous Provision statutory in England's Key Stage 1 Curriculum,,Harlow,199
6704,729440,Make Play and Continuous Provision statutory in England's Key Stage 1 Curriculum,,Harpenden and Berkhamsted,294
6705,729440,Make Play and Continuous Provision statutory in England's Key Stage 1 Curriculum,,Harrogate and Knaresborough,272
6706,729440,Make Play and Continuous Provision statutory in England's Key Stage 1 Curriculum,,Harrow East,47
6707,729440,Make Play and Continuous Provision statutory in England's Key Stage 1 Curriculum,,Harrow West,65
6708,729440,Make Play and Continuous Provision statutory in England's Key Stage 1 Curriculum,,Hartlepool,131
6709,729440,Make Play and Continuous Provision statutory in England's Key Stage 1 Curriculum,,Harwich and North Essex,253
6710,729440,Make Play and Continuous Provision statutory in England's Key Stage 1 Curriculum,,Hastings and Rye,203
6711,729440,Make Play and Continuous Provision statutory in England's Key Stage 1 Curriculum,,Havant,134
6712,729440,Make Play and Continuous Provision statutory in England's Key Stage 1 Curriculum,,Hayes and Harlington,43
6713,729440,Make Play and Continuous Provision statutory in England's Key Stage 1 Curriculum,,Hazel Grove,279
6714,729440,Make Play and Continuous Provision statutory in England's Key Stage 1 Curriculum,,Hemel Hempstead,249
6715,729440,Make Play and Continuous Provision statutory in England's Key Stage 1 Curriculum,,Hendon,70
6716,729440,Make Play and Continuous Provision statutory in England's Key Stage 1 Curriculum,,Henley and Thame,263
6717,729440,Make Play and Continuous Provision statutory in England's Key Stage 1 Curriculum,,Hereford and South Herefordshire,207
6718,729440,Make Play and Continuous Provision statutory in England's Key Stage 1 Curriculum,,Herne Bay and Sandwich,151
6719,729440,Make Play and Continuous Provision statutory in England's Key Stage 1 Curriculum,,Hertford and Stortford,365
6720,729440,Make Play and Continuous Provision statutory in England's Key Stage 1 Curriculum,,Hertsmere,145
6721,729440,Make Play and Continuous Provision statutory in England's Key Stage 1 Curriculum,,Hexham,162
6722,729440,Make Play and Continuous Provision statutory in England's Key Stage 1 Curriculum,,Heywood and Middleton North,110
6723,729440,Make Play and Continuous Provision statutory in England's Key Stage 1 Curriculum,,High Peak,161
6724,729440,Make Play and Continuous Provision statutory in England's Key Stage 1 Curriculum,,Hinckley and Bosworth,219
6725,729440,Make Play and Continuous Provision statutory in England's Key Stage 1 Curriculum,,Hitchin,389
6726,729440,Make Play and Continuous Provision statutory in England's Key Stage 1 Curriculum,,Holborn and St Pancras,60
6727,729440,Make Play and Continuous Provision statutory in England's Key Stage 1 Curriculum,,Honiton and Sidmouth,210
6728,729440,Make Play and Continuous Provision statutory in England's Key Stage 1 Curriculum,,Hornchurch and Upminster,154
6729,729440,Make Play and Continuous Provision statutory in England's Key Stage 1 Curriculum,,Hornsey and Friern Barnet,223
6730,729440,Make Play and Continuous Provision statutory in England's Key Stage 1 Curriculum,,Horsham,341
6731,729440,Make Play and Continuous Provision statutory in England's Key Stage 1 Curriculum,,Houghton and Sunderland South,117
6732,729440,Make Play and Continuous Provision statutory in England's Key Stage 1 Curriculum,,Hove and Portslade,347
6733,729440,Make Play and Continuous Provision statutory in England's Key Stage 1 Curriculum,,Huddersfield,110
6734,729440,Make Play and Continuous Provision statutory in England's Key Stage 1 Curriculum,,Huntingdon,311
6735,729440,Make Play and Continuous Provision statutory in England's Key Stage 1 Curriculum,,Hyndburn,114
6736,729440,Make Play and Continuous Provision statutory in England's Key Stage 1 Curriculum,,Ilford North,63
6737,729440,Make Play and Continuous Provision statutory in England's Key Stage 1 Curriculum,,Ilford South,46
6738,729440,Make Play and Continuous Provision statutory in England's Key Stage 1 Curriculum,,Ipswich,207
6739,729440,Make Play and Continuous Provision statutory in England's Key Stage 1 Curriculum,,Isle of Wight East,74
6740,729440,Make Play and Continuous Provision statutory in England's Key Stage 1 Curriculum,,Isle of Wight West,121
6741,729440,Make Play and Continuous Provision statutory in England's Key Stage 1 Curriculum,,Islington North,130
6742,729440,Make Play and Continuous Provision statutory in England's Key Stage 1 Curriculum,,Islington South and Finsbury,100
6743,729440,Make Play and Continuous Provision statutory in England's Key Stage 1 Curriculum,,Jarrow and Gateshead East,86
6744,729440,Make Play and Continuous Provision statutory in England's Key Stage 1 Curriculum,,Keighley and Ilkley,168
6745,729440,Make Play and Continuous Provision statutory in England's Key Stage 1 Curriculum,,Kenilworth and Southam,294
6746,729440,Make Play and Continuous Provision statutory in England's Key Stage 1 Curriculum,,Kensington and Bayswater,58
6747,729440,Make Play and Continuous Provision statutory in England's Key Stage 1 Curriculum,,Kettering,233
6748,729440,Make Play and Continuous Provision statutory in England's Key Stage 1 Curriculum,,Kingston and Surbiton,284
6749,729440,Make Play and Continuous Provision statutory in England's Key Stage 1 Curriculum,,Kingston upon Hull East,128
6750,729440,Make Play and Continuous Provision statutory in England's Key Stage 1 Curriculum,,Kingston upon Hull North and Cottingham,210
6751,729440,Make Play and Continuous Provision statutory in England's Key Stage 1 Curriculum,,Kingston upon Hull West and Haltemprice,167
6752,729440,Make Play and Continuous Provision statutory in England's Key Stage 1 Curriculum,,Kingswinford and South Staffordshire,439
6753,729440,Make Play and Continuous Provision statutory in England's Key Stage 1 Curriculum,,Knowsley,148
6754,729440,Make Play and Continuous Provision statutory in England's Key Stage 1 Curriculum,,Lancaster and Wyre,170
6755,729440,Make Play and Continuous Provision statutory in England's Key Stage 1 Curriculum,,Leeds Central and Headingley,159
6756,729440,Make Play and Continuous Provision statutory in England's Key Stage 1 Curriculum,,Leeds East,164
6757,729440,Make Play and Continuous Provision statutory in England's Key Stage 1 Curriculum,,Leeds North East,341
6758,729440,Make Play and Continuous Provision statutory in England's Key Stage 1 Curriculum,,Leeds North West,356
6759,729440,Make Play and Continuous Provision statutory in England's Key Stage 1 Curriculum,,Leeds South,68
6760,729440,Make Play and Continuous Provision statutory in England's Key Stage 1 Curriculum,,Leeds South West and Morley,218
6761,729440,Make Play and Continuous Provision statutory in England's Key Stage 1 Curriculum,,Leeds West and Pudsey,248
6762,729440,Make Play and Continuous Provision statutory in England's Key Stage 1 Curriculum,,Leicester East,44
6763,729440,Make Play and Continuous Provision statutory in England's Key Stage 1 Curriculum,,Leicester South,88
6764,729440,Make Play and Continuous Provision statutory in England's Key Stage 1 Curriculum,,Leicester West,94
6765,729440,Make Play and Continuous Provision statutory in England's Key Stage 1 Curriculum,,Leigh and Atherton,177
6766,729440,Make Play and Continuous Provision statutory in England's Key Stage 1 Curriculum,,Lewes,264
6767,729440,Make Play and Continuous Provision statutory in England's Key Stage 1 Curriculum,,Lewisham East,152
6768,729440,Make Play and Continuous Provision statutory in England's Key Stage 1 Curriculum,,Lewisham North,133
6769,729440,Make Play and Continuous Provision statutory in England's Key Stage 1 Curriculum,,Lewisham West and East Dulwich,209
6770,729440,Make Play and Continuous Provision statutory in England's Key Stage 1 Curriculum,,Leyton and Wanstead,221
6771,729440,Make Play and Continuous Provision statutory in England's Key Stage 1 Curriculum,,Lichfield,370
6772,729440,Make Play and Continuous Provision statutory in England's Key Stage 1 Curriculum,,Lincoln,214
6773,729440,Make Play and Continuous Provision statutory in England's Key Stage 1 Curriculum,,Liverpool Garston,238
6774,729440,Make Play and Continuous Provision statutory in England's Key Stage 1 Curriculum,,Liverpool Riverside,117
6775,729440,Make Play and Continuous Provision statutory in England's Key Stage 1 Curriculum,,Liverpool Walton,121
6776,729440,Make Play and Continuous Provision statutory in England's Key Stage 1 Curriculum,,Liverpool Wavertree,219
6777,729440,Make Play and Continuous Provision statutory in England's Key Stage 1 Curriculum,,Liverpool West Derby,170
6778,729440,Make Play and Continuous Provision statutory in England's Key Stage 1 Curriculum,,Loughborough,255
6779,729440,Make Play and Continuous Provision statutory in England's Key Stage 1 Curriculum,,Louth and Horncastle,147
6780,729440,Make Play and Continuous Provision statutory in England's Key Stage 1 Curriculum,,Lowestoft,142
6781,729440,Make Play and Continuous Provision statutory in England's Key Stage 1 Curriculum,,Luton North,96
6782,729440,Make Play and Continuous Provision statutory in England's Key Stage 1 Curriculum,,Luton South and South Bedfordshire,88
6783,729440,Make Play and Continuous Provision statutory in England's Key Stage 1 Curriculum,,Macclesfield,242
6784,729440,Make Play and Continuous Provision statutory in England's Key Stage 1 Curriculum,,Maidenhead,233
6785,729440,Make Play and Continuous Provision statutory in England's Key Stage 1 Curriculum,,Maidstone and Malling,221
6786,729440,Make Play and Continuous Provision statutory in England's Key Stage 1 Curriculum,,Makerfield,159
6787,729440,Make Play and Continuous Provision statutory in England's Key Stage 1 Curriculum,,Maldon,215
6788,729440,Make Play and Continuous Provision statutory in England's Key Stage 1 Curriculum,,Manchester Central,79
6789,729440,Make Play and Continuous Provision statutory in England's Key Stage 1 Curriculum,,Manchester Rusholme,36
6790,729440,Make Play and Continuous Provision statutory in England's Key Stage 1 Curriculum,,Manchester Withington,177
6791,729440,Make Play and Continuous Provision statutory in England's Key Stage 1 Curriculum,,Mansfield,168
6792,729440,Make Play and Continuous Provision statutory in England's Key Stage 1 Curriculum,,Melksham and Devizes,211
6793,729440,Make Play and Continuous Provision statutory in England's Key Stage 1 Curriculum,,Melton and Syston,197
6794,729440,Make Play and Continuous Provision statutory in England's Key Stage 1 Curriculum,,Meriden and Solihull East,200
6795,729440,Make Play and Continuous Provision statutory in England's Key Stage 1 Curriculum,,Mid Bedfordshire,295
6796,729440,Make Play and Continuous Provision statutory in England's Key Stage 1 Curriculum,,Mid Buckinghamshire,276
6797,729440,Make Play and Continuous Provision statutory in England's Key Stage 1 Curriculum,,Mid Cheshire,175
6798,729440,Make Play and Continuous Provision statutory in England's Key Stage 1 Curriculum,,Mid Derbyshire,283
6799,729440,Make Play and Continuous Provision statutory in England's Key Stage 1 Curriculum,,Mid Dorset and North Poole,256
6800,729440,Make Play and Continuous Provision statutory in England's Key Stage 1 Curriculum,,Mid Leicestershire,251
6801,729440,Make Play and Continuous Provision statutory in England's Key Stage 1 Curriculum,,Mid Norfolk,172
6802,729440,Make Play and Continuous Provision statutory in England's Key Stage 1 Curriculum,,Mid Sussex,289
6803,729440,Make Play and Continuous Provision statutory in England's Key Stage 1 Curriculum,,Middlesbrough and Thornaby East,82
6804,729440,Make Play and Continuous Provision statutory in England's Key Stage 1 Curriculum,,Middlesbrough South and East Cleveland,129
6805,729440,Make Play and Continuous Provision statutory in England's Key Stage 1 Curriculum,,Milton Keynes Central,139
6806,729440,Make Play and Continuous Provision statutory in England's Key Stage 1 Curriculum,,Milton Keynes North,208
6807,729440,Make Play and Continuous Provision statutory in England's Key Stage 1 Curriculum,,Mitcham and Morden,169
6808,729440,Make Play and Continuous Provision statutory in England's Key Stage 1 Curriculum,,Morecambe and Lunesdale,156
6809,729440,Make Play and Continuous Provision statutory in England's Key Stage 1 Curriculum,,New Forest East,232
6810,729440,Make Play and Continuous Provision statutory in England's Key Stage 1 Curriculum,,New Forest West,144
6811,729440,Make Play and Continuous Provision statutory in England's Key Stage 1 Curriculum,,Newark,241
6812,729440,Make Play and Continuous Provision statutory in England's Key Stage 1 Curriculum,,Newbury,247
6813,729440,Make Play and Continuous Provision statutory in England's Key Stage 1 Curriculum,,Newcastle upon Tyne Central and West,72
6814,729440,Make Play and Continuous Provision statutory in England's Key Stage 1 Curriculum,,Newcastle upon Tyne East and Wallsend,140
6815,729440,Make Play and Continuous Provision statutory in England's Key Stage 1 Curriculum,,Newcastle upon Tyne North,168
6816,729440,Make Play and Continuous Provision statutory in England's Key Stage 1 Curriculum,,Newcastle-under-Lyme,155
6817,729440,Make Play and Continuous Provision statutory in England's Key Stage 1 Curriculum,,Newton Abbot,255
6818,729440,Make Play and Continuous Provision statutory in England's Key Stage 1 Curriculum,,Newton Aycliffe and Spennymoor,142
6819,729440,Make Play and Continuous Provision statutory in England's Key Stage 1 Curriculum,,Normanton and Hemsworth,170
6820,729440,Make Play and Continuous Provision statutory in England's Key Stage 1 Curriculum,,North Bedfordshire,303
6821,729440,Make Play and Continuous Provision statutory in England's Key Stage 1 Curriculum,,North Cornwall,196
6822,729440,Make Play and Continuous Provision statutory in England's Key Stage 1 Curriculum,,North Cotswolds,288
6823,729440,Make Play and Continuous Provision statutory in England's Key Stage 1 Curriculum,,North Devon,148
6824,729440,Make Play and Continuous Provision statutory in England's Key Stage 1 Curriculum,,North Dorset,222
6825,729440,Make Play and Continuous Provision statutory in England's Key Stage 1 Curriculum,,North Durham,102
6826,729440,Make Play and Continuous Provision statutory in England's Key Stage 1 Curriculum,,North East Cambridgeshire,165
6827,729440,Make Play and Continuous Provision statutory in England's Key Stage 1 Curriculum,,North East Derbyshire,208
6828,729440,Make Play and Continuous Provision statutory in England's Key Stage 1 Curriculum,,North East Hampshire,347
6829,729440,Make Play and Continuous Provision statutory in England's Key Stage 1 Curriculum,,North East Hertfordshire,318
6830,729440,Make Play and Continuous Provision statutory in England's Key Stage 1 Curriculum,,North East Somerset and Hanham,295
6831,729440,Make Play and Continuous Provision statutory in England's Key Stage 1 Curriculum,,North Herefordshire,199
6832,729440,Make Play and Continuous Provision statutory in England's Key Stage 1 Curriculum,,North Norfolk,117
6833,729440,Make Play and Continuous Provision statutory in England's Key Stage 1 Curriculum,,North Northumberland,140
6834,729440,Make Play and Continuous Provision statutory in England's Key Stage 1 Curriculum,,North Shropshire,160
6835,729440,Make Play and Continuous Provision statutory in England's Key Stage 1 Curriculum,,North Somerset,323
6836,729440,Make Play and Continuous Provision statutory in England's Key Stage 1 Curriculum,,North Warwickshire and Bedworth,174
6837,729440,Make Play and Continuous Provision statutory in England's Key Stage 1 Curriculum,,North West Cambridgeshire,218
6838,729440,Make Play and Continuous Provision statutory in England's Key Stage 1 Curriculum,,North West Essex,309
6839,729440,Make Play and Continuous Provision statutory in England's Key Stage 1 Curriculum,,North West Hampshire,269
6840,729440,Make Play and Continuous Provision statutory in England's Key Stage 1 Curriculum,,North West Leicestershire,264
6841,729440,Make Play and Continuous Provision statutory in England's Key Stage 1 Curriculum,,North West Norfolk,130
6842,729440,Make Play and Continuous Provision statutory in England's Key Stage 1 Curriculum,,Northampton North,202
6843,729440,Make Play and Continuous Provision statutory in England's Key Stage 1 Curriculum,,Northampton South,208
6844,729440,Make Play and Continuous Provision statutory in England's Key Stage 1 Curriculum,,Norwich North,172
6845,729440,Make Play and Continuous Provision statutory in England's Key Stage 1 Curriculum,,Norwich South,139
6846,729440,Make Play and Continuous Provision statutory in England's Key Stage 1 Curriculum,,Nottingham East,143
6847,729440,Make Play and Continuous Provision statutory in England's Key Stage 1 Curriculum,,Nottingham North and Kimberley,128
6848,729440,Make Play and Continuous Provision statutory in England's Key Stage 1 Curriculum,,Nottingham South,112
6849,729440,Make Play and Continuous Provision statutory in England's Key Stage 1 Curriculum,,Nuneaton,140
6850,729440,Make Play and Continuous Provision statutory in England's Key Stage 1 Curriculum,,Old Bexley and Sidcup,244
6851,729440,Make Play and Continuous Provision statutory in England's Key Stage 1 Curriculum,,Oldham East and Saddleworth,163
6852,729440,Make Play and Continuous Provision statutory in England's Key Stage 1 Curriculum,,"Oldham West, Chadderton and Royton",122
6853,729440,Make Play and Continuous Provision statutory in England's Key Stage 1 Curriculum,,Orpington,179
6854,729440,Make Play and Continuous Provision statutory in England's Key Stage 1 Curriculum,,Ossett and Denby Dale,215
6855,729440,Make Play and Continuous Provision statutory in England's Key Stage 1 Curriculum,,Oxford East,164
6856,729440,Make Play and Continuous Provision statutory in England's Key Stage 1 Curriculum,,Oxford West and Abingdon,194
6857,729440,Make Play and Continuous Provision statutory in England's Key Stage 1 Curriculum,,Peckham,60
6858,729440,Make Play and Continuous Provision statutory in England's Key Stage 1 Curriculum,,Pendle and Clitheroe,192
6859,729440,Make Play and Continuous Provision statutory in England's Key Stage 1 Curriculum,,Penistone and Stocksbridge,227
6860,729440,Make Play and Continuous Provision statutory in England's Key Stage 1 Curriculum,,Penrith and Solway,196
6861,729440,Make Play and Continuous Provision statutory in England's Key Stage 1 Curriculum,,Peterborough,118
6862,729440,Make Play and Continuous Provision statutory in England's Key Stage 1 Curriculum,,Plymouth Moor View,156
6863,729440,Make Play and Continuous Provision statutory in England's Key Stage 1 Curriculum,,Plymouth Sutton and Devonport,184
6864,729440,Make Play and Continuous Provision statutory in England's Key Stage 1 Curriculum,,"Pontefract, Castleford and Knottingley",155
6865,729440,Make Play and Continuous Provision statutory in England's Key Stage 1 Curriculum,,Poole,193
6866,729440,Make Play and Continuous Provision statutory in England's Key Stage 1 Curriculum,,Poplar and Limehouse,83
6867,729440,Make Play and Continuous Provision statutory in England's Key Stage 1 Curriculum,,Portsmouth North,147
6868,729440,Make Play and Continuous Provision statutory in England's Key Stage 1 Curriculum,,Portsmouth South,153
6869,729440,Make Play and Continuous Provision statutory in England's Key Stage 1 Curriculum,,Preston,112
6870,729440,Make Play and Continuous Provision statutory in England's Key Stage 1 Curriculum,,Putney,158
6871,729440,Make Play and Continuous Provision statutory in England's Key Stage 1 Curriculum,,Queen's Park and Maida Vale,65
6872,729440,Make Play and Continuous Provision statutory in England's Key Stage 1 Curriculum,,Rawmarsh and Conisbrough,143
6873,729440,Make Play and Continuous Provision statutory in England's Key Stage 1 Curriculum,,Rayleigh and Wickford,208
6874,729440,Make Play and Continuous Provision statutory in England's Key Stage 1 Curriculum,,Reading Central,154
6875,729440,Make Play and Continuous Provision statutory in England's Key Stage 1 Curriculum,,Reading West and Mid Berkshire,219
6876,729440,Make Play and Continuous Provision statutory in England's Key Stage 1 Curriculum,,Redcar,102
6877,729440,Make Play and Continuous Provision statutory in England's Key Stage 1 Curriculum,,Redditch,241
6878,729440,Make Play and Continuous Provision statutory in England's Key Stage 1 Curriculum,,Reigate,271
6879,729440,Make Play and Continuous Provision statutory in England's Key Stage 1 Curriculum,,Ribble Valley,248
6880,729440,Make Play and Continuous Provision statutory in England's Key Stage 1 Curriculum,,Richmond and Northallerton,145
6881,729440,Make Play and Continuous Provision statutory in England's Key Stage 1 Curriculum,,Richmond Park,209
6882,729440,Make Play and Continuous Provision statutory in England's Key Stage 1 Curriculum,,Rochdale,141
6883,729440,Make Play and Continuous Provision statutory in England's Key Stage 1 Curriculum,,Rochester and Strood,184
6884,729440,Make Play and Continuous Provision statutory in England's Key Stage 1 Curriculum,,Romford,130
6885,729440,Make Play and Continuous Provision statutory in England's Key Stage 1 Curriculum,,Romsey and Southampton North,212
6886,729440,Make Play and Continuous Provision statutory in England's Key Stage 1 Curriculum,,Rossendale and Darwen,208
6887,729440,Make Play and Continuous Provision statutory in England's Key Stage 1 Curriculum,,Rother Valley,159
6888,729440,Make Play and Continuous Provision statutory in England's Key Stage 1 Curriculum,,Rotherham,130
6889,729440,Make Play and Continuous Provision statutory in England's Key Stage 1 Curriculum,,Rugby,224
6890,729440,Make Play and Continuous Provision statutory in England's Key Stage 1 Curriculum,,"Ruislip, Northwood and Pinner",121
6891,729440,Make Play and Continuous Provision statutory in England's Key Stage 1 Curriculum,,Runcorn and Helsby,149
6892,729440,Make Play and Continuous Provision statutory in England's Key Stage 1 Curriculum,,Runnymede and Weybridge,252
6893,729440,Make Play and Continuous Provision statutory in England's Key Stage 1 Curriculum,,Rushcliffe,293
6894,729440,Make Play and Continuous Provision statutory in England's Key Stage 1 Curriculum,,Rutland and Stamford,193
6895,729440,Make Play and Continuous Provision statutory in England's Key Stage 1 Curriculum,,Salford,116
6896,729440,Make Play and Continuous Provision statutory in England's Key Stage 1 Curriculum,,Salisbury,194
6897,729440,Make Play and Continuous Provision statutory in England's Key Stage 1 Curriculum,,Scarborough and Whitby,167
6898,729440,Make Play and Continuous Provision statutory in England's Key Stage 1 Curriculum,,Scunthorpe,121
6899,729440,Make Play and Continuous Provision statutory in England's Key Stage 1 Curriculum,,Sefton Central,249
6900,729440,Make Play and Continuous Provision statutory in England's Key Stage 1 Curriculum,,Selby,278
6901,729440,Make Play and Continuous Provision statutory in England's Key Stage 1 Curriculum,,Sevenoaks,204
6902,729440,Make Play and Continuous Provision statutory in England's Key Stage 1 Curriculum,,Sheffield Brightside and Hillsborough,150
6903,729440,Make Play and Continuous Provision statutory in England's Key Stage 1 Curriculum,,Sheffield Central,173
6904,729440,Make Play and Continuous Provision statutory in England's Key Stage 1 Curriculum,,Sheffield Hallam,342
6905,729440,Make Play and Continuous Provision statutory in England's Key Stage 1 Curriculum,,Sheffield Heeley,264
6906,729440,Make Play and Continuous Provision statutory in England's Key Stage 1 Curriculum,,Sheffield South East,146
6907,729440,Make Play and Continuous Provision statutory in England's Key Stage 1 Curriculum,,Sherwood Forest,247
6908,729440,Make Play and Continuous Provision statutory in England's Key Stage 1 Curriculum,,Shipley,304
6909,729440,Make Play and Continuous Provision statutory in England's Key Stage 1 Curriculum,,Shrewsbury,243
6910,729440,Make Play and Continuous Provision statutory in England's Key Stage 1 Curriculum,,Sittingbourne and Sheppey,127
6911,729440,Make Play and Continuous Provision statutory in England's Key Stage 1 Curriculum,,Skipton and Ripon,212
6912,729440,Make Play and Continuous Provision statutory in England's Key Stage 1 Curriculum,,Sleaford and North Hykeham,222
6913,729440,Make Play and Continuous Provision statutory in England's Key Stage 1 Curriculum,,Slough,82
6914,729440,Make Play and Continuous Provision statutory in England's Key Stage 1 Curriculum,,Smethwick,156
6915,729440,Make Play and Continuous Provision statutory in England's Key Stage 1 Curriculum,,Solihull West and Shirley,217
6916,729440,Make Play and Continuous Provision statutory in England's Key Stage 1 Curriculum,,South Basildon and East Thurrock,146
6917,729440,Make Play and Continuous Provision statutory in England's Key Stage 1 Curriculum,,South Cambridgeshire,305
6918,729440,Make Play and Continuous Provision statutory in England's Key Stage 1 Curriculum,,South Cotswolds,218
6919,729440,Make Play and Continuous Provision statutory in England's Key Stage 1 Curriculum,,South Derbyshire,232
6920,729440,Make Play and Continuous Provision statutory in England's Key Stage 1 Curriculum,,South Devon,234
6921,729440,Make Play and Continuous Provision statutory in England's Key Stage 1 Curriculum,,South Dorset,202
6922,729440,Make Play and Continuous Provision statutory in England's Key Stage 1 Curriculum,,South East Cornwall,147
6923,729440,Make Play and Continuous Provision statutory in England's Key Stage 1 Curriculum,,South Holland and The Deepings,138
6924,729440,Make Play and Continuous Provision statutory in England's Key Stage 1 Curriculum,,South Leicestershire,302
6925,729440,Make Play and Continuous Provision statutory in England's Key Stage 1 Curriculum,,South Norfolk,254
6926,729440,Make Play and Continuous Provision statutory in England's Key Stage 1 Curriculum,,South Northamptonshire,351
6927,729440,Make Play and Continuous Provision statutory in England's Key Stage 1 Curriculum,,South Ribble,239
6928,729440,Make Play and Continuous Provision statutory in England's Key Stage 1 Curriculum,,South Shields,127
6929,729440,Make Play and Continuous Provision statutory in England's Key Stage 1 Curriculum,,South Shropshire,248
6930,729440,Make Play and Continuous Provision statutory in England's Key Stage 1 Curriculum,,South Suffolk,239
6931,729440,Make Play and Continuous Provision statutory in England's Key Stage 1 Curriculum,,South West Devon,388
6932,729440,Make Play and Continuous Provision statutory in England's Key Stage 1 Curriculum,,South West Hertfordshire,182
6933,729440,Make Play and Continuous Provision statutory in England's Key Stage 1 Curriculum,,South West Norfolk,166
6934,729440,Make Play and Continuous Provision statutory in England's Key Stage 1 Curriculum,,South West Wiltshire,232
6935,729440,Make Play and Continuous Provision statutory in England's Key Stage 1 Curriculum,,Southampton Itchen,146
6936,729440,Make Play and Continuous Provision statutory in England's Key Stage 1 Curriculum,,Southampton Test,117
6937,729440,Make Play and Continuous Provision statutory in England's Key Stage 1 Curriculum,,Southend East and Rochford,145
6938,729440,Make Play and Continuous Provision statutory in England's Key Stage 1 Curriculum,,Southend West and Leigh,223
6939,729440,Make Play and Continuous Provision statutory in England's Key Stage 1 Curriculum,,Southgate and Wood Green,181
6940,729440,Make Play and Continuous Provision statutory in England's Key Stage 1 Curriculum,,Southport,195
6941,729440,Make Play and Continuous Provision statutory in England's Key Stage 1 Curriculum,,Spelthorne,200
6942,729440,Make Play and Continuous Provision statutory in England's Key Stage 1 Curriculum,,Spen Valley,251
6943,729440,Make Play and Continuous Provision statutory in England's Key Stage 1 Curriculum,,St Albans,216
6944,729440,Make Play and Continuous Provision statutory in England's Key Stage 1 Curriculum,,St Austell and Newquay,182
6945,729440,Make Play and Continuous Provision statutory in England's Key Stage 1 Curriculum,,St Helens North,189
6946,729440,Make Play and Continuous Provision statutory in England's Key Stage 1 Curriculum,,St Helens South and Whiston,155
6947,729440,Make Play and Continuous Provision statutory in England's Key Stage 1 Curriculum,,St Ives,223
6948,729440,Make Play and Continuous Provision statutory in England's Key Stage 1 Curriculum,,St Neots and Mid Cambridgeshire,289
6949,729440,Make Play and Continuous Provision statutory in England's Key Stage 1 Curriculum,,Stafford,207
6950,729440,Make Play and Continuous Provision statutory in England's Key Stage 1 Curriculum,,Staffordshire Moorlands,153
6951,729440,Make Play and Continuous Provision statutory in England's Key Stage 1 Curriculum,,Stalybridge and Hyde,144
6952,729440,Make Play and Continuous Provision statutory in England's Key Stage 1 Curriculum,,Stevenage,184
6953,729440,Make Play and Continuous Provision statutory in England's Key Stage 1 Curriculum,,Stockport,277
6954,729440,Make Play and Continuous Provision statutory in England's Key Stage 1 Curriculum,,Stockton North,151
6955,729440,Make Play and Continuous Provision statutory in England's Key Stage 1 Curriculum,,Stockton West,210
6956,729440,Make Play and Continuous Provision statutory in England's Key Stage 1 Curriculum,,Stoke-on-Trent Central,91
6957,729440,Make Play and Continuous Provision statutory in England's Key Stage 1 Curriculum,,Stoke-on-Trent North,104
6958,729440,Make Play and Continuous Provision statutory in England's Key Stage 1 Curriculum,,Stoke-on-Trent South,104
6959,729440,Make Play and Continuous Provision statutory in England's Key Stage 1 Curriculum,,"Stone, Great Wyrley and Penkridge",295
6960,729440,Make Play and Continuous Provision statutory in England's Key Stage 1 Curriculum,,Stourbridge,214
6961,729440,Make Play and Continuous Provision statutory in England's Key Stage 1 Curriculum,,Stratford and Bow,119
6962,729440,Make Play and Continuous Provision statutory in England's Key Stage 1 Curriculum,,Stratford-on-Avon,248
6963,729440,Make Play and Continuous Provision statutory in England's Key Stage 1 Curriculum,,Streatham and Croydon North,192
6964,729440,Make Play and Continuous Provision statutory in England's Key Stage 1 Curriculum,,Stretford and Urmston,245
6965,729440,Make Play and Continuous Provision statutory in England's Key Stage 1 Curriculum,,Stroud,329
6966,729440,Make Play and Continuous Provision statutory in England's Key Stage 1 Curriculum,,Suffolk Coastal,176
6967,729440,Make Play and Continuous Provision statutory in England's Key Stage 1 Curriculum,,Sunderland Central,113
6968,729440,Make Play and Continuous Provision statutory in England's Key Stage 1 Curriculum,,Surrey Heath,220
6969,729440,Make Play and Continuous Provision statutory in England's Key Stage 1 Curriculum,,Sussex Weald,266
6970,729440,Make Play and Continuous Provision statutory in England's Key Stage 1 Curriculum,,Sutton and Cheam,181
6971,729440,Make Play and Continuous Provision statutory in England's Key Stage 1 Curriculum,,Sutton Coldfield,208
6972,729440,Make Play and Continuous Provision statutory in England's Key Stage 1 Curriculum,,Swindon North,274
6973,729440,Make Play and Continuous Provision statutory in England's Key Stage 1 Curriculum,,Swindon South,187
6974,729440,Make Play and Continuous Provision statutory in England's Key Stage 1 Curriculum,,Tamworth,221
6975,729440,Make Play and Continuous Provision statutory in England's Key Stage 1 Curriculum,,Tatton,257
6976,729440,Make Play and Continuous Provision statutory in England's Key Stage 1 Curriculum,,Taunton and Wellington,187
6977,729440,Make Play and Continuous Provision statutory in England's Key Stage 1 Curriculum,,Telford,205
6978,729440,Make Play and Continuous Provision statutory in England's Key Stage 1 Curriculum,,Tewkesbury,238
6979,729440,Make Play and Continuous Provision statutory in England's Key Stage 1 Curriculum,,The Wrekin,258
6980,729440,Make Play and Continuous Provision statutory in England's Key Stage 1 Curriculum,,Thirsk and Malton,172
6981,729440,Make Play and Continuous Provision statutory in England's Key Stage 1 Curriculum,,Thornbury and Yate,281
6982,729440,Make Play and Continuous Provision statutory in England's Key Stage 1 Curriculum,,Thurrock,107
6983,729440,Make Play and Continuous Provision statutory in England's Key Stage 1 Curriculum,,Tipton and Wednesbury,65
6984,729440,Make Play and Continuous Provision statutory in England's Key Stage 1 Curriculum,,Tiverton and Minehead,128
6985,729440,Make Play and Continuous Provision statutory in England's Key Stage 1 Curriculum,,Tonbridge,235
6986,729440,Make Play and Continuous Provision statutory in England's Key Stage 1 Curriculum,,Tooting,155
6987,729440,Make Play and Continuous Provision statutory in England's Key Stage 1 Curriculum,,Torbay,179
6988,729440,Make Play and Continuous Provision statutory in England's Key Stage 1 Curriculum,,Torridge and Tavistock,178
6989,729440,Make Play and Continuous Provision statutory in England's Key Stage 1 Curriculum,,Tottenham,149
6990,729440,Make Play and Continuous Provision statutory in England's Key Stage 1 Curriculum,,Truro and Falmouth,285
6991,729440,Make Play and Continuous Provision statutory in England's Key Stage 1 Curriculum,,Tunbridge Wells,447
6992,729440,Make Play and Continuous Provision statutory in England's Key Stage 1 Curriculum,,Twickenham,342
6993,729440,Make Play and Continuous Provision statutory in England's Key Stage 1 Curriculum,,Tynemouth,248
6994,729440,Make Play and Continuous Provision statutory in England's Key Stage 1 Curriculum,,Uxbridge and South Ruislip,138
6995,729440,Make Play and Continuous Provision statutory in England's Key Stage 1 Curriculum,,Vauxhall and Camberwell Green,52
6996,729440,Make Play and Continuous Provision statutory in England's Key Stage 1 Curriculum,,Wakefield and Rothwell,209
6997,729440,Make Play and Continuous Provision statutory in England's Key Stage 1 Curriculum,,Wallasey,141
6998,729440,Make Play and Continuous Provision statutory in England's Key Stage 1 Curriculum,,Walsall and Bloxwich,81
6999,729440,Make Play and Continuous Provision statutory in England's Key Stage 1 Curriculum,,Walthamstow,322
7000,729440,Make Play and Continuous Provision statutory in England's Key Stage 1 Curriculum,,Warrington North,137
7001,729440,Make Play and Continuous Provision statutory in England's Key Stage 1 Curriculum,,Warrington South,227
7002,729440,Make Play and Continuous Provision statutory in England's Key Stage 1 Curriculum,,Warwick and Leamington,288
7003,729440,Make Play and Continuous Provision statutory in England's Key Stage 1 Curriculum,,Washington and Gateshead South,93
7004,729440,Make Play and Continuous Provision statutory in England's Key Stage 1 Curriculum,,Watford,131
7005,729440,Make Play and Continuous Provision statutory in England's Key Stage 1 Curriculum,,Waveney Valley,194
7006,729440,Make Play and Continuous Provision statutory in England's Key Stage 1 Curriculum,,Weald of Kent,235
7007,729440,Make Play and Continuous Provision statutory in England's Key Stage 1 Curriculum,,Wellingborough and Rushden,195
7008,729440,Make Play and Continuous Provision statutory in England's Key Stage 1 Curriculum,,Wells and Mendip Hills,266
7009,729440,Make Play and Continuous Provision statutory in England's Key Stage 1 Curriculum,,Welwyn Hatfield,268
7010,729440,Make Play and Continuous Provision statutory in England's Key Stage 1 Curriculum,,West Bromwich,88
7011,729440,Make Play and Continuous Provision statutory in England's Key Stage 1 Curriculum,,West Dorset,200
7012,729440,Make Play and Continuous Provision statutory in England's Key Stage 1 Curriculum,,West Ham and Beckton,64
7013,729440,Make Play and Continuous Provision statutory in England's Key Stage 1 Curriculum,,West Lancashire,226
7014,729440,Make Play and Continuous Provision statutory in England's Key Stage 1 Curriculum,,West Suffolk,289
7015,729440,Make Play and Continuous Provision statutory in England's Key Stage 1 Curriculum,,West Worcestershire,277
7016,729440,Make Play and Continuous Provision statutory in England's Key Stage 1 Curriculum,,Westmorland and Lonsdale,211
7017,729440,Make Play and Continuous Provision statutory in England's Key Stage 1 Curriculum,,Weston-super-Mare,214
7018,729440,Make Play and Continuous Provision statutory in England's Key Stage 1 Curriculum,,Wetherby and Easingwold,260
7019,729440,Make Play and Continuous Provision statutory in England's Key Stage 1 Curriculum,,Whitehaven and Workington,138
7020,729440,Make Play and Continuous Provision statutory in England's Key Stage 1 Curriculum,,Widnes and Halewood,197
7021,729440,Make Play and Continuous Provision statutory in England's Key Stage 1 Curriculum,,Wigan,172
7022,729440,Make Play and Continuous Provision statutory in England's Key Stage 1 Curriculum,,Wimbledon,208
7023,729440,Make Play and Continuous Provision statutory in England's Key Stage 1 Curriculum,,Winchester,275
7024,729440,Make Play and Continuous Provision statutory in England's Key Stage 1 Curriculum,,Windsor,138
7025,729440,Make Play and Continuous Provision statutory in England's Key Stage 1 Curriculum,,Wirral West,194
7026,729440,Make Play and Continuous Provision statutory in England's Key Stage 1 Curriculum,,Witham,250
7027,729440,Make Play and Continuous Provision statutory in England's Key Stage 1 Curriculum,,Witney,311
7028,729440,Make Play and Continuous Provision statutory in England's Key Stage 1 Curriculum,,Woking,201
7029,729440,Make Play and Continuous Provision statutory in England's Key Stage 1 Curriculum,,Wokingham,256
7030,729440,Make Play and Continuous Provision statutory in England's Key Stage 1 Curriculum,,Wolverhampton North East,223
7031,729440,Make Play and Continuous Provision statutory in England's Key Stage 1 Curriculum,,Wolverhampton South East,124
7032,729440,Make Play and Continuous Provision statutory in England's Key Stage 1 Curriculum,,Wolverhampton West,250
7033,729440,Make Play and Continuous Provision statutory in England's Key Stage 1 Curriculum,,Worcester,272
7034,729440,Make Play and Continuous Provision statutory in England's Key Stage 1 Curriculum,,Worsley and Eccles,248
7035,729440,Make Play and Continuous Provision statutory in England's Key Stage 1 Curriculum,,Worthing West,235
7036,729440,Make Play and Continuous Provision statutory in England's Key Stage 1 Curriculum,,Wycombe,209
7037,729440,Make Play and Continuous Provision statutory in England's Key Stage 1 Curriculum,,Wyre Forest,195
7038,729440,Make Play and Continuous Provision statutory in England's Key Stage 1 Curriculum,,Wythenshawe and Sale East,212
7039,729440,Make Play and Continuous Provision statutory in England's Key Stage 1 Curriculum,,Yeovil,209
7040,729440,Make Play and Continuous Provision statutory in England's Key Stage 1 Curriculum,,York Central,216
7041,729440,Make Play and Continuous Provision statutory in England's Key Stage 1 Curriculum,,York Outer,233
7042,729440,Make Play and Continuous Provision statutory in England's Key Stage 1 Curriculum,,Belfast East,18
7043,729440,Make Play and Continuous Provision statutory in England's Key Stage 1 Curriculum,,Belfast North,6
7044,729440,Make Play and Continuous Provision statutory in England's Key Stage 1 Curriculum,,Belfast South and Mid Down,17
7045,729440,Make Play and Continuous Provision statutory in England's Key Stage 1 Curriculum,,Belfast West,6
7046,729440,Make Play and Continuous Provision statutory in England's Key Stage 1 Curriculum,,East Antrim,16
7047,729440,Make Play and Continuous Provision statutory in England's Key Stage 1 Curriculum,,East Londonderry,13
7048,729440,Make Play and Continuous Provision statutory in England's Key Stage 1 Curriculum,,Fermanagh and South Tyrone,9
7049,729440,Make Play and Continuous Provision statutory in England's Key Stage 1 Curriculum,,Foyle,21
7050,729440,Make Play and Continuous Provision statutory in England's Key Stage 1 Curriculum,,Lagan Valley,18
7051,729440,Make Play and Continuous Provision statutory in England's Key Stage 1 Curriculum,,Mid Ulster,8
7052,729440,Make Play and Continuous Provision statutory in England's Key Stage 1 Curriculum,,Newry and Armagh,16
7053,729440,Make Play and Continuous Provision statutory in England's Key Stage 1 Curriculum,,North Antrim,14
7054,729440,Make Play and Continuous Provision statutory in England's Key Stage 1 Curriculum,,North Down,17
7055,729440,Make Play and Continuous Provision statutory in England's Key Stage 1 Curriculum,,South Antrim,14
7056,729440,Make Play and Continuous Provision statutory in England's Key Stage 1 Curriculum,,South Down,24
7057,729440,Make Play and Continuous Provision statutory in England's Key Stage 1 Curriculum,,Strangford,11
7058,729440,Make Play and Continuous Provision statutory in England's Key Stage 1 Curriculum,,Upper Bann,11
7059,729440,Make Play and Continuous Provision statutory in England's Key Stage 1 Curriculum,,West Tyrone,14
7060,729440,Make Play and Continuous Provision statutory in England's Key Stage 1 Curriculum,,East Renfrewshire,12
7061,729440,Make Play and Continuous Provision statutory in England's Key Stage 1 Curriculum,,Na h-Eileanan an Iar,2
7062,729440,Make Play and Continuous Provision statutory in England's Key Stage 1 Curriculum,,Midlothian,13
7063,729440,Make Play and Continuous Provision statutory in England's Key Stage 1 Curriculum,,North Ayrshire and Arran,5
7064,729440,Make Play and Continuous Provision statutory in England's Key Stage 1 Curriculum,,Orkney and Shetland,1
7065,729440,Make Play and Continuous Provision statutory in England's Key Stage 1 Curriculum,,Aberdeen North,5
7066,729440,Make Play and Continuous Provision statutory in England's Key Stage 1 Curriculum,,Aberdeen South,10
7067,729440,Make Play and Continuous Provision statutory in England's Key Stage 1 Curriculum,,Aberdeenshire North and Moray East,6
7068,729440,Make Play and Continuous Provision statutory in England's Key Stage 1 Curriculum,,Airdrie and Shotts,5
7069,729440,Make Play and Continuous Provision statutory in England's Key Stage 1 Curriculum,,Alloa and Grangemouth,3
7070,729440,Make Play and Continuous Provision statutory in England's Key Stage 1 Curriculum,,Angus and Perthshire Glens,11
7071,729440,Make Play and Continuous Provision statutory in England's Key Stage 1 Curriculum,,Arbroath and Broughty Ferry,11
7072,729440,Make Play and Continuous Provision statutory in England's Key Stage 1 Curriculum,,"Argyll, Bute and South Lochaber",14
7073,729440,Make Play and Continuous Provision statutory in England's Key Stage 1 Curriculum,,Bathgate and Linlithgow,7
7074,729440,Make Play and Continuous Provision statutory in England's Key Stage 1 Curriculum,,"Caithness, Sutherland and Easter Ross",9
7075,729440,Make Play and Continuous Provision statutory in England's Key Stage 1 Curriculum,,Coatbridge and Bellshill,4
7076,729440,Make Play and Continuous Provision statutory in England's Key Stage 1 Curriculum,,Cowdenbeath and Kirkcaldy,8
7077,729440,Make Play and Continuous Provision statutory in England's Key Stage 1 Curriculum,,Cumbernauld and Kirkintilloch,1
7078,729440,Make Play and Continuous Provision statutory in England's Key Stage 1 Curriculum,,Dumfries and Galloway,13
7079,729440,Make Play and Continuous Provision statutory in England's Key Stage 1 Curriculum,,"Dumfriesshire, Clydesdale and Tweeddale",12
7080,729440,Make Play and Continuous Provision statutory in England's Key Stage 1 Curriculum,,Dundee Central,4
7081,729440,Make Play and Continuous Provision statutory in England's Key Stage 1 Curriculum,,Dunfermline and Dollar,4
7082,729440,Make Play and Continuous Provision statutory in England's Key Stage 1 Curriculum,,East Kilbride and Strathaven,9
7083,729440,Make Play and Continuous Provision statutory in England's Key Stage 1 Curriculum,,Edinburgh East and Musselburgh,10
7084,729440,Make Play and Continuous Provision statutory in England's Key Stage 1 Curriculum,,Edinburgh North and Leith,16
7085,729440,Make Play and Continuous Provision statutory in England's Key Stage 1 Curriculum,,Edinburgh South,17
7086,729440,Make Play and Continuous Provision statutory in England's Key Stage 1 Curriculum,,Edinburgh South West,15
7087,729440,Make Play and Continuous Provision statutory in England's Key Stage 1 Curriculum,,Edinburgh West,12
7088,729440,Make Play and Continuous Provision statutory in England's Key Stage 1 Curriculum,,Falkirk,2
7089,729440,Make Play and Continuous Provision statutory in England's Key Stage 1 Curriculum,,Glasgow East,6
7090,729440,Make Play and Continuous Provision statutory in England's Key Stage 1 Curriculum,,Glasgow North,6
7091,729440,Make Play and Continuous Provision statutory in England's Key Stage 1 Curriculum,,Glasgow North East,3
7092,729440,Make Play and Continuous Provision statutory in England's Key Stage 1 Curriculum,,Glasgow South,15
7093,729440,Make Play and Continuous Provision statutory in England's Key Stage 1 Curriculum,,Glasgow South West,6
7094,729440,Make Play and Continuous Provision statutory in England's Key Stage 1 Curriculum,,Glasgow West,8
7095,729440,Make Play and Continuous Provision statutory in England's Key Stage 1 Curriculum,,Glenrothes and Mid Fife,10
7096,729440,Make Play and Continuous Provision statutory in England's Key Stage 1 Curriculum,,Gordon and Buchan,6
7097,729440,Make Play and Continuous Provision statutory in England's Key Stage 1 Curriculum,,Hamilton and Clyde Valley,10
7098,729440,Make Play and Continuous Provision statutory in England's Key Stage 1 Curriculum,,Inverclyde and Renfrewshire West,11
7099,729440,Make Play and Continuous Provision statutory in England's Key Stage 1 Curriculum,,"Inverness, Skye and West Ross-shire",14
7100,729440,Make Play and Continuous Provision statutory in England's Key Stage 1 Curriculum,,Livingston,8
7101,729440,Make Play and Continuous Provision statutory in England's Key Stage 1 Curriculum,,Lothian East,13
7102,729440,Make Play and Continuous Provision statutory in England's Key Stage 1 Curriculum,,Mid Dunbartonshire,11
7103,729440,Make Play and Continuous Provision statutory in England's Key Stage 1 Curriculum,,"Moray West, Nairn and Strathspey",15
7104,729440,Make Play and Continuous Provision statutory in England's Key Stage 1 Curriculum,,"Motherwell, Wishaw and Carluke",9
7105,729440,Make Play and Continuous Provision statutory in England's Key Stage 1 Curriculum,,North East Fife,11
7106,729440,Make Play and Continuous Provision statutory in England's Key Stage 1 Curriculum,,Paisley and Renfrewshire North,9
7107,729440,Make Play and Continuous Provision statutory in England's Key Stage 1 Curriculum,,Paisley and Renfrewshire South,6
7108,729440,Make Play and Continuous Provision statutory in England's Key Stage 1 Curriculum,,Perth and Kinross-shire,10
7109,729440,Make Play and Continuous Provision statutory in England's Key Stage 1 Curriculum,,Rutherglen,7
7110,729440,Make Play and Continuous Provision statutory in England's Key Stage 1 Curriculum,,Stirling and Strathallan,13
7111,729440,Make Play and Continuous Provision statutory in England's Key Stage 1 Curriculum,,West Dunbartonshire,6
7112,729440,Make Play and Continuous Provision statutory in England's Key Stage 1 Curriculum,,"Ayr, Carrick and Cumnock",10
7113,729440,Make Play and Continuous Provision statutory in England's Key Stage 1 Curriculum,,"Berwickshire, Roxburgh and Selkirk",14
7114,729440,Make Play and Continuous Provision statutory in England's Key Stage 1 Curriculum,,Central Ayrshire,5
7115,729440,Make Play and Continuous Provision statutory in England's Key Stage 1 Curriculum,,Kilmarnock and Loudoun,6
7116,729440,Make Play and Continuous Provision statutory in England's Key Stage 1 Curriculum,,West Aberdeenshire and Kincardine,7
7117,729440,Make Play and Continuous Provision statutory in England's Key Stage 1 Curriculum,,Aberafan Maesteg,14
7118,729440,Make Play and Continuous Provision statutory in England's Key Stage 1 Curriculum,,Alyn and Deeside,64
7119,729440,Make Play and Continuous Provision statutory in England's Key Stage 1 Curriculum,,Bangor Aberconwy,31
7120,729440,Make Play and Continuous Provision statutory in England's Key Stage 1 Curriculum,,Blaenau Gwent and Rhymney,14
7121,729440,Make Play and Continuous Provision statutory in England's Key Stage 1 Curriculum,,"Brecon, Radnor and Cwm Tawe",50
7122,729440,Make Play and Continuous Provision statutory in England's Key Stage 1 Curriculum,,Bridgend,32
7123,729440,Make Play and Continuous Provision statutory in England's Key Stage 1 Curriculum,,Caerfyrddin,17
7124,729440,Make Play and Continuous Provision statutory in England's Key Stage 1 Curriculum,,Caerphilly,24
7125,729440,Make Play and Continuous Provision statutory in England's Key Stage 1 Curriculum,,Cardiff East,30
7126,729440,Make Play and Continuous Provision statutory in England's Key Stage 1 Curriculum,,Cardiff North,49
7127,729440,Make Play and Continuous Provision statutory in England's Key Stage 1 Curriculum,,Cardiff South and Penarth,31
7128,729440,Make Play and Continuous Provision statutory in England's Key Stage 1 Curriculum,,Cardiff West,41
7129,729440,Make Play and Continuous Provision statutory in England's Key Stage 1 Curriculum,,Ceredigion Preseli,32
7130,729440,Make Play and Continuous Provision statutory in England's Key Stage 1 Curriculum,,Clwyd East,43
7131,729440,Make Play and Continuous Provision statutory in England's Key Stage 1 Curriculum,,Clwyd North,49
7132,729440,Make Play and Continuous Provision statutory in England's Key Stage 1 Curriculum,,Dwyfor Meirionnydd,22
7133,729440,Make Play and Continuous Provision statutory in England's Key Stage 1 Curriculum,,Gower,40
7134,729440,Make Play and Continuous Provision statutory in England's Key Stage 1 Curriculum,,Llanelli,22
7135,729440,Make Play and Continuous Provision statutory in England's Key Stage 1 Curriculum,,Merthyr Tydfil and Aberdare,25
7136,729440,Make Play and Continuous Provision statutory in England's Key Stage 1 Curriculum,,Mid and South Pembrokeshire,34
7137,729440,Make Play and Continuous Provision statutory in England's Key Stage 1 Curriculum,,Monmouthshire,100
7138,729440,Make Play and Continuous Provision statutory in England's Key Stage 1 Curriculum,,Montgomeryshire and Glyndŵr,54
7139,729440,Make Play and Continuous Provision statutory in England's Key Stage 1 Curriculum,,Neath and Swansea East,19
7140,729440,Make Play and Continuous Provision statutory in England's Key Stage 1 Curriculum,,Newport East,37
7141,729440,Make Play and Continuous Provision statutory in England's Key Stage 1 Curriculum,,Newport West and Islwyn,24
7142,729440,Make Play and Continuous Provision statutory in England's Key Stage 1 Curriculum,,Pontypridd,27
7143,729440,Make Play and Continuous Provision statutory in England's Key Stage 1 Curriculum,,Rhondda and Ogmore,8
7144,729440,Make Play and Continuous Provision statutory in England's Key Stage 1 Curriculum,,Swansea West,21
7145,729440,Make Play and Continuous Provision statutory in England's Key Stage 1 Curriculum,,Torfaen,25
7146,729440,Make Play and Continuous Provision statutory in England's Key Stage 1 Curriculum,,Vale of Glamorgan,28
7147,729440,Make Play and Continuous Provision statutory in England's Key Stage 1 Curriculum,,Wrexham,52
7148,729440,Make Play and Continuous Provision statutory in England's Key Stage 1 Curriculum,,Ynys Môn,18
7149,738192,Reduce the maximum noise level for consumer fireworks from 120 to 90 decibels,,Aldershot,294
7150,738192,Reduce the maximum noise level for consumer fireworks from 120 to 90 decibels,,Aldridge-Brownhills,398
7151,738192,Reduce the maximum noise level for consumer fireworks from 120 to 90 decibels,,Altrincham and Sale West,185
7152,738192,Reduce the maximum noise level for consumer fireworks from 120 to 90 decibels,,Amber Valley,406
7153,738192,Reduce the maximum noise level for consumer fireworks from 120 to 90 decibels,,Arundel and South Downs,339
7154,738192,Reduce the maximum noise level for consumer fireworks from 120 to 90 decibels,,Ashfield,366
7155,738192,Reduce the maximum noise level for consumer fireworks from 120 to 90 decibels,,Ashford,232
7156,738192,Reduce the maximum noise level for consumer fireworks from 120 to 90 decibels,,Ashton-under-Lyne,242
7157,738192,Reduce the maximum noise level for consumer fireworks from 120 to 90 decibels,,Aylesbury,391
7158,738192,Reduce the maximum noise level for consumer fireworks from 120 to 90 decibels,,Banbury,303
7159,738192,Reduce the maximum noise level for consumer fireworks from 120 to 90 decibels,,Barking,123
7160,738192,Reduce the maximum noise level for consumer fireworks from 120 to 90 decibels,,Barnsley North,368
7161,738192,Reduce the maximum noise level for consumer fireworks from 120 to 90 decibels,,Barnsley South,421
7162,738192,Reduce the maximum noise level for consumer fireworks from 120 to 90 decibels,,Barrow and Furness,207
7163,738192,Reduce the maximum noise level for consumer fireworks from 120 to 90 decibels,,Basildon and Billericay,360
7164,738192,Reduce the maximum noise level for consumer fireworks from 120 to 90 decibels,,Basingstoke,234
7165,738192,Reduce the maximum noise level for consumer fireworks from 120 to 90 decibels,,Bassetlaw,429
7166,738192,Reduce the maximum noise level for consumer fireworks from 120 to 90 decibels,,Bath,192
7167,738192,Reduce the maximum noise level for consumer fireworks from 120 to 90 decibels,,Battersea,104
7168,738192,Reduce the maximum noise level for consumer fireworks from 120 to 90 decibels,,Beaconsfield,637
7169,738192,Reduce the maximum noise level for consumer fireworks from 120 to 90 decibels,,Beckenham and Penge,152
7170,738192,Reduce the maximum noise level for consumer fireworks from 120 to 90 decibels,,Bedford,247
7171,738192,Reduce the maximum noise level for consumer fireworks from 120 to 90 decibels,,Bermondsey and Old Southwark,102
7172,738192,Reduce the maximum noise level for consumer fireworks from 120 to 90 decibels,,Bethnal Green and Stepney,87
7173,738192,Reduce the maximum noise level for consumer fireworks from 120 to 90 decibels,,Beverley and Holderness,319
7174,738192,Reduce the maximum noise level for consumer fireworks from 120 to 90 decibels,,Bexhill and Battle,271
7175,738192,Reduce the maximum noise level for consumer fireworks from 120 to 90 decibels,,Bexleyheath and Crayford,243
7176,738192,Reduce the maximum noise level for consumer fireworks from 120 to 90 decibels,,Bicester and Woodstock,269
7177,738192,Reduce the maximum noise level for consumer fireworks from 120 to 90 decibels,,Birkenhead,305
7178,738192,Reduce the maximum noise level for consumer fireworks from 120 to 90 decibels,,Birmingham Edgbaston,193
7179,738192,Reduce the maximum noise level for consumer fireworks from 120 to 90 decibels,,Birmingham Erdington,190
7180,738192,Reduce the maximum noise level for consumer fireworks from 120 to 90 decibels,,Birmingham Hall Green and Moseley,114
7181,738192,Reduce the maximum noise level for consumer fireworks from 120 to 90 decibels,,Birmingham Hodge Hill and Solihull North,178
7182,738192,Reduce the maximum noise level for consumer fireworks from 120 to 90 decibels,,Birmingham Ladywood,53
7183,738192,Reduce the maximum noise level for consumer fireworks from 120 to 90 decibels,,Birmingham Northfield,296
7184,738192,Reduce the maximum noise level for consumer fireworks from 120 to 90 decibels,,Birmingham Perry Barr,73
7185,738192,Reduce the maximum noise level for consumer fireworks from 120 to 90 decibels,,Birmingham Selly Oak,214
7186,738192,Reduce the maximum noise level for consumer fireworks from 120 to 90 decibels,,Birmingham Yardley,150
7187,738192,Reduce the maximum noise level for consumer fireworks from 120 to 90 decibels,,Bishop Auckland,289
7188,738192,Reduce the maximum noise level for consumer fireworks from 120 to 90 decibels,,Blackburn,144
7189,738192,Reduce the maximum noise level for consumer fireworks from 120 to 90 decibels,,Blackley and Middleton South,180
7190,738192,Reduce the maximum noise level for consumer fireworks from 120 to 90 decibels,,Blackpool North and Fleetwood,361
7191,738192,Reduce the maximum noise level for consumer fireworks from 120 to 90 decibels,,Blackpool South,353
7192,738192,Reduce the maximum noise level for consumer fireworks from 120 to 90 decibels,,Blaydon and Consett,263
7193,738192,Reduce the maximum noise level for consumer fireworks from 120 to 90 decibels,,Blyth and Ashington,307
7194,738192,Reduce the maximum noise level for consumer fireworks from 120 to 90 decibels,,Bognor Regis and Littlehampton,223
7195,738192,Reduce the maximum noise level for consumer fireworks from 120 to 90 decibels,,Bolsover,430
7196,738192,Reduce the maximum noise level for consumer fireworks from 120 to 90 decibels,,Bolton North East,303
7197,738192,Reduce the maximum noise level for consumer fireworks from 120 to 90 decibels,,Bolton South and Walkden,267
7198,738192,Reduce the maximum noise level for consumer fireworks from 120 to 90 decibels,,Bolton West,380
7199,738192,Reduce the maximum noise level for consumer fireworks from 120 to 90 decibels,,Bootle,280
7200,738192,Reduce the maximum noise level for consumer fireworks from 120 to 90 decibels,,Boston and Skegness,260
7201,738192,Reduce the maximum noise level for consumer fireworks from 120 to 90 decibels,,Bournemouth East,210
7202,738192,Reduce the maximum noise level for consumer fireworks from 120 to 90 decibels,,Bournemouth West,213
7203,738192,Reduce the maximum noise level for consumer fireworks from 120 to 90 decibels,,Bracknell,471
7204,738192,Reduce the maximum noise level for consumer fireworks from 120 to 90 decibels,,Bradford East,284
7205,738192,Reduce the maximum noise level for consumer fireworks from 120 to 90 decibels,,Bradford South,262
7206,738192,Reduce the maximum noise level for consumer fireworks from 120 to 90 decibels,,Bradford West,149
7207,738192,Reduce the maximum noise level for consumer fireworks from 120 to 90 decibels,,Braintree,401
7208,738192,Reduce the maximum noise level for consumer fireworks from 120 to 90 decibels,,Brent East,128
7209,738192,Reduce the maximum noise level for consumer fireworks from 120 to 90 decibels,,Brent West,215
7210,738192,Reduce the maximum noise level for consumer fireworks from 120 to 90 decibels,,Brentford and Isleworth,367
7211,738192,Reduce the maximum noise level for consumer fireworks from 120 to 90 decibels,,Brentwood and Ongar,379
7212,738192,Reduce the maximum noise level for consumer fireworks from 120 to 90 decibels,,Bridgwater,266
7213,738192,Reduce the maximum noise level for consumer fireworks from 120 to 90 decibels,,Bridlington and The Wolds,339
7214,738192,Reduce the maximum noise level for consumer fireworks from 120 to 90 decibels,,Brigg and Immingham,395
7215,738192,Reduce the maximum noise level for consumer fireworks from 120 to 90 decibels,,Brighton Kemptown and Peacehaven,238
7216,738192,Reduce the maximum noise level for consumer fireworks from 120 to 90 decibels,,Brighton Pavilion,161
7217,738192,Reduce the maximum noise level for consumer fireworks from 120 to 90 decibels,,Bristol Central,92
7218,738192,Reduce the maximum noise level for consumer fireworks from 120 to 90 decibels,,Bristol East,226
7219,738192,Reduce the maximum noise level for consumer fireworks from 120 to 90 decibels,,Bristol North East,263
7220,738192,Reduce the maximum noise level for consumer fireworks from 120 to 90 decibels,,Bristol North West,217
7221,738192,Reduce the maximum noise level for consumer fireworks from 120 to 90 decibels,,Bristol South,204
7222,738192,Reduce the maximum noise level for consumer fireworks from 120 to 90 decibels,,Broadland and Fakenham,676
7223,738192,Reduce the maximum noise level for consumer fireworks from 120 to 90 decibels,,Bromley and Biggin Hill,203
7224,738192,Reduce the maximum noise level for consumer fireworks from 120 to 90 decibels,,Bromsgrove,347
7225,738192,Reduce the maximum noise level for consumer fireworks from 120 to 90 decibels,,Broxbourne,375
7226,738192,Reduce the maximum noise level for consumer fireworks from 120 to 90 decibels,,Broxtowe,299
7227,738192,Reduce the maximum noise level for consumer fireworks from 120 to 90 decibels,,Buckingham and Bletchley,278
7228,738192,Reduce the maximum noise level for consumer fireworks from 120 to 90 decibels,,Burnley,290
7229,738192,Reduce the maximum noise level for consumer fireworks from 120 to 90 decibels,,Burton and Uttoxeter,305
7230,738192,Reduce the maximum noise level for consumer fireworks from 120 to 90 decibels,,Bury North,372
7231,738192,Reduce the maximum noise level for consumer fireworks from 120 to 90 decibels,,Bury South,335
7232,738192,Reduce the maximum noise level for consumer fireworks from 120 to 90 decibels,,Bury St Edmunds and Stowmarket,297
7233,738192,Reduce the maximum noise level for consumer fireworks from 120 to 90 decibels,,Calder Valley,354
7234,738192,Reduce the maximum noise level for consumer fireworks from 120 to 90 decibels,,Camborne and Redruth,257
7235,738192,Reduce the maximum noise level for consumer fireworks from 120 to 90 decibels,,Cambridge,138
7236,738192,Reduce the maximum noise level for consumer fireworks from 120 to 90 decibels,,Cannock Chase,306
7237,738192,Reduce the maximum noise level for consumer fireworks from 120 to 90 decibels,,Canterbury,198
7238,738192,Reduce the maximum noise level for consumer fireworks from 120 to 90 decibels,,Carlisle,336
7239,738192,Reduce the maximum noise level for consumer fireworks from 120 to 90 decibels,,Carshalton and Wallington,292
7240,738192,Reduce the maximum noise level for consumer fireworks from 120 to 90 decibels,,Castle Point,403
7241,738192,Reduce the maximum noise level for consumer fireworks from 120 to 90 decibels,,Central Devon,299
7242,738192,Reduce the maximum noise level for consumer fireworks from 120 to 90 decibels,,Central Suffolk and North Ipswich,337
7243,738192,Reduce the maximum noise level for consumer fireworks from 120 to 90 decibels,,Chatham and Aylesford,276
7244,738192,Reduce the maximum noise level for consumer fireworks from 120 to 90 decibels,,Cheadle,384
7245,738192,Reduce the maximum noise level for consumer fireworks from 120 to 90 decibels,,Chelmsford,422
7246,738192,Reduce the maximum noise level for consumer fireworks from 120 to 90 decibels,,Chelsea and Fulham,77
7247,738192,Reduce the maximum noise level for consumer fireworks from 120 to 90 decibels,,Cheltenham,303
7248,738192,Reduce the maximum noise level for consumer fireworks from 120 to 90 decibels,,Chesham and Amersham,346
7249,738192,Reduce the maximum noise level for consumer fireworks from 120 to 90 decibels,,Chester North and Neston,307
7250,738192,Reduce the maximum noise level for consumer fireworks from 120 to 90 decibels,,Chester South and Eddisbury,311
7251,738192,Reduce the maximum noise level for consumer fireworks from 120 to 90 decibels,,Chesterfield,371
7252,738192,Reduce the maximum noise level for consumer fireworks from 120 to 90 decibels,,Chichester,252
7253,738192,Reduce the maximum noise level for consumer fireworks from 120 to 90 decibels,,Chingford and Woodford Green,263
7254,738192,Reduce the maximum noise level for consumer fireworks from 120 to 90 decibels,,Chippenham,255
7255,738192,Reduce the maximum noise level for consumer fireworks from 120 to 90 decibels,,Chipping Barnet,177
7256,738192,Reduce the maximum noise level for consumer fireworks from 120 to 90 decibels,,Chorley,364
7257,738192,Reduce the maximum noise level for consumer fireworks from 120 to 90 decibels,,Christchurch,276
7258,738192,Reduce the maximum noise level for consumer fireworks from 120 to 90 decibels,,Cities of London and Westminster,78
7259,738192,Reduce the maximum noise level for consumer fireworks from 120 to 90 decibels,,City of Durham,207
7260,738192,Reduce the maximum noise level for consumer fireworks from 120 to 90 decibels,,Clacton,444
7261,738192,Reduce the maximum noise level for consumer fireworks from 120 to 90 decibels,,Clapham and Brixton Hill,60
7262,738192,Reduce the maximum noise level for consumer fireworks from 120 to 90 decibels,,Colchester,266
7263,738192,Reduce the maximum noise level for consumer fireworks from 120 to 90 decibels,,Colne Valley,338
7264,738192,Reduce the maximum noise level for consumer fireworks from 120 to 90 decibels,,Congleton,314
7265,738192,Reduce the maximum noise level for consumer fireworks from 120 to 90 decibels,,Corby and East Northamptonshire,265
7266,738192,Reduce the maximum noise level for consumer fireworks from 120 to 90 decibels,,Coventry East,220
7267,738192,Reduce the maximum noise level for consumer fireworks from 120 to 90 decibels,,Coventry North West,373
7268,738192,Reduce the maximum noise level for consumer fireworks from 120 to 90 decibels,,Coventry South,290
7269,738192,Reduce the maximum noise level for consumer fireworks from 120 to 90 decibels,,Cramlington and Killingworth,323
7270,738192,Reduce the maximum noise level for consumer fireworks from 120 to 90 decibels,,Crawley,278
7271,738192,Reduce the maximum noise level for consumer fireworks from 120 to 90 decibels,,Crewe and Nantwich,310
7272,738192,Reduce the maximum noise level for consumer fireworks from 120 to 90 decibels,,Croydon East,197
7273,738192,Reduce the maximum noise level for consumer fireworks from 120 to 90 decibels,,Croydon South,255
7274,738192,Reduce the maximum noise level for consumer fireworks from 120 to 90 decibels,,Croydon West,75
7275,738192,Reduce the maximum noise level for consumer fireworks from 120 to 90 decibels,,Dagenham and Rainham,196
7276,738192,Reduce the maximum noise level for consumer fireworks from 120 to 90 decibels,,Darlington,275
7277,738192,Reduce the maximum noise level for consumer fireworks from 120 to 90 decibels,,Dartford,222
7278,738192,Reduce the maximum noise level for consumer fireworks from 120 to 90 decibels,,Daventry,439
7279,738192,Reduce the maximum noise level for consumer fireworks from 120 to 90 decibels,,Derby North,264
7280,738192,Reduce the maximum noise level for consumer fireworks from 120 to 90 decibels,,Derby South,264
7281,738192,Reduce the maximum noise level for consumer fireworks from 120 to 90 decibels,,Derbyshire Dales,333
7282,738192,Reduce the maximum noise level for consumer fireworks from 120 to 90 decibels,,Dewsbury and Batley,200
7283,738192,Reduce the maximum noise level for consumer fireworks from 120 to 90 decibels,,Didcot and Wantage,309
7284,738192,Reduce the maximum noise level for consumer fireworks from 120 to 90 decibels,,Doncaster Central,331
7285,738192,Reduce the maximum noise level for consumer fireworks from 120 to 90 decibels,,Doncaster East and the Isle of Axholme,434
7286,738192,Reduce the maximum noise level for consumer fireworks from 120 to 90 decibels,,Doncaster North,283
7287,738192,Reduce the maximum noise level for consumer fireworks from 120 to 90 decibels,,Dorking and Horley,383
7288,738192,Reduce the maximum noise level for consumer fireworks from 120 to 90 decibels,,Dover and Deal,290
7289,738192,Reduce the maximum noise level for consumer fireworks from 120 to 90 decibels,,Droitwich and Evesham,357
7290,738192,Reduce the maximum noise level for consumer fireworks from 120 to 90 decibels,,Dudley,290
7291,738192,Reduce the maximum noise level for consumer fireworks from 120 to 90 decibels,,Dulwich and West Norwood,103
7292,738192,Reduce the maximum noise level for consumer fireworks from 120 to 90 decibels,,Dunstable and Leighton Buzzard,332
7293,738192,Reduce the maximum noise level for consumer fireworks from 120 to 90 decibels,,Ealing Central and Acton,199
7294,738192,Reduce the maximum noise level for consumer fireworks from 120 to 90 decibels,,Ealing North,509
7295,738192,Reduce the maximum noise level for consumer fireworks from 120 to 90 decibels,,Ealing Southall,380
7296,738192,Reduce the maximum noise level for consumer fireworks from 120 to 90 decibels,,Earley and Woodley,381
7297,738192,Reduce the maximum noise level for consumer fireworks from 120 to 90 decibels,,Easington,206
7298,738192,Reduce the maximum noise level for consumer fireworks from 120 to 90 decibels,,East Grinstead and Uckfield,363
7299,738192,Reduce the maximum noise level for consumer fireworks from 120 to 90 decibels,,East Ham,102
7300,738192,Reduce the maximum noise level for consumer fireworks from 120 to 90 decibels,,East Hampshire,331
7301,738192,Reduce the maximum noise level for consumer fireworks from 120 to 90 decibels,,East Surrey,437
7302,738192,Reduce the maximum noise level for consumer fireworks from 120 to 90 decibels,,East Thanet,266
7303,738192,Reduce the maximum noise level for consumer fireworks from 120 to 90 decibels,,East Wiltshire,264
7304,738192,Reduce the maximum noise level for consumer fireworks from 120 to 90 decibels,,East Worthing and Shoreham,281
7305,738192,Reduce the maximum noise level for consumer fireworks from 120 to 90 decibels,,Eastbourne,186
7306,738192,Reduce the maximum noise level for consumer fireworks from 120 to 90 decibels,,Eastleigh,256
7307,738192,Reduce the maximum noise level for consumer fireworks from 120 to 90 decibels,,Edmonton and Winchmore Hill,103
7308,738192,Reduce the maximum noise level for consumer fireworks from 120 to 90 decibels,,Ellesmere Port and Bromborough,482
7309,738192,Reduce the maximum noise level for consumer fireworks from 120 to 90 decibels,,Eltham and Chislehurst,195
7310,738192,Reduce the maximum noise level for consumer fireworks from 120 to 90 decibels,,Ely and East Cambridgeshire,342
7311,738192,Reduce the maximum noise level for consumer fireworks from 120 to 90 decibels,,Enfield North,129
7312,738192,Reduce the maximum noise level for consumer fireworks from 120 to 90 decibels,,Epping Forest,417
7313,738192,Reduce the maximum noise level for consumer fireworks from 120 to 90 decibels,,Epsom and Ewell,272
7314,738192,Reduce the maximum noise level for consumer fireworks from 120 to 90 decibels,,Erewash,305
7315,738192,Reduce the maximum noise level for consumer fireworks from 120 to 90 decibels,,Erith and Thamesmead,156
7316,738192,Reduce the maximum noise level for consumer fireworks from 120 to 90 decibels,,Esher and Walton,305
7317,738192,Reduce the maximum noise level for consumer fireworks from 120 to 90 decibels,,Exeter,169
7318,738192,Reduce the maximum noise level for consumer fireworks from 120 to 90 decibels,,Exmouth and Exeter East,261
7319,738192,Reduce the maximum noise level for consumer fireworks from 120 to 90 decibels,,Fareham and Waterlooville,314
7320,738192,Reduce the maximum noise level for consumer fireworks from 120 to 90 decibels,,Farnham and Bordon,272
7321,738192,Reduce the maximum noise level for consumer fireworks from 120 to 90 decibels,,Faversham and Mid Kent,336
7322,738192,Reduce the maximum noise level for consumer fireworks from 120 to 90 decibels,,Feltham and Heston,287
7323,738192,Reduce the maximum noise level for consumer fireworks from 120 to 90 decibels,,Filton and Bradley Stoke,219
7324,738192,Reduce the maximum noise level for consumer fireworks from 120 to 90 decibels,,Finchley and Golders Green,124
7325,738192,Reduce the maximum noise level for consumer fireworks from 120 to 90 decibels,,Folkestone and Hythe,212
7326,738192,Reduce the maximum noise level for consumer fireworks from 120 to 90 decibels,,Forest of Dean,329
7327,738192,Reduce the maximum noise level for consumer fireworks from 120 to 90 decibels,,Frome and East Somerset,254
7328,738192,Reduce the maximum noise level for consumer fireworks from 120 to 90 decibels,,Fylde,328
7329,738192,Reduce the maximum noise level for consumer fireworks from 120 to 90 decibels,,Gainsborough,343
7330,738192,Reduce the maximum noise level for consumer fireworks from 120 to 90 decibels,,Gateshead Central and Whickham,192
7331,738192,Reduce the maximum noise level for consumer fireworks from 120 to 90 decibels,,Gedling,436
7332,738192,Reduce the maximum noise level for consumer fireworks from 120 to 90 decibels,,Gillingham and Rainham,274
7333,738192,Reduce the maximum noise level for consumer fireworks from 120 to 90 decibels,,Glastonbury and Somerton,291
7334,738192,Reduce the maximum noise level for consumer fireworks from 120 to 90 decibels,,Gloucester,316
7335,738192,Reduce the maximum noise level for consumer fireworks from 120 to 90 decibels,,Godalming and Ash,336
7336,738192,Reduce the maximum noise level for consumer fireworks from 120 to 90 decibels,,Goole and Pocklington,356
7337,738192,Reduce the maximum noise level for consumer fireworks from 120 to 90 decibels,,Gorton and Denton,168
7338,738192,Reduce the maximum noise level for consumer fireworks from 120 to 90 decibels,,Gosport,268
7339,738192,Reduce the maximum noise level for consumer fireworks from 120 to 90 decibels,,Grantham and Bourne,246
7340,738192,Reduce the maximum noise level for consumer fireworks from 120 to 90 decibels,,Gravesham,247
7341,738192,Reduce the maximum noise level for consumer fireworks from 120 to 90 decibels,,Great Grimsby and Cleethorpes,335
7342,738192,Reduce the maximum noise level for consumer fireworks from 120 to 90 decibels,,Great Yarmouth,584
7343,738192,Reduce the maximum noise level for consumer fireworks from 120 to 90 decibels,,Greenwich and Woolwich,123
7344,738192,Reduce the maximum noise level for consumer fireworks from 120 to 90 decibels,,Guildford,251
7345,738192,Reduce the maximum noise level for consumer fireworks from 120 to 90 decibels,,Hackney North and Stoke Newington,83
7346,738192,Reduce the maximum noise level for consumer fireworks from 120 to 90 decibels,,Hackney South and Shoreditch,104
7347,738192,Reduce the maximum noise level for consumer fireworks from 120 to 90 decibels,,Halesowen,287
7348,738192,Reduce the maximum noise level for consumer fireworks from 120 to 90 decibels,,Halifax,323
7349,738192,Reduce the maximum noise level for consumer fireworks from 120 to 90 decibels,,Hamble Valley,296
7350,738192,Reduce the maximum noise level for consumer fireworks from 120 to 90 decibels,,Hammersmith and Chiswick,108
7351,738192,Reduce the maximum noise level for consumer fireworks from 120 to 90 decibels,,Hampstead and Highgate,130
7352,738192,Reduce the maximum noise level for consumer fireworks from 120 to 90 decibels,,"Harborough, Oadby and Wigston",270
7353,738192,Reduce the maximum noise level for consumer fireworks from 120 to 90 decibels,,Harlow,447
7354,738192,Reduce the maximum noise level for consumer fireworks from 120 to 90 decibels,,Harpenden and Berkhamsted,258
7355,738192,Reduce the maximum noise level for consumer fireworks from 120 to 90 decibels,,Harrogate and Knaresborough,342
7356,738192,Reduce the maximum noise level for consumer fireworks from 120 to 90 decibels,,Harrow East,284
7357,738192,Reduce the maximum noise level for consumer fireworks from 120 to 90 decibels,,Harrow West,391
7358,738192,Reduce the maximum noise level for consumer fireworks from 120 to 90 decibels,,Hartlepool,217
7359,738192,Reduce the maximum noise level for consumer fireworks from 120 to 90 decibels,,Harwich and North Essex,346
7360,738192,Reduce the maximum noise level for consumer fireworks from 120 to 90 decibels,,Hastings and Rye,249
7361,738192,Reduce the maximum noise level for consumer fireworks from 120 to 90 decibels,,Havant,260
7362,738192,Reduce the maximum noise level for consumer fireworks from 120 to 90 decibels,,Hayes and Harlington,270
7363,738192,Reduce the maximum noise level for consumer fireworks from 120 to 90 decibels,,Hazel Grove,384
7364,738192,Reduce the maximum noise level for consumer fireworks from 120 to 90 decibels,,Hemel Hempstead,231
7365,738192,Reduce the maximum noise level for consumer fireworks from 120 to 90 decibels,,Hendon,146
7366,738192,Reduce the maximum noise level for consumer fireworks from 120 to 90 decibels,,Henley and Thame,323
7367,738192,Reduce the maximum noise level for consumer fireworks from 120 to 90 decibels,,Hereford and South Herefordshire,267
7368,738192,Reduce the maximum noise level for consumer fireworks from 120 to 90 decibels,,Herne Bay and Sandwich,305
7369,738192,Reduce the maximum noise level for consumer fireworks from 120 to 90 decibels,,Hertford and Stortford,344
7370,738192,Reduce the maximum noise level for consumer fireworks from 120 to 90 decibels,,Hertsmere,305
7371,738192,Reduce the maximum noise level for consumer fireworks from 120 to 90 decibels,,Hexham,318
7372,738192,Reduce the maximum noise level for consumer fireworks from 120 to 90 decibels,,Heywood and Middleton North,281
7373,738192,Reduce the maximum noise level for consumer fireworks from 120 to 90 decibels,,High Peak,325
7374,738192,Reduce the maximum noise level for consumer fireworks from 120 to 90 decibels,,Hinckley and Bosworth,399
7375,738192,Reduce the maximum noise level for consumer fireworks from 120 to 90 decibels,,Hitchin,335
7376,738192,Reduce the maximum noise level for consumer fireworks from 120 to 90 decibels,,Holborn and St Pancras,93
7377,738192,Reduce the maximum noise level for consumer fireworks from 120 to 90 decibels,,Honiton and Sidmouth,219
7378,738192,Reduce the maximum noise level for consumer fireworks from 120 to 90 decibels,,Hornchurch and Upminster,283
7379,738192,Reduce the maximum noise level for consumer fireworks from 120 to 90 decibels,,Hornsey and Friern Barnet,124
7380,738192,Reduce the maximum noise level for consumer fireworks from 120 to 90 decibels,,Horsham,364
7381,738192,Reduce the maximum noise level for consumer fireworks from 120 to 90 decibels,,Houghton and Sunderland South,310
7382,738192,Reduce the maximum noise level for consumer fireworks from 120 to 90 decibels,,Hove and Portslade,196
7383,738192,Reduce the maximum noise level for consumer fireworks from 120 to 90 decibels,,Huddersfield,307
7384,738192,Reduce the maximum noise level for consumer fireworks from 120 to 90 decibels,,Huntingdon,259
7385,738192,Reduce the maximum noise level for consumer fireworks from 120 to 90 decibels,,Hyndburn,227
7386,738192,Reduce the maximum noise level for consumer fireworks from 120 to 90 decibels,,Ilford North,188
7387,738192,Reduce the maximum noise level for consumer fireworks from 120 to 90 decibels,,Ilford South,115
7388,738192,Reduce the maximum noise level for consumer fireworks from 120 to 90 decibels,,Ipswich,280
7389,738192,Reduce the maximum noise level for consumer fireworks from 120 to 90 decibels,,Isle of Wight East,171
7390,738192,Reduce the maximum noise level for consumer fireworks from 120 to 90 decibels,,Isle of Wight West,153
7391,738192,Reduce the maximum noise level for consumer fireworks from 120 to 90 decibels,,Islington North,110
7392,738192,Reduce the maximum noise level for consumer fireworks from 120 to 90 decibels,,Islington South and Finsbury,107
7393,738192,Reduce the maximum noise level for consumer fireworks from 120 to 90 decibels,,Jarrow and Gateshead East,213
7394,738192,Reduce the maximum noise level for consumer fireworks from 120 to 90 decibels,,Keighley and Ilkley,338
7395,738192,Reduce the maximum noise level for consumer fireworks from 120 to 90 decibels,,Kenilworth and Southam,363
7396,738192,Reduce the maximum noise level for consumer fireworks from 120 to 90 decibels,,Kensington and Bayswater,96
7397,738192,Reduce the maximum noise level for consumer fireworks from 120 to 90 decibels,,Kettering,339
7398,738192,Reduce the maximum noise level for consumer fireworks from 120 to 90 decibels,,Kingston and Surbiton,201
7399,738192,Reduce the maximum noise level for consumer fireworks from 120 to 90 decibels,,Kingston upon Hull East,265
7400,738192,Reduce the maximum noise level for consumer fireworks from 120 to 90 decibels,,Kingston upon Hull North and Cottingham,320
7401,738192,Reduce the maximum noise level for consumer fireworks from 120 to 90 decibels,,Kingston upon Hull West and Haltemprice,294
7402,738192,Reduce the maximum noise level for consumer fireworks from 120 to 90 decibels,,Kingswinford and South Staffordshire,359
7403,738192,Reduce the maximum noise level for consumer fireworks from 120 to 90 decibels,,Knowsley,227
7404,738192,Reduce the maximum noise level for consumer fireworks from 120 to 90 decibels,,Lancaster and Wyre,259
7405,738192,Reduce the maximum noise level for consumer fireworks from 120 to 90 decibels,,Leeds Central and Headingley,180
7406,738192,Reduce the maximum noise level for consumer fireworks from 120 to 90 decibels,,Leeds East,353
7407,738192,Reduce the maximum noise level for consumer fireworks from 120 to 90 decibels,,Leeds North East,369
7408,738192,Reduce the maximum noise level for consumer fireworks from 120 to 90 decibels,,Leeds North West,533
7409,738192,Reduce the maximum noise level for consumer fireworks from 120 to 90 decibels,,Leeds South,220
7410,738192,Reduce the maximum noise level for consumer fireworks from 120 to 90 decibels,,Leeds South West and Morley,498
7411,738192,Reduce the maximum noise level for consumer fireworks from 120 to 90 decibels,,Leeds West and Pudsey,357
7412,738192,Reduce the maximum noise level for consumer fireworks from 120 to 90 decibels,,Leicester East,180
7413,738192,Reduce the maximum noise level for consumer fireworks from 120 to 90 decibels,,Leicester South,145
7414,738192,Reduce the maximum noise level for consumer fireworks from 120 to 90 decibels,,Leicester West,262
7415,738192,Reduce the maximum noise level for consumer fireworks from 120 to 90 decibels,,Leigh and Atherton,361
7416,738192,Reduce the maximum noise level for consumer fireworks from 120 to 90 decibels,,Lewes,251
7417,738192,Reduce the maximum noise level for consumer fireworks from 120 to 90 decibels,,Lewisham East,124
7418,738192,Reduce the maximum noise level for consumer fireworks from 120 to 90 decibels,,Lewisham North,105
7419,738192,Reduce the maximum noise level for consumer fireworks from 120 to 90 decibels,,Lewisham West and East Dulwich,113
7420,738192,Reduce the maximum noise level for consumer fireworks from 120 to 90 decibels,,Leyton and Wanstead,152
7421,738192,Reduce the maximum noise level for consumer fireworks from 120 to 90 decibels,,Lichfield,365
7422,738192,Reduce the maximum noise level for consumer fireworks from 120 to 90 decibels,,Lincoln,209
7423,738192,Reduce the maximum noise level for consumer fireworks from 120 to 90 decibels,,Liverpool Garston,263
7424,738192,Reduce the maximum noise level for consumer fireworks from 120 to 90 decibels,,Liverpool Riverside,139
7425,738192,Reduce the maximum noise level for consumer fireworks from 120 to 90 decibels,,Liverpool Walton,231
7426,738192,Reduce the maximum noise level for consumer fireworks from 120 to 90 decibels,,Liverpool Wavertree,156
7427,738192,Reduce the maximum noise level for consumer fireworks from 120 to 90 decibels,,Liverpool West Derby,240
7428,738192,Reduce the maximum noise level for consumer fireworks from 120 to 90 decibels,,Loughborough,279
7429,738192,Reduce the maximum noise level for consumer fireworks from 120 to 90 decibels,,Louth and Horncastle,351
7430,738192,Reduce the maximum noise level for consumer fireworks from 120 to 90 decibels,,Lowestoft,456
7431,738192,Reduce the maximum noise level for consumer fireworks from 120 to 90 decibels,,Luton North,243
7432,738192,Reduce the maximum noise level for consumer fireworks from 120 to 90 decibels,,Luton South and South Bedfordshire,213
7433,738192,Reduce the maximum noise level for consumer fireworks from 120 to 90 decibels,,Macclesfield,281
7434,738192,Reduce the maximum noise level for consumer fireworks from 120 to 90 decibels,,Maidenhead,501
7435,738192,Reduce the maximum noise level for consumer fireworks from 120 to 90 decibels,,Maidstone and Malling,277
7436,738192,Reduce the maximum noise level for consumer fireworks from 120 to 90 decibels,,Makerfield,364
7437,738192,Reduce the maximum noise level for consumer fireworks from 120 to 90 decibels,,Maldon,474
7438,738192,Reduce the maximum noise level for consumer fireworks from 120 to 90 decibels,,Manchester Central,145
7439,738192,Reduce the maximum noise level for consumer fireworks from 120 to 90 decibels,,Manchester Rusholme,79
7440,738192,Reduce the maximum noise level for consumer fireworks from 120 to 90 decibels,,Manchester Withington,157
7441,738192,Reduce the maximum noise level for consumer fireworks from 120 to 90 decibels,,Mansfield,290
7442,738192,Reduce the maximum noise level for consumer fireworks from 120 to 90 decibels,,Melksham and Devizes,280
7443,738192,Reduce the maximum noise level for consumer fireworks from 120 to 90 decibels,,Melton and Syston,384
7444,738192,Reduce the maximum noise level for consumer fireworks from 120 to 90 decibels,,Meriden and Solihull East,246
7445,738192,Reduce the maximum noise level for consumer fireworks from 120 to 90 decibels,,Mid Bedfordshire,426
7446,738192,Reduce the maximum noise level for consumer fireworks from 120 to 90 decibels,,Mid Buckinghamshire,374
7447,738192,Reduce the maximum noise level for consumer fireworks from 120 to 90 decibels,,Mid Cheshire,323
7448,738192,Reduce the maximum noise level for consumer fireworks from 120 to 90 decibels,,Mid Derbyshire,370
7449,738192,Reduce the maximum noise level for consumer fireworks from 120 to 90 decibels,,Mid Dorset and North Poole,295
7450,738192,Reduce the maximum noise level for consumer fireworks from 120 to 90 decibels,,Mid Leicestershire,415
7451,738192,Reduce the maximum noise level for consumer fireworks from 120 to 90 decibels,,Mid Norfolk,576
7452,738192,Reduce the maximum noise level for consumer fireworks from 120 to 90 decibels,,Mid Sussex,259
7453,738192,Reduce the maximum noise level for consumer fireworks from 120 to 90 decibels,,Middlesbrough and Thornaby East,157
7454,738192,Reduce the maximum noise level for consumer fireworks from 120 to 90 decibels,,Middlesbrough South and East Cleveland,307
7455,738192,Reduce the maximum noise level for consumer fireworks from 120 to 90 decibels,,Milton Keynes Central,252
7456,738192,Reduce the maximum noise level for consumer fireworks from 120 to 90 decibels,,Milton Keynes North,245
7457,738192,Reduce the maximum noise level for consumer fireworks from 120 to 90 decibels,,Mitcham and Morden,167
7458,738192,Reduce the maximum noise level for consumer fireworks from 120 to 90 decibels,,Morecambe and Lunesdale,274
7459,738192,Reduce the maximum noise level for consumer fireworks from 120 to 90 decibels,,New Forest East,266
7460,738192,Reduce the maximum noise level for consumer fireworks from 120 to 90 decibels,,New Forest West,318
7461,738192,Reduce the maximum noise level for consumer fireworks from 120 to 90 decibels,,Newark,418
7462,738192,Reduce the maximum noise level for consumer fireworks from 120 to 90 decibels,,Newbury,254
7463,738192,Reduce the maximum noise level for consumer fireworks from 120 to 90 decibels,,Newcastle upon Tyne Central and West,280
7464,738192,Reduce the maximum noise level for consumer fireworks from 120 to 90 decibels,,Newcastle upon Tyne East and Wallsend,222
7465,738192,Reduce the maximum noise level for consumer fireworks from 120 to 90 decibels,,Newcastle upon Tyne North,248
7466,738192,Reduce the maximum noise level for consumer fireworks from 120 to 90 decibels,,Newcastle-under-Lyme,303
7467,738192,Reduce the maximum noise level for consumer fireworks from 120 to 90 decibels,,Newton Abbot,249
7468,738192,Reduce the maximum noise level for consumer fireworks from 120 to 90 decibels,,Newton Aycliffe and Spennymoor,256
7469,738192,Reduce the maximum noise level for consumer fireworks from 120 to 90 decibels,,Normanton and Hemsworth,375
7470,738192,Reduce the maximum noise level for consumer fireworks from 120 to 90 decibels,,North Bedfordshire,409
7471,738192,Reduce the maximum noise level for consumer fireworks from 120 to 90 decibels,,North Cornwall,274
7472,738192,Reduce the maximum noise level for consumer fireworks from 120 to 90 decibels,,North Cotswolds,336
7473,738192,Reduce the maximum noise level for consumer fireworks from 120 to 90 decibels,,North Devon,251
7474,738192,Reduce the maximum noise level for consumer fireworks from 120 to 90 decibels,,North Dorset,304
7475,738192,Reduce the maximum noise level for consumer fireworks from 120 to 90 decibels,,North Durham,305
7476,738192,Reduce the maximum noise level for consumer fireworks from 120 to 90 decibels,,North East Cambridgeshire,285
7477,738192,Reduce the maximum noise level for consumer fireworks from 120 to 90 decibels,,North East Derbyshire,415
7478,738192,Reduce the maximum noise level for consumer fireworks from 120 to 90 decibels,,North East Hampshire,380
7479,738192,Reduce the maximum noise level for consumer fireworks from 120 to 90 decibels,,North East Hertfordshire,389
7480,738192,Reduce the maximum noise level for consumer fireworks from 120 to 90 decibels,,North East Somerset and Hanham,291
7481,738192,Reduce the maximum noise level for consumer fireworks from 120 to 90 decibels,,North Herefordshire,258
7482,738192,Reduce the maximum noise level for consumer fireworks from 120 to 90 decibels,,North Norfolk,582
7483,738192,Reduce the maximum noise level for consumer fireworks from 120 to 90 decibels,,North Northumberland,277
7484,738192,Reduce the maximum noise level for consumer fireworks from 120 to 90 decibels,,North Shropshire,260
7485,738192,Reduce the maximum noise level for consumer fireworks from 120 to 90 decibels,,North Somerset,282
7486,738192,Reduce the maximum noise level for consumer fireworks from 120 to 90 decibels,,North Warwickshire and Bedworth,320
7487,738192,Reduce the maximum noise level for consumer fireworks from 120 to 90 decibels,,North West Cambridgeshire,267
7488,738192,Reduce the maximum noise level for consumer fireworks from 120 to 90 decibels,,North West Essex,397
7489,738192,Reduce the maximum noise level for consumer fireworks from 120 to 90 decibels,,North West Hampshire,302
7490,738192,Reduce the maximum noise level for consumer fireworks from 120 to 90 decibels,,North West Leicestershire,331
7491,738192,Reduce the maximum noise level for consumer fireworks from 120 to 90 decibels,,North West Norfolk,402
7492,738192,Reduce the maximum noise level for consumer fireworks from 120 to 90 decibels,,Northampton North,256
7493,738192,Reduce the maximum noise level for consumer fireworks from 120 to 90 decibels,,Northampton South,304
7494,738192,Reduce the maximum noise level for consumer fireworks from 120 to 90 decibels,,Norwich North,641
7495,738192,Reduce the maximum noise level for consumer fireworks from 120 to 90 decibels,,Norwich South,480
7496,738192,Reduce the maximum noise level for consumer fireworks from 120 to 90 decibels,,Nottingham East,150
7497,738192,Reduce the maximum noise level for consumer fireworks from 120 to 90 decibels,,Nottingham North and Kimberley,264
7498,738192,Reduce the maximum noise level for consumer fireworks from 120 to 90 decibels,,Nottingham South,134
7499,738192,Reduce the maximum noise level for consumer fireworks from 120 to 90 decibels,,Nuneaton,281
7500,738192,Reduce the maximum noise level for consumer fireworks from 120 to 90 decibels,,Old Bexley and Sidcup,266
7501,738192,Reduce the maximum noise level for consumer fireworks from 120 to 90 decibels,,Oldham East and Saddleworth,234
7502,738192,Reduce the maximum noise level for consumer fireworks from 120 to 90 decibels,,"Oldham West, Chadderton and Royton",180
7503,738192,Reduce the maximum noise level for consumer fireworks from 120 to 90 decibels,,Orpington,313
7504,738192,Reduce the maximum noise level for consumer fireworks from 120 to 90 decibels,,Ossett and Denby Dale,305
7505,738192,Reduce the maximum noise level for consumer fireworks from 120 to 90 decibels,,Oxford East,121
7506,738192,Reduce the maximum noise level for consumer fireworks from 120 to 90 decibels,,Oxford West and Abingdon,200
7507,738192,Reduce the maximum noise level for consumer fireworks from 120 to 90 decibels,,Peckham,50
7508,738192,Reduce the maximum noise level for consumer fireworks from 120 to 90 decibels,,Pendle and Clitheroe,275
7509,738192,Reduce the maximum noise level for consumer fireworks from 120 to 90 decibels,,Penistone and Stocksbridge,342
7510,738192,Reduce the maximum noise level for consumer fireworks from 120 to 90 decibels,,Penrith and Solway,313
7511,738192,Reduce the maximum noise level for consumer fireworks from 120 to 90 decibels,,Peterborough,203
7512,738192,Reduce the maximum noise level for consumer fireworks from 120 to 90 decibels,,Plymouth Moor View,230
7513,738192,Reduce the maximum noise level for consumer fireworks from 120 to 90 decibels,,Plymouth Sutton and Devonport,213
7514,738192,Reduce the maximum noise level for consumer fireworks from 120 to 90 decibels,,"Pontefract, Castleford and Knottingley",409
7515,738192,Reduce the maximum noise level for consumer fireworks from 120 to 90 decibels,,Poole,230
7516,738192,Reduce the maximum noise level for consumer fireworks from 120 to 90 decibels,,Poplar and Limehouse,95
7517,738192,Reduce the maximum noise level for consumer fireworks from 120 to 90 decibels,,Portsmouth North,225
7518,738192,Reduce the maximum noise level for consumer fireworks from 120 to 90 decibels,,Portsmouth South,149
7519,738192,Reduce the maximum noise level for consumer fireworks from 120 to 90 decibels,,Preston,200
7520,738192,Reduce the maximum noise level for consumer fireworks from 120 to 90 decibels,,Putney,103
7521,738192,Reduce the maximum noise level for consumer fireworks from 120 to 90 decibels,,Queen's Park and Maida Vale,81
7522,738192,Reduce the maximum noise level for consumer fireworks from 120 to 90 decibels,,Rawmarsh and Conisbrough,328
7523,738192,Reduce the maximum noise level for consumer fireworks from 120 to 90 decibels,,Rayleigh and Wickford,432
7524,738192,Reduce the maximum noise level for consumer fireworks from 120 to 90 decibels,,Reading Central,213
7525,738192,Reduce the maximum noise level for consumer fireworks from 120 to 90 decibels,,Reading West and Mid Berkshire,337
7526,738192,Reduce the maximum noise level for consumer fireworks from 120 to 90 decibels,,Redcar,261
7527,738192,Reduce the maximum noise level for consumer fireworks from 120 to 90 decibels,,Redditch,271
7528,738192,Reduce the maximum noise level for consumer fireworks from 120 to 90 decibels,,Reigate,364
7529,738192,Reduce the maximum noise level for consumer fireworks from 120 to 90 decibels,,Ribble Valley,295
7530,738192,Reduce the maximum noise level for consumer fireworks from 120 to 90 decibels,,Richmond and Northallerton,292
7531,738192,Reduce the maximum noise level for consumer fireworks from 120 to 90 decibels,,Richmond Park,204
7532,738192,Reduce the maximum noise level for consumer fireworks from 120 to 90 decibels,,Rochdale,221
7533,738192,Reduce the maximum noise level for consumer fireworks from 120 to 90 decibels,,Rochester and Strood,266
7534,738192,Reduce the maximum noise level for consumer fireworks from 120 to 90 decibels,,Romford,283
7535,738192,Reduce the maximum noise level for consumer fireworks from 120 to 90 decibels,,Romsey and Southampton North,288
7536,738192,Reduce the maximum noise level for consumer fireworks from 120 to 90 decibels,,Rossendale and Darwen,344
7537,738192,Reduce the maximum noise level for consumer fireworks from 120 to 90 decibels,,Rother Valley,366
7538,738192,Reduce the maximum noise level for consumer fireworks from 120 to 90 decibels,,Rotherham,302
7539,738192,Reduce the maximum noise level for consumer fireworks from 120 to 90 decibels,,Rugby,366
7540,738192,Reduce the maximum noise level for consumer fireworks from 120 to 90 decibels,,"Ruislip, Northwood and Pinner",638
7541,738192,Reduce the maximum noise level for consumer fireworks from 120 to 90 decibels,,Runcorn and Helsby,293
7542,738192,Reduce the maximum noise level for consumer fireworks from 120 to 90 decibels,,Runnymede and Weybridge,367
7543,738192,Reduce the maximum noise level for consumer fireworks from 120 to 90 decibels,,Rushcliffe,278
7544,738192,Reduce the maximum noise level for consumer fireworks from 120 to 90 decibels,,Rutland and Stamford,252
7545,738192,Reduce the maximum noise level for consumer fireworks from 120 to 90 decibels,,Salford,210
7546,738192,Reduce the maximum noise level for consumer fireworks from 120 to 90 decibels,,Salisbury,217
7547,738192,Reduce the maximum noise level for consumer fireworks from 120 to 90 decibels,,Scarborough and Whitby,375
7548,738192,Reduce the maximum noise level for consumer fireworks from 120 to 90 decibels,,Scunthorpe,326
7549,738192,Reduce the maximum noise level for consumer fireworks from 120 to 90 decibels,,Sefton Central,352
7550,738192,Reduce the maximum noise level for consumer fireworks from 120 to 90 decibels,,Selby,439
7551,738192,Reduce the maximum noise level for consumer fireworks from 120 to 90 decibels,,Sevenoaks,344
7552,738192,Reduce the maximum noise level for consumer fireworks from 120 to 90 decibels,,Sheffield Brightside and Hillsborough,290
7553,738192,Reduce the maximum noise level for consumer fireworks from 120 to 90 decibels,,Sheffield Central,133
7554,738192,Reduce the maximum noise level for consumer fireworks from 120 to 90 decibels,,Sheffield Hallam,277
7555,738192,Reduce the maximum noise level for consumer fireworks from 120 to 90 decibels,,Sheffield Heeley,298
7556,738192,Reduce the maximum noise level for consumer fireworks from 120 to 90 decibels,,Sheffield South East,364
7557,738192,Reduce the maximum noise level for consumer fireworks from 120 to 90 decibels,,Sherwood Forest,404
7558,738192,Reduce the maximum noise level for consumer fireworks from 120 to 90 decibels,,Shipley,464
7559,738192,Reduce the maximum noise level for consumer fireworks from 120 to 90 decibels,,Shrewsbury,229
7560,738192,Reduce the maximum noise level for consumer fireworks from 120 to 90 decibels,,Sittingbourne and Sheppey,340
7561,738192,Reduce the maximum noise level for consumer fireworks from 120 to 90 decibels,,Skipton and Ripon,343
7562,738192,Reduce the maximum noise level for consumer fireworks from 120 to 90 decibels,,Sleaford and North Hykeham,269
7563,738192,Reduce the maximum noise level for consumer fireworks from 120 to 90 decibels,,Slough,452
7564,738192,Reduce the maximum noise level for consumer fireworks from 120 to 90 decibels,,Smethwick,258
7565,738192,Reduce the maximum noise level for consumer fireworks from 120 to 90 decibels,,Solihull West and Shirley,334
7566,738192,Reduce the maximum noise level for consumer fireworks from 120 to 90 decibels,,South Basildon and East Thurrock,317
7567,738192,Reduce the maximum noise level for consumer fireworks from 120 to 90 decibels,,South Cambridgeshire,276
7568,738192,Reduce the maximum noise level for consumer fireworks from 120 to 90 decibels,,South Cotswolds,322
7569,738192,Reduce the maximum noise level for consumer fireworks from 120 to 90 decibels,,South Derbyshire,344
7570,738192,Reduce the maximum noise level for consumer fireworks from 120 to 90 decibels,,South Devon,218
7571,738192,Reduce the maximum noise level for consumer fireworks from 120 to 90 decibels,,South Dorset,245
7572,738192,Reduce the maximum noise level for consumer fireworks from 120 to 90 decibels,,South East Cornwall,290
7573,738192,Reduce the maximum noise level for consumer fireworks from 120 to 90 decibels,,South Holland and The Deepings,295
7574,738192,Reduce the maximum noise level for consumer fireworks from 120 to 90 decibels,,South Leicestershire,376
7575,738192,Reduce the maximum noise level for consumer fireworks from 120 to 90 decibels,,South Norfolk,659
7576,738192,Reduce the maximum noise level for consumer fireworks from 120 to 90 decibels,,South Northamptonshire,343
7577,738192,Reduce the maximum noise level for consumer fireworks from 120 to 90 decibels,,South Ribble,425
7578,738192,Reduce the maximum noise level for consumer fireworks from 120 to 90 decibels,,South Shields,281
7579,738192,Reduce the maximum noise level for consumer fireworks from 120 to 90 decibels,,South Shropshire,286
7580,738192,Reduce the maximum noise level for consumer fireworks from 120 to 90 decibels,,South Suffolk,333
7581,738192,Reduce the maximum noise level for consumer fireworks from 120 to 90 decibels,,South West Devon,290
7582,738192,Reduce the maximum noise level for consumer fireworks from 120 to 90 decibels,,South West Hertfordshire,342
7583,738192,Reduce the maximum noise level for consumer fireworks from 120 to 90 decibels,,South West Norfolk,478
7584,738192,Reduce the maximum noise level for consumer fireworks from 120 to 90 decibels,,South West Wiltshire,302
7585,738192,Reduce the maximum noise level for consumer fireworks from 120 to 90 decibels,,Southampton Itchen,229
7586,738192,Reduce the maximum noise level for consumer fireworks from 120 to 90 decibels,,Southampton Test,211
7587,738192,Reduce the maximum noise level for consumer fireworks from 120 to 90 decibels,,Southend East and Rochford,314
7588,738192,Reduce the maximum noise level for consumer fireworks from 120 to 90 decibels,,Southend West and Leigh,360
7589,738192,Reduce the maximum noise level for consumer fireworks from 120 to 90 decibels,,Southgate and Wood Green,120
7590,738192,Reduce the maximum noise level for consumer fireworks from 120 to 90 decibels,,Southport,339
7591,738192,Reduce the maximum noise level for consumer fireworks from 120 to 90 decibels,,Spelthorne,472
7592,738192,Reduce the maximum noise level for consumer fireworks from 120 to 90 decibels,,Spen Valley,331
7593,738192,Reduce the maximum noise level for consumer fireworks from 120 to 90 decibels,,St Albans,198
7594,738192,Reduce the maximum noise level for consumer fireworks from 120 to 90 decibels,,St Austell and Newquay,236
7595,738192,Reduce the maximum noise level for consumer fireworks from 120 to 90 decibels,,St Helens North,320
7596,738192,Reduce the maximum noise level for consumer fireworks from 120 to 90 decibels,,St Helens South and Whiston,257
7597,738192,Reduce the maximum noise level for consumer fireworks from 120 to 90 decibels,,St Ives,225
7598,738192,Reduce the maximum noise level for consumer fireworks from 120 to 90 decibels,,St Neots and Mid Cambridgeshire,214
7599,738192,Reduce the maximum noise level for consumer fireworks from 120 to 90 decibels,,Stafford,304
7600,738192,Reduce the maximum noise level for consumer fireworks from 120 to 90 decibels,,Staffordshire Moorlands,325
7601,738192,Reduce the maximum noise level for consumer fireworks from 120 to 90 decibels,,Stalybridge and Hyde,339
7602,738192,Reduce the maximum noise level for consumer fireworks from 120 to 90 decibels,,Stevenage,232
7603,738192,Reduce the maximum noise level for consumer fireworks from 120 to 90 decibels,,Stockport,301
7604,738192,Reduce the maximum noise level for consumer fireworks from 120 to 90 decibels,,Stockton North,276
7605,738192,Reduce the maximum noise level for consumer fireworks from 120 to 90 decibels,,Stockton West,281
7606,738192,Reduce the maximum noise level for consumer fireworks from 120 to 90 decibels,,Stoke-on-Trent Central,324
7607,738192,Reduce the maximum noise level for consumer fireworks from 120 to 90 decibels,,Stoke-on-Trent North,350
7608,738192,Reduce the maximum noise level for consumer fireworks from 120 to 90 decibels,,Stoke-on-Trent South,369
7609,738192,Reduce the maximum noise level for consumer fireworks from 120 to 90 decibels,,"Stone, Great Wyrley and Penkridge",341
7610,738192,Reduce the maximum noise level for consumer fireworks from 120 to 90 decibels,,Stourbridge,290
7611,738192,Reduce the maximum noise level for consumer fireworks from 120 to 90 decibels,,Stratford and Bow,112
7612,738192,Reduce the maximum noise level for consumer fireworks from 120 to 90 decibels,,Stratford-on-Avon,379
7613,738192,Reduce the maximum noise level for consumer fireworks from 120 to 90 decibels,,Streatham and Croydon North,101
7614,738192,Reduce the maximum noise level for consumer fireworks from 120 to 90 decibels,,Stretford and Urmston,207
7615,738192,Reduce the maximum noise level for consumer fireworks from 120 to 90 decibels,,Stroud,347
7616,738192,Reduce the maximum noise level for consumer fireworks from 120 to 90 decibels,,Suffolk Coastal,317
7617,738192,Reduce the maximum noise level for consumer fireworks from 120 to 90 decibels,,Sunderland Central,242
7618,738192,Reduce the maximum noise level for consumer fireworks from 120 to 90 decibels,,Surrey Heath,316
7619,738192,Reduce the maximum noise level for consumer fireworks from 120 to 90 decibels,,Sussex Weald,286
7620,738192,Reduce the maximum noise level for consumer fireworks from 120 to 90 decibels,,Sutton and Cheam,219
7621,738192,Reduce the maximum noise level for consumer fireworks from 120 to 90 decibels,,Sutton Coldfield,293
7622,738192,Reduce the maximum noise level for consumer fireworks from 120 to 90 decibels,,Swindon North,342
7623,738192,Reduce the maximum noise level for consumer fireworks from 120 to 90 decibels,,Swindon South,295
7624,738192,Reduce the maximum noise level for consumer fireworks from 120 to 90 decibels,,Tamworth,304
7625,738192,Reduce the maximum noise level for consumer fireworks from 120 to 90 decibels,,Tatton,325
7626,738192,Reduce the maximum noise level for consumer fireworks from 120 to 90 decibels,,Taunton and Wellington,237
7627,738192,Reduce the maximum noise level for consumer fireworks from 120 to 90 decibels,,Telford,246
7628,738192,Reduce the maximum noise level for consumer fireworks from 120 to 90 decibels,,Tewkesbury,308
7629,738192,Reduce the maximum noise level for consumer fireworks from 120 to 90 decibels,,The Wrekin,340
7630,738192,Reduce the maximum noise level for consumer fireworks from 120 to 90 decibels,,Thirsk and Malton,331
7631,738192,Reduce the maximum noise level for consumer fireworks from 120 to 90 decibels,,Thornbury and Yate,334
7632,738192,Reduce the maximum noise level for consumer fireworks from 120 to 90 decibels,,Thurrock,220
7633,738192,Reduce the maximum noise level for consumer fireworks from 120 to 90 decibels,,Tipton and Wednesbury,350
7634,738192,Reduce the maximum noise level for consumer fireworks from 120 to 90 decibels,,Tiverton and Minehead,262
7635,738192,Reduce the maximum noise level for consumer fireworks from 120 to 90 decibels,,Tonbridge,350
7636,738192,Reduce the maximum noise level for consumer fireworks from 120 to 90 decibels,,Tooting,95
7637,738192,Reduce the maximum noise level for consumer fireworks from 120 to 90 decibels,,Torbay,219
7638,738192,Reduce the maximum noise level for consumer fireworks from 120 to 90 decibels,,Torridge and Tavistock,301
7639,738192,Reduce the maximum noise level for consumer fireworks from 120 to 90 decibels,,Tottenham,62
7640,738192,Reduce the maximum noise level for consumer fireworks from 120 to 90 decibels,,Truro and Falmouth,183
7641,738192,Reduce the maximum noise level for consumer fireworks from 120 to 90 decibels,,Tunbridge Wells,302
7642,738192,Reduce the maximum noise level for consumer fireworks from 120 to 90 decibels,,Twickenham,378
7643,738192,Reduce the maximum noise level for consumer fireworks from 120 to 90 decibels,,Tynemouth,258
7644,738192,Reduce the maximum noise level for consumer fireworks from 120 to 90 decibels,,Uxbridge and South Ruislip,454
7645,738192,Reduce the maximum noise level for consumer fireworks from 120 to 90 decibels,,Vauxhall and Camberwell Green,46
7646,738192,Reduce the maximum noise level for consumer fireworks from 120 to 90 decibels,,Wakefield and Rothwell,399
7647,738192,Reduce the maximum noise level for consumer fireworks from 120 to 90 decibels,,Wallasey,353
7648,738192,Reduce the maximum noise level for consumer fireworks from 120 to 90 decibels,,Walsall and Bloxwich,196
7649,738192,Reduce the maximum noise level for consumer fireworks from 120 to 90 decibels,,Walthamstow,182
7650,738192,Reduce the maximum noise level for consumer fireworks from 120 to 90 decibels,,Warrington North,307
7651,738192,Reduce the maximum noise level for consumer fireworks from 120 to 90 decibels,,Warrington South,340
7652,738192,Reduce the maximum noise level for consumer fireworks from 120 to 90 decibels,,Warwick and Leamington,323
7653,738192,Reduce the maximum noise level for consumer fireworks from 120 to 90 decibels,,Washington and Gateshead South,301
7654,738192,Reduce the maximum noise level for consumer fireworks from 120 to 90 decibels,,Watford,269
7655,738192,Reduce the maximum noise level for consumer fireworks from 120 to 90 decibels,,Waveney Valley,474
7656,738192,Reduce the maximum noise level for consumer fireworks from 120 to 90 decibels,,Weald of Kent,314
7657,738192,Reduce the maximum noise level for consumer fireworks from 120 to 90 decibels,,Wellingborough and Rushden,359
7658,738192,Reduce the maximum noise level for consumer fireworks from 120 to 90 decibels,,Wells and Mendip Hills,354
7659,738192,Reduce the maximum noise level for consumer fireworks from 120 to 90 decibels,,Welwyn Hatfield,311
7660,738192,Reduce the maximum noise level for consumer fireworks from 120 to 90 decibels,,West Bromwich,321
7661,738192,Reduce the maximum noise level for consumer fireworks from 120 to 90 decibels,,West Dorset,246
7662,738192,Reduce the maximum noise level for consumer fireworks from 120 to 90 decibels,,West Ham and Beckton,115
7663,738192,Reduce the maximum noise level for consumer fireworks from 120 to 90 decibels,,West Lancashire,360
7664,738192,Reduce the maximum noise level for consumer fireworks from 120 to 90 decibels,,West Suffolk,338
7665,738192,Reduce the maximum noise level for consumer fireworks from 120 to 90 decibels,,West Worcestershire,358
7666,738192,Reduce the maximum noise level for consumer fireworks from 120 to 90 decibels,,Westmorland and Lonsdale,253
7667,738192,Reduce the maximum noise level for consumer fireworks from 120 to 90 decibels,,Weston-super-Mare,282
7668,738192,Reduce the maximum noise level for consumer fireworks from 120 to 90 decibels,,Wetherby and Easingwold,369
7669,738192,Reduce the maximum noise level for consumer fireworks from 120 to 90 decibels,,Whitehaven and Workington,423
7670,738192,Reduce the maximum noise level for consumer fireworks from 120 to 90 decibels,,Widnes and Halewood,254
7671,738192,Reduce the maximum noise level for consumer fireworks from 120 to 90 decibels,,Wigan,362
7672,738192,Reduce the maximum noise level for consumer fireworks from 120 to 90 decibels,,Wimbledon,130
7673,738192,Reduce the maximum noise level for consumer fireworks from 120 to 90 decibels,,Winchester,246
7674,738192,Reduce the maximum noise level for consumer fireworks from 120 to 90 decibels,,Windsor,543
7675,738192,Reduce the maximum noise level for consumer fireworks from 120 to 90 decibels,,Wirral West,332
7676,738192,Reduce the maximum noise level for consumer fireworks from 120 to 90 decibels,,Witham,415
7677,738192,Reduce the maximum noise level for consumer fireworks from 120 to 90 decibels,,Witney,292
7678,738192,Reduce the maximum noise level for consumer fireworks from 120 to 90 decibels,,Woking,279
7679,738192,Reduce the maximum noise level for consumer fireworks from 120 to 90 decibels,,Wokingham,373
7680,738192,Reduce the maximum noise level for consumer fireworks from 120 to 90 decibels,,Wolverhampton North East,246
7681,738192,Reduce the maximum noise level for consumer fireworks from 120 to 90 decibels,,Wolverhampton South East,258
7682,738192,Reduce the maximum noise level for consumer fireworks from 120 to 90 decibels,,Wolverhampton West,268
7683,738192,Reduce the maximum noise level for consumer fireworks from 120 to 90 decibels,,Worcester,233
7684,738192,Reduce the maximum noise level for consumer fireworks from 120 to 90 decibels,,Worsley and Eccles,359
7685,738192,Reduce the maximum noise level for consumer fireworks from 120 to 90 decibels,,Worthing West,270
7686,738192,Reduce the maximum noise level for consumer fireworks from 120 to 90 decibels,,Wycombe,269
7687,738192,Reduce the maximum noise level for consumer fireworks from 120 to 90 decibels,,Wyre Forest,367
7688,738192,Reduce the maximum noise level for consumer fireworks from 120 to 90 decibels,,Wythenshawe and Sale East,275
7689,738192,Reduce the maximum noise level for consumer fireworks from 120 to 90 decibels,,Yeovil,252
7690,738192,Reduce the maximum noise level for consumer fireworks from 120 to 90 decibels,,York Central,281
7691,738192,Reduce the maximum noise level for consumer fireworks from 120 to 90 decibels,,York Outer,308
7692,738192,Reduce the maximum noise level for consumer fireworks from 120 to 90 decibels,,Belfast East,110
7693,738192,Reduce the maximum noise level for consumer fireworks from 120 to 90 decibels,,Belfast North,138
7694,738192,Reduce the maximum noise level for consumer fireworks from 120 to 90 decibels,,Belfast South and Mid Down,82
7695,738192,Reduce the maximum noise level for consumer fireworks from 120 to 90 decibels,,Belfast West,69
7696,738192,Reduce the maximum noise level for consumer fireworks from 120 to 90 decibels,,East Antrim,179
7697,738192,Reduce the maximum noise level for consumer fireworks from 120 to 90 decibels,,East Londonderry,58
7698,738192,Reduce the maximum noise level for consumer fireworks from 120 to 90 decibels,,Fermanagh and South Tyrone,43
7699,738192,Reduce the maximum noise level for consumer fireworks from 120 to 90 decibels,,Foyle,33
7700,738192,Reduce the maximum noise level for consumer fireworks from 120 to 90 decibels,,Lagan Valley,131
7701,738192,Reduce the maximum noise level for consumer fireworks from 120 to 90 decibels,,Mid Ulster,52
7702,738192,Reduce the maximum noise level for consumer fireworks from 120 to 90 decibels,,Newry and Armagh,67
7703,738192,Reduce the maximum noise level for consumer fireworks from 120 to 90 decibels,,North Antrim,111
7704,738192,Reduce the maximum noise level for consumer fireworks from 120 to 90 decibels,,North Down,120
7705,738192,Reduce the maximum noise level for consumer fireworks from 120 to 90 decibels,,South Antrim,274
7706,738192,Reduce the maximum noise level for consumer fireworks from 120 to 90 decibels,,South Down,91
7707,738192,Reduce the maximum noise level for consumer fireworks from 120 to 90 decibels,,Strangford,149
7708,738192,Reduce the maximum noise level for consumer fireworks from 120 to 90 decibels,,Upper Bann,123
7709,738192,Reduce the maximum noise level for consumer fireworks from 120 to 90 decibels,,West Tyrone,32
7710,738192,Reduce the maximum noise level for consumer fireworks from 120 to 90 decibels,,East Renfrewshire,133
7711,738192,Reduce the maximum noise level for consumer fireworks from 120 to 90 decibels,,Na h-Eileanan an Iar,26
7712,738192,Reduce the maximum noise level for consumer fireworks from 120 to 90 decibels,,Midlothian,186
7713,738192,Reduce the maximum noise level for consumer fireworks from 120 to 90 decibels,,North Ayrshire and Arran,147
7714,738192,Reduce the maximum noise level for consumer fireworks from 120 to 90 decibels,,Orkney and Shetland,44
7715,738192,Reduce the maximum noise level for consumer fireworks from 120 to 90 decibels,,Aberdeen North,164
7716,738192,Reduce the maximum noise level for consumer fireworks from 120 to 90 decibels,,Aberdeen South,120
7717,738192,Reduce the maximum noise level for consumer fireworks from 120 to 90 decibels,,Aberdeenshire North and Moray East,123
7718,738192,Reduce the maximum noise level for consumer fireworks from 120 to 90 decibels,,Airdrie and Shotts,134
7719,738192,Reduce the maximum noise level for consumer fireworks from 120 to 90 decibels,,Alloa and Grangemouth,136
7720,738192,Reduce the maximum noise level for consumer fireworks from 120 to 90 decibels,,Angus and Perthshire Glens,202
7721,738192,Reduce the maximum noise level for consumer fireworks from 120 to 90 decibels,,Arbroath and Broughty Ferry,135
7722,738192,Reduce the maximum noise level for consumer fireworks from 120 to 90 decibels,,"Argyll, Bute and South Lochaber",169
7723,738192,Reduce the maximum noise level for consumer fireworks from 120 to 90 decibels,,Bathgate and Linlithgow,138
7724,738192,Reduce the maximum noise level for consumer fireworks from 120 to 90 decibels,,"Caithness, Sutherland and Easter Ross",157
7725,738192,Reduce the maximum noise level for consumer fireworks from 120 to 90 decibels,,Coatbridge and Bellshill,128
7726,738192,Reduce the maximum noise level for consumer fireworks from 120 to 90 decibels,,Cowdenbeath and Kirkcaldy,146
7727,738192,Reduce the maximum noise level for consumer fireworks from 120 to 90 decibels,,Cumbernauld and Kirkintilloch,160
7728,738192,Reduce the maximum noise level for consumer fireworks from 120 to 90 decibels,,Dumfries and Galloway,160
7729,738192,Reduce the maximum noise level for consumer fireworks from 120 to 90 decibels,,"Dumfriesshire, Clydesdale and Tweeddale",212
7730,738192,Reduce the maximum noise level for consumer fireworks from 120 to 90 decibels,,Dundee Central,106
7731,738192,Reduce the maximum noise level for consumer fireworks from 120 to 90 decibels,,Dunfermline and Dollar,143
7732,738192,Reduce the maximum noise level for consumer fireworks from 120 to 90 decibels,,East Kilbride and Strathaven,207
7733,738192,Reduce the maximum noise level for consumer fireworks from 120 to 90 decibels,,Edinburgh East and Musselburgh,98
7734,738192,Reduce the maximum noise level for consumer fireworks from 120 to 90 decibels,,Edinburgh North and Leith,110
7735,738192,Reduce the maximum noise level for consumer fireworks from 120 to 90 decibels,,Edinburgh South,84
7736,738192,Reduce the maximum noise level for consumer fireworks from 120 to 90 decibels,,Edinburgh South West,89
7737,738192,Reduce the maximum noise level for consumer fireworks from 120 to 90 decibels,,Edinburgh West,93
7738,738192,Reduce the maximum noise level for consumer fireworks from 120 to 90 decibels,,Falkirk,139
7739,738192,Reduce the maximum noise level for consumer fireworks from 120 to 90 decibels,,Glasgow East,123
7740,738192,Reduce the maximum noise level for consumer fireworks from 120 to 90 decibels,,Glasgow North,138
7741,738192,Reduce the maximum noise level for consumer fireworks from 120 to 90 decibels,,Glasgow North East,120
7742,738192,Reduce the maximum noise level for consumer fireworks from 120 to 90 decibels,,Glasgow South,159
7743,738192,Reduce the maximum noise level for consumer fireworks from 120 to 90 decibels,,Glasgow South West,141
7744,738192,Reduce the maximum noise level for consumer fireworks from 120 to 90 decibels,,Glasgow West,130
7745,738192,Reduce the maximum noise level for consumer fireworks from 120 to 90 decibels,,Glenrothes and Mid Fife,125
7746,738192,Reduce the maximum noise level for consumer fireworks from 120 to 90 decibels,,Gordon and Buchan,130
7747,738192,Reduce the maximum noise level for consumer fireworks from 120 to 90 decibels,,Hamilton and Clyde Valley,147
7748,738192,Reduce the maximum noise level for consumer fireworks from 120 to 90 decibels,,Inverclyde and Renfrewshire West,92
7749,738192,Reduce the maximum noise level for consumer fireworks from 120 to 90 decibels,,"Inverness, Skye and West Ross-shire",138
7750,738192,Reduce the maximum noise level for consumer fireworks from 120 to 90 decibels,,Livingston,155
7751,738192,Reduce the maximum noise level for consumer fireworks from 120 to 90 decibels,,Lothian East,127
7752,738192,Reduce the maximum noise level for consumer fireworks from 120 to 90 decibels,,Mid Dunbartonshire,175
7753,738192,Reduce the maximum noise level for consumer fireworks from 120 to 90 decibels,,"Moray West, Nairn and Strathspey",136
7754,738192,Reduce the maximum noise level for consumer fireworks from 120 to 90 decibels,,"Motherwell, Wishaw and Carluke",141
7755,738192,Reduce the maximum noise level for consumer fireworks from 120 to 90 decibels,,North East Fife,125
7756,738192,Reduce the maximum noise level for consumer fireworks from 120 to 90 decibels,,Paisley and Renfrewshire North,213
7757,738192,Reduce the maximum noise level for consumer fireworks from 120 to 90 decibels,,Paisley and Renfrewshire South,181
7758,738192,Reduce the maximum noise level for consumer fireworks from 120 to 90 decibels,,Perth and Kinross-shire,153
7759,738192,Reduce the maximum noise level for consumer fireworks from 120 to 90 decibels,,Rutherglen,186
7760,738192,Reduce the maximum noise level for consumer fireworks from 120 to 90 decibels,,Stirling and Strathallan,134
7761,738192,Reduce the maximum noise level for consumer fireworks from 120 to 90 decibels,,West Dunbartonshire,228
7762,738192,Reduce the maximum noise level for consumer fireworks from 120 to 90 decibels,,"Ayr, Carrick and Cumnock",124
7763,738192,Reduce the maximum noise level for consumer fireworks from 120 to 90 decibels,,"Berwickshire, Roxburgh and Selkirk",168
7764,738192,Reduce the maximum noise level for consumer fireworks from 120 to 90 decibels,,Central Ayrshire,140
7765,738192,Reduce the maximum noise level for consumer fireworks from 120 to 90 decibels,,Kilmarnock and Loudoun,166
7766,738192,Reduce the maximum noise level for consumer fireworks from 120 to 90 decibels,,West Aberdeenshire and Kincardine,141
7767,738192,Reduce the maximum noise level for consumer fireworks from 120 to 90 decibels,,Aberafan Maesteg,253
7768,738192,Reduce the maximum noise level for consumer fireworks from 120 to 90 decibels,,Alyn and Deeside,357
7769,738192,Reduce the maximum noise level for consumer fireworks from 120 to 90 decibels,,Bangor Aberconwy,228
7770,738192,Reduce the maximum noise level for consumer fireworks from 120 to 90 decibels,,Blaenau Gwent and Rhymney,233
7771,738192,Reduce the maximum noise level for consumer fireworks from 120 to 90 decibels,,"Brecon, Radnor and Cwm Tawe",293
7772,738192,Reduce the maximum noise level for consumer fireworks from 120 to 90 decibels,,Bridgend,226
7773,738192,Reduce the maximum noise level for consumer fireworks from 120 to 90 decibels,,Caerfyrddin,274
7774,738192,Reduce the maximum noise level for consumer fireworks from 120 to 90 decibels,,Caerphilly,295
7775,738192,Reduce the maximum noise level for consumer fireworks from 120 to 90 decibels,,Cardiff East,202
7776,738192,Reduce the maximum noise level for consumer fireworks from 120 to 90 decibels,,Cardiff North,286
7777,738192,Reduce the maximum noise level for consumer fireworks from 120 to 90 decibels,,Cardiff South and Penarth,167
7778,738192,Reduce the maximum noise level for consumer fireworks from 120 to 90 decibels,,Cardiff West,219
7779,738192,Reduce the maximum noise level for consumer fireworks from 120 to 90 decibels,,Ceredigion Preseli,249
7780,738192,Reduce the maximum noise level for consumer fireworks from 120 to 90 decibels,,Clwyd East,339
7781,738192,Reduce the maximum noise level for consumer fireworks from 120 to 90 decibels,,Clwyd North,302
7782,738192,Reduce the maximum noise level for consumer fireworks from 120 to 90 decibels,,Dwyfor Meirionnydd,162
7783,738192,Reduce the maximum noise level for consumer fireworks from 120 to 90 decibels,,Gower,291
7784,738192,Reduce the maximum noise level for consumer fireworks from 120 to 90 decibels,,Llanelli,270
7785,738192,Reduce the maximum noise level for consumer fireworks from 120 to 90 decibels,,Merthyr Tydfil and Aberdare,227
7786,738192,Reduce the maximum noise level for consumer fireworks from 120 to 90 decibels,,Mid and South Pembrokeshire,223
7787,738192,Reduce the maximum noise level for consumer fireworks from 120 to 90 decibels,,Monmouthshire,354
7788,738192,Reduce the maximum noise level for consumer fireworks from 120 to 90 decibels,,Montgomeryshire and Glyndŵr,247
7789,738192,Reduce the maximum noise level for consumer fireworks from 120 to 90 decibels,,Neath and Swansea East,240
7790,738192,Reduce the maximum noise level for consumer fireworks from 120 to 90 decibels,,Newport East,235
7791,738192,Reduce the maximum noise level for consumer fireworks from 120 to 90 decibels,,Newport West and Islwyn,267
7792,738192,Reduce the maximum noise level for consumer fireworks from 120 to 90 decibels,,Pontypridd,258
7793,738192,Reduce the maximum noise level for consumer fireworks from 120 to 90 decibels,,Rhondda and Ogmore,222
7794,738192,Reduce the maximum noise level for consumer fireworks from 120 to 90 decibels,,Swansea West,227
7795,738192,Reduce the maximum noise level for consumer fireworks from 120 to 90 decibels,,Torfaen,318
7796,738192,Reduce the maximum noise level for consumer fireworks from 120 to 90 decibels,,Vale of Glamorgan,302
7797,738192,Reduce the maximum noise level for consumer fireworks from 120 to 90 decibels,,Wrexham,267
7798,738192,Reduce the maximum noise level for consumer fireworks from 120 to 90 decibels,,Ynys Môn,206
7799,732559,Limit the sale of fireworks to those running local council approved events only,,Aldershot,213
7800,732559,Limit the sale of fireworks to those running local council approved events only,,Aldridge-Brownhills,326
7801,732559,Limit the sale of fireworks to those running local council approved events only,,Altrincham and Sale West,367
7802,732559,Limit the sale of fireworks to those running local council approved events only,,Amber Valley,396
7803,732559,Limit the sale of fireworks to those running local council approved events only,,Arundel and South Downs,322
7804,732559,Limit the sale of fireworks to those running local council approved events only,,Ashfield,447
7805,732559,Limit the sale of fireworks to those running local council approved events only,,Ashford,191
7806,732559,Limit the sale of fireworks to those running local council approved events only,,Ashton-under-Lyne,337
7807,732559,Limit the sale of fireworks to those running local council approved events only,,Aylesbury,328
7808,732559,Limit the sale of fireworks to those running local council approved events only,,Banbury,162
7809,732559,Limit the sale of fireworks to those running local council approved events only,,Barking,98
7810,732559,Limit the sale of fireworks to those running local council approved events only,,Barnsley North,476
7811,732559,Limit the sale of fireworks to those running local council approved events only,,Barnsley South,494
7812,732559,Limit the sale of fireworks to those running local council approved events only,,Barrow and Furness,304
7813,732559,Limit the sale of fireworks to those running local council approved events only,,Basildon and Billericay,279
7814,732559,Limit the sale of fireworks to those running local council approved events only,,Basingstoke,246
7815,732559,Limit the sale of fireworks to those running local council approved events only,,Bassetlaw,423
7816,732559,Limit the sale of fireworks to those running local council approved events only,,Bath,175
7817,732559,Limit the sale of fireworks to those running local council approved events only,,Battersea,59
7818,732559,Limit the sale of fireworks to those running local council approved events only,,Beaconsfield,425
7819,732559,Limit the sale of fireworks to those running local council approved events only,,Beckenham and Penge,178
7820,732559,Limit the sale of fireworks to those running local council approved events only,,Bedford,223
7821,732559,Limit the sale of fireworks to those running local council approved events only,,Bermondsey and Old Southwark,76
7822,732559,Limit the sale of fireworks to those running local council approved events only,,Bethnal Green and Stepney,76
7823,732559,Limit the sale of fireworks to those running local council approved events only,,Beverley and Holderness,430
7824,732559,Limit the sale of fireworks to those running local council approved events only,,Bexhill and Battle,409
7825,732559,Limit the sale of fireworks to those running local council approved events only,,Bexleyheath and Crayford,216
7826,732559,Limit the sale of fireworks to those running local council approved events only,,Bicester and Woodstock,194
7827,732559,Limit the sale of fireworks to those running local council approved events only,,Birkenhead,423
7828,732559,Limit the sale of fireworks to those running local council approved events only,,Birmingham Edgbaston,211
7829,732559,Limit the sale of fireworks to those running local council approved events only,,Birmingham Erdington,188
7830,732559,Limit the sale of fireworks to those running local council approved events only,,Birmingham Hall Green and Moseley,98
7831,732559,Limit the sale of fireworks to those running local council approved events only,,Birmingham Hodge Hill and Solihull North,172
7832,732559,Limit the sale of fireworks to those running local council approved events only,,Birmingham Ladywood,55
7833,732559,Limit the sale of fireworks to those running local council approved events only,,Birmingham Northfield,283
7834,732559,Limit the sale of fireworks to those running local council approved events only,,Birmingham Perry Barr,59
7835,732559,Limit the sale of fireworks to those running local council approved events only,,Birmingham Selly Oak,234
7836,732559,Limit the sale of fireworks to those running local council approved events only,,Birmingham Yardley,230
7837,732559,Limit the sale of fireworks to those running local council approved events only,,Bishop Auckland,333
7838,732559,Limit the sale of fireworks to those running local council approved events only,,Blackburn,212
7839,732559,Limit the sale of fireworks to those running local council approved events only,,Blackley and Middleton South,303
7840,732559,Limit the sale of fireworks to those running local council approved events only,,Blackpool North and Fleetwood,520
7841,732559,Limit the sale of fireworks to those running local council approved events only,,Blackpool South,509
7842,732559,Limit the sale of fireworks to those running local council approved events only,,Blaydon and Consett,309
7843,732559,Limit the sale of fireworks to those running local council approved events only,,Blyth and Ashington,532
7844,732559,Limit the sale of fireworks to those running local council approved events only,,Bognor Regis and Littlehampton,208
7845,732559,Limit the sale of fireworks to those running local council approved events only,,Bolsover,516
7846,732559,Limit the sale of fireworks to those running local council approved events only,,Bolton North East,490
7847,732559,Limit the sale of fireworks to those running local council approved events only,,Bolton South and Walkden,368
7848,732559,Limit the sale of fireworks to those running local council approved events only,,Bolton West,494
7849,732559,Limit the sale of fireworks to those running local council approved events only,,Bootle,490
7850,732559,Limit the sale of fireworks to those running local council approved events only,,Boston and Skegness,265
7851,732559,Limit the sale of fireworks to those running local council approved events only,,Bournemouth East,270
7852,732559,Limit the sale of fireworks to those running local council approved events only,,Bournemouth West,227
7853,732559,Limit the sale of fireworks to those running local council approved events only,,Bracknell,265
7854,732559,Limit the sale of fireworks to those running local council approved events only,,Bradford East,282
7855,732559,Limit the sale of fireworks to those running local council approved events only,,Bradford South,306
7856,732559,Limit the sale of fireworks to those running local council approved events only,,Bradford West,160
7857,732559,Limit the sale of fireworks to those running local council approved events only,,Braintree,280
7858,732559,Limit the sale of fireworks to those running local council approved events only,,Brent East,74
7859,732559,Limit the sale of fireworks to those running local council approved events only,,Brent West,98
7860,732559,Limit the sale of fireworks to those running local council approved events only,,Brentford and Isleworth,178
7861,732559,Limit the sale of fireworks to those running local council approved events only,,Brentwood and Ongar,229
7862,732559,Limit the sale of fireworks to those running local council approved events only,,Bridgwater,240
7863,732559,Limit the sale of fireworks to those running local council approved events only,,Bridlington and The Wolds,708
7864,732559,Limit the sale of fireworks to those running local council approved events only,,Brigg and Immingham,470
7865,732559,Limit the sale of fireworks to those running local council approved events only,,Brighton Kemptown and Peacehaven,237
7866,732559,Limit the sale of fireworks to those running local council approved events only,,Brighton Pavilion,210
7867,732559,Limit the sale of fireworks to those running local council approved events only,,Bristol Central,103
7868,732559,Limit the sale of fireworks to those running local council approved events only,,Bristol East,261
7869,732559,Limit the sale of fireworks to those running local council approved events only,,Bristol North East,297
7870,732559,Limit the sale of fireworks to those running local council approved events only,,Bristol North West,226
7871,732559,Limit the sale of fireworks to those running local council approved events only,,Bristol South,222
7872,732559,Limit the sale of fireworks to those running local council approved events only,,Broadland and Fakenham,287
7873,732559,Limit the sale of fireworks to those running local council approved events only,,Bromley and Biggin Hill,221
7874,732559,Limit the sale of fireworks to those running local council approved events only,,Bromsgrove,294
7875,732559,Limit the sale of fireworks to those running local council approved events only,,Broxbourne,295
7876,732559,Limit the sale of fireworks to those running local council approved events only,,Broxtowe,350
7877,732559,Limit the sale of fireworks to those running local council approved events only,,Buckingham and Bletchley,210
7878,732559,Limit the sale of fireworks to those running local council approved events only,,Burnley,370
7879,732559,Limit the sale of fireworks to those running local council approved events only,,Burton and Uttoxeter,287
7880,732559,Limit the sale of fireworks to those running local council approved events only,,Bury North,479
7881,732559,Limit the sale of fireworks to those running local council approved events only,,Bury South,510
7882,732559,Limit the sale of fireworks to those running local council approved events only,,Bury St Edmunds and Stowmarket,211
7883,732559,Limit the sale of fireworks to those running local council approved events only,,Calder Valley,465
7884,732559,Limit the sale of fireworks to those running local council approved events only,,Camborne and Redruth,217
7885,732559,Limit the sale of fireworks to those running local council approved events only,,Cambridge,84
7886,732559,Limit the sale of fireworks to those running local council approved events only,,Cannock Chase,418
7887,732559,Limit the sale of fireworks to those running local council approved events only,,Canterbury,167
7888,732559,Limit the sale of fireworks to those running local council approved events only,,Carlisle,467
7889,732559,Limit the sale of fireworks to those running local council approved events only,,Carshalton and Wallington,152
7890,732559,Limit the sale of fireworks to those running local council approved events only,,Castle Point,377
7891,732559,Limit the sale of fireworks to those running local council approved events only,,Central Devon,282
7892,732559,Limit the sale of fireworks to those running local council approved events only,,Central Suffolk and North Ipswich,217
7893,732559,Limit the sale of fireworks to those running local council approved events only,,Chatham and Aylesford,232
7894,732559,Limit the sale of fireworks to those running local council approved events only,,Cheadle,370
7895,732559,Limit the sale of fireworks to those running local council approved events only,,Chelmsford,302
7896,732559,Limit the sale of fireworks to those running local council approved events only,,Chelsea and Fulham,71
7897,732559,Limit the sale of fireworks to those running local council approved events only,,Cheltenham,268
7898,732559,Limit the sale of fireworks to those running local council approved events only,,Chesham and Amersham,260
7899,732559,Limit the sale of fireworks to those running local council approved events only,,Chester North and Neston,343
7900,732559,Limit the sale of fireworks to those running local council approved events only,,Chester South and Eddisbury,284
7901,732559,Limit the sale of fireworks to those running local council approved events only,,Chesterfield,406
7902,732559,Limit the sale of fireworks to those running local council approved events only,,Chichester,237
7903,732559,Limit the sale of fireworks to those running local council approved events only,,Chingford and Woodford Green,167
7904,732559,Limit the sale of fireworks to those running local council approved events only,,Chippenham,329
7905,732559,Limit the sale of fireworks to those running local council approved events only,,Chipping Barnet,173
7906,732559,Limit the sale of fireworks to those running local council approved events only,,Chorley,457
7907,732559,Limit the sale of fireworks to those running local council approved events only,,Christchurch,265
7908,732559,Limit the sale of fireworks to those running local council approved events only,,Cities of London and Westminster,58
7909,732559,Limit the sale of fireworks to those running local council approved events only,,City of Durham,219
7910,732559,Limit the sale of fireworks to those running local council approved events only,,Clacton,328
7911,732559,Limit the sale of fireworks to those running local council approved events only,,Clapham and Brixton Hill,80
7912,732559,Limit the sale of fireworks to those running local council approved events only,,Colchester,240
7913,732559,Limit the sale of fireworks to those running local council approved events only,,Colne Valley,327
7914,732559,Limit the sale of fireworks to those running local council approved events only,,Congleton,461
7915,732559,Limit the sale of fireworks to those running local council approved events only,,Corby and East Northamptonshire,219
7916,732559,Limit the sale of fireworks to those running local council approved events only,,Coventry East,209
7917,732559,Limit the sale of fireworks to those running local council approved events only,,Coventry North West,274
7918,732559,Limit the sale of fireworks to those running local council approved events only,,Coventry South,197
7919,732559,Limit the sale of fireworks to those running local council approved events only,,Cramlington and Killingworth,475
7920,732559,Limit the sale of fireworks to those running local council approved events only,,Crawley,261
7921,732559,Limit the sale of fireworks to those running local council approved events only,,Crewe and Nantwich,394
7922,732559,Limit the sale of fireworks to those running local council approved events only,,Croydon East,185
7923,732559,Limit the sale of fireworks to those running local council approved events only,,Croydon South,193
7924,732559,Limit the sale of fireworks to those running local council approved events only,,Croydon West,67
7925,732559,Limit the sale of fireworks to those running local council approved events only,,Dagenham and Rainham,121
7926,732559,Limit the sale of fireworks to those running local council approved events only,,Darlington,363
7927,732559,Limit the sale of fireworks to those running local council approved events only,,Dartford,255
7928,732559,Limit the sale of fireworks to those running local council approved events only,,Daventry,319
7929,732559,Limit the sale of fireworks to those running local council approved events only,,Derby North,266
7930,732559,Limit the sale of fireworks to those running local council approved events only,,Derby South,301
7931,732559,Limit the sale of fireworks to those running local council approved events only,,Derbyshire Dales,284
7932,732559,Limit the sale of fireworks to those running local council approved events only,,Dewsbury and Batley,227
7933,732559,Limit the sale of fireworks to those running local council approved events only,,Didcot and Wantage,256
7934,732559,Limit the sale of fireworks to those running local council approved events only,,Doncaster Central,365
7935,732559,Limit the sale of fireworks to those running local council approved events only,,Doncaster East and the Isle of Axholme,499
7936,732559,Limit the sale of fireworks to those running local council approved events only,,Doncaster North,366
7937,732559,Limit the sale of fireworks to those running local council approved events only,,Dorking and Horley,237
7938,732559,Limit the sale of fireworks to those running local council approved events only,,Dover and Deal,262
7939,732559,Limit the sale of fireworks to those running local council approved events only,,Droitwich and Evesham,283
7940,732559,Limit the sale of fireworks to those running local council approved events only,,Dudley,291
7941,732559,Limit the sale of fireworks to those running local council approved events only,,Dulwich and West Norwood,125
7942,732559,Limit the sale of fireworks to those running local council approved events only,,Dunstable and Leighton Buzzard,400
7943,732559,Limit the sale of fireworks to those running local council approved events only,,Ealing Central and Acton,130
7944,732559,Limit the sale of fireworks to those running local council approved events only,,Ealing North,271
7945,732559,Limit the sale of fireworks to those running local council approved events only,,Ealing Southall,122
7946,732559,Limit the sale of fireworks to those running local council approved events only,,Earley and Woodley,407
7947,732559,Limit the sale of fireworks to those running local council approved events only,,Easington,334
7948,732559,Limit the sale of fireworks to those running local council approved events only,,East Grinstead and Uckfield,290
7949,732559,Limit the sale of fireworks to those running local council approved events only,,East Ham,49
7950,732559,Limit the sale of fireworks to those running local council approved events only,,East Hampshire,229
7951,732559,Limit the sale of fireworks to those running local council approved events only,,East Surrey,330
7952,732559,Limit the sale of fireworks to those running local council approved events only,,East Thanet,207
7953,732559,Limit the sale of fireworks to those running local council approved events only,,East Wiltshire,219
7954,732559,Limit the sale of fireworks to those running local council approved events only,,East Worthing and Shoreham,337
7955,732559,Limit the sale of fireworks to those running local council approved events only,,Eastbourne,228
7956,732559,Limit the sale of fireworks to those running local council approved events only,,Eastleigh,306
7957,732559,Limit the sale of fireworks to those running local council approved events only,,Edmonton and Winchmore Hill,83
7958,732559,Limit the sale of fireworks to those running local council approved events only,,Ellesmere Port and Bromborough,451
7959,732559,Limit the sale of fireworks to those running local council approved events only,,Eltham and Chislehurst,187
7960,732559,Limit the sale of fireworks to those running local council approved events only,,Ely and East Cambridgeshire,244
7961,732559,Limit the sale of fireworks to those running local council approved events only,,Enfield North,109
7962,732559,Limit the sale of fireworks to those running local council approved events only,,Epping Forest,290
7963,732559,Limit the sale of fireworks to those running local council approved events only,,Epsom and Ewell,238
7964,732559,Limit the sale of fireworks to those running local council approved events only,,Erewash,399
7965,732559,Limit the sale of fireworks to those running local council approved events only,,Erith and Thamesmead,131
7966,732559,Limit the sale of fireworks to those running local council approved events only,,Esher and Walton,218
7967,732559,Limit the sale of fireworks to those running local council approved events only,,Exeter,202
7968,732559,Limit the sale of fireworks to those running local council approved events only,,Exmouth and Exeter East,236
7969,732559,Limit the sale of fireworks to those running local council approved events only,,Fareham and Waterlooville,416
7970,732559,Limit the sale of fireworks to those running local council approved events only,,Farnham and Bordon,292
7971,732559,Limit the sale of fireworks to those running local council approved events only,,Faversham and Mid Kent,231
7972,732559,Limit the sale of fireworks to those running local council approved events only,,Feltham and Heston,166
7973,732559,Limit the sale of fireworks to those running local council approved events only,,Filton and Bradley Stoke,294
7974,732559,Limit the sale of fireworks to those running local council approved events only,,Finchley and Golders Green,100
7975,732559,Limit the sale of fireworks to those running local council approved events only,,Folkestone and Hythe,167
7976,732559,Limit the sale of fireworks to those running local council approved events only,,Forest of Dean,283
7977,732559,Limit the sale of fireworks to those running local council approved events only,,Frome and East Somerset,353
7978,732559,Limit the sale of fireworks to those running local council approved events only,,Fylde,497
7979,732559,Limit the sale of fireworks to those running local council approved events only,,Gainsborough,372
7980,732559,Limit the sale of fireworks to those running local council approved events only,,Gateshead Central and Whickham,325
7981,732559,Limit the sale of fireworks to those running local council approved events only,,Gedling,510
7982,732559,Limit the sale of fireworks to those running local council approved events only,,Gillingham and Rainham,225
7983,732559,Limit the sale of fireworks to those running local council approved events only,,Glastonbury and Somerton,340
7984,732559,Limit the sale of fireworks to those running local council approved events only,,Gloucester,365
7985,732559,Limit the sale of fireworks to those running local council approved events only,,Godalming and Ash,198
7986,732559,Limit the sale of fireworks to those running local council approved events only,,Goole and Pocklington,525
7987,732559,Limit the sale of fireworks to those running local council approved events only,,Gorton and Denton,270
7988,732559,Limit the sale of fireworks to those running local council approved events only,,Gosport,362
7989,732559,Limit the sale of fireworks to those running local council approved events only,,Grantham and Bourne,341
7990,732559,Limit the sale of fireworks to those running local council approved events only,,Gravesham,218
7991,732559,Limit the sale of fireworks to those running local council approved events only,,Great Grimsby and Cleethorpes,450
7992,732559,Limit the sale of fireworks to those running local council approved events only,,Great Yarmouth,305
7993,732559,Limit the sale of fireworks to those running local council approved events only,,Greenwich and Woolwich,82
7994,732559,Limit the sale of fireworks to those running local council approved events only,,Guildford,244
7995,732559,Limit the sale of fireworks to those running local council approved events only,,Hackney North and Stoke Newington,140
7996,732559,Limit the sale of fireworks to those running local council approved events only,,Hackney South and Shoreditch,94
7997,732559,Limit the sale of fireworks to those running local council approved events only,,Halesowen,276
7998,732559,Limit the sale of fireworks to those running local council approved events only,,Halifax,399
7999,732559,Limit the sale of fireworks to those running local council approved events only,,Hamble Valley,333
8000,732559,Limit the sale of fireworks to those running local council approved events only,,Hammersmith and Chiswick,117
8001,732559,Limit the sale of fireworks to those running local council approved events only,,Hampstead and Highgate,122
8002,732559,Limit the sale of fireworks to those running local council approved events only,,"Harborough, Oadby and Wigston",305
8003,732559,Limit the sale of fireworks to those running local council approved events only,,Harlow,444
8004,732559,Limit the sale of fireworks to those running local council approved events only,,Harpenden and Berkhamsted,228
8005,732559,Limit the sale of fireworks to those running local council approved events only,,Harrogate and Knaresborough,352
8006,732559,Limit the sale of fireworks to those running local council approved events only,,Harrow East,126
8007,732559,Limit the sale of fireworks to those running local council approved events only,,Harrow West,159
8008,732559,Limit the sale of fireworks to those running local council approved events only,,Hartlepool,351
8009,732559,Limit the sale of fireworks to those running local council approved events only,,Harwich and North Essex,238
8010,732559,Limit the sale of fireworks to those running local council approved events only,,Hastings and Rye,418
8011,732559,Limit the sale of fireworks to those running local council approved events only,,Havant,377
8012,732559,Limit the sale of fireworks to those running local council approved events only,,Hayes and Harlington,184
8013,732559,Limit the sale of fireworks to those running local council approved events only,,Hazel Grove,473
8014,732559,Limit the sale of fireworks to those running local council approved events only,,Hemel Hempstead,291
8015,732559,Limit the sale of fireworks to those running local council approved events only,,Hendon,81
8016,732559,Limit the sale of fireworks to those running local council approved events only,,Henley and Thame,228
8017,732559,Limit the sale of fireworks to those running local council approved events only,,Hereford and South Herefordshire,186
8018,732559,Limit the sale of fireworks to those running local council approved events only,,Herne Bay and Sandwich,211
8019,732559,Limit the sale of fireworks to those running local council approved events only,,Hertford and Stortford,234
8020,732559,Limit the sale of fireworks to those running local council approved events only,,Hertsmere,241
8021,732559,Limit the sale of fireworks to those running local council approved events only,,Hexham,318
8022,732559,Limit the sale of fireworks to those running local council approved events only,,Heywood and Middleton North,635
8023,732559,Limit the sale of fireworks to those running local council approved events only,,High Peak,377
8024,732559,Limit the sale of fireworks to those running local council approved events only,,Hinckley and Bosworth,358
8025,732559,Limit the sale of fireworks to those running local council approved events only,,Hitchin,290
8026,732559,Limit the sale of fireworks to those running local council approved events only,,Holborn and St Pancras,68
8027,732559,Limit the sale of fireworks to those running local council approved events only,,Honiton and Sidmouth,194
8028,732559,Limit the sale of fireworks to those running local council approved events only,,Hornchurch and Upminster,209
8029,732559,Limit the sale of fireworks to those running local council approved events only,,Hornsey and Friern Barnet,204
8030,732559,Limit the sale of fireworks to those running local council approved events only,,Horsham,335
8031,732559,Limit the sale of fireworks to those running local council approved events only,,Houghton and Sunderland South,403
8032,732559,Limit the sale of fireworks to those running local council approved events only,,Hove and Portslade,295
8033,732559,Limit the sale of fireworks to those running local council approved events only,,Huddersfield,317
8034,732559,Limit the sale of fireworks to those running local council approved events only,,Huntingdon,250
8035,732559,Limit the sale of fireworks to those running local council approved events only,,Hyndburn,355
8036,732559,Limit the sale of fireworks to those running local council approved events only,,Ilford North,99
8037,732559,Limit the sale of fireworks to those running local council approved events only,,Ilford South,39
8038,732559,Limit the sale of fireworks to those running local council approved events only,,Ipswich,247
8039,732559,Limit the sale of fireworks to those running local council approved events only,,Isle of Wight East,220
8040,732559,Limit the sale of fireworks to those running local council approved events only,,Isle of Wight West,227
8041,732559,Limit the sale of fireworks to those running local council approved events only,,Islington North,124
8042,732559,Limit the sale of fireworks to those running local council approved events only,,Islington South and Finsbury,98
8043,732559,Limit the sale of fireworks to those running local council approved events only,,Jarrow and Gateshead East,399
8044,732559,Limit the sale of fireworks to those running local council approved events only,,Keighley and Ilkley,456
8045,732559,Limit the sale of fireworks to those running local council approved events only,,Kenilworth and Southam,209
8046,732559,Limit the sale of fireworks to those running local council approved events only,,Kensington and Bayswater,66
8047,732559,Limit the sale of fireworks to those running local council approved events only,,Kettering,297
8048,732559,Limit the sale of fireworks to those running local council approved events only,,Kingston and Surbiton,193
8049,732559,Limit the sale of fireworks to those running local council approved events only,,Kingston upon Hull East,424
8050,732559,Limit the sale of fireworks to those running local council approved events only,,Kingston upon Hull North and Cottingham,594
8051,732559,Limit the sale of fireworks to those running local council approved events only,,Kingston upon Hull West and Haltemprice,425
8052,732559,Limit the sale of fireworks to those running local council approved events only,,Kingswinford and South Staffordshire,301
8053,732559,Limit the sale of fireworks to those running local council approved events only,,Knowsley,303
8054,732559,Limit the sale of fireworks to those running local council approved events only,,Lancaster and Wyre,507
8055,732559,Limit the sale of fireworks to those running local council approved events only,,Leeds Central and Headingley,220
8056,732559,Limit the sale of fireworks to those running local council approved events only,,Leeds East,360
8057,732559,Limit the sale of fireworks to those running local council approved events only,,Leeds North East,492
8058,732559,Limit the sale of fireworks to those running local council approved events only,,Leeds North West,690
8059,732559,Limit the sale of fireworks to those running local council approved events only,,Leeds South,318
8060,732559,Limit the sale of fireworks to those running local council approved events only,,Leeds South West and Morley,544
8061,732559,Limit the sale of fireworks to those running local council approved events only,,Leeds West and Pudsey,403
8062,732559,Limit the sale of fireworks to those running local council approved events only,,Leicester East,129
8063,732559,Limit the sale of fireworks to those running local council approved events only,,Leicester South,153
8064,732559,Limit the sale of fireworks to those running local council approved events only,,Leicester West,275
8065,732559,Limit the sale of fireworks to those running local council approved events only,,Leigh and Atherton,469
8066,732559,Limit the sale of fireworks to those running local council approved events only,,Lewes,234
8067,732559,Limit the sale of fireworks to those running local council approved events only,,Lewisham East,169
8068,732559,Limit the sale of fireworks to those running local council approved events only,,Lewisham North,84
8069,732559,Limit the sale of fireworks to those running local council approved events only,,Lewisham West and East Dulwich,133
8070,732559,Limit the sale of fireworks to those running local council approved events only,,Leyton and Wanstead,232
8071,732559,Limit the sale of fireworks to those running local council approved events only,,Lichfield,299
8072,732559,Limit the sale of fireworks to those running local council approved events only,,Lincoln,348
8073,732559,Limit the sale of fireworks to those running local council approved events only,,Liverpool Garston,406
8074,732559,Limit the sale of fireworks to those running local council approved events only,,Liverpool Riverside,212
8075,732559,Limit the sale of fireworks to those running local council approved events only,,Liverpool Walton,290
8076,732559,Limit the sale of fireworks to those running local council approved events only,,Liverpool Wavertree,296
8077,732559,Limit the sale of fireworks to those running local council approved events only,,Liverpool West Derby,319
8078,732559,Limit the sale of fireworks to those running local council approved events only,,Loughborough,347
8079,732559,Limit the sale of fireworks to those running local council approved events only,,Louth and Horncastle,308
8080,732559,Limit the sale of fireworks to those running local council approved events only,,Lowestoft,452
8081,732559,Limit the sale of fireworks to those running local council approved events only,,Luton North,226
8082,732559,Limit the sale of fireworks to those running local council approved events only,,Luton South and South Bedfordshire,245
8083,732559,Limit the sale of fireworks to those running local council approved events only,,Macclesfield,375
8084,732559,Limit the sale of fireworks to those running local council approved events only,,Maidenhead,424
8085,732559,Limit the sale of fireworks to those running local council approved events only,,Maidstone and Malling,210
8086,732559,Limit the sale of fireworks to those running local council approved events only,,Makerfield,427
8087,732559,Limit the sale of fireworks to those running local council approved events only,,Maldon,546
8088,732559,Limit the sale of fireworks to those running local council approved events only,,Manchester Central,239
8089,732559,Limit the sale of fireworks to those running local council approved events only,,Manchester Rusholme,102
8090,732559,Limit the sale of fireworks to those running local council approved events only,,Manchester Withington,207
8091,732559,Limit the sale of fireworks to those running local council approved events only,,Mansfield,396
8092,732559,Limit the sale of fireworks to those running local council approved events only,,Melksham and Devizes,254
8093,732559,Limit the sale of fireworks to those running local council approved events only,,Melton and Syston,352
8094,732559,Limit the sale of fireworks to those running local council approved events only,,Meriden and Solihull East,315
8095,732559,Limit the sale of fireworks to those running local council approved events only,,Mid Bedfordshire,270
8096,732559,Limit the sale of fireworks to those running local council approved events only,,Mid Buckinghamshire,255
8097,732559,Limit the sale of fireworks to those running local council approved events only,,Mid Cheshire,386
8098,732559,Limit the sale of fireworks to those running local council approved events only,,Mid Derbyshire,339
8099,732559,Limit the sale of fireworks to those running local council approved events only,,Mid Dorset and North Poole,257
8100,732559,Limit the sale of fireworks to those running local council approved events only,,Mid Leicestershire,338
8101,732559,Limit the sale of fireworks to those running local council approved events only,,Mid Norfolk,217
8102,732559,Limit the sale of fireworks to those running local council approved events only,,Mid Sussex,569
8103,732559,Limit the sale of fireworks to those running local council approved events only,,Middlesbrough and Thornaby East,222
8104,732559,Limit the sale of fireworks to those running local council approved events only,,Middlesbrough South and East Cleveland,370
8105,732559,Limit the sale of fireworks to those running local council approved events only,,Milton Keynes Central,188
8106,732559,Limit the sale of fireworks to those running local council approved events only,,Milton Keynes North,194
8107,732559,Limit the sale of fireworks to those running local council approved events only,,Mitcham and Morden,150
8108,732559,Limit the sale of fireworks to those running local council approved events only,,Morecambe and Lunesdale,742
8109,732559,Limit the sale of fireworks to those running local council approved events only,,New Forest East,339
8110,732559,Limit the sale of fireworks to those running local council approved events only,,New Forest West,235
8111,732559,Limit the sale of fireworks to those running local council approved events only,,Newark,444
8112,732559,Limit the sale of fireworks to those running local council approved events only,,Newbury,236
8113,732559,Limit the sale of fireworks to those running local council approved events only,,Newcastle upon Tyne Central and West,374
8114,732559,Limit the sale of fireworks to those running local council approved events only,,Newcastle upon Tyne East and Wallsend,604
8115,732559,Limit the sale of fireworks to those running local council approved events only,,Newcastle upon Tyne North,370
8116,732559,Limit the sale of fireworks to those running local council approved events only,,Newcastle-under-Lyme,315
8117,732559,Limit the sale of fireworks to those running local council approved events only,,Newton Abbot,269
8118,732559,Limit the sale of fireworks to those running local council approved events only,,Newton Aycliffe and Spennymoor,332
8119,732559,Limit the sale of fireworks to those running local council approved events only,,Normanton and Hemsworth,487
8120,732559,Limit the sale of fireworks to those running local council approved events only,,North Bedfordshire,335
8121,732559,Limit the sale of fireworks to those running local council approved events only,,North Cornwall,169
8122,732559,Limit the sale of fireworks to those running local council approved events only,,North Cotswolds,266
8123,732559,Limit the sale of fireworks to those running local council approved events only,,North Devon,236
8124,732559,Limit the sale of fireworks to those running local council approved events only,,North Dorset,219
8125,732559,Limit the sale of fireworks to those running local council approved events only,,North Durham,375
8126,732559,Limit the sale of fireworks to those running local council approved events only,,North East Cambridgeshire,244
8127,732559,Limit the sale of fireworks to those running local council approved events only,,North East Derbyshire,429
8128,732559,Limit the sale of fireworks to those running local council approved events only,,North East Hampshire,227
8129,732559,Limit the sale of fireworks to those running local council approved events only,,North East Hertfordshire,257
8130,732559,Limit the sale of fireworks to those running local council approved events only,,North East Somerset and Hanham,302
8131,732559,Limit the sale of fireworks to those running local council approved events only,,North Herefordshire,218
8132,732559,Limit the sale of fireworks to those running local council approved events only,,North Norfolk,210
8133,732559,Limit the sale of fireworks to those running local council approved events only,,North Northumberland,279
8134,732559,Limit the sale of fireworks to those running local council approved events only,,North Shropshire,239
8135,732559,Limit the sale of fireworks to those running local council approved events only,,North Somerset,233
8136,732559,Limit the sale of fireworks to those running local council approved events only,,North Warwickshire and Bedworth,335
8137,732559,Limit the sale of fireworks to those running local council approved events only,,North West Cambridgeshire,281
8138,732559,Limit the sale of fireworks to those running local council approved events only,,North West Essex,324
8139,732559,Limit the sale of fireworks to those running local council approved events only,,North West Hampshire,255
8140,732559,Limit the sale of fireworks to those running local council approved events only,,North West Leicestershire,325
8141,732559,Limit the sale of fireworks to those running local council approved events only,,North West Norfolk,249
8142,732559,Limit the sale of fireworks to those running local council approved events only,,Northampton North,231
8143,732559,Limit the sale of fireworks to those running local council approved events only,,Northampton South,291
8144,732559,Limit the sale of fireworks to those running local council approved events only,,Norwich North,289
8145,732559,Limit the sale of fireworks to those running local council approved events only,,Norwich South,255
8146,732559,Limit the sale of fireworks to those running local council approved events only,,Nottingham East,273
8147,732559,Limit the sale of fireworks to those running local council approved events only,,Nottingham North and Kimberley,419
8148,732559,Limit the sale of fireworks to those running local council approved events only,,Nottingham South,246
8149,732559,Limit the sale of fireworks to those running local council approved events only,,Nuneaton,283
8150,732559,Limit the sale of fireworks to those running local council approved events only,,Old Bexley and Sidcup,242
8151,732559,Limit the sale of fireworks to those running local council approved events only,,Oldham East and Saddleworth,352
8152,732559,Limit the sale of fireworks to those running local council approved events only,,"Oldham West, Chadderton and Royton",320
8153,732559,Limit the sale of fireworks to those running local council approved events only,,Orpington,246
8154,732559,Limit the sale of fireworks to those running local council approved events only,,Ossett and Denby Dale,347
8155,732559,Limit the sale of fireworks to those running local council approved events only,,Oxford East,105
8156,732559,Limit the sale of fireworks to those running local council approved events only,,Oxford West and Abingdon,164
8157,732559,Limit the sale of fireworks to those running local council approved events only,,Peckham,53
8158,732559,Limit the sale of fireworks to those running local council approved events only,,Pendle and Clitheroe,432
8159,732559,Limit the sale of fireworks to those running local council approved events only,,Penistone and Stocksbridge,361
8160,732559,Limit the sale of fireworks to those running local council approved events only,,Penrith and Solway,401
8161,732559,Limit the sale of fireworks to those running local council approved events only,,Peterborough,226
8162,732559,Limit the sale of fireworks to those running local council approved events only,,Plymouth Moor View,520
8163,732559,Limit the sale of fireworks to those running local council approved events only,,Plymouth Sutton and Devonport,420
8164,732559,Limit the sale of fireworks to those running local council approved events only,,"Pontefract, Castleford and Knottingley",543
8165,732559,Limit the sale of fireworks to those running local council approved events only,,Poole,200
8166,732559,Limit the sale of fireworks to those running local council approved events only,,Poplar and Limehouse,131
8167,732559,Limit the sale of fireworks to those running local council approved events only,,Portsmouth North,330
8168,732559,Limit the sale of fireworks to those running local council approved events only,,Portsmouth South,225
8169,732559,Limit the sale of fireworks to those running local council approved events only,,Preston,443
8170,732559,Limit the sale of fireworks to those running local council approved events only,,Putney,94
8171,732559,Limit the sale of fireworks to those running local council approved events only,,Queen's Park and Maida Vale,48
8172,732559,Limit the sale of fireworks to those running local council approved events only,,Rawmarsh and Conisbrough,387
8173,732559,Limit the sale of fireworks to those running local council approved events only,,Rayleigh and Wickford,410
8174,732559,Limit the sale of fireworks to those running local council approved events only,,Reading Central,210
8175,732559,Limit the sale of fireworks to those running local council approved events only,,Reading West and Mid Berkshire,246
8176,732559,Limit the sale of fireworks to those running local council approved events only,,Redcar,354
8177,732559,Limit the sale of fireworks to those running local council approved events only,,Redditch,282
8178,732559,Limit the sale of fireworks to those running local council approved events only,,Reigate,215
8179,732559,Limit the sale of fireworks to those running local council approved events only,,Ribble Valley,391
8180,732559,Limit the sale of fireworks to those running local council approved events only,,Richmond and Northallerton,251
8181,732559,Limit the sale of fireworks to those running local council approved events only,,Richmond Park,164
8182,732559,Limit the sale of fireworks to those running local council approved events only,,Rochdale,805
8183,732559,Limit the sale of fireworks to those running local council approved events only,,Rochester and Strood,223
8184,732559,Limit the sale of fireworks to those running local council approved events only,,Romford,191
8185,732559,Limit the sale of fireworks to those running local council approved events only,,Romsey and Southampton North,290
8186,732559,Limit the sale of fireworks to those running local council approved events only,,Rossendale and Darwen,534
8187,732559,Limit the sale of fireworks to those running local council approved events only,,Rother Valley,467
8188,732559,Limit the sale of fireworks to those running local council approved events only,,Rotherham,378
8189,732559,Limit the sale of fireworks to those running local council approved events only,,Rugby,281
8190,732559,Limit the sale of fireworks to those running local council approved events only,,"Ruislip, Northwood and Pinner",211
8191,732559,Limit the sale of fireworks to those running local council approved events only,,Runcorn and Helsby,426
8192,732559,Limit the sale of fireworks to those running local council approved events only,,Runnymede and Weybridge,240
8193,732559,Limit the sale of fireworks to those running local council approved events only,,Rushcliffe,332
8194,732559,Limit the sale of fireworks to those running local council approved events only,,Rutland and Stamford,184
8195,732559,Limit the sale of fireworks to those running local council approved events only,,Salford,333
8196,732559,Limit the sale of fireworks to those running local council approved events only,,Salisbury,186
8197,732559,Limit the sale of fireworks to those running local council approved events only,,Scarborough and Whitby,856
8198,732559,Limit the sale of fireworks to those running local council approved events only,,Scunthorpe,501
8199,732559,Limit the sale of fireworks to those running local council approved events only,,Sefton Central,551
8200,732559,Limit the sale of fireworks to those running local council approved events only,,Selby,501
8201,732559,Limit the sale of fireworks to those running local council approved events only,,Sevenoaks,307
8202,732559,Limit the sale of fireworks to those running local council approved events only,,Sheffield Brightside and Hillsborough,361
8203,732559,Limit the sale of fireworks to those running local council approved events only,,Sheffield Central,188
8204,732559,Limit the sale of fireworks to those running local council approved events only,,Sheffield Hallam,255
8205,732559,Limit the sale of fireworks to those running local council approved events only,,Sheffield Heeley,347
8206,732559,Limit the sale of fireworks to those running local council approved events only,,Sheffield South East,412
8207,732559,Limit the sale of fireworks to those running local council approved events only,,Sherwood Forest,627
8208,732559,Limit the sale of fireworks to those running local council approved events only,,Shipley,496
8209,732559,Limit the sale of fireworks to those running local council approved events only,,Shrewsbury,227
8210,732559,Limit the sale of fireworks to those running local council approved events only,,Sittingbourne and Sheppey,248
8211,732559,Limit the sale of fireworks to those running local council approved events only,,Skipton and Ripon,351
8212,732559,Limit the sale of fireworks to those running local council approved events only,,Sleaford and North Hykeham,283
8213,732559,Limit the sale of fireworks to those running local council approved events only,,Slough,416
8214,732559,Limit the sale of fireworks to those running local council approved events only,,Smethwick,267
8215,732559,Limit the sale of fireworks to those running local council approved events only,,Solihull West and Shirley,244
8216,732559,Limit the sale of fireworks to those running local council approved events only,,South Basildon and East Thurrock,353
8217,732559,Limit the sale of fireworks to those running local council approved events only,,South Cambridgeshire,183
8218,732559,Limit the sale of fireworks to those running local council approved events only,,South Cotswolds,178
8219,732559,Limit the sale of fireworks to those running local council approved events only,,South Derbyshire,303
8220,732559,Limit the sale of fireworks to those running local council approved events only,,South Devon,228
8221,732559,Limit the sale of fireworks to those running local council approved events only,,South Dorset,214
8222,732559,Limit the sale of fireworks to those running local council approved events only,,South East Cornwall,251
8223,732559,Limit the sale of fireworks to those running local council approved events only,,South Holland and The Deepings,654
8224,732559,Limit the sale of fireworks to those running local council approved events only,,South Leicestershire,358
8225,732559,Limit the sale of fireworks to those running local council approved events only,,South Norfolk,248
8226,732559,Limit the sale of fireworks to those running local council approved events only,,South Northamptonshire,225
8227,732559,Limit the sale of fireworks to those running local council approved events only,,South Ribble,407
8228,732559,Limit the sale of fireworks to those running local council approved events only,,South Shields,434
8229,732559,Limit the sale of fireworks to those running local council approved events only,,South Shropshire,195
8230,732559,Limit the sale of fireworks to those running local council approved events only,,South Suffolk,229
8231,732559,Limit the sale of fireworks to those running local council approved events only,,South West Devon,446
8232,732559,Limit the sale of fireworks to those running local council approved events only,,South West Hertfordshire,271
8233,732559,Limit the sale of fireworks to those running local council approved events only,,South West Norfolk,225
8234,732559,Limit the sale of fireworks to those running local council approved events only,,South West Wiltshire,323
8235,732559,Limit the sale of fireworks to those running local council approved events only,,Southampton Itchen,240
8236,732559,Limit the sale of fireworks to those running local council approved events only,,Southampton Test,237
8237,732559,Limit the sale of fireworks to those running local council approved events only,,Southend East and Rochford,303
8238,732559,Limit the sale of fireworks to those running local council approved events only,,Southend West and Leigh,381
8239,732559,Limit the sale of fireworks to those running local council approved events only,,Southgate and Wood Green,172
8240,732559,Limit the sale of fireworks to those running local council approved events only,,Southport,399
8241,732559,Limit the sale of fireworks to those running local council approved events only,,Spelthorne,247
8242,732559,Limit the sale of fireworks to those running local council approved events only,,Spen Valley,422
8243,732559,Limit the sale of fireworks to those running local council approved events only,,St Albans,262
8244,732559,Limit the sale of fireworks to those running local council approved events only,,St Austell and Newquay,205
8245,732559,Limit the sale of fireworks to those running local council approved events only,,St Helens North,448
8246,732559,Limit the sale of fireworks to those running local council approved events only,,St Helens South and Whiston,305
8247,732559,Limit the sale of fireworks to those running local council approved events only,,St Ives,191
8248,732559,Limit the sale of fireworks to those running local council approved events only,,St Neots and Mid Cambridgeshire,239
8249,732559,Limit the sale of fireworks to those running local council approved events only,,Stafford,344
8250,732559,Limit the sale of fireworks to those running local council approved events only,,Staffordshire Moorlands,301
8251,732559,Limit the sale of fireworks to those running local council approved events only,,Stalybridge and Hyde,465
8252,732559,Limit the sale of fireworks to those running local council approved events only,,Stevenage,236
8253,732559,Limit the sale of fireworks to those running local council approved events only,,Stockport,417
8254,732559,Limit the sale of fireworks to those running local council approved events only,,Stockton North,318
8255,732559,Limit the sale of fireworks to those running local council approved events only,,Stockton West,342
8256,732559,Limit the sale of fireworks to those running local council approved events only,,Stoke-on-Trent Central,369
8257,732559,Limit the sale of fireworks to those running local council approved events only,,Stoke-on-Trent North,421
8258,732559,Limit the sale of fireworks to those running local council approved events only,,Stoke-on-Trent South,344
8259,732559,Limit the sale of fireworks to those running local council approved events only,,"Stone, Great Wyrley and Penkridge",336
8260,732559,Limit the sale of fireworks to those running local council approved events only,,Stourbridge,283
8261,732559,Limit the sale of fireworks to those running local council approved events only,,Stratford and Bow,117
8262,732559,Limit the sale of fireworks to those running local council approved events only,,Stratford-on-Avon,211
8263,732559,Limit the sale of fireworks to those running local council approved events only,,Streatham and Croydon North,90
8264,732559,Limit the sale of fireworks to those running local council approved events only,,Stretford and Urmston,360
8265,732559,Limit the sale of fireworks to those running local council approved events only,,Stroud,217
8266,732559,Limit the sale of fireworks to those running local council approved events only,,Suffolk Coastal,203
8267,732559,Limit the sale of fireworks to those running local council approved events only,,Sunderland Central,373
8268,732559,Limit the sale of fireworks to those running local council approved events only,,Surrey Heath,264
8269,732559,Limit the sale of fireworks to those running local council approved events only,,Sussex Weald,247
8270,732559,Limit the sale of fireworks to those running local council approved events only,,Sutton and Cheam,153
8271,732559,Limit the sale of fireworks to those running local council approved events only,,Sutton Coldfield,254
8272,732559,Limit the sale of fireworks to those running local council approved events only,,Swindon North,332
8273,732559,Limit the sale of fireworks to those running local council approved events only,,Swindon South,279
8274,732559,Limit the sale of fireworks to those running local council approved events only,,Tamworth,309
8275,732559,Limit the sale of fireworks to those running local council approved events only,,Tatton,360
8276,732559,Limit the sale of fireworks to those running local council approved events only,,Taunton and Wellington,254
8277,732559,Limit the sale of fireworks to those running local council approved events only,,Telford,300
8278,732559,Limit the sale of fireworks to those running local council approved events only,,Tewkesbury,408
8279,732559,Limit the sale of fireworks to those running local council approved events only,,The Wrekin,288
8280,732559,Limit the sale of fireworks to those running local council approved events only,,Thirsk and Malton,376
8281,732559,Limit the sale of fireworks to those running local council approved events only,,Thornbury and Yate,360
8282,732559,Limit the sale of fireworks to those running local council approved events only,,Thurrock,230
8283,732559,Limit the sale of fireworks to those running local council approved events only,,Tipton and Wednesbury,259
8284,732559,Limit the sale of fireworks to those running local council approved events only,,Tiverton and Minehead,216
8285,732559,Limit the sale of fireworks to those running local council approved events only,,Tonbridge,249
8286,732559,Limit the sale of fireworks to those running local council approved events only,,Tooting,98
8287,732559,Limit the sale of fireworks to those running local council approved events only,,Torbay,293
8288,732559,Limit the sale of fireworks to those running local council approved events only,,Torridge and Tavistock,213
8289,732559,Limit the sale of fireworks to those running local council approved events only,,Tottenham,74
8290,732559,Limit the sale of fireworks to those running local council approved events only,,Truro and Falmouth,150
8291,732559,Limit the sale of fireworks to those running local council approved events only,,Tunbridge Wells,297
8292,732559,Limit the sale of fireworks to those running local council approved events only,,Twickenham,222
8293,732559,Limit the sale of fireworks to those running local council approved events only,,Tynemouth,521
8294,732559,Limit the sale of fireworks to those running local council approved events only,,Uxbridge and South Ruislip,270
8295,732559,Limit the sale of fireworks to those running local council approved events only,,Vauxhall and Camberwell Green,69
8296,732559,Limit the sale of fireworks to those running local council approved events only,,Wakefield and Rothwell,478
8297,732559,Limit the sale of fireworks to those running local council approved events only,,Wallasey,451
8298,732559,Limit the sale of fireworks to those running local council approved events only,,Walsall and Bloxwich,181
8299,732559,Limit the sale of fireworks to those running local council approved events only,,Walthamstow,190
8300,732559,Limit the sale of fireworks to those running local council approved events only,,Warrington North,321
8301,732559,Limit the sale of fireworks to those running local council approved events only,,Warrington South,411
8302,732559,Limit the sale of fireworks to those running local council approved events only,,Warwick and Leamington,225
8303,732559,Limit the sale of fireworks to those running local council approved events only,,Washington and Gateshead South,378
8304,732559,Limit the sale of fireworks to those running local council approved events only,,Watford,224
8305,732559,Limit the sale of fireworks to those running local council approved events only,,Waveney Valley,238
8306,732559,Limit the sale of fireworks to those running local council approved events only,,Weald of Kent,283
8307,732559,Limit the sale of fireworks to those running local council approved events only,,Wellingborough and Rushden,284
8308,732559,Limit the sale of fireworks to those running local council approved events only,,Wells and Mendip Hills,280
8309,732559,Limit the sale of fireworks to those running local council approved events only,,Welwyn Hatfield,308
8310,732559,Limit the sale of fireworks to those running local council approved events only,,West Bromwich,208
8311,732559,Limit the sale of fireworks to those running local council approved events only,,West Dorset,222
8312,732559,Limit the sale of fireworks to those running local council approved events only,,West Ham and Beckton,79
8313,732559,Limit the sale of fireworks to those running local council approved events only,,West Lancashire,445
8314,732559,Limit the sale of fireworks to those running local council approved events only,,West Suffolk,244
8315,732559,Limit the sale of fireworks to those running local council approved events only,,West Worcestershire,240
8316,732559,Limit the sale of fireworks to those running local council approved events only,,Westmorland and Lonsdale,303
8317,732559,Limit the sale of fireworks to those running local council approved events only,,Weston-super-Mare,285
8318,732559,Limit the sale of fireworks to those running local council approved events only,,Wetherby and Easingwold,321
8319,732559,Limit the sale of fireworks to those running local council approved events only,,Whitehaven and Workington,586
8320,732559,Limit the sale of fireworks to those running local council approved events only,,Widnes and Halewood,369
8321,732559,Limit the sale of fireworks to those running local council approved events only,,Wigan,361
8322,732559,Limit the sale of fireworks to those running local council approved events only,,Wimbledon,180
8323,732559,Limit the sale of fireworks to those running local council approved events only,,Winchester,204
8324,732559,Limit the sale of fireworks to those running local council approved events only,,Windsor,391
8325,732559,Limit the sale of fireworks to those running local council approved events only,,Wirral West,447
8326,732559,Limit the sale of fireworks to those running local council approved events only,,Witham,370
8327,732559,Limit the sale of fireworks to those running local council approved events only,,Witney,237
8328,732559,Limit the sale of fireworks to those running local council approved events only,,Woking,206
8329,732559,Limit the sale of fireworks to those running local council approved events only,,Wokingham,396
8330,732559,Limit the sale of fireworks to those running local council approved events only,,Wolverhampton North East,269
8331,732559,Limit the sale of fireworks to those running local council approved events only,,Wolverhampton South East,217
8332,732559,Limit the sale of fireworks to those running local council approved events only,,Wolverhampton West,262
8333,732559,Limit the sale of fireworks to those running local council approved events only,,Worcester,243
8334,732559,Limit the sale of fireworks to those running local council approved events only,,Worsley and Eccles,397
8335,732559,Limit the sale of fireworks to those running local council approved events only,,Worthing West,270
8336,732559,Limit the sale of fireworks to those running local council approved events only,,Wycombe,222
8337,732559,Limit the sale of fireworks to those running local council approved events only,,Wyre Forest,343
8338,732559,Limit the sale of fireworks to those running local council approved events only,,Wythenshawe and Sale East,382
8339,732559,Limit the sale of fireworks to those running local council approved events only,,Yeovil,288
8340,732559,Limit the sale of fireworks to those running local council approved events only,,York Central,344
8341,732559,Limit the sale of fireworks to those running local council approved events only,,York Outer,404
8342,732559,Limit the sale of fireworks to those running local council approved events only,,Belfast East,46
8343,732559,Limit the sale of fireworks to those running local council approved events only,,Belfast North,42
8344,732559,Limit the sale of fireworks to those running local council approved events only,,Belfast South and Mid Down,36
8345,732559,Limit the sale of fireworks to those running local council approved events only,,Belfast West,31
8346,732559,Limit the sale of fireworks to those running local council approved events only,,East Antrim,61
8347,732559,Limit the sale of fireworks to those running local council approved events only,,East Londonderry,26
8348,732559,Limit the sale of fireworks to those running local council approved events only,,Fermanagh and South Tyrone,34
8349,732559,Limit the sale of fireworks to those running local council approved events only,,Foyle,20
8350,732559,Limit the sale of fireworks to those running local council approved events only,,Lagan Valley,53
8351,732559,Limit the sale of fireworks to those running local council approved events only,,Mid Ulster,27
8352,732559,Limit the sale of fireworks to those running local council approved events only,,Newry and Armagh,41
8353,732559,Limit the sale of fireworks to those running local council approved events only,,North Antrim,51
8354,732559,Limit the sale of fireworks to those running local council approved events only,,North Down,53
8355,732559,Limit the sale of fireworks to those running local council approved events only,,South Antrim,50
8356,732559,Limit the sale of fireworks to those running local council approved events only,,South Down,61
8357,732559,Limit the sale of fireworks to those running local council approved events only,,Strangford,75
8358,732559,Limit the sale of fireworks to those running local council approved events only,,Upper Bann,40
8359,732559,Limit the sale of fireworks to those running local council approved events only,,West Tyrone,21
8360,732559,Limit the sale of fireworks to those running local council approved events only,,East Renfrewshire,241
8361,732559,Limit the sale of fireworks to those running local council approved events only,,Na h-Eileanan an Iar,22
8362,732559,Limit the sale of fireworks to those running local council approved events only,,Midlothian,253
8363,732559,Limit the sale of fireworks to those running local council approved events only,,North Ayrshire and Arran,171
8364,732559,Limit the sale of fireworks to those running local council approved events only,,Orkney and Shetland,42
8365,732559,Limit the sale of fireworks to those running local council approved events only,,Aberdeen North,236
8366,732559,Limit the sale of fireworks to those running local council approved events only,,Aberdeen South,254
8367,732559,Limit the sale of fireworks to those running local council approved events only,,Aberdeenshire North and Moray East,150
8368,732559,Limit the sale of fireworks to those running local council approved events only,,Airdrie and Shotts,179
8369,732559,Limit the sale of fireworks to those running local council approved events only,,Alloa and Grangemouth,217
8370,732559,Limit the sale of fireworks to those running local council approved events only,,Angus and Perthshire Glens,249
8371,732559,Limit the sale of fireworks to those running local council approved events only,,Arbroath and Broughty Ferry,256
8372,732559,Limit the sale of fireworks to those running local council approved events only,,"Argyll, Bute and South Lochaber",186
8373,732559,Limit the sale of fireworks to those running local council approved events only,,Bathgate and Linlithgow,195
8374,732559,Limit the sale of fireworks to those running local council approved events only,,"Caithness, Sutherland and Easter Ross",113
8375,732559,Limit the sale of fireworks to those running local council approved events only,,Coatbridge and Bellshill,207
8376,732559,Limit the sale of fireworks to those running local council approved events only,,Cowdenbeath and Kirkcaldy,244
8377,732559,Limit the sale of fireworks to those running local council approved events only,,Cumbernauld and Kirkintilloch,236
8378,732559,Limit the sale of fireworks to those running local council approved events only,,Dumfries and Galloway,165
8379,732559,Limit the sale of fireworks to those running local council approved events only,,"Dumfriesshire, Clydesdale and Tweeddale",211
8380,732559,Limit the sale of fireworks to those running local council approved events only,,Dundee Central,242
8381,732559,Limit the sale of fireworks to those running local council approved events only,,Dunfermline and Dollar,216
8382,732559,Limit the sale of fireworks to those running local council approved events only,,East Kilbride and Strathaven,286
8383,732559,Limit the sale of fireworks to those running local council approved events only,,Edinburgh East and Musselburgh,157
8384,732559,Limit the sale of fireworks to those running local council approved events only,,Edinburgh North and Leith,116
8385,732559,Limit the sale of fireworks to those running local council approved events only,,Edinburgh South,125
8386,732559,Limit the sale of fireworks to those running local council approved events only,,Edinburgh South West,95
8387,732559,Limit the sale of fireworks to those running local council approved events only,,Edinburgh West,180
8388,732559,Limit the sale of fireworks to those running local council approved events only,,Falkirk,181
8389,732559,Limit the sale of fireworks to those running local council approved events only,,Glasgow East,224
8390,732559,Limit the sale of fireworks to those running local council approved events only,,Glasgow North,184
8391,732559,Limit the sale of fireworks to those running local council approved events only,,Glasgow North East,186
8392,732559,Limit the sale of fireworks to those running local council approved events only,,Glasgow South,280
8393,732559,Limit the sale of fireworks to those running local council approved events only,,Glasgow South West,217
8394,732559,Limit the sale of fireworks to those running local council approved events only,,Glasgow West,246
8395,732559,Limit the sale of fireworks to those running local council approved events only,,Glenrothes and Mid Fife,257
8396,732559,Limit the sale of fireworks to those running local council approved events only,,Gordon and Buchan,170
8397,732559,Limit the sale of fireworks to those running local council approved events only,,Hamilton and Clyde Valley,241
8398,732559,Limit the sale of fireworks to those running local council approved events only,,Inverclyde and Renfrewshire West,161
8399,732559,Limit the sale of fireworks to those running local council approved events only,,"Inverness, Skye and West Ross-shire",156
8400,732559,Limit the sale of fireworks to those running local council approved events only,,Livingston,249
8401,732559,Limit the sale of fireworks to those running local council approved events only,,Lothian East,205
8402,732559,Limit the sale of fireworks to those running local council approved events only,,Mid Dunbartonshire,346
8403,732559,Limit the sale of fireworks to those running local council approved events only,,"Moray West, Nairn and Strathspey",150
8404,732559,Limit the sale of fireworks to those running local council approved events only,,"Motherwell, Wishaw and Carluke",204
8405,732559,Limit the sale of fireworks to those running local council approved events only,,North East Fife,159
8406,732559,Limit the sale of fireworks to those running local council approved events only,,Paisley and Renfrewshire North,287
8407,732559,Limit the sale of fireworks to those running local council approved events only,,Paisley and Renfrewshire South,280
8408,732559,Limit the sale of fireworks to those running local council approved events only,,Perth and Kinross-shire,389
8409,732559,Limit the sale of fireworks to those running local council approved events only,,Rutherglen,243
8410,732559,Limit the sale of fireworks to those running local council approved events only,,Stirling and Strathallan,151
8411,732559,Limit the sale of fireworks to those running local council approved events only,,West Dunbartonshire,428
8412,732559,Limit the sale of fireworks to those running local council approved events only,,"Ayr, Carrick and Cumnock",216
8413,732559,Limit the sale of fireworks to those running local council approved events only,,"Berwickshire, Roxburgh and Selkirk",149
8414,732559,Limit the sale of fireworks to those running local council approved events only,,Central Ayrshire,160
8415,732559,Limit the sale of fireworks to those running local council approved events only,,Kilmarnock and Loudoun,193
8416,732559,Limit the sale of fireworks to those running local council approved events only,,West Aberdeenshire and Kincardine,227
8417,732559,Limit the sale of fireworks to those running local council approved events only,,Aberafan Maesteg,389
8418,732559,Limit the sale of fireworks to those running local council approved events only,,Alyn and Deeside,432
8419,732559,Limit the sale of fireworks to those running local council approved events only,,Bangor Aberconwy,333
8420,732559,Limit the sale of fireworks to those running local council approved events only,,Blaenau Gwent and Rhymney,372
8421,732559,Limit the sale of fireworks to those running local council approved events only,,"Brecon, Radnor and Cwm Tawe",203
8422,732559,Limit the sale of fireworks to those running local council approved events only,,Bridgend,311
8423,732559,Limit the sale of fireworks to those running local council approved events only,,Caerfyrddin,249
8424,732559,Limit the sale of fireworks to those running local council approved events only,,Caerphilly,427
8425,732559,Limit the sale of fireworks to those running local council approved events only,,Cardiff East,251
8426,732559,Limit the sale of fireworks to those running local council approved events only,,Cardiff North,331
8427,732559,Limit the sale of fireworks to those running local council approved events only,,Cardiff South and Penarth,269
8428,732559,Limit the sale of fireworks to those running local council approved events only,,Cardiff West,303
8429,732559,Limit the sale of fireworks to those running local council approved events only,,Ceredigion Preseli,212
8430,732559,Limit the sale of fireworks to those running local council approved events only,,Clwyd East,370
8431,732559,Limit the sale of fireworks to those running local council approved events only,,Clwyd North,313
8432,732559,Limit the sale of fireworks to those running local council approved events only,,Dwyfor Meirionnydd,207
8433,732559,Limit the sale of fireworks to those running local council approved events only,,Gower,362
8434,732559,Limit the sale of fireworks to those running local council approved events only,,Llanelli,394
8435,732559,Limit the sale of fireworks to those running local council approved events only,,Merthyr Tydfil and Aberdare,381
8436,732559,Limit the sale of fireworks to those running local council approved events only,,Mid and South Pembrokeshire,200
8437,732559,Limit the sale of fireworks to those running local council approved events only,,Monmouthshire,368
8438,732559,Limit the sale of fireworks to those running local council approved events only,,Montgomeryshire and Glyndŵr,248
8439,732559,Limit the sale of fireworks to those running local council approved events only,,Neath and Swansea East,305
8440,732559,Limit the sale of fireworks to those running local council approved events only,,Newport East,321
8441,732559,Limit the sale of fireworks to those running local council approved events only,,Newport West and Islwyn,410
8442,732559,Limit the sale of fireworks to those running local council approved events only,,Pontypridd,391
8443,732559,Limit the sale of fireworks to those running local council approved events only,,Rhondda and Ogmore,276
8444,732559,Limit the sale of fireworks to those running local council approved events only,,Swansea West,368
8445,732559,Limit the sale of fireworks to those running local council approved events only,,Torfaen,799
8446,732559,Limit the sale of fireworks to those running local council approved events only,,Vale of Glamorgan,343
8447,732559,Limit the sale of fireworks to those running local council approved events only,,Wrexham,309
8448,732559,Limit the sale of fireworks to those running local council approved events only,,Ynys Môn,208
8449,746363,Keep 5-Year ILR and Restrict Access to Benefits for New ILR Holders,,Aldershot,521
8450,746363,Keep 5-Year ILR and Restrict Access to Benefits for New ILR Holders,,Aldridge-Brownhills,105
8451,746363,Keep 5-Year ILR and Restrict Access to Benefits for New ILR Holders,,Altrincham and Sale West,229
8452,746363,Keep 5-Year ILR and Restrict Access to Benefits for New ILR Holders,,Amber Valley,104
8453,746363,Keep 5-Year ILR and Restrict Access to Benefits for New ILR Holders,,Arundel and South Downs,49
8454,746363,Keep 5-Year ILR and Restrict Access to Benefits for New ILR Holders,,Ashfield,205
8455,746363,Keep 5-Year ILR and Restrict Access to Benefits for New ILR Holders,,Ashford,397
8456,746363,Keep 5-Year ILR and Restrict Access to Benefits for New ILR Holders,,Ashton-under-Lyne,411
8457,746363,Keep 5-Year ILR and Restrict Access to Benefits for New ILR Holders,,Aylesbury,478
8458,746363,Keep 5-Year ILR and Restrict Access to Benefits for New ILR Holders,,Banbury,280
8459,746363,Keep 5-Year ILR and Restrict Access to Benefits for New ILR Holders,,Barking,2005
8460,746363,Keep 5-Year ILR and Restrict Access to Benefits for New ILR Holders,,Barnsley North,150
8461,746363,Keep 5-Year ILR and Restrict Access to Benefits for New ILR Holders,,Barnsley South,204
8462,746363,Keep 5-Year ILR and Restrict Access to Benefits for New ILR Holders,,Barrow and Furness,93
8463,746363,Keep 5-Year ILR and Restrict Access to Benefits for New ILR Holders,,Basildon and Billericay,255
8464,746363,Keep 5-Year ILR and Restrict Access to Benefits for New ILR Holders,,Basingstoke,414
8465,746363,Keep 5-Year ILR and Restrict Access to Benefits for New ILR Holders,,Bassetlaw,224
8466,746363,Keep 5-Year ILR and Restrict Access to Benefits for New ILR Holders,,Bath,161
8467,746363,Keep 5-Year ILR and Restrict Access to Benefits for New ILR Holders,,Battersea,129
8468,746363,Keep 5-Year ILR and Restrict Access to Benefits for New ILR Holders,,Beaconsfield,164
8469,746363,Keep 5-Year ILR and Restrict Access to Benefits for New ILR Holders,,Beckenham and Penge,214
8470,746363,Keep 5-Year ILR and Restrict Access to Benefits for New ILR Holders,,Bedford,697
8471,746363,Keep 5-Year ILR and Restrict Access to Benefits for New ILR Holders,,Bermondsey and Old Southwark,195
8472,746363,Keep 5-Year ILR and Restrict Access to Benefits for New ILR Holders,,Bethnal Green and Stepney,1421
8473,746363,Keep 5-Year ILR and Restrict Access to Benefits for New ILR Holders,,Beverley and Holderness,49
8474,746363,Keep 5-Year ILR and Restrict Access to Benefits for New ILR Holders,,Bexhill and Battle,139
8475,746363,Keep 5-Year ILR and Restrict Access to Benefits for New ILR Holders,,Bexleyheath and Crayford,352
8476,746363,Keep 5-Year ILR and Restrict Access to Benefits for New ILR Holders,,Bicester and Woodstock,221
8477,746363,Keep 5-Year ILR and Restrict Access to Benefits for New ILR Holders,,Birkenhead,338
8478,746363,Keep 5-Year ILR and Restrict Access to Benefits for New ILR Holders,,Birmingham Edgbaston,727
8479,746363,Keep 5-Year ILR and Restrict Access to Benefits for New ILR Holders,,Birmingham Erdington,693
8480,746363,Keep 5-Year ILR and Restrict Access to Benefits for New ILR Holders,,Birmingham Hall Green and Moseley,939
8481,746363,Keep 5-Year ILR and Restrict Access to Benefits for New ILR Holders,,Birmingham Hodge Hill and Solihull North,619
8482,746363,Keep 5-Year ILR and Restrict Access to Benefits for New ILR Holders,,Birmingham Ladywood,1648
8483,746363,Keep 5-Year ILR and Restrict Access to Benefits for New ILR Holders,,Birmingham Northfield,304
8484,746363,Keep 5-Year ILR and Restrict Access to Benefits for New ILR Holders,,Birmingham Perry Barr,1183
8485,746363,Keep 5-Year ILR and Restrict Access to Benefits for New ILR Holders,,Birmingham Selly Oak,344
8486,746363,Keep 5-Year ILR and Restrict Access to Benefits for New ILR Holders,,Birmingham Yardley,934
8487,746363,Keep 5-Year ILR and Restrict Access to Benefits for New ILR Holders,,Bishop Auckland,42
8488,746363,Keep 5-Year ILR and Restrict Access to Benefits for New ILR Holders,,Blackburn,703
8489,746363,Keep 5-Year ILR and Restrict Access to Benefits for New ILR Holders,,Blackley and Middleton South,719
8490,746363,Keep 5-Year ILR and Restrict Access to Benefits for New ILR Holders,,Blackpool North and Fleetwood,67
8491,746363,Keep 5-Year ILR and Restrict Access to Benefits for New ILR Holders,,Blackpool South,385
8492,746363,Keep 5-Year ILR and Restrict Access to Benefits for New ILR Holders,,Blaydon and Consett,52
8493,746363,Keep 5-Year ILR and Restrict Access to Benefits for New ILR Holders,,Blyth and Ashington,164
8494,746363,Keep 5-Year ILR and Restrict Access to Benefits for New ILR Holders,,Bognor Regis and Littlehampton,209
8495,746363,Keep 5-Year ILR and Restrict Access to Benefits for New ILR Holders,,Bolsover,120
8496,746363,Keep 5-Year ILR and Restrict Access to Benefits for New ILR Holders,,Bolton North East,753
8497,746363,Keep 5-Year ILR and Restrict Access to Benefits for New ILR Holders,,Bolton South and Walkden,923
8498,746363,Keep 5-Year ILR and Restrict Access to Benefits for New ILR Holders,,Bolton West,280
8499,746363,Keep 5-Year ILR and Restrict Access to Benefits for New ILR Holders,,Bootle,205
8500,746363,Keep 5-Year ILR and Restrict Access to Benefits for New ILR Holders,,Boston and Skegness,200
8501,746363,Keep 5-Year ILR and Restrict Access to Benefits for New ILR Holders,,Bournemouth East,474
8502,746363,Keep 5-Year ILR and Restrict Access to Benefits for New ILR Holders,,Bournemouth West,549
8503,746363,Keep 5-Year ILR and Restrict Access to Benefits for New ILR Holders,,Bracknell,240
8504,746363,Keep 5-Year ILR and Restrict Access to Benefits for New ILR Holders,,Bradford East,742
8505,746363,Keep 5-Year ILR and Restrict Access to Benefits for New ILR Holders,,Bradford South,397
8506,746363,Keep 5-Year ILR and Restrict Access to Benefits for New ILR Holders,,Bradford West,994
8507,746363,Keep 5-Year ILR and Restrict Access to Benefits for New ILR Holders,,Braintree,190
8508,746363,Keep 5-Year ILR and Restrict Access to Benefits for New ILR Holders,,Brent East,879
8509,746363,Keep 5-Year ILR and Restrict Access to Benefits for New ILR Holders,,Brent West,2383
8510,746363,Keep 5-Year ILR and Restrict Access to Benefits for New ILR Holders,,Brentford and Isleworth,1294
8511,746363,Keep 5-Year ILR and Restrict Access to Benefits for New ILR Holders,,Brentwood and Ongar,178
8512,746363,Keep 5-Year ILR and Restrict Access to Benefits for New ILR Holders,,Bridgwater,213
8513,746363,Keep 5-Year ILR and Restrict Access to Benefits for New ILR Holders,,Bridlington and The Wolds,64
8514,746363,Keep 5-Year ILR and Restrict Access to Benefits for New ILR Holders,,Brigg and Immingham,28
8515,746363,Keep 5-Year ILR and Restrict Access to Benefits for New ILR Holders,,Brighton Kemptown and Peacehaven,187
8516,746363,Keep 5-Year ILR and Restrict Access to Benefits for New ILR Holders,,Brighton Pavilion,298
8517,746363,Keep 5-Year ILR and Restrict Access to Benefits for New ILR Holders,,Bristol Central,160
8518,746363,Keep 5-Year ILR and Restrict Access to Benefits for New ILR Holders,,Bristol East,413
8519,746363,Keep 5-Year ILR and Restrict Access to Benefits for New ILR Holders,,Bristol North East,511
8520,746363,Keep 5-Year ILR and Restrict Access to Benefits for New ILR Holders,,Bristol North West,390
8521,746363,Keep 5-Year ILR and Restrict Access to Benefits for New ILR Holders,,Bristol South,246
8522,746363,Keep 5-Year ILR and Restrict Access to Benefits for New ILR Holders,,Broadland and Fakenham,67
8523,746363,Keep 5-Year ILR and Restrict Access to Benefits for New ILR Holders,,Bromley and Biggin Hill,181
8524,746363,Keep 5-Year ILR and Restrict Access to Benefits for New ILR Holders,,Bromsgrove,46
8525,746363,Keep 5-Year ILR and Restrict Access to Benefits for New ILR Holders,,Broxbourne,264
8526,746363,Keep 5-Year ILR and Restrict Access to Benefits for New ILR Holders,,Broxtowe,173
8527,746363,Keep 5-Year ILR and Restrict Access to Benefits for New ILR Holders,,Buckingham and Bletchley,366
8528,746363,Keep 5-Year ILR and Restrict Access to Benefits for New ILR Holders,,Burnley,377
8529,746363,Keep 5-Year ILR and Restrict Access to Benefits for New ILR Holders,,Burton and Uttoxeter,350
8530,746363,Keep 5-Year ILR and Restrict Access to Benefits for New ILR Holders,,Bury North,262
8531,746363,Keep 5-Year ILR and Restrict Access to Benefits for New ILR Holders,,Bury South,278
8532,746363,Keep 5-Year ILR and Restrict Access to Benefits for New ILR Holders,,Bury St Edmunds and Stowmarket,210
8533,746363,Keep 5-Year ILR and Restrict Access to Benefits for New ILR Holders,,Calder Valley,43
8534,746363,Keep 5-Year ILR and Restrict Access to Benefits for New ILR Holders,,Camborne and Redruth,231
8535,746363,Keep 5-Year ILR and Restrict Access to Benefits for New ILR Holders,,Cambridge,535
8536,746363,Keep 5-Year ILR and Restrict Access to Benefits for New ILR Holders,,Cannock Chase,95
8537,746363,Keep 5-Year ILR and Restrict Access to Benefits for New ILR Holders,,Canterbury,357
8538,746363,Keep 5-Year ILR and Restrict Access to Benefits for New ILR Holders,,Carlisle,191
8539,746363,Keep 5-Year ILR and Restrict Access to Benefits for New ILR Holders,,Carshalton and Wallington,373
8540,746363,Keep 5-Year ILR and Restrict Access to Benefits for New ILR Holders,,Castle Point,87
8541,746363,Keep 5-Year ILR and Restrict Access to Benefits for New ILR Holders,,Central Devon,72
8542,746363,Keep 5-Year ILR and Restrict Access to Benefits for New ILR Holders,,Central Suffolk and North Ipswich,100
8543,746363,Keep 5-Year ILR and Restrict Access to Benefits for New ILR Holders,,Chatham and Aylesford,299
8544,746363,Keep 5-Year ILR and Restrict Access to Benefits for New ILR Holders,,Cheadle,174
8545,746363,Keep 5-Year ILR and Restrict Access to Benefits for New ILR Holders,,Chelmsford,505
8546,746363,Keep 5-Year ILR and Restrict Access to Benefits for New ILR Holders,,Chelsea and Fulham,129
8547,746363,Keep 5-Year ILR and Restrict Access to Benefits for New ILR Holders,,Cheltenham,427
8548,746363,Keep 5-Year ILR and Restrict Access to Benefits for New ILR Holders,,Chesham and Amersham,149
8549,746363,Keep 5-Year ILR and Restrict Access to Benefits for New ILR Holders,,Chester North and Neston,293
8550,746363,Keep 5-Year ILR and Restrict Access to Benefits for New ILR Holders,,Chester South and Eddisbury,67
8551,746363,Keep 5-Year ILR and Restrict Access to Benefits for New ILR Holders,,Chesterfield,218
8552,746363,Keep 5-Year ILR and Restrict Access to Benefits for New ILR Holders,,Chichester,143
8553,746363,Keep 5-Year ILR and Restrict Access to Benefits for New ILR Holders,,Chingford and Woodford Green,262
8554,746363,Keep 5-Year ILR and Restrict Access to Benefits for New ILR Holders,,Chippenham,105
8555,746363,Keep 5-Year ILR and Restrict Access to Benefits for New ILR Holders,,Chipping Barnet,350
8556,746363,Keep 5-Year ILR and Restrict Access to Benefits for New ILR Holders,,Chorley,109
8557,746363,Keep 5-Year ILR and Restrict Access to Benefits for New ILR Holders,,Christchurch,63
8558,746363,Keep 5-Year ILR and Restrict Access to Benefits for New ILR Holders,,Cities of London and Westminster,221
8559,746363,Keep 5-Year ILR and Restrict Access to Benefits for New ILR Holders,,City of Durham,125
8560,746363,Keep 5-Year ILR and Restrict Access to Benefits for New ILR Holders,,Clacton,232
8561,746363,Keep 5-Year ILR and Restrict Access to Benefits for New ILR Holders,,Clapham and Brixton Hill,116
8562,746363,Keep 5-Year ILR and Restrict Access to Benefits for New ILR Holders,,Colchester,723
8563,746363,Keep 5-Year ILR and Restrict Access to Benefits for New ILR Holders,,Colne Valley,66
8564,746363,Keep 5-Year ILR and Restrict Access to Benefits for New ILR Holders,,Congleton,58
8565,746363,Keep 5-Year ILR and Restrict Access to Benefits for New ILR Holders,,Corby and East Northamptonshire,180
8566,746363,Keep 5-Year ILR and Restrict Access to Benefits for New ILR Holders,,Coventry East,1007
8567,746363,Keep 5-Year ILR and Restrict Access to Benefits for New ILR Holders,,Coventry North West,687
8568,746363,Keep 5-Year ILR and Restrict Access to Benefits for New ILR Holders,,Coventry South,1341
8569,746363,Keep 5-Year ILR and Restrict Access to Benefits for New ILR Holders,,Cramlington and Killingworth,80
8570,746363,Keep 5-Year ILR and Restrict Access to Benefits for New ILR Holders,,Crawley,801
8571,746363,Keep 5-Year ILR and Restrict Access to Benefits for New ILR Holders,,Crewe and Nantwich,308
8572,746363,Keep 5-Year ILR and Restrict Access to Benefits for New ILR Holders,,Croydon East,421
8573,746363,Keep 5-Year ILR and Restrict Access to Benefits for New ILR Holders,,Croydon South,341
8574,746363,Keep 5-Year ILR and Restrict Access to Benefits for New ILR Holders,,Croydon West,1445
8575,746363,Keep 5-Year ILR and Restrict Access to Benefits for New ILR Holders,,Dagenham and Rainham,1148
8576,746363,Keep 5-Year ILR and Restrict Access to Benefits for New ILR Holders,,Darlington,231
8577,746363,Keep 5-Year ILR and Restrict Access to Benefits for New ILR Holders,,Dartford,434
8578,746363,Keep 5-Year ILR and Restrict Access to Benefits for New ILR Holders,,Daventry,105
8579,746363,Keep 5-Year ILR and Restrict Access to Benefits for New ILR Holders,,Derby North,564
8580,746363,Keep 5-Year ILR and Restrict Access to Benefits for New ILR Holders,,Derby South,1098
8581,746363,Keep 5-Year ILR and Restrict Access to Benefits for New ILR Holders,,Derbyshire Dales,26
8582,746363,Keep 5-Year ILR and Restrict Access to Benefits for New ILR Holders,,Dewsbury and Batley,405
8583,746363,Keep 5-Year ILR and Restrict Access to Benefits for New ILR Holders,,Didcot and Wantage,257
8584,746363,Keep 5-Year ILR and Restrict Access to Benefits for New ILR Holders,,Doncaster Central,493
8585,746363,Keep 5-Year ILR and Restrict Access to Benefits for New ILR Holders,,Doncaster East and the Isle of Axholme,103
8586,746363,Keep 5-Year ILR and Restrict Access to Benefits for New ILR Holders,,Doncaster North,125
8587,746363,Keep 5-Year ILR and Restrict Access to Benefits for New ILR Holders,,Dorking and Horley,167
8588,746363,Keep 5-Year ILR and Restrict Access to Benefits for New ILR Holders,,Dover and Deal,243
8589,746363,Keep 5-Year ILR and Restrict Access to Benefits for New ILR Holders,,Droitwich and Evesham,219
8590,746363,Keep 5-Year ILR and Restrict Access to Benefits for New ILR Holders,,Dudley,409
8591,746363,Keep 5-Year ILR and Restrict Access to Benefits for New ILR Holders,,Dulwich and West Norwood,168
8592,746363,Keep 5-Year ILR and Restrict Access to Benefits for New ILR Holders,,Dunstable and Leighton Buzzard,369
8593,746363,Keep 5-Year ILR and Restrict Access to Benefits for New ILR Holders,,Ealing Central and Acton,485
8594,746363,Keep 5-Year ILR and Restrict Access to Benefits for New ILR Holders,,Ealing North,943
8595,746363,Keep 5-Year ILR and Restrict Access to Benefits for New ILR Holders,,Ealing Southall,1554
8596,746363,Keep 5-Year ILR and Restrict Access to Benefits for New ILR Holders,,Earley and Woodley,443
8597,746363,Keep 5-Year ILR and Restrict Access to Benefits for New ILR Holders,,Easington,71
8598,746363,Keep 5-Year ILR and Restrict Access to Benefits for New ILR Holders,,East Grinstead and Uckfield,148
8599,746363,Keep 5-Year ILR and Restrict Access to Benefits for New ILR Holders,,East Ham,3243
8600,746363,Keep 5-Year ILR and Restrict Access to Benefits for New ILR Holders,,East Hampshire,141
8601,746363,Keep 5-Year ILR and Restrict Access to Benefits for New ILR Holders,,East Surrey,130
8602,746363,Keep 5-Year ILR and Restrict Access to Benefits for New ILR Holders,,East Thanet,311
8603,746363,Keep 5-Year ILR and Restrict Access to Benefits for New ILR Holders,,East Wiltshire,126
8604,746363,Keep 5-Year ILR and Restrict Access to Benefits for New ILR Holders,,East Worthing and Shoreham,175
8605,746363,Keep 5-Year ILR and Restrict Access to Benefits for New ILR Holders,,Eastbourne,481
8606,746363,Keep 5-Year ILR and Restrict Access to Benefits for New ILR Holders,,Eastleigh,151
8607,746363,Keep 5-Year ILR and Restrict Access to Benefits for New ILR Holders,,Edmonton and Winchmore Hill,513
8608,746363,Keep 5-Year ILR and Restrict Access to Benefits for New ILR Holders,,Ellesmere Port and Bromborough,157
8609,746363,Keep 5-Year ILR and Restrict Access to Benefits for New ILR Holders,,Eltham and Chislehurst,327
8610,746363,Keep 5-Year ILR and Restrict Access to Benefits for New ILR Holders,,Ely and East Cambridgeshire,265
8611,746363,Keep 5-Year ILR and Restrict Access to Benefits for New ILR Holders,,Enfield North,604
8612,746363,Keep 5-Year ILR and Restrict Access to Benefits for New ILR Holders,,Epping Forest,177
8613,746363,Keep 5-Year ILR and Restrict Access to Benefits for New ILR Holders,,Epsom and Ewell,247
8614,746363,Keep 5-Year ILR and Restrict Access to Benefits for New ILR Holders,,Erewash,162
8615,746363,Keep 5-Year ILR and Restrict Access to Benefits for New ILR Holders,,Erith and Thamesmead,1070
8616,746363,Keep 5-Year ILR and Restrict Access to Benefits for New ILR Holders,,Esher and Walton,161
8617,746363,Keep 5-Year ILR and Restrict Access to Benefits for New ILR Holders,,Exeter,350
8618,746363,Keep 5-Year ILR and Restrict Access to Benefits for New ILR Holders,,Exmouth and Exeter East,169
8619,746363,Keep 5-Year ILR and Restrict Access to Benefits for New ILR Holders,,Fareham and Waterlooville,123
8620,746363,Keep 5-Year ILR and Restrict Access to Benefits for New ILR Holders,,Farnham and Bordon,169
8621,746363,Keep 5-Year ILR and Restrict Access to Benefits for New ILR Holders,,Faversham and Mid Kent,94
8622,746363,Keep 5-Year ILR and Restrict Access to Benefits for New ILR Holders,,Feltham and Heston,1722
8623,746363,Keep 5-Year ILR and Restrict Access to Benefits for New ILR Holders,,Filton and Bradley Stoke,526
8624,746363,Keep 5-Year ILR and Restrict Access to Benefits for New ILR Holders,,Finchley and Golders Green,481
8625,746363,Keep 5-Year ILR and Restrict Access to Benefits for New ILR Holders,,Folkestone and Hythe,283
8626,746363,Keep 5-Year ILR and Restrict Access to Benefits for New ILR Holders,,Forest of Dean,58
8627,746363,Keep 5-Year ILR and Restrict Access to Benefits for New ILR Holders,,Frome and East Somerset,83
8628,746363,Keep 5-Year ILR and Restrict Access to Benefits for New ILR Holders,,Fylde,67
8629,746363,Keep 5-Year ILR and Restrict Access to Benefits for New ILR Holders,,Gainsborough,98
8630,746363,Keep 5-Year ILR and Restrict Access to Benefits for New ILR Holders,,Gateshead Central and Whickham,343
8631,746363,Keep 5-Year ILR and Restrict Access to Benefits for New ILR Holders,,Gedling,235
8632,746363,Keep 5-Year ILR and Restrict Access to Benefits for New ILR Holders,,Gillingham and Rainham,433
8633,746363,Keep 5-Year ILR and Restrict Access to Benefits for New ILR Holders,,Glastonbury and Somerton,88
8634,746363,Keep 5-Year ILR and Restrict Access to Benefits for New ILR Holders,,Gloucester,774
8635,746363,Keep 5-Year ILR and Restrict Access to Benefits for New ILR Holders,,Godalming and Ash,147
8636,746363,Keep 5-Year ILR and Restrict Access to Benefits for New ILR Holders,,Goole and Pocklington,78
8637,746363,Keep 5-Year ILR and Restrict Access to Benefits for New ILR Holders,,Gorton and Denton,1117
8638,746363,Keep 5-Year ILR and Restrict Access to Benefits for New ILR Holders,,Gosport,121
8639,746363,Keep 5-Year ILR and Restrict Access to Benefits for New ILR Holders,,Grantham and Bourne,191
8640,746363,Keep 5-Year ILR and Restrict Access to Benefits for New ILR Holders,,Gravesham,474
8641,746363,Keep 5-Year ILR and Restrict Access to Benefits for New ILR Holders,,Great Grimsby and Cleethorpes,167
8642,746363,Keep 5-Year ILR and Restrict Access to Benefits for New ILR Holders,,Great Yarmouth,177
8643,746363,Keep 5-Year ILR and Restrict Access to Benefits for New ILR Holders,,Greenwich and Woolwich,461
8644,746363,Keep 5-Year ILR and Restrict Access to Benefits for New ILR Holders,,Guildford,263
8645,746363,Keep 5-Year ILR and Restrict Access to Benefits for New ILR Holders,,Hackney North and Stoke Newington,224
8646,746363,Keep 5-Year ILR and Restrict Access to Benefits for New ILR Holders,,Hackney South and Shoreditch,261
8647,746363,Keep 5-Year ILR and Restrict Access to Benefits for New ILR Holders,,Halesowen,229
8648,746363,Keep 5-Year ILR and Restrict Access to Benefits for New ILR Holders,,Halifax,264
8649,746363,Keep 5-Year ILR and Restrict Access to Benefits for New ILR Holders,,Hamble Valley,80
8650,746363,Keep 5-Year ILR and Restrict Access to Benefits for New ILR Holders,,Hammersmith and Chiswick,220
8651,746363,Keep 5-Year ILR and Restrict Access to Benefits for New ILR Holders,,Hampstead and Highgate,137
8652,746363,Keep 5-Year ILR and Restrict Access to Benefits for New ILR Holders,,"Harborough, Oadby and Wigston",291
8653,746363,Keep 5-Year ILR and Restrict Access to Benefits for New ILR Holders,,Harlow,412
8654,746363,Keep 5-Year ILR and Restrict Access to Benefits for New ILR Holders,,Harpenden and Berkhamsted,68
8655,746363,Keep 5-Year ILR and Restrict Access to Benefits for New ILR Holders,,Harrogate and Knaresborough,151
8656,746363,Keep 5-Year ILR and Restrict Access to Benefits for New ILR Holders,,Harrow East,1857
8657,746363,Keep 5-Year ILR and Restrict Access to Benefits for New ILR Holders,,Harrow West,2374
8658,746363,Keep 5-Year ILR and Restrict Access to Benefits for New ILR Holders,,Hartlepool,120
8659,746363,Keep 5-Year ILR and Restrict Access to Benefits for New ILR Holders,,Harwich and North Essex,140
8660,746363,Keep 5-Year ILR and Restrict Access to Benefits for New ILR Holders,,Hastings and Rye,243
8661,746363,Keep 5-Year ILR and Restrict Access to Benefits for New ILR Holders,,Havant,143
8662,746363,Keep 5-Year ILR and Restrict Access to Benefits for New ILR Holders,,Hayes and Harlington,1929
8663,746363,Keep 5-Year ILR and Restrict Access to Benefits for New ILR Holders,,Hazel Grove,122
8664,746363,Keep 5-Year ILR and Restrict Access to Benefits for New ILR Holders,,Hemel Hempstead,301
8665,746363,Keep 5-Year ILR and Restrict Access to Benefits for New ILR Holders,,Hendon,817
8666,746363,Keep 5-Year ILR and Restrict Access to Benefits for New ILR Holders,,Henley and Thame,66
8667,746363,Keep 5-Year ILR and Restrict Access to Benefits for New ILR Holders,,Hereford and South Herefordshire,202
8668,746363,Keep 5-Year ILR and Restrict Access to Benefits for New ILR Holders,,Herne Bay and Sandwich,155
8669,746363,Keep 5-Year ILR and Restrict Access to Benefits for New ILR Holders,,Hertford and Stortford,300
8670,746363,Keep 5-Year ILR and Restrict Access to Benefits for New ILR Holders,,Hertsmere,251
8671,746363,Keep 5-Year ILR and Restrict Access to Benefits for New ILR Holders,,Hexham,41
8672,746363,Keep 5-Year ILR and Restrict Access to Benefits for New ILR Holders,,Heywood and Middleton North,366
8673,746363,Keep 5-Year ILR and Restrict Access to Benefits for New ILR Holders,,High Peak,38
8674,746363,Keep 5-Year ILR and Restrict Access to Benefits for New ILR Holders,,Hinckley and Bosworth,107
8675,746363,Keep 5-Year ILR and Restrict Access to Benefits for New ILR Holders,,Hitchin,139
8676,746363,Keep 5-Year ILR and Restrict Access to Benefits for New ILR Holders,,Holborn and St Pancras,251
8677,746363,Keep 5-Year ILR and Restrict Access to Benefits for New ILR Holders,,Honiton and Sidmouth,170
8678,746363,Keep 5-Year ILR and Restrict Access to Benefits for New ILR Holders,,Hornchurch and Upminster,232
8679,746363,Keep 5-Year ILR and Restrict Access to Benefits for New ILR Holders,,Hornsey and Friern Barnet,227
8680,746363,Keep 5-Year ILR and Restrict Access to Benefits for New ILR Holders,,Horsham,213
8681,746363,Keep 5-Year ILR and Restrict Access to Benefits for New ILR Holders,,Houghton and Sunderland South,112
8682,746363,Keep 5-Year ILR and Restrict Access to Benefits for New ILR Holders,,Hove and Portslade,256
8683,746363,Keep 5-Year ILR and Restrict Access to Benefits for New ILR Holders,,Huddersfield,699
8684,746363,Keep 5-Year ILR and Restrict Access to Benefits for New ILR Holders,,Huntingdon,292
8685,746363,Keep 5-Year ILR and Restrict Access to Benefits for New ILR Holders,,Hyndburn,280
8686,746363,Keep 5-Year ILR and Restrict Access to Benefits for New ILR Holders,,Ilford North,1479
8687,746363,Keep 5-Year ILR and Restrict Access to Benefits for New ILR Holders,,Ilford South,2595
8688,746363,Keep 5-Year ILR and Restrict Access to Benefits for New ILR Holders,,Ipswich,683
8689,746363,Keep 5-Year ILR and Restrict Access to Benefits for New ILR Holders,,Isle of Wight East,99
8690,746363,Keep 5-Year ILR and Restrict Access to Benefits for New ILR Holders,,Isle of Wight West,98
8691,746363,Keep 5-Year ILR and Restrict Access to Benefits for New ILR Holders,,Islington North,170
8692,746363,Keep 5-Year ILR and Restrict Access to Benefits for New ILR Holders,,Islington South and Finsbury,145
8693,746363,Keep 5-Year ILR and Restrict Access to Benefits for New ILR Holders,,Jarrow and Gateshead East,148
8694,746363,Keep 5-Year ILR and Restrict Access to Benefits for New ILR Holders,,Keighley and Ilkley,178
8695,746363,Keep 5-Year ILR and Restrict Access to Benefits for New ILR Holders,,Kenilworth and Southam,103
8696,746363,Keep 5-Year ILR and Restrict Access to Benefits for New ILR Holders,,Kensington and Bayswater,164
8697,746363,Keep 5-Year ILR and Restrict Access to Benefits for New ILR Holders,,Kettering,346
8698,746363,Keep 5-Year ILR and Restrict Access to Benefits for New ILR Holders,,Kingston and Surbiton,434
8699,746363,Keep 5-Year ILR and Restrict Access to Benefits for New ILR Holders,,Kingston upon Hull East,252
8700,746363,Keep 5-Year ILR and Restrict Access to Benefits for New ILR Holders,,Kingston upon Hull North and Cottingham,546
8701,746363,Keep 5-Year ILR and Restrict Access to Benefits for New ILR Holders,,Kingston upon Hull West and Haltemprice,239
8702,746363,Keep 5-Year ILR and Restrict Access to Benefits for New ILR Holders,,Kingswinford and South Staffordshire,31
8703,746363,Keep 5-Year ILR and Restrict Access to Benefits for New ILR Holders,,Knowsley,139
8704,746363,Keep 5-Year ILR and Restrict Access to Benefits for New ILR Holders,,Lancaster and Wyre,180
8705,746363,Keep 5-Year ILR and Restrict Access to Benefits for New ILR Holders,,Leeds Central and Headingley,580
8706,746363,Keep 5-Year ILR and Restrict Access to Benefits for New ILR Holders,,Leeds East,503
8707,746363,Keep 5-Year ILR and Restrict Access to Benefits for New ILR Holders,,Leeds North East,270
8708,746363,Keep 5-Year ILR and Restrict Access to Benefits for New ILR Holders,,Leeds North West,68
8709,746363,Keep 5-Year ILR and Restrict Access to Benefits for New ILR Holders,,Leeds South,813
8710,746363,Keep 5-Year ILR and Restrict Access to Benefits for New ILR Holders,,Leeds South West and Morley,185
8711,746363,Keep 5-Year ILR and Restrict Access to Benefits for New ILR Holders,,Leeds West and Pudsey,275
8712,746363,Keep 5-Year ILR and Restrict Access to Benefits for New ILR Holders,,Leicester East,1551
8713,746363,Keep 5-Year ILR and Restrict Access to Benefits for New ILR Holders,,Leicester South,1373
8714,746363,Keep 5-Year ILR and Restrict Access to Benefits for New ILR Holders,,Leicester West,1231
8715,746363,Keep 5-Year ILR and Restrict Access to Benefits for New ILR Holders,,Leigh and Atherton,263
8716,746363,Keep 5-Year ILR and Restrict Access to Benefits for New ILR Holders,,Lewes,128
8717,746363,Keep 5-Year ILR and Restrict Access to Benefits for New ILR Holders,,Lewisham East,357
8718,746363,Keep 5-Year ILR and Restrict Access to Benefits for New ILR Holders,,Lewisham North,323
8719,746363,Keep 5-Year ILR and Restrict Access to Benefits for New ILR Holders,,Lewisham West and East Dulwich,181
8720,746363,Keep 5-Year ILR and Restrict Access to Benefits for New ILR Holders,,Leyton and Wanstead,651
8721,746363,Keep 5-Year ILR and Restrict Access to Benefits for New ILR Holders,,Lichfield,38
8722,746363,Keep 5-Year ILR and Restrict Access to Benefits for New ILR Holders,,Lincoln,543
8723,746363,Keep 5-Year ILR and Restrict Access to Benefits for New ILR Holders,,Liverpool Garston,95
8724,746363,Keep 5-Year ILR and Restrict Access to Benefits for New ILR Holders,,Liverpool Riverside,694
8725,746363,Keep 5-Year ILR and Restrict Access to Benefits for New ILR Holders,,Liverpool Walton,309
8726,746363,Keep 5-Year ILR and Restrict Access to Benefits for New ILR Holders,,Liverpool Wavertree,594
8727,746363,Keep 5-Year ILR and Restrict Access to Benefits for New ILR Holders,,Liverpool West Derby,351
8728,746363,Keep 5-Year ILR and Restrict Access to Benefits for New ILR Holders,,Loughborough,265
8729,746363,Keep 5-Year ILR and Restrict Access to Benefits for New ILR Holders,,Louth and Horncastle,38
8730,746363,Keep 5-Year ILR and Restrict Access to Benefits for New ILR Holders,,Lowestoft,97
8731,746363,Keep 5-Year ILR and Restrict Access to Benefits for New ILR Holders,,Luton North,1065
8732,746363,Keep 5-Year ILR and Restrict Access to Benefits for New ILR Holders,,Luton South and South Bedfordshire,2206
8733,746363,Keep 5-Year ILR and Restrict Access to Benefits for New ILR Holders,,Macclesfield,149
8734,746363,Keep 5-Year ILR and Restrict Access to Benefits for New ILR Holders,,Maidenhead,306
8735,746363,Keep 5-Year ILR and Restrict Access to Benefits for New ILR Holders,,Maidstone and Malling,440
8736,746363,Keep 5-Year ILR and Restrict Access to Benefits for New ILR Holders,,Makerfield,115
8737,746363,Keep 5-Year ILR and Restrict Access to Benefits for New ILR Holders,,Maldon,54
8738,746363,Keep 5-Year ILR and Restrict Access to Benefits for New ILR Holders,,Manchester Central,798
8739,746363,Keep 5-Year ILR and Restrict Access to Benefits for New ILR Holders,,Manchester Rusholme,1078
8740,746363,Keep 5-Year ILR and Restrict Access to Benefits for New ILR Holders,,Manchester Withington,290
8741,746363,Keep 5-Year ILR and Restrict Access to Benefits for New ILR Holders,,Mansfield,331
8742,746363,Keep 5-Year ILR and Restrict Access to Benefits for New ILR Holders,,Melksham and Devizes,62
8743,746363,Keep 5-Year ILR and Restrict Access to Benefits for New ILR Holders,,Melton and Syston,183
8744,746363,Keep 5-Year ILR and Restrict Access to Benefits for New ILR Holders,,Meriden and Solihull East,154
8745,746363,Keep 5-Year ILR and Restrict Access to Benefits for New ILR Holders,,Mid Bedfordshire,93
8746,746363,Keep 5-Year ILR and Restrict Access to Benefits for New ILR Holders,,Mid Buckinghamshire,73
8747,746363,Keep 5-Year ILR and Restrict Access to Benefits for New ILR Holders,,Mid Cheshire,126
8748,746363,Keep 5-Year ILR and Restrict Access to Benefits for New ILR Holders,,Mid Derbyshire,70
8749,746363,Keep 5-Year ILR and Restrict Access to Benefits for New ILR Holders,,Mid Dorset and North Poole,67
8750,746363,Keep 5-Year ILR and Restrict Access to Benefits for New ILR Holders,,Mid Leicestershire,214
8751,746363,Keep 5-Year ILR and Restrict Access to Benefits for New ILR Holders,,Mid Norfolk,118
8752,746363,Keep 5-Year ILR and Restrict Access to Benefits for New ILR Holders,,Mid Sussex,196
8753,746363,Keep 5-Year ILR and Restrict Access to Benefits for New ILR Holders,,Middlesbrough and Thornaby East,930
8754,746363,Keep 5-Year ILR and Restrict Access to Benefits for New ILR Holders,,Middlesbrough South and East Cleveland,103
8755,746363,Keep 5-Year ILR and Restrict Access to Benefits for New ILR Holders,,Milton Keynes Central,848
8756,746363,Keep 5-Year ILR and Restrict Access to Benefits for New ILR Holders,,Milton Keynes North,453
8757,746363,Keep 5-Year ILR and Restrict Access to Benefits for New ILR Holders,,Mitcham and Morden,739
8758,746363,Keep 5-Year ILR and Restrict Access to Benefits for New ILR Holders,,Morecambe and Lunesdale,130
8759,746363,Keep 5-Year ILR and Restrict Access to Benefits for New ILR Holders,,New Forest East,73
8760,746363,Keep 5-Year ILR and Restrict Access to Benefits for New ILR Holders,,New Forest West,200
8761,746363,Keep 5-Year ILR and Restrict Access to Benefits for New ILR Holders,,Newark,166
8762,746363,Keep 5-Year ILR and Restrict Access to Benefits for New ILR Holders,,Newbury,245
8763,746363,Keep 5-Year ILR and Restrict Access to Benefits for New ILR Holders,,Newcastle upon Tyne Central and West,799
8764,746363,Keep 5-Year ILR and Restrict Access to Benefits for New ILR Holders,,Newcastle upon Tyne East and Wallsend,295
8765,746363,Keep 5-Year ILR and Restrict Access to Benefits for New ILR Holders,,Newcastle upon Tyne North,197
8766,746363,Keep 5-Year ILR and Restrict Access to Benefits for New ILR Holders,,Newcastle-under-Lyme,254
8767,746363,Keep 5-Year ILR and Restrict Access to Benefits for New ILR Holders,,Newton Abbot,104
8768,746363,Keep 5-Year ILR and Restrict Access to Benefits for New ILR Holders,,Newton Aycliffe and Spennymoor,54
8769,746363,Keep 5-Year ILR and Restrict Access to Benefits for New ILR Holders,,Normanton and Hemsworth,93
8770,746363,Keep 5-Year ILR and Restrict Access to Benefits for New ILR Holders,,North Bedfordshire,112
8771,746363,Keep 5-Year ILR and Restrict Access to Benefits for New ILR Holders,,North Cornwall,93
8772,746363,Keep 5-Year ILR and Restrict Access to Benefits for New ILR Holders,,North Cotswolds,90
8773,746363,Keep 5-Year ILR and Restrict Access to Benefits for New ILR Holders,,North Devon,179
8774,746363,Keep 5-Year ILR and Restrict Access to Benefits for New ILR Holders,,North Dorset,100
8775,746363,Keep 5-Year ILR and Restrict Access to Benefits for New ILR Holders,,North Durham,82
8776,746363,Keep 5-Year ILR and Restrict Access to Benefits for New ILR Holders,,North East Cambridgeshire,273
8777,746363,Keep 5-Year ILR and Restrict Access to Benefits for New ILR Holders,,North East Derbyshire,79
8778,746363,Keep 5-Year ILR and Restrict Access to Benefits for New ILR Holders,,North East Hampshire,88
8779,746363,Keep 5-Year ILR and Restrict Access to Benefits for New ILR Holders,,North East Hertfordshire,137
8780,746363,Keep 5-Year ILR and Restrict Access to Benefits for New ILR Holders,,North East Somerset and Hanham,130
8781,746363,Keep 5-Year ILR and Restrict Access to Benefits for New ILR Holders,,North Herefordshire,72
8782,746363,Keep 5-Year ILR and Restrict Access to Benefits for New ILR Holders,,North Norfolk,83
8783,746363,Keep 5-Year ILR and Restrict Access to Benefits for New ILR Holders,,North Northumberland,41
8784,746363,Keep 5-Year ILR and Restrict Access to Benefits for New ILR Holders,,North Shropshire,106
8785,746363,Keep 5-Year ILR and Restrict Access to Benefits for New ILR Holders,,North Somerset,123
8786,746363,Keep 5-Year ILR and Restrict Access to Benefits for New ILR Holders,,North Warwickshire and Bedworth,135
8787,746363,Keep 5-Year ILR and Restrict Access to Benefits for New ILR Holders,,North West Cambridgeshire,498
8788,746363,Keep 5-Year ILR and Restrict Access to Benefits for New ILR Holders,,North West Essex,146
8789,746363,Keep 5-Year ILR and Restrict Access to Benefits for New ILR Holders,,North West Hampshire,185
8790,746363,Keep 5-Year ILR and Restrict Access to Benefits for New ILR Holders,,North West Leicestershire,81
8791,746363,Keep 5-Year ILR and Restrict Access to Benefits for New ILR Holders,,North West Norfolk,169
8792,746363,Keep 5-Year ILR and Restrict Access to Benefits for New ILR Holders,,Northampton North,1152
8793,746363,Keep 5-Year ILR and Restrict Access to Benefits for New ILR Holders,,Northampton South,409
8794,746363,Keep 5-Year ILR and Restrict Access to Benefits for New ILR Holders,,Norwich North,272
8795,746363,Keep 5-Year ILR and Restrict Access to Benefits for New ILR Holders,,Norwich South,562
8796,746363,Keep 5-Year ILR and Restrict Access to Benefits for New ILR Holders,,Nottingham East,1091
8797,746363,Keep 5-Year ILR and Restrict Access to Benefits for New ILR Holders,,Nottingham North and Kimberley,625
8798,746363,Keep 5-Year ILR and Restrict Access to Benefits for New ILR Holders,,Nottingham South,484
8799,746363,Keep 5-Year ILR and Restrict Access to Benefits for New ILR Holders,,Nuneaton,206
8800,746363,Keep 5-Year ILR and Restrict Access to Benefits for New ILR Holders,,Old Bexley and Sidcup,314
8801,746363,Keep 5-Year ILR and Restrict Access to Benefits for New ILR Holders,,Oldham East and Saddleworth,383
8802,746363,Keep 5-Year ILR and Restrict Access to Benefits for New ILR Holders,,"Oldham West, Chadderton and Royton",670
8803,746363,Keep 5-Year ILR and Restrict Access to Benefits for New ILR Holders,,Orpington,168
8804,746363,Keep 5-Year ILR and Restrict Access to Benefits for New ILR Holders,,Ossett and Denby Dale,115
8805,746363,Keep 5-Year ILR and Restrict Access to Benefits for New ILR Holders,,Oxford East,620
8806,746363,Keep 5-Year ILR and Restrict Access to Benefits for New ILR Holders,,Oxford West and Abingdon,217
8807,746363,Keep 5-Year ILR and Restrict Access to Benefits for New ILR Holders,,Peckham,226
8808,746363,Keep 5-Year ILR and Restrict Access to Benefits for New ILR Holders,,Pendle and Clitheroe,189
8809,746363,Keep 5-Year ILR and Restrict Access to Benefits for New ILR Holders,,Penistone and Stocksbridge,62
8810,746363,Keep 5-Year ILR and Restrict Access to Benefits for New ILR Holders,,Penrith and Solway,70
8811,746363,Keep 5-Year ILR and Restrict Access to Benefits for New ILR Holders,,Peterborough,966
8812,746363,Keep 5-Year ILR and Restrict Access to Benefits for New ILR Holders,,Plymouth Moor View,135
8813,746363,Keep 5-Year ILR and Restrict Access to Benefits for New ILR Holders,,Plymouth Sutton and Devonport,548
8814,746363,Keep 5-Year ILR and Restrict Access to Benefits for New ILR Holders,,"Pontefract, Castleford and Knottingley",137
8815,746363,Keep 5-Year ILR and Restrict Access to Benefits for New ILR Holders,,Poole,294
8816,746363,Keep 5-Year ILR and Restrict Access to Benefits for New ILR Holders,,Poplar and Limehouse,1100
8817,746363,Keep 5-Year ILR and Restrict Access to Benefits for New ILR Holders,,Portsmouth North,350
8818,746363,Keep 5-Year ILR and Restrict Access to Benefits for New ILR Holders,,Portsmouth South,727
8819,746363,Keep 5-Year ILR and Restrict Access to Benefits for New ILR Holders,,Preston,1524
8820,746363,Keep 5-Year ILR and Restrict Access to Benefits for New ILR Holders,,Putney,270
8821,746363,Keep 5-Year ILR and Restrict Access to Benefits for New ILR Holders,,Queen's Park and Maida Vale,316
8822,746363,Keep 5-Year ILR and Restrict Access to Benefits for New ILR Holders,,Rawmarsh and Conisbrough,74
8823,746363,Keep 5-Year ILR and Restrict Access to Benefits for New ILR Holders,,Rayleigh and Wickford,48
8824,746363,Keep 5-Year ILR and Restrict Access to Benefits for New ILR Holders,,Reading Central,1000
8825,746363,Keep 5-Year ILR and Restrict Access to Benefits for New ILR Holders,,Reading West and Mid Berkshire,180
8826,746363,Keep 5-Year ILR and Restrict Access to Benefits for New ILR Holders,,Redcar,116
8827,746363,Keep 5-Year ILR and Restrict Access to Benefits for New ILR Holders,,Redditch,215
8828,746363,Keep 5-Year ILR and Restrict Access to Benefits for New ILR Holders,,Reigate,324
8829,746363,Keep 5-Year ILR and Restrict Access to Benefits for New ILR Holders,,Ribble Valley,149
8830,746363,Keep 5-Year ILR and Restrict Access to Benefits for New ILR Holders,,Richmond and Northallerton,50
8831,746363,Keep 5-Year ILR and Restrict Access to Benefits for New ILR Holders,,Richmond Park,189
8832,746363,Keep 5-Year ILR and Restrict Access to Benefits for New ILR Holders,,Rochdale,484
8833,746363,Keep 5-Year ILR and Restrict Access to Benefits for New ILR Holders,,Rochester and Strood,225
8834,746363,Keep 5-Year ILR and Restrict Access to Benefits for New ILR Holders,,Romford,531
8835,746363,Keep 5-Year ILR and Restrict Access to Benefits for New ILR Holders,,Romsey and Southampton North,179
8836,746363,Keep 5-Year ILR and Restrict Access to Benefits for New ILR Holders,,Rossendale and Darwen,129
8837,746363,Keep 5-Year ILR and Restrict Access to Benefits for New ILR Holders,,Rother Valley,66
8838,746363,Keep 5-Year ILR and Restrict Access to Benefits for New ILR Holders,,Rotherham,335
8839,746363,Keep 5-Year ILR and Restrict Access to Benefits for New ILR Holders,,Rugby,339
8840,746363,Keep 5-Year ILR and Restrict Access to Benefits for New ILR Holders,,"Ruislip, Northwood and Pinner",487
8841,746363,Keep 5-Year ILR and Restrict Access to Benefits for New ILR Holders,,Runcorn and Helsby,75
8842,746363,Keep 5-Year ILR and Restrict Access to Benefits for New ILR Holders,,Runnymede and Weybridge,251
8843,746363,Keep 5-Year ILR and Restrict Access to Benefits for New ILR Holders,,Rushcliffe,126
8844,746363,Keep 5-Year ILR and Restrict Access to Benefits for New ILR Holders,,Rutland and Stamford,94
8845,746363,Keep 5-Year ILR and Restrict Access to Benefits for New ILR Holders,,Salford,764
8846,746363,Keep 5-Year ILR and Restrict Access to Benefits for New ILR Holders,,Salisbury,171
8847,746363,Keep 5-Year ILR and Restrict Access to Benefits for New ILR Holders,,Scarborough and Whitby,119
8848,746363,Keep 5-Year ILR and Restrict Access to Benefits for New ILR Holders,,Scunthorpe,213
8849,746363,Keep 5-Year ILR and Restrict Access to Benefits for New ILR Holders,,Sefton Central,37
8850,746363,Keep 5-Year ILR and Restrict Access to Benefits for New ILR Holders,,Selby,73
8851,746363,Keep 5-Year ILR and Restrict Access to Benefits for New ILR Holders,,Sevenoaks,80
8852,746363,Keep 5-Year ILR and Restrict Access to Benefits for New ILR Holders,,Sheffield Brightside and Hillsborough,511
8853,746363,Keep 5-Year ILR and Restrict Access to Benefits for New ILR Holders,,Sheffield Central,705
8854,746363,Keep 5-Year ILR and Restrict Access to Benefits for New ILR Holders,,Sheffield Hallam,60
8855,746363,Keep 5-Year ILR and Restrict Access to Benefits for New ILR Holders,,Sheffield Heeley,363
8856,746363,Keep 5-Year ILR and Restrict Access to Benefits for New ILR Holders,,Sheffield South East,276
8857,746363,Keep 5-Year ILR and Restrict Access to Benefits for New ILR Holders,,Sherwood Forest,141
8858,746363,Keep 5-Year ILR and Restrict Access to Benefits for New ILR Holders,,Shipley,64
8859,746363,Keep 5-Year ILR and Restrict Access to Benefits for New ILR Holders,,Shrewsbury,165
8860,746363,Keep 5-Year ILR and Restrict Access to Benefits for New ILR Holders,,Sittingbourne and Sheppey,155
8861,746363,Keep 5-Year ILR and Restrict Access to Benefits for New ILR Holders,,Skipton and Ripon,84
8862,746363,Keep 5-Year ILR and Restrict Access to Benefits for New ILR Holders,,Sleaford and North Hykeham,78
8863,746363,Keep 5-Year ILR and Restrict Access to Benefits for New ILR Holders,,Slough,1726
8864,746363,Keep 5-Year ILR and Restrict Access to Benefits for New ILR Holders,,Smethwick,1107
8865,746363,Keep 5-Year ILR and Restrict Access to Benefits for New ILR Holders,,Solihull West and Shirley,174
8866,746363,Keep 5-Year ILR and Restrict Access to Benefits for New ILR Holders,,South Basildon and East Thurrock,231
8867,746363,Keep 5-Year ILR and Restrict Access to Benefits for New ILR Holders,,South Cambridgeshire,222
8868,746363,Keep 5-Year ILR and Restrict Access to Benefits for New ILR Holders,,South Cotswolds,79
8869,746363,Keep 5-Year ILR and Restrict Access to Benefits for New ILR Holders,,South Derbyshire,115
8870,746363,Keep 5-Year ILR and Restrict Access to Benefits for New ILR Holders,,South Devon,41
8871,746363,Keep 5-Year ILR and Restrict Access to Benefits for New ILR Holders,,South Dorset,232
8872,746363,Keep 5-Year ILR and Restrict Access to Benefits for New ILR Holders,,South East Cornwall,69
8873,746363,Keep 5-Year ILR and Restrict Access to Benefits for New ILR Holders,,South Holland and The Deepings,235
8874,746363,Keep 5-Year ILR and Restrict Access to Benefits for New ILR Holders,,South Leicestershire,92
8875,746363,Keep 5-Year ILR and Restrict Access to Benefits for New ILR Holders,,South Norfolk,166
8876,746363,Keep 5-Year ILR and Restrict Access to Benefits for New ILR Holders,,South Northamptonshire,72
8877,746363,Keep 5-Year ILR and Restrict Access to Benefits for New ILR Holders,,South Ribble,50
8878,746363,Keep 5-Year ILR and Restrict Access to Benefits for New ILR Holders,,South Shields,143
8879,746363,Keep 5-Year ILR and Restrict Access to Benefits for New ILR Holders,,South Shropshire,63
8880,746363,Keep 5-Year ILR and Restrict Access to Benefits for New ILR Holders,,South Suffolk,93
8881,746363,Keep 5-Year ILR and Restrict Access to Benefits for New ILR Holders,,South West Devon,39
8882,746363,Keep 5-Year ILR and Restrict Access to Benefits for New ILR Holders,,South West Hertfordshire,211
8883,746363,Keep 5-Year ILR and Restrict Access to Benefits for New ILR Holders,,South West Norfolk,67
8884,746363,Keep 5-Year ILR and Restrict Access to Benefits for New ILR Holders,,South West Wiltshire,126
8885,746363,Keep 5-Year ILR and Restrict Access to Benefits for New ILR Holders,,Southampton Itchen,527
8886,746363,Keep 5-Year ILR and Restrict Access to Benefits for New ILR Holders,,Southampton Test,958
8887,746363,Keep 5-Year ILR and Restrict Access to Benefits for New ILR Holders,,Southend East and Rochford,416
8888,746363,Keep 5-Year ILR and Restrict Access to Benefits for New ILR Holders,,Southend West and Leigh,246
8889,746363,Keep 5-Year ILR and Restrict Access to Benefits for New ILR Holders,,Southgate and Wood Green,566
8890,746363,Keep 5-Year ILR and Restrict Access to Benefits for New ILR Holders,,Southport,154
8891,746363,Keep 5-Year ILR and Restrict Access to Benefits for New ILR Holders,,Spelthorne,446
8892,746363,Keep 5-Year ILR and Restrict Access to Benefits for New ILR Holders,,Spen Valley,88
8893,746363,Keep 5-Year ILR and Restrict Access to Benefits for New ILR Holders,,St Albans,180
8894,746363,Keep 5-Year ILR and Restrict Access to Benefits for New ILR Holders,,St Austell and Newquay,102
8895,746363,Keep 5-Year ILR and Restrict Access to Benefits for New ILR Holders,,St Helens North,129
8896,746363,Keep 5-Year ILR and Restrict Access to Benefits for New ILR Holders,,St Helens South and Whiston,184
8897,746363,Keep 5-Year ILR and Restrict Access to Benefits for New ILR Holders,,St Ives,53
8898,746363,Keep 5-Year ILR and Restrict Access to Benefits for New ILR Holders,,St Neots and Mid Cambridgeshire,272
8899,746363,Keep 5-Year ILR and Restrict Access to Benefits for New ILR Holders,,Stafford,195
8900,746363,Keep 5-Year ILR and Restrict Access to Benefits for New ILR Holders,,Staffordshire Moorlands,53
8901,746363,Keep 5-Year ILR and Restrict Access to Benefits for New ILR Holders,,Stalybridge and Hyde,177
8902,746363,Keep 5-Year ILR and Restrict Access to Benefits for New ILR Holders,,Stevenage,380
8903,746363,Keep 5-Year ILR and Restrict Access to Benefits for New ILR Holders,,Stockport,393
8904,746363,Keep 5-Year ILR and Restrict Access to Benefits for New ILR Holders,,Stockton North,275
8905,746363,Keep 5-Year ILR and Restrict Access to Benefits for New ILR Holders,,Stockton West,58
8906,746363,Keep 5-Year ILR and Restrict Access to Benefits for New ILR Holders,,Stoke-on-Trent Central,1019
8907,746363,Keep 5-Year ILR and Restrict Access to Benefits for New ILR Holders,,Stoke-on-Trent North,379
8908,746363,Keep 5-Year ILR and Restrict Access to Benefits for New ILR Holders,,Stoke-on-Trent South,223
8909,746363,Keep 5-Year ILR and Restrict Access to Benefits for New ILR Holders,,"Stone, Great Wyrley and Penkridge",43
8910,746363,Keep 5-Year ILR and Restrict Access to Benefits for New ILR Holders,,Stourbridge,246
8911,746363,Keep 5-Year ILR and Restrict Access to Benefits for New ILR Holders,,Stratford and Bow,1641
8912,746363,Keep 5-Year ILR and Restrict Access to Benefits for New ILR Holders,,Stratford-on-Avon,115
8913,746363,Keep 5-Year ILR and Restrict Access to Benefits for New ILR Holders,,Streatham and Croydon North,506
8914,746363,Keep 5-Year ILR and Restrict Access to Benefits for New ILR Holders,,Stretford and Urmston,318
8915,746363,Keep 5-Year ILR and Restrict Access to Benefits for New ILR Holders,,Stroud,77
8916,746363,Keep 5-Year ILR and Restrict Access to Benefits for New ILR Holders,,Suffolk Coastal,99
8917,746363,Keep 5-Year ILR and Restrict Access to Benefits for New ILR Holders,,Sunderland Central,492
8918,746363,Keep 5-Year ILR and Restrict Access to Benefits for New ILR Holders,,Surrey Heath,241
8919,746363,Keep 5-Year ILR and Restrict Access to Benefits for New ILR Holders,,Sussex Weald,94
8920,746363,Keep 5-Year ILR and Restrict Access to Benefits for New ILR Holders,,Sutton and Cheam,511
8921,746363,Keep 5-Year ILR and Restrict Access to Benefits for New ILR Holders,,Sutton Coldfield,117
8922,746363,Keep 5-Year ILR and Restrict Access to Benefits for New ILR Holders,,Swindon North,323
8923,746363,Keep 5-Year ILR and Restrict Access to Benefits for New ILR Holders,,Swindon South,623
8924,746363,Keep 5-Year ILR and Restrict Access to Benefits for New ILR Holders,,Tamworth,82
8925,746363,Keep 5-Year ILR and Restrict Access to Benefits for New ILR Holders,,Tatton,123
8926,746363,Keep 5-Year ILR and Restrict Access to Benefits for New ILR Holders,,Taunton and Wellington,487
8927,746363,Keep 5-Year ILR and Restrict Access to Benefits for New ILR Holders,,Telford,272
8928,746363,Keep 5-Year ILR and Restrict Access to Benefits for New ILR Holders,,Tewkesbury,185
8929,746363,Keep 5-Year ILR and Restrict Access to Benefits for New ILR Holders,,The Wrekin,204
8930,746363,Keep 5-Year ILR and Restrict Access to Benefits for New ILR Holders,,Thirsk and Malton,68
8931,746363,Keep 5-Year ILR and Restrict Access to Benefits for New ILR Holders,,Thornbury and Yate,119
8932,746363,Keep 5-Year ILR and Restrict Access to Benefits for New ILR Holders,,Thurrock,549
8933,746363,Keep 5-Year ILR and Restrict Access to Benefits for New ILR Holders,,Tipton and Wednesbury,641
8934,746363,Keep 5-Year ILR and Restrict Access to Benefits for New ILR Holders,,Tiverton and Minehead,75
8935,746363,Keep 5-Year ILR and Restrict Access to Benefits for New ILR Holders,,Tonbridge,154
8936,746363,Keep 5-Year ILR and Restrict Access to Benefits for New ILR Holders,,Tooting,319
8937,746363,Keep 5-Year ILR and Restrict Access to Benefits for New ILR Holders,,Torbay,411
8938,746363,Keep 5-Year ILR and Restrict Access to Benefits for New ILR Holders,,Torridge and Tavistock,81
8939,746363,Keep 5-Year ILR and Restrict Access to Benefits for New ILR Holders,,Tottenham,442
8940,746363,Keep 5-Year ILR and Restrict Access to Benefits for New ILR Holders,,Truro and Falmouth,144
8941,746363,Keep 5-Year ILR and Restrict Access to Benefits for New ILR Holders,,Tunbridge Wells,274
8942,746363,Keep 5-Year ILR and Restrict Access to Benefits for New ILR Holders,,Twickenham,229
8943,746363,Keep 5-Year ILR and Restrict Access to Benefits for New ILR Holders,,Tynemouth,76
8944,746363,Keep 5-Year ILR and Restrict Access to Benefits for New ILR Holders,,Uxbridge and South Ruislip,790
8945,746363,Keep 5-Year ILR and Restrict Access to Benefits for New ILR Holders,,Vauxhall and Camberwell Green,159
8946,746363,Keep 5-Year ILR and Restrict Access to Benefits for New ILR Holders,,Wakefield and Rothwell,322
8947,746363,Keep 5-Year ILR and Restrict Access to Benefits for New ILR Holders,,Wallasey,154
8948,746363,Keep 5-Year ILR and Restrict Access to Benefits for New ILR Holders,,Walsall and Bloxwich,1010
8949,746363,Keep 5-Year ILR and Restrict Access to Benefits for New ILR Holders,,Walthamstow,600
8950,746363,Keep 5-Year ILR and Restrict Access to Benefits for New ILR Holders,,Warrington North,174
8951,746363,Keep 5-Year ILR and Restrict Access to Benefits for New ILR Holders,,Warrington South,243
8952,746363,Keep 5-Year ILR and Restrict Access to Benefits for New ILR Holders,,Warwick and Leamington,389
8953,746363,Keep 5-Year ILR and Restrict Access to Benefits for New ILR Holders,,Washington and Gateshead South,111
8954,746363,Keep 5-Year ILR and Restrict Access to Benefits for New ILR Holders,,Watford,779
8955,746363,Keep 5-Year ILR and Restrict Access to Benefits for New ILR Holders,,Waveney Valley,62
8956,746363,Keep 5-Year ILR and Restrict Access to Benefits for New ILR Holders,,Weald of Kent,72
8957,746363,Keep 5-Year ILR and Restrict Access to Benefits for New ILR Holders,,Wellingborough and Rushden,403
8958,746363,Keep 5-Year ILR and Restrict Access to Benefits for New ILR Holders,,Wells and Mendip Hills,68
8959,746363,Keep 5-Year ILR and Restrict Access to Benefits for New ILR Holders,,Welwyn Hatfield,690
8960,746363,Keep 5-Year ILR and Restrict Access to Benefits for New ILR Holders,,West Bromwich,949
8961,746363,Keep 5-Year ILR and Restrict Access to Benefits for New ILR Holders,,West Dorset,106
8962,746363,Keep 5-Year ILR and Restrict Access to Benefits for New ILR Holders,,West Ham and Beckton,1439
8963,746363,Keep 5-Year ILR and Restrict Access to Benefits for New ILR Holders,,West Lancashire,50
8964,746363,Keep 5-Year ILR and Restrict Access to Benefits for New ILR Holders,,West Suffolk,225
8965,746363,Keep 5-Year ILR and Restrict Access to Benefits for New ILR Holders,,West Worcestershire,109
8966,746363,Keep 5-Year ILR and Restrict Access to Benefits for New ILR Holders,,Westmorland and Lonsdale,116
8967,746363,Keep 5-Year ILR and Restrict Access to Benefits for New ILR Holders,,Weston-super-Mare,348
8968,746363,Keep 5-Year ILR and Restrict Access to Benefits for New ILR Holders,,Wetherby and Easingwold,45
8969,746363,Keep 5-Year ILR and Restrict Access to Benefits for New ILR Holders,,Whitehaven and Workington,120
8970,746363,Keep 5-Year ILR and Restrict Access to Benefits for New ILR Holders,,Widnes and Halewood,89
8971,746363,Keep 5-Year ILR and Restrict Access to Benefits for New ILR Holders,,Wigan,198
8972,746363,Keep 5-Year ILR and Restrict Access to Benefits for New ILR Holders,,Wimbledon,280
8973,746363,Keep 5-Year ILR and Restrict Access to Benefits for New ILR Holders,,Winchester,104
8974,746363,Keep 5-Year ILR and Restrict Access to Benefits for New ILR Holders,,Windsor,350
8975,746363,Keep 5-Year ILR and Restrict Access to Benefits for New ILR Holders,,Wirral West,35
8976,746363,Keep 5-Year ILR and Restrict Access to Benefits for New ILR Holders,,Witham,108
8977,746363,Keep 5-Year ILR and Restrict Access to Benefits for New ILR Holders,,Witney,279
8978,746363,Keep 5-Year ILR and Restrict Access to Benefits for New ILR Holders,,Woking,410
8979,746363,Keep 5-Year ILR and Restrict Access to Benefits for New ILR Holders,,Wokingham,151
8980,746363,Keep 5-Year ILR and Restrict Access to Benefits for New ILR Holders,,Wolverhampton North East,568
8981,746363,Keep 5-Year ILR and Restrict Access to Benefits for New ILR Holders,,Wolverhampton South East,824
8982,746363,Keep 5-Year ILR and Restrict Access to Benefits for New ILR Holders,,Wolverhampton West,888
8983,746363,Keep 5-Year ILR and Restrict Access to Benefits for New ILR Holders,,Worcester,430
8984,746363,Keep 5-Year ILR and Restrict Access to Benefits for New ILR Holders,,Worsley and Eccles,259
8985,746363,Keep 5-Year ILR and Restrict Access to Benefits for New ILR Holders,,Worthing West,237
8986,746363,Keep 5-Year ILR and Restrict Access to Benefits for New ILR Holders,,Wycombe,524
8987,746363,Keep 5-Year ILR and Restrict Access to Benefits for New ILR Holders,,Wyre Forest,120
8988,746363,Keep 5-Year ILR and Restrict Access to Benefits for New ILR Holders,,Wythenshawe and Sale East,431
8989,746363,Keep 5-Year ILR and Restrict Access to Benefits for New ILR Holders,,Yeovil,291
8990,746363,Keep 5-Year ILR and Restrict Access to Benefits for New ILR Holders,,York Central,250
8991,746363,Keep 5-Year ILR and Restrict Access to Benefits for New ILR Holders,,York Outer,89
8992,746363,Keep 5-Year ILR and Restrict Access to Benefits for New ILR Holders,,Belfast East,322
8993,746363,Keep 5-Year ILR and Restrict Access to Benefits for New ILR Holders,,Belfast North,304
8994,746363,Keep 5-Year ILR and Restrict Access to Benefits for New ILR Holders,,Belfast South and Mid Down,530
8995,746363,Keep 5-Year ILR and Restrict Access to Benefits for New ILR Holders,,Belfast West,192
8996,746363,Keep 5-Year ILR and Restrict Access to Benefits for New ILR Holders,,East Antrim,75
8997,746363,Keep 5-Year ILR and Restrict Access to Benefits for New ILR Holders,,East Londonderry,76
8998,746363,Keep 5-Year ILR and Restrict Access to Benefits for New ILR Holders,,Fermanagh and South Tyrone,122
8999,746363,Keep 5-Year ILR and Restrict Access to Benefits for New ILR Holders,,Foyle,75
9000,746363,Keep 5-Year ILR and Restrict Access to Benefits for New ILR Holders,,Lagan Valley,68
9001,746363,Keep 5-Year ILR and Restrict Access to Benefits for New ILR Holders,,Mid Ulster,104
9002,746363,Keep 5-Year ILR and Restrict Access to Benefits for New ILR Holders,,Newry and Armagh,47
9003,746363,Keep 5-Year ILR and Restrict Access to Benefits for New ILR Holders,,North Antrim,87
9004,746363,Keep 5-Year ILR and Restrict Access to Benefits for New ILR Holders,,North Down,110
9005,746363,Keep 5-Year ILR and Restrict Access to Benefits for New ILR Holders,,South Antrim,173
9006,746363,Keep 5-Year ILR and Restrict Access to Benefits for New ILR Holders,,South Down,101
9007,746363,Keep 5-Year ILR and Restrict Access to Benefits for New ILR Holders,,Strangford,73
9008,746363,Keep 5-Year ILR and Restrict Access to Benefits for New ILR Holders,,Upper Bann,118
9009,746363,Keep 5-Year ILR and Restrict Access to Benefits for New ILR Holders,,West Tyrone,78
9010,746363,Keep 5-Year ILR and Restrict Access to Benefits for New ILR Holders,,East Renfrewshire,125
9011,746363,Keep 5-Year ILR and Restrict Access to Benefits for New ILR Holders,,Na h-Eileanan an Iar,5
9012,746363,Keep 5-Year ILR and Restrict Access to Benefits for New ILR Holders,,Midlothian,145
9013,746363,Keep 5-Year ILR and Restrict Access to Benefits for New ILR Holders,,North Ayrshire and Arran,48
9014,746363,Keep 5-Year ILR and Restrict Access to Benefits for New ILR Holders,,Orkney and Shetland,9
9015,746363,Keep 5-Year ILR and Restrict Access to Benefits for New ILR Holders,,Aberdeen North,319
9016,746363,Keep 5-Year ILR and Restrict Access to Benefits for New ILR Holders,,Aberdeen South,468
9017,746363,Keep 5-Year ILR and Restrict Access to Benefits for New ILR Holders,,Aberdeenshire North and Moray East,46
9018,746363,Keep 5-Year ILR and Restrict Access to Benefits for New ILR Holders,,Airdrie and Shotts,144
9019,746363,Keep 5-Year ILR and Restrict Access to Benefits for New ILR Holders,,Alloa and Grangemouth,135
9020,746363,Keep 5-Year ILR and Restrict Access to Benefits for New ILR Holders,,Angus and Perthshire Glens,75
9021,746363,Keep 5-Year ILR and Restrict Access to Benefits for New ILR Holders,,Arbroath and Broughty Ferry,68
9022,746363,Keep 5-Year ILR and Restrict Access to Benefits for New ILR Holders,,"Argyll, Bute and South Lochaber",87
9023,746363,Keep 5-Year ILR and Restrict Access to Benefits for New ILR Holders,,Bathgate and Linlithgow,148
9024,746363,Keep 5-Year ILR and Restrict Access to Benefits for New ILR Holders,,"Caithness, Sutherland and Easter Ross",43
9025,746363,Keep 5-Year ILR and Restrict Access to Benefits for New ILR Holders,,Coatbridge and Bellshill,110
9026,746363,Keep 5-Year ILR and Restrict Access to Benefits for New ILR Holders,,Cowdenbeath and Kirkcaldy,197
9027,746363,Keep 5-Year ILR and Restrict Access to Benefits for New ILR Holders,,Cumbernauld and Kirkintilloch,117
9028,746363,Keep 5-Year ILR and Restrict Access to Benefits for New ILR Holders,,Dumfries and Galloway,61
9029,746363,Keep 5-Year ILR and Restrict Access to Benefits for New ILR Holders,,"Dumfriesshire, Clydesdale and Tweeddale",59
9030,746363,Keep 5-Year ILR and Restrict Access to Benefits for New ILR Holders,,Dundee Central,492
9031,746363,Keep 5-Year ILR and Restrict Access to Benefits for New ILR Holders,,Dunfermline and Dollar,161
9032,746363,Keep 5-Year ILR and Restrict Access to Benefits for New ILR Holders,,East Kilbride and Strathaven,190
9033,746363,Keep 5-Year ILR and Restrict Access to Benefits for New ILR Holders,,Edinburgh East and Musselburgh,438
9034,746363,Keep 5-Year ILR and Restrict Access to Benefits for New ILR Holders,,Edinburgh North and Leith,587
9035,746363,Keep 5-Year ILR and Restrict Access to Benefits for New ILR Holders,,Edinburgh South,288
9036,746363,Keep 5-Year ILR and Restrict Access to Benefits for New ILR Holders,,Edinburgh South West,578
9037,746363,Keep 5-Year ILR and Restrict Access to Benefits for New ILR Holders,,Edinburgh West,339
9038,746363,Keep 5-Year ILR and Restrict Access to Benefits for New ILR Holders,,Falkirk,230
9039,746363,Keep 5-Year ILR and Restrict Access to Benefits for New ILR Holders,,Glasgow East,591
9040,746363,Keep 5-Year ILR and Restrict Access to Benefits for New ILR Holders,,Glasgow North,560
9041,746363,Keep 5-Year ILR and Restrict Access to Benefits for New ILR Holders,,Glasgow North East,489
9042,746363,Keep 5-Year ILR and Restrict Access to Benefits for New ILR Holders,,Glasgow South,372
9043,746363,Keep 5-Year ILR and Restrict Access to Benefits for New ILR Holders,,Glasgow South West,630
9044,746363,Keep 5-Year ILR and Restrict Access to Benefits for New ILR Holders,,Glasgow West,364
9045,746363,Keep 5-Year ILR and Restrict Access to Benefits for New ILR Holders,,Glenrothes and Mid Fife,145
9046,746363,Keep 5-Year ILR and Restrict Access to Benefits for New ILR Holders,,Gordon and Buchan,14
9047,746363,Keep 5-Year ILR and Restrict Access to Benefits for New ILR Holders,,Hamilton and Clyde Valley,211
9048,746363,Keep 5-Year ILR and Restrict Access to Benefits for New ILR Holders,,Inverclyde and Renfrewshire West,115
9049,746363,Keep 5-Year ILR and Restrict Access to Benefits for New ILR Holders,,"Inverness, Skye and West Ross-shire",203
9050,746363,Keep 5-Year ILR and Restrict Access to Benefits for New ILR Holders,,Livingston,332
9051,746363,Keep 5-Year ILR and Restrict Access to Benefits for New ILR Holders,,Lothian East,88
9052,746363,Keep 5-Year ILR and Restrict Access to Benefits for New ILR Holders,,Mid Dunbartonshire,69
9053,746363,Keep 5-Year ILR and Restrict Access to Benefits for New ILR Holders,,"Moray West, Nairn and Strathspey",59
9054,746363,Keep 5-Year ILR and Restrict Access to Benefits for New ILR Holders,,"Motherwell, Wishaw and Carluke",198
9055,746363,Keep 5-Year ILR and Restrict Access to Benefits for New ILR Holders,,North East Fife,34
9056,746363,Keep 5-Year ILR and Restrict Access to Benefits for New ILR Holders,,Paisley and Renfrewshire North,282
9057,746363,Keep 5-Year ILR and Restrict Access to Benefits for New ILR Holders,,Paisley and Renfrewshire South,269
9058,746363,Keep 5-Year ILR and Restrict Access to Benefits for New ILR Holders,,Perth and Kinross-shire,318
9059,746363,Keep 5-Year ILR and Restrict Access to Benefits for New ILR Holders,,Rutherglen,229
9060,746363,Keep 5-Year ILR and Restrict Access to Benefits for New ILR Holders,,Stirling and Strathallan,139
9061,746363,Keep 5-Year ILR and Restrict Access to Benefits for New ILR Holders,,West Dunbartonshire,122
9062,746363,Keep 5-Year ILR and Restrict Access to Benefits for New ILR Holders,,"Ayr, Carrick and Cumnock",96
9063,746363,Keep 5-Year ILR and Restrict Access to Benefits for New ILR Holders,,"Berwickshire, Roxburgh and Selkirk",86
9064,746363,Keep 5-Year ILR and Restrict Access to Benefits for New ILR Holders,,Central Ayrshire,38
9065,746363,Keep 5-Year ILR and Restrict Access to Benefits for New ILR Holders,,Kilmarnock and Loudoun,59
9066,746363,Keep 5-Year ILR and Restrict Access to Benefits for New ILR Holders,,West Aberdeenshire and Kincardine,36
9067,746363,Keep 5-Year ILR and Restrict Access to Benefits for New ILR Holders,,Aberafan Maesteg,63
9068,746363,Keep 5-Year ILR and Restrict Access to Benefits for New ILR Holders,,Alyn and Deeside,128
9069,746363,Keep 5-Year ILR and Restrict Access to Benefits for New ILR Holders,,Bangor Aberconwy,263
9070,746363,Keep 5-Year ILR and Restrict Access to Benefits for New ILR Holders,,Blaenau Gwent and Rhymney,94
9071,746363,Keep 5-Year ILR and Restrict Access to Benefits for New ILR Holders,,"Brecon, Radnor and Cwm Tawe",82
9072,746363,Keep 5-Year ILR and Restrict Access to Benefits for New ILR Holders,,Bridgend,68
9073,746363,Keep 5-Year ILR and Restrict Access to Benefits for New ILR Holders,,Caerfyrddin,102
9074,746363,Keep 5-Year ILR and Restrict Access to Benefits for New ILR Holders,,Caerphilly,73
9075,746363,Keep 5-Year ILR and Restrict Access to Benefits for New ILR Holders,,Cardiff East,660
9076,746363,Keep 5-Year ILR and Restrict Access to Benefits for New ILR Holders,,Cardiff North,212
9077,746363,Keep 5-Year ILR and Restrict Access to Benefits for New ILR Holders,,Cardiff South and Penarth,622
9078,746363,Keep 5-Year ILR and Restrict Access to Benefits for New ILR Holders,,Cardiff West,400
9079,746363,Keep 5-Year ILR and Restrict Access to Benefits for New ILR Holders,,Ceredigion Preseli,69
9080,746363,Keep 5-Year ILR and Restrict Access to Benefits for New ILR Holders,,Clwyd East,52
9081,746363,Keep 5-Year ILR and Restrict Access to Benefits for New ILR Holders,,Clwyd North,181
9082,746363,Keep 5-Year ILR and Restrict Access to Benefits for New ILR Holders,,Dwyfor Meirionnydd,59
9083,746363,Keep 5-Year ILR and Restrict Access to Benefits for New ILR Holders,,Gower,109
9084,746363,Keep 5-Year ILR and Restrict Access to Benefits for New ILR Holders,,Llanelli,73
9085,746363,Keep 5-Year ILR and Restrict Access to Benefits for New ILR Holders,,Merthyr Tydfil and Aberdare,98
9086,746363,Keep 5-Year ILR and Restrict Access to Benefits for New ILR Holders,,Mid and South Pembrokeshire,159
9087,746363,Keep 5-Year ILR and Restrict Access to Benefits for New ILR Holders,,Monmouthshire,76
9088,746363,Keep 5-Year ILR and Restrict Access to Benefits for New ILR Holders,,Montgomeryshire and Glyndŵr,82
9089,746363,Keep 5-Year ILR and Restrict Access to Benefits for New ILR Holders,,Neath and Swansea East,151
9090,746363,Keep 5-Year ILR and Restrict Access to Benefits for New ILR Holders,,Newport East,649
9091,746363,Keep 5-Year ILR and Restrict Access to Benefits for New ILR Holders,,Newport West and Islwyn,138
9092,746363,Keep 5-Year ILR and Restrict Access to Benefits for New ILR Holders,,Pontypridd,209
9093,746363,Keep 5-Year ILR and Restrict Access to Benefits for New ILR Holders,,Rhondda and Ogmore,96
9094,746363,Keep 5-Year ILR and Restrict Access to Benefits for New ILR Holders,,Swansea West,625
9095,746363,Keep 5-Year ILR and Restrict Access to Benefits for New ILR Holders,,Torfaen,83
9096,746363,Keep 5-Year ILR and Restrict Access to Benefits for New ILR Holders,,Vale of Glamorgan,93
9097,746363,Keep 5-Year ILR and Restrict Access to Benefits for New ILR Holders,,Wrexham,278
9098,746363,Keep 5-Year ILR and Restrict Access to Benefits for New ILR Holders,,Ynys Môn,29
9099,744215,Call a public inquiry into Russian influence on UK politics & democracy,,Aldershot,185
9100,744215,Call a public inquiry into Russian influence on UK politics & democracy,,Aldridge-Brownhills,74
9101,744215,Call a public inquiry into Russian influence on UK politics & democracy,,Altrincham and Sale West,203
9102,744215,Call a public inquiry into Russian influence on UK politics & democracy,,Amber Valley,161
9103,744215,Call a public inquiry into Russian influence on UK politics & democracy,,Arundel and South Downs,204
9104,744215,Call a public inquiry into Russian influence on UK politics & democracy,,Ashfield,102
9105,744215,Call a public inquiry into Russian influence on UK politics & democracy,,Ashford,141
9106,744215,Call a public inquiry into Russian influence on UK politics & democracy,,Ashton-under-Lyne,104
9107,744215,Call a public inquiry into Russian influence on UK politics & democracy,,Aylesbury,192
9108,744215,Call a public inquiry into Russian influence on UK politics & democracy,,Banbury,194
9109,744215,Call a public inquiry into Russian influence on UK politics & democracy,,Barking,34
9110,744215,Call a public inquiry into Russian influence on UK politics & democracy,,Barnsley North,126
9111,744215,Call a public inquiry into Russian influence on UK politics & democracy,,Barnsley South,91
9112,744215,Call a public inquiry into Russian influence on UK politics & democracy,,Barrow and Furness,175
9113,744215,Call a public inquiry into Russian influence on UK politics & democracy,,Basildon and Billericay,98
9114,744215,Call a public inquiry into Russian influence on UK politics & democracy,,Basingstoke,164
9115,744215,Call a public inquiry into Russian influence on UK politics & democracy,,Bassetlaw,128
9116,744215,Call a public inquiry into Russian influence on UK politics & democracy,,Bath,323
9117,744215,Call a public inquiry into Russian influence on UK politics & democracy,,Battersea,145
9118,744215,Call a public inquiry into Russian influence on UK politics & democracy,,Beaconsfield,154
9119,744215,Call a public inquiry into Russian influence on UK politics & democracy,,Beckenham and Penge,251
9120,744215,Call a public inquiry into Russian influence on UK politics & democracy,,Bedford,134
9121,744215,Call a public inquiry into Russian influence on UK politics & democracy,,Bermondsey and Old Southwark,173
9122,744215,Call a public inquiry into Russian influence on UK politics & democracy,,Bethnal Green and Stepney,137
9123,744215,Call a public inquiry into Russian influence on UK politics & democracy,,Beverley and Holderness,181
9124,744215,Call a public inquiry into Russian influence on UK politics & democracy,,Bexhill and Battle,180
9125,744215,Call a public inquiry into Russian influence on UK politics & democracy,,Bexleyheath and Crayford,93
9126,744215,Call a public inquiry into Russian influence on UK politics & democracy,,Bicester and Woodstock,204
9127,744215,Call a public inquiry into Russian influence on UK politics & democracy,,Birkenhead,157
9128,744215,Call a public inquiry into Russian influence on UK politics & democracy,,Birmingham Edgbaston,112
9129,744215,Call a public inquiry into Russian influence on UK politics & democracy,,Birmingham Erdington,89
9130,744215,Call a public inquiry into Russian influence on UK politics & democracy,,Birmingham Hall Green and Moseley,146
9131,744215,Call a public inquiry into Russian influence on UK politics & democracy,,Birmingham Hodge Hill and Solihull North,38
9132,744215,Call a public inquiry into Russian influence on UK politics & democracy,,Birmingham Ladywood,57
9133,744215,Call a public inquiry into Russian influence on UK politics & democracy,,Birmingham Northfield,128
9134,744215,Call a public inquiry into Russian influence on UK politics & democracy,,Birmingham Perry Barr,37
9135,744215,Call a public inquiry into Russian influence on UK politics & democracy,,Birmingham Selly Oak,158
9136,744215,Call a public inquiry into Russian influence on UK politics & democracy,,Birmingham Yardley,47
9137,744215,Call a public inquiry into Russian influence on UK politics & democracy,,Bishop Auckland,157
9138,744215,Call a public inquiry into Russian influence on UK politics & democracy,,Blackburn,56
9139,744215,Call a public inquiry into Russian influence on UK politics & democracy,,Blackley and Middleton South,91
9140,744215,Call a public inquiry into Russian influence on UK politics & democracy,,Blackpool North and Fleetwood,142
9141,744215,Call a public inquiry into Russian influence on UK politics & democracy,,Blackpool South,128
9142,744215,Call a public inquiry into Russian influence on UK politics & democracy,,Blaydon and Consett,189
9143,744215,Call a public inquiry into Russian influence on UK politics & democracy,,Blyth and Ashington,144
9144,744215,Call a public inquiry into Russian influence on UK politics & democracy,,Bognor Regis and Littlehampton,163
9145,744215,Call a public inquiry into Russian influence on UK politics & democracy,,Bolsover,138
9146,744215,Call a public inquiry into Russian influence on UK politics & democracy,,Bolton North East,116
9147,744215,Call a public inquiry into Russian influence on UK politics & democracy,,Bolton South and Walkden,75
9148,744215,Call a public inquiry into Russian influence on UK politics & democracy,,Bolton West,133
9149,744215,Call a public inquiry into Russian influence on UK politics & democracy,,Bootle,158
9150,744215,Call a public inquiry into Russian influence on UK politics & democracy,,Boston and Skegness,120
9151,744215,Call a public inquiry into Russian influence on UK politics & democracy,,Bournemouth East,175
9152,744215,Call a public inquiry into Russian influence on UK politics & democracy,,Bournemouth West,163
9153,744215,Call a public inquiry into Russian influence on UK politics & democracy,,Bracknell,170
9154,744215,Call a public inquiry into Russian influence on UK politics & democracy,,Bradford East,65
9155,744215,Call a public inquiry into Russian influence on UK politics & democracy,,Bradford South,80
9156,744215,Call a public inquiry into Russian influence on UK politics & democracy,,Bradford West,58
9157,744215,Call a public inquiry into Russian influence on UK politics & democracy,,Braintree,147
9158,744215,Call a public inquiry into Russian influence on UK politics & democracy,,Brent East,86
9159,744215,Call a public inquiry into Russian influence on UK politics & democracy,,Brent West,49
9160,744215,Call a public inquiry into Russian influence on UK politics & democracy,,Brentford and Isleworth,132
9161,744215,Call a public inquiry into Russian influence on UK politics & democracy,,Brentwood and Ongar,112
9162,744215,Call a public inquiry into Russian influence on UK politics & democracy,,Bridgwater,114
9163,744215,Call a public inquiry into Russian influence on UK politics & democracy,,Bridlington and The Wolds,145
9164,744215,Call a public inquiry into Russian influence on UK politics & democracy,,Brigg and Immingham,124
9165,744215,Call a public inquiry into Russian influence on UK politics & democracy,,Brighton Kemptown and Peacehaven,277
9166,744215,Call a public inquiry into Russian influence on UK politics & democracy,,Brighton Pavilion,398
9167,744215,Call a public inquiry into Russian influence on UK politics & democracy,,Bristol Central,218
9168,744215,Call a public inquiry into Russian influence on UK politics & democracy,,Bristol East,258
9169,744215,Call a public inquiry into Russian influence on UK politics & democracy,,Bristol North East,196
9170,744215,Call a public inquiry into Russian influence on UK politics & democracy,,Bristol North West,213
9171,744215,Call a public inquiry into Russian influence on UK politics & democracy,,Bristol South,177
9172,744215,Call a public inquiry into Russian influence on UK politics & democracy,,Broadland and Fakenham,172
9173,744215,Call a public inquiry into Russian influence on UK politics & democracy,,Bromley and Biggin Hill,163
9174,744215,Call a public inquiry into Russian influence on UK politics & democracy,,Bromsgrove,168
9175,744215,Call a public inquiry into Russian influence on UK politics & democracy,,Broxbourne,92
9176,744215,Call a public inquiry into Russian influence on UK politics & democracy,,Broxtowe,218
9177,744215,Call a public inquiry into Russian influence on UK politics & democracy,,Buckingham and Bletchley,163
9178,744215,Call a public inquiry into Russian influence on UK politics & democracy,,Burnley,98
9179,744215,Call a public inquiry into Russian influence on UK politics & democracy,,Burton and Uttoxeter,123
9180,744215,Call a public inquiry into Russian influence on UK politics & democracy,,Bury North,145
9181,744215,Call a public inquiry into Russian influence on UK politics & democracy,,Bury South,174
9182,744215,Call a public inquiry into Russian influence on UK politics & democracy,,Bury St Edmunds and Stowmarket,169
9183,744215,Call a public inquiry into Russian influence on UK politics & democracy,,Calder Valley,242
9184,744215,Call a public inquiry into Russian influence on UK politics & democracy,,Camborne and Redruth,192
9185,744215,Call a public inquiry into Russian influence on UK politics & democracy,,Cambridge,316
9186,744215,Call a public inquiry into Russian influence on UK politics & democracy,,Cannock Chase,102
9187,744215,Call a public inquiry into Russian influence on UK politics & democracy,,Canterbury,262
9188,744215,Call a public inquiry into Russian influence on UK politics & democracy,,Carlisle,165
9189,744215,Call a public inquiry into Russian influence on UK politics & democracy,,Carshalton and Wallington,141
9190,744215,Call a public inquiry into Russian influence on UK politics & democracy,,Castle Point,81
9191,744215,Call a public inquiry into Russian influence on UK politics & democracy,,Central Devon,260
9192,744215,Call a public inquiry into Russian influence on UK politics & democracy,,Central Suffolk and North Ipswich,133
9193,744215,Call a public inquiry into Russian influence on UK politics & democracy,,Chatham and Aylesford,120
9194,744215,Call a public inquiry into Russian influence on UK politics & democracy,,Cheadle,211
9195,744215,Call a public inquiry into Russian influence on UK politics & democracy,,Chelmsford,153
9196,744215,Call a public inquiry into Russian influence on UK politics & democracy,,Chelsea and Fulham,118
9197,744215,Call a public inquiry into Russian influence on UK politics & democracy,,Cheltenham,264
9198,744215,Call a public inquiry into Russian influence on UK politics & democracy,,Chesham and Amersham,183
9199,744215,Call a public inquiry into Russian influence on UK politics & democracy,,Chester North and Neston,222
9200,744215,Call a public inquiry into Russian influence on UK politics & democracy,,Chester South and Eddisbury,203
9201,744215,Call a public inquiry into Russian influence on UK politics & democracy,,Chesterfield,161
9202,744215,Call a public inquiry into Russian influence on UK politics & democracy,,Chichester,193
9203,744215,Call a public inquiry into Russian influence on UK politics & democracy,,Chingford and Woodford Green,119
9204,744215,Call a public inquiry into Russian influence on UK politics & democracy,,Chippenham,192
9205,744215,Call a public inquiry into Russian influence on UK politics & democracy,,Chipping Barnet,167
9206,744215,Call a public inquiry into Russian influence on UK politics & democracy,,Chorley,175
9207,744215,Call a public inquiry into Russian influence on UK politics & democracy,,Christchurch,134
9208,744215,Call a public inquiry into Russian influence on UK politics & democracy,,Cities of London and Westminster,160
9209,744215,Call a public inquiry into Russian influence on UK politics & democracy,,City of Durham,229
9210,744215,Call a public inquiry into Russian influence on UK politics & democracy,,Clacton,119
9211,744215,Call a public inquiry into Russian influence on UK politics & democracy,,Clapham and Brixton Hill,174
9212,744215,Call a public inquiry into Russian influence on UK politics & democracy,,Colchester,189
9213,744215,Call a public inquiry into Russian influence on UK politics & democracy,,Colne Valley,210
9214,744215,Call a public inquiry into Russian influence on UK politics & democracy,,Congleton,197
9215,744215,Call a public inquiry into Russian influence on UK politics & democracy,,Corby and East Northamptonshire,172
9216,744215,Call a public inquiry into Russian influence on UK politics & democracy,,Coventry East,58
9217,744215,Call a public inquiry into Russian influence on UK politics & democracy,,Coventry North West,138
9218,744215,Call a public inquiry into Russian influence on UK politics & democracy,,Coventry South,127
9219,744215,Call a public inquiry into Russian influence on UK politics & democracy,,Cramlington and Killingworth,155
9220,744215,Call a public inquiry into Russian influence on UK politics & democracy,,Crawley,136
9221,744215,Call a public inquiry into Russian influence on UK politics & democracy,,Crewe and Nantwich,180
9222,744215,Call a public inquiry into Russian influence on UK politics & democracy,,Croydon East,121
9223,744215,Call a public inquiry into Russian influence on UK politics & democracy,,Croydon South,156
9224,744215,Call a public inquiry into Russian influence on UK politics & democracy,,Croydon West,93
9225,744215,Call a public inquiry into Russian influence on UK politics & democracy,,Dagenham and Rainham,53
9226,744215,Call a public inquiry into Russian influence on UK politics & democracy,,Darlington,155
9227,744215,Call a public inquiry into Russian influence on UK politics & democracy,,Dartford,105
9228,744215,Call a public inquiry into Russian influence on UK politics & democracy,,Daventry,198
9229,744215,Call a public inquiry into Russian influence on UK politics & democracy,,Derby North,143
9230,744215,Call a public inquiry into Russian influence on UK politics & democracy,,Derby South,81
9231,744215,Call a public inquiry into Russian influence on UK politics & democracy,,Derbyshire Dales,212
9232,744215,Call a public inquiry into Russian influence on UK politics & democracy,,Dewsbury and Batley,62
9233,744215,Call a public inquiry into Russian influence on UK politics & democracy,,Didcot and Wantage,244
9234,744215,Call a public inquiry into Russian influence on UK politics & democracy,,Doncaster Central,123
9235,744215,Call a public inquiry into Russian influence on UK politics & democracy,,Doncaster East and the Isle of Axholme,103
9236,744215,Call a public inquiry into Russian influence on UK politics & democracy,,Doncaster North,124
9237,744215,Call a public inquiry into Russian influence on UK politics & democracy,,Dorking and Horley,199
9238,744215,Call a public inquiry into Russian influence on UK politics & democracy,,Dover and Deal,192
9239,744215,Call a public inquiry into Russian influence on UK politics & democracy,,Droitwich and Evesham,190
9240,744215,Call a public inquiry into Russian influence on UK politics & democracy,,Dudley,67
9241,744215,Call a public inquiry into Russian influence on UK politics & democracy,,Dulwich and West Norwood,199
9242,744215,Call a public inquiry into Russian influence on UK politics & democracy,,Dunstable and Leighton Buzzard,170
9243,744215,Call a public inquiry into Russian influence on UK politics & democracy,,Ealing Central and Acton,191
9244,744215,Call a public inquiry into Russian influence on UK politics & democracy,,Ealing North,84
9245,744215,Call a public inquiry into Russian influence on UK politics & democracy,,Ealing Southall,120
9246,744215,Call a public inquiry into Russian influence on UK politics & democracy,,Earley and Woodley,141
9247,744215,Call a public inquiry into Russian influence on UK politics & democracy,,Easington,96
9248,744215,Call a public inquiry into Russian influence on UK politics & democracy,,East Grinstead and Uckfield,210
9249,744215,Call a public inquiry into Russian influence on UK politics & democracy,,East Ham,55
9250,744215,Call a public inquiry into Russian influence on UK politics & democracy,,East Hampshire,212
9251,744215,Call a public inquiry into Russian influence on UK politics & democracy,,East Surrey,158
9252,744215,Call a public inquiry into Russian influence on UK politics & democracy,,East Thanet,219
9253,744215,Call a public inquiry into Russian influence on UK politics & democracy,,East Wiltshire,176
9254,744215,Call a public inquiry into Russian influence on UK politics & democracy,,East Worthing and Shoreham,221
9255,744215,Call a public inquiry into Russian influence on UK politics & democracy,,Eastbourne,178
9256,744215,Call a public inquiry into Russian influence on UK politics & democracy,,Eastleigh,177
9257,744215,Call a public inquiry into Russian influence on UK politics & democracy,,Edmonton and Winchmore Hill,67
9258,744215,Call a public inquiry into Russian influence on UK politics & democracy,,Ellesmere Port and Bromborough,126
9259,744215,Call a public inquiry into Russian influence on UK politics & democracy,,Eltham and Chislehurst,175
9260,744215,Call a public inquiry into Russian influence on UK politics & democracy,,Ely and East Cambridgeshire,257
9261,744215,Call a public inquiry into Russian influence on UK politics & democracy,,Enfield North,84
9262,744215,Call a public inquiry into Russian influence on UK politics & democracy,,Epping Forest,120
9263,744215,Call a public inquiry into Russian influence on UK politics & democracy,,Epsom and Ewell,193
9264,744215,Call a public inquiry into Russian influence on UK politics & democracy,,Erewash,136
9265,744215,Call a public inquiry into Russian influence on UK politics & democracy,,Erith and Thamesmead,102
9266,744215,Call a public inquiry into Russian influence on UK politics & democracy,,Esher and Walton,237
9267,744215,Call a public inquiry into Russian influence on UK politics & democracy,,Exeter,271
9268,744215,Call a public inquiry into Russian influence on UK politics & democracy,,Exmouth and Exeter East,209
9269,744215,Call a public inquiry into Russian influence on UK politics & democracy,,Fareham and Waterlooville,143
9270,744215,Call a public inquiry into Russian influence on UK politics & democracy,,Farnham and Bordon,236
9271,744215,Call a public inquiry into Russian influence on UK politics & democracy,,Faversham and Mid Kent,223
9272,744215,Call a public inquiry into Russian influence on UK politics & democracy,,Feltham and Heston,55
9273,744215,Call a public inquiry into Russian influence on UK politics & democracy,,Filton and Bradley Stoke,192
9274,744215,Call a public inquiry into Russian influence on UK politics & democracy,,Finchley and Golders Green,134
9275,744215,Call a public inquiry into Russian influence on UK politics & democracy,,Folkestone and Hythe,174
9276,744215,Call a public inquiry into Russian influence on UK politics & democracy,,Forest of Dean,202
9277,744215,Call a public inquiry into Russian influence on UK politics & democracy,,Frome and East Somerset,227
9278,744215,Call a public inquiry into Russian influence on UK politics & democracy,,Fylde,199
9279,744215,Call a public inquiry into Russian influence on UK politics & democracy,,Gainsborough,190
9280,744215,Call a public inquiry into Russian influence on UK politics & democracy,,Gateshead Central and Whickham,167
9281,744215,Call a public inquiry into Russian influence on UK politics & democracy,,Gedling,195
9282,744215,Call a public inquiry into Russian influence on UK politics & democracy,,Gillingham and Rainham,109
9283,744215,Call a public inquiry into Russian influence on UK politics & democracy,,Glastonbury and Somerton,169
9284,744215,Call a public inquiry into Russian influence on UK politics & democracy,,Gloucester,165
9285,744215,Call a public inquiry into Russian influence on UK politics & democracy,,Godalming and Ash,165
9286,744215,Call a public inquiry into Russian influence on UK politics & democracy,,Goole and Pocklington,189
9287,744215,Call a public inquiry into Russian influence on UK politics & democracy,,Gorton and Denton,115
9288,744215,Call a public inquiry into Russian influence on UK politics & democracy,,Gosport,154
9289,744215,Call a public inquiry into Russian influence on UK politics & democracy,,Grantham and Bourne,178
9290,744215,Call a public inquiry into Russian influence on UK politics & democracy,,Gravesham,94
9291,744215,Call a public inquiry into Russian influence on UK politics & democracy,,Great Grimsby and Cleethorpes,100
9292,744215,Call a public inquiry into Russian influence on UK politics & democracy,,Great Yarmouth,104
9293,744215,Call a public inquiry into Russian influence on UK politics & democracy,,Greenwich and Woolwich,195
9294,744215,Call a public inquiry into Russian influence on UK politics & democracy,,Guildford,173
9295,744215,Call a public inquiry into Russian influence on UK politics & democracy,,Hackney North and Stoke Newington,149
9296,744215,Call a public inquiry into Russian influence on UK politics & democracy,,Hackney South and Shoreditch,145
9297,744215,Call a public inquiry into Russian influence on UK politics & democracy,,Halesowen,64
9298,744215,Call a public inquiry into Russian influence on UK politics & democracy,,Halifax,124
9299,744215,Call a public inquiry into Russian influence on UK politics & democracy,,Hamble Valley,193
9300,744215,Call a public inquiry into Russian influence on UK politics & democracy,,Hammersmith and Chiswick,197
9301,744215,Call a public inquiry into Russian influence on UK politics & democracy,,Hampstead and Highgate,199
9302,744215,Call a public inquiry into Russian influence on UK politics & democracy,,"Harborough, Oadby and Wigston",163
9303,744215,Call a public inquiry into Russian influence on UK politics & democracy,,Harlow,112
9304,744215,Call a public inquiry into Russian influence on UK politics & democracy,,Harpenden and Berkhamsted,213
9305,744215,Call a public inquiry into Russian influence on UK politics & democracy,,Harrogate and Knaresborough,226
9306,744215,Call a public inquiry into Russian influence on UK politics & democracy,,Harrow East,34
9307,744215,Call a public inquiry into Russian influence on UK politics & democracy,,Harrow West,82
9308,744215,Call a public inquiry into Russian influence on UK politics & democracy,,Hartlepool,109
9309,744215,Call a public inquiry into Russian influence on UK politics & democracy,,Harwich and North Essex,190
9310,744215,Call a public inquiry into Russian influence on UK politics & democracy,,Hastings and Rye,294
9311,744215,Call a public inquiry into Russian influence on UK politics & democracy,,Havant,122
9312,744215,Call a public inquiry into Russian influence on UK politics & democracy,,Hayes and Harlington,46
9313,744215,Call a public inquiry into Russian influence on UK politics & democracy,,Hazel Grove,179
9314,744215,Call a public inquiry into Russian influence on UK politics & democracy,,Hemel Hempstead,139
9315,744215,Call a public inquiry into Russian influence on UK politics & democracy,,Hendon,77
9316,744215,Call a public inquiry into Russian influence on UK politics & democracy,,Henley and Thame,191
9317,744215,Call a public inquiry into Russian influence on UK politics & democracy,,Hereford and South Herefordshire,181
9318,744215,Call a public inquiry into Russian influence on UK politics & democracy,,Herne Bay and Sandwich,181
9319,744215,Call a public inquiry into Russian influence on UK politics & democracy,,Hertford and Stortford,248
9320,744215,Call a public inquiry into Russian influence on UK politics & democracy,,Hertsmere,97
9321,744215,Call a public inquiry into Russian influence on UK politics & democracy,,Hexham,243
9322,744215,Call a public inquiry into Russian influence on UK politics & democracy,,Heywood and Middleton North,91
9323,744215,Call a public inquiry into Russian influence on UK politics & democracy,,High Peak,272
9324,744215,Call a public inquiry into Russian influence on UK politics & democracy,,Hinckley and Bosworth,134
9325,744215,Call a public inquiry into Russian influence on UK politics & democracy,,Hitchin,215
9326,744215,Call a public inquiry into Russian influence on UK politics & democracy,,Holborn and St Pancras,166
9327,744215,Call a public inquiry into Russian influence on UK politics & democracy,,Honiton and Sidmouth,208
9328,744215,Call a public inquiry into Russian influence on UK politics & democracy,,Hornchurch and Upminster,97
9329,744215,Call a public inquiry into Russian influence on UK politics & democracy,,Hornsey and Friern Barnet,251
9330,744215,Call a public inquiry into Russian influence on UK politics & democracy,,Horsham,208
9331,744215,Call a public inquiry into Russian influence on UK politics & democracy,,Houghton and Sunderland South,137
9332,744215,Call a public inquiry into Russian influence on UK politics & democracy,,Hove and Portslade,344
9333,744215,Call a public inquiry into Russian influence on UK politics & democracy,,Huddersfield,123
9334,744215,Call a public inquiry into Russian influence on UK politics & democracy,,Huntingdon,196
9335,744215,Call a public inquiry into Russian influence on UK politics & democracy,,Hyndburn,100
9336,744215,Call a public inquiry into Russian influence on UK politics & democracy,,Ilford North,48
9337,744215,Call a public inquiry into Russian influence on UK politics & democracy,,Ilford South,47
9338,744215,Call a public inquiry into Russian influence on UK politics & democracy,,Ipswich,175
9339,744215,Call a public inquiry into Russian influence on UK politics & democracy,,Isle of Wight East,128
9340,744215,Call a public inquiry into Russian influence on UK politics & democracy,,Isle of Wight West,127
9341,744215,Call a public inquiry into Russian influence on UK politics & democracy,,Islington North,244
9342,744215,Call a public inquiry into Russian influence on UK politics & democracy,,Islington South and Finsbury,183
9343,744215,Call a public inquiry into Russian influence on UK politics & democracy,,Jarrow and Gateshead East,131
9344,744215,Call a public inquiry into Russian influence on UK politics & democracy,,Keighley and Ilkley,209
9345,744215,Call a public inquiry into Russian influence on UK politics & democracy,,Kenilworth and Southam,210
9346,744215,Call a public inquiry into Russian influence on UK politics & democracy,,Kensington and Bayswater,159
9347,744215,Call a public inquiry into Russian influence on UK politics & democracy,,Kettering,115
9348,744215,Call a public inquiry into Russian influence on UK politics & democracy,,Kingston and Surbiton,256
9349,744215,Call a public inquiry into Russian influence on UK politics & democracy,,Kingston upon Hull East,104
9350,744215,Call a public inquiry into Russian influence on UK politics & democracy,,Kingston upon Hull North and Cottingham,173
9351,744215,Call a public inquiry into Russian influence on UK politics & democracy,,Kingston upon Hull West and Haltemprice,116
9352,744215,Call a public inquiry into Russian influence on UK politics & democracy,,Kingswinford and South Staffordshire,98
9353,744215,Call a public inquiry into Russian influence on UK politics & democracy,,Knowsley,127
9354,744215,Call a public inquiry into Russian influence on UK politics & democracy,,Lancaster and Wyre,186
9355,744215,Call a public inquiry into Russian influence on UK politics & democracy,,Leeds Central and Headingley,154
9356,744215,Call a public inquiry into Russian influence on UK politics & democracy,,Leeds East,127
9357,744215,Call a public inquiry into Russian influence on UK politics & democracy,,Leeds North East,218
9358,744215,Call a public inquiry into Russian influence on UK politics & democracy,,Leeds North West,214
9359,744215,Call a public inquiry into Russian influence on UK politics & democracy,,Leeds South,95
9360,744215,Call a public inquiry into Russian influence on UK politics & democracy,,Leeds South West and Morley,159
9361,744215,Call a public inquiry into Russian influence on UK politics & democracy,,Leeds West and Pudsey,167
9362,744215,Call a public inquiry into Russian influence on UK politics & democracy,,Leicester East,27
9363,744215,Call a public inquiry into Russian influence on UK politics & democracy,,Leicester South,122
9364,744215,Call a public inquiry into Russian influence on UK politics & democracy,,Leicester West,117
9365,744215,Call a public inquiry into Russian influence on UK politics & democracy,,Leigh and Atherton,132
9366,744215,Call a public inquiry into Russian influence on UK politics & democracy,,Lewes,264
9367,744215,Call a public inquiry into Russian influence on UK politics & democracy,,Lewisham East,148
9368,744215,Call a public inquiry into Russian influence on UK politics & democracy,,Lewisham North,194
9369,744215,Call a public inquiry into Russian influence on UK politics & democracy,,Lewisham West and East Dulwich,238
9370,744215,Call a public inquiry into Russian influence on UK politics & democracy,,Leyton and Wanstead,181
9371,744215,Call a public inquiry into Russian influence on UK politics & democracy,,Lichfield,159
9372,744215,Call a public inquiry into Russian influence on UK politics & democracy,,Lincoln,218
9373,744215,Call a public inquiry into Russian influence on UK politics & democracy,,Liverpool Garston,212
9374,744215,Call a public inquiry into Russian influence on UK politics & democracy,,Liverpool Riverside,150
9375,744215,Call a public inquiry into Russian influence on UK politics & democracy,,Liverpool Walton,123
9376,744215,Call a public inquiry into Russian influence on UK politics & democracy,,Liverpool Wavertree,250
9377,744215,Call a public inquiry into Russian influence on UK politics & democracy,,Liverpool West Derby,148
9378,744215,Call a public inquiry into Russian influence on UK politics & democracy,,Loughborough,146
9379,744215,Call a public inquiry into Russian influence on UK politics & democracy,,Louth and Horncastle,150
9380,744215,Call a public inquiry into Russian influence on UK politics & democracy,,Lowestoft,126
9381,744215,Call a public inquiry into Russian influence on UK politics & democracy,,Luton North,62
9382,744215,Call a public inquiry into Russian influence on UK politics & democracy,,Luton South and South Bedfordshire,81
9383,744215,Call a public inquiry into Russian influence on UK politics & democracy,,Macclesfield,213
9384,744215,Call a public inquiry into Russian influence on UK politics & democracy,,Maidenhead,191
9385,744215,Call a public inquiry into Russian influence on UK politics & democracy,,Maidstone and Malling,172
9386,744215,Call a public inquiry into Russian influence on UK politics & democracy,,Makerfield,137
9387,744215,Call a public inquiry into Russian influence on UK politics & democracy,,Maldon,124
9388,744215,Call a public inquiry into Russian influence on UK politics & democracy,,Manchester Central,141
9389,744215,Call a public inquiry into Russian influence on UK politics & democracy,,Manchester Rusholme,114
9390,744215,Call a public inquiry into Russian influence on UK politics & democracy,,Manchester Withington,254
9391,744215,Call a public inquiry into Russian influence on UK politics & democracy,,Mansfield,118
9392,744215,Call a public inquiry into Russian influence on UK politics & democracy,,Melksham and Devizes,219
9393,744215,Call a public inquiry into Russian influence on UK politics & democracy,,Melton and Syston,140
9394,744215,Call a public inquiry into Russian influence on UK politics & democracy,,Meriden and Solihull East,114
9395,744215,Call a public inquiry into Russian influence on UK politics & democracy,,Mid Bedfordshire,147
9396,744215,Call a public inquiry into Russian influence on UK politics & democracy,,Mid Buckinghamshire,166
9397,744215,Call a public inquiry into Russian influence on UK politics & democracy,,Mid Cheshire,151
9398,744215,Call a public inquiry into Russian influence on UK politics & democracy,,Mid Derbyshire,203
9399,744215,Call a public inquiry into Russian influence on UK politics & democracy,,Mid Dorset and North Poole,167
9400,744215,Call a public inquiry into Russian influence on UK politics & democracy,,Mid Leicestershire,130
9401,744215,Call a public inquiry into Russian influence on UK politics & democracy,,Mid Norfolk,153
9402,744215,Call a public inquiry into Russian influence on UK politics & democracy,,Mid Sussex,223
9403,744215,Call a public inquiry into Russian influence on UK politics & democracy,,Middlesbrough and Thornaby East,92
9404,744215,Call a public inquiry into Russian influence on UK politics & democracy,,Middlesbrough South and East Cleveland,120
9405,744215,Call a public inquiry into Russian influence on UK politics & democracy,,Milton Keynes Central,188
9406,744215,Call a public inquiry into Russian influence on UK politics & democracy,,Milton Keynes North,196
9407,744215,Call a public inquiry into Russian influence on UK politics & democracy,,Mitcham and Morden,122
9408,744215,Call a public inquiry into Russian influence on UK politics & democracy,,Morecambe and Lunesdale,159
9409,744215,Call a public inquiry into Russian influence on UK politics & democracy,,New Forest East,153
9410,744215,Call a public inquiry into Russian influence on UK politics & democracy,,New Forest West,122
9411,744215,Call a public inquiry into Russian influence on UK politics & democracy,,Newark,202
9412,744215,Call a public inquiry into Russian influence on UK politics & democracy,,Newbury,205
9413,744215,Call a public inquiry into Russian influence on UK politics & democracy,,Newcastle upon Tyne Central and West,112
9414,744215,Call a public inquiry into Russian influence on UK politics & democracy,,Newcastle upon Tyne East and Wallsend,193
9415,744215,Call a public inquiry into Russian influence on UK politics & democracy,,Newcastle upon Tyne North,257
9416,744215,Call a public inquiry into Russian influence on UK politics & democracy,,Newcastle-under-Lyme,146
9417,744215,Call a public inquiry into Russian influence on UK politics & democracy,,Newton Abbot,205
9418,744215,Call a public inquiry into Russian influence on UK politics & democracy,,Newton Aycliffe and Spennymoor,160
9419,744215,Call a public inquiry into Russian influence on UK politics & democracy,,Normanton and Hemsworth,102
9420,744215,Call a public inquiry into Russian influence on UK politics & democracy,,North Bedfordshire,167
9421,744215,Call a public inquiry into Russian influence on UK politics & democracy,,North Cornwall,188
9422,744215,Call a public inquiry into Russian influence on UK politics & democracy,,North Cotswolds,204
9423,744215,Call a public inquiry into Russian influence on UK politics & democracy,,North Devon,212
9424,744215,Call a public inquiry into Russian influence on UK politics & democracy,,North Dorset,164
9425,744215,Call a public inquiry into Russian influence on UK politics & democracy,,North Durham,176
9426,744215,Call a public inquiry into Russian influence on UK politics & democracy,,North East Cambridgeshire,87
9427,744215,Call a public inquiry into Russian influence on UK politics & democracy,,North East Derbyshire,140
9428,744215,Call a public inquiry into Russian influence on UK politics & democracy,,North East Hampshire,203
9429,744215,Call a public inquiry into Russian influence on UK politics & democracy,,North East Hertfordshire,218
9430,744215,Call a public inquiry into Russian influence on UK politics & democracy,,North East Somerset and Hanham,191
9431,744215,Call a public inquiry into Russian influence on UK politics & democracy,,North Herefordshire,215
9432,744215,Call a public inquiry into Russian influence on UK politics & democracy,,North Norfolk,180
9433,744215,Call a public inquiry into Russian influence on UK politics & democracy,,North Northumberland,219
9434,744215,Call a public inquiry into Russian influence on UK politics & democracy,,North Shropshire,192
9435,744215,Call a public inquiry into Russian influence on UK politics & democracy,,North Somerset,227
9436,744215,Call a public inquiry into Russian influence on UK politics & democracy,,North Warwickshire and Bedworth,106
9437,744215,Call a public inquiry into Russian influence on UK politics & democracy,,North West Cambridgeshire,139
9438,744215,Call a public inquiry into Russian influence on UK politics & democracy,,North West Essex,213
9439,744215,Call a public inquiry into Russian influence on UK politics & democracy,,North West Hampshire,158
9440,744215,Call a public inquiry into Russian influence on UK politics & democracy,,North West Leicestershire,152
9441,744215,Call a public inquiry into Russian influence on UK politics & democracy,,North West Norfolk,126
9442,744215,Call a public inquiry into Russian influence on UK politics & democracy,,Northampton North,160
9443,744215,Call a public inquiry into Russian influence on UK politics & democracy,,Northampton South,131
9444,744215,Call a public inquiry into Russian influence on UK politics & democracy,,Norwich North,177
9445,744215,Call a public inquiry into Russian influence on UK politics & democracy,,Norwich South,268
9446,744215,Call a public inquiry into Russian influence on UK politics & democracy,,Nottingham East,201
9447,744215,Call a public inquiry into Russian influence on UK politics & democracy,,Nottingham North and Kimberley,104
9448,744215,Call a public inquiry into Russian influence on UK politics & democracy,,Nottingham South,108
9449,744215,Call a public inquiry into Russian influence on UK politics & democracy,,Nuneaton,135
9450,744215,Call a public inquiry into Russian influence on UK politics & democracy,,Old Bexley and Sidcup,126
9451,744215,Call a public inquiry into Russian influence on UK politics & democracy,,Oldham East and Saddleworth,119
9452,744215,Call a public inquiry into Russian influence on UK politics & democracy,,"Oldham West, Chadderton and Royton",77
9453,744215,Call a public inquiry into Russian influence on UK politics & democracy,,Orpington,137
9454,744215,Call a public inquiry into Russian influence on UK politics & democracy,,Ossett and Denby Dale,155
9455,744215,Call a public inquiry into Russian influence on UK politics & democracy,,Oxford East,228
9456,744215,Call a public inquiry into Russian influence on UK politics & democracy,,Oxford West and Abingdon,254
9457,744215,Call a public inquiry into Russian influence on UK politics & democracy,,Peckham,116
9458,744215,Call a public inquiry into Russian influence on UK politics & democracy,,Pendle and Clitheroe,143
9459,744215,Call a public inquiry into Russian influence on UK politics & democracy,,Penistone and Stocksbridge,136
9460,744215,Call a public inquiry into Russian influence on UK politics & democracy,,Penrith and Solway,196
9461,744215,Call a public inquiry into Russian influence on UK politics & democracy,,Peterborough,118
9462,744215,Call a public inquiry into Russian influence on UK politics & democracy,,Plymouth Moor View,117
9463,744215,Call a public inquiry into Russian influence on UK politics & democracy,,Plymouth Sutton and Devonport,243
9464,744215,Call a public inquiry into Russian influence on UK politics & democracy,,"Pontefract, Castleford and Knottingley",120
9465,744215,Call a public inquiry into Russian influence on UK politics & democracy,,Poole,143
9466,744215,Call a public inquiry into Russian influence on UK politics & democracy,,Poplar and Limehouse,163
9467,744215,Call a public inquiry into Russian influence on UK politics & democracy,,Portsmouth North,173
9468,744215,Call a public inquiry into Russian influence on UK politics & democracy,,Portsmouth South,196
9469,744215,Call a public inquiry into Russian influence on UK politics & democracy,,Preston,129
9470,744215,Call a public inquiry into Russian influence on UK politics & democracy,,Putney,184
9471,744215,Call a public inquiry into Russian influence on UK politics & democracy,,Queen's Park and Maida Vale,154
9472,744215,Call a public inquiry into Russian influence on UK politics & democracy,,Rawmarsh and Conisbrough,124
9473,744215,Call a public inquiry into Russian influence on UK politics & democracy,,Rayleigh and Wickford,98
9474,744215,Call a public inquiry into Russian influence on UK politics & democracy,,Reading Central,205
9475,744215,Call a public inquiry into Russian influence on UK politics & democracy,,Reading West and Mid Berkshire,192
9476,744215,Call a public inquiry into Russian influence on UK politics & democracy,,Redcar,148
9477,744215,Call a public inquiry into Russian influence on UK politics & democracy,,Redditch,106
9478,744215,Call a public inquiry into Russian influence on UK politics & democracy,,Reigate,199
9479,744215,Call a public inquiry into Russian influence on UK politics & democracy,,Ribble Valley,187
9480,744215,Call a public inquiry into Russian influence on UK politics & democracy,,Richmond and Northallerton,171
9481,744215,Call a public inquiry into Russian influence on UK politics & democracy,,Richmond Park,248
9482,744215,Call a public inquiry into Russian influence on UK politics & democracy,,Rochdale,75
9483,744215,Call a public inquiry into Russian influence on UK politics & democracy,,Rochester and Strood,127
9484,744215,Call a public inquiry into Russian influence on UK politics & democracy,,Romford,92
9485,744215,Call a public inquiry into Russian influence on UK politics & democracy,,Romsey and Southampton North,178
9486,744215,Call a public inquiry into Russian influence on UK politics & democracy,,Rossendale and Darwen,144
9487,744215,Call a public inquiry into Russian influence on UK politics & democracy,,Rother Valley,118
9488,744215,Call a public inquiry into Russian influence on UK politics & democracy,,Rotherham,101
9489,744215,Call a public inquiry into Russian influence on UK politics & democracy,,Rugby,155
9490,744215,Call a public inquiry into Russian influence on UK politics & democracy,,"Ruislip, Northwood and Pinner",131
9491,744215,Call a public inquiry into Russian influence on UK politics & democracy,,Runcorn and Helsby,196
9492,744215,Call a public inquiry into Russian influence on UK politics & democracy,,Runnymede and Weybridge,165
9493,744215,Call a public inquiry into Russian influence on UK politics & democracy,,Rushcliffe,255
9494,744215,Call a public inquiry into Russian influence on UK politics & democracy,,Rutland and Stamford,143
9495,744215,Call a public inquiry into Russian influence on UK politics & democracy,,Salford,160
9496,744215,Call a public inquiry into Russian influence on UK politics & democracy,,Salisbury,213
9497,744215,Call a public inquiry into Russian influence on UK politics & democracy,,Scarborough and Whitby,173
9498,744215,Call a public inquiry into Russian influence on UK politics & democracy,,Scunthorpe,115
9499,744215,Call a public inquiry into Russian influence on UK politics & democracy,,Sefton Central,207
9500,744215,Call a public inquiry into Russian influence on UK politics & democracy,,Selby,181
9501,744215,Call a public inquiry into Russian influence on UK politics & democracy,,Sevenoaks,179
9502,744215,Call a public inquiry into Russian influence on UK politics & democracy,,Sheffield Brightside and Hillsborough,114
9503,744215,Call a public inquiry into Russian influence on UK politics & democracy,,Sheffield Central,234
9504,744215,Call a public inquiry into Russian influence on UK politics & democracy,,Sheffield Hallam,301
9505,744215,Call a public inquiry into Russian influence on UK politics & democracy,,Sheffield Heeley,204
9506,744215,Call a public inquiry into Russian influence on UK politics & democracy,,Sheffield South East,125
9507,744215,Call a public inquiry into Russian influence on UK politics & democracy,,Sherwood Forest,145
9508,744215,Call a public inquiry into Russian influence on UK politics & democracy,,Shipley,237
9509,744215,Call a public inquiry into Russian influence on UK politics & democracy,,Shrewsbury,237
9510,744215,Call a public inquiry into Russian influence on UK politics & democracy,,Sittingbourne and Sheppey,111
9511,744215,Call a public inquiry into Russian influence on UK politics & democracy,,Skipton and Ripon,223
9512,744215,Call a public inquiry into Russian influence on UK politics & democracy,,Sleaford and North Hykeham,179
9513,744215,Call a public inquiry into Russian influence on UK politics & democracy,,Slough,59
9514,744215,Call a public inquiry into Russian influence on UK politics & democracy,,Smethwick,76
9515,744215,Call a public inquiry into Russian influence on UK politics & democracy,,Solihull West and Shirley,94
9516,744215,Call a public inquiry into Russian influence on UK politics & democracy,,South Basildon and East Thurrock,86
9517,744215,Call a public inquiry into Russian influence on UK politics & democracy,,South Cambridgeshire,258
9518,744215,Call a public inquiry into Russian influence on UK politics & democracy,,South Cotswolds,186
9519,744215,Call a public inquiry into Russian influence on UK politics & democracy,,South Derbyshire,130
9520,744215,Call a public inquiry into Russian influence on UK politics & democracy,,South Devon,235
9521,744215,Call a public inquiry into Russian influence on UK politics & democracy,,South Dorset,212
9522,744215,Call a public inquiry into Russian influence on UK politics & democracy,,South East Cornwall,226
9523,744215,Call a public inquiry into Russian influence on UK politics & democracy,,South Holland and The Deepings,132
9524,744215,Call a public inquiry into Russian influence on UK politics & democracy,,South Leicestershire,161
9525,744215,Call a public inquiry into Russian influence on UK politics & democracy,,South Norfolk,177
9526,744215,Call a public inquiry into Russian influence on UK politics & democracy,,South Northamptonshire,186
9527,744215,Call a public inquiry into Russian influence on UK politics & democracy,,South Ribble,169
9528,744215,Call a public inquiry into Russian influence on UK politics & democracy,,South Shields,140
9529,744215,Call a public inquiry into Russian influence on UK politics & democracy,,South Shropshire,221
9530,744215,Call a public inquiry into Russian influence on UK politics & democracy,,South Suffolk,161
9531,744215,Call a public inquiry into Russian influence on UK politics & democracy,,South West Devon,180
9532,744215,Call a public inquiry into Russian influence on UK politics & democracy,,South West Hertfordshire,152
9533,744215,Call a public inquiry into Russian influence on UK politics & democracy,,South West Norfolk,122
9534,744215,Call a public inquiry into Russian influence on UK politics & democracy,,South West Wiltshire,155
9535,744215,Call a public inquiry into Russian influence on UK politics & democracy,,Southampton Itchen,169
9536,744215,Call a public inquiry into Russian influence on UK politics & democracy,,Southampton Test,150
9537,744215,Call a public inquiry into Russian influence on UK politics & democracy,,Southend East and Rochford,132
9538,744215,Call a public inquiry into Russian influence on UK politics & democracy,,Southend West and Leigh,144
9539,744215,Call a public inquiry into Russian influence on UK politics & democracy,,Southgate and Wood Green,150
9540,744215,Call a public inquiry into Russian influence on UK politics & democracy,,Southport,185
9541,744215,Call a public inquiry into Russian influence on UK politics & democracy,,Spelthorne,133
9542,744215,Call a public inquiry into Russian influence on UK politics & democracy,,Spen Valley,110
9543,744215,Call a public inquiry into Russian influence on UK politics & democracy,,St Albans,219
9544,744215,Call a public inquiry into Russian influence on UK politics & democracy,,St Austell and Newquay,154
9545,744215,Call a public inquiry into Russian influence on UK politics & democracy,,St Helens North,160
9546,744215,Call a public inquiry into Russian influence on UK politics & democracy,,St Helens South and Whiston,155
9547,744215,Call a public inquiry into Russian influence on UK politics & democracy,,St Ives,229
9548,744215,Call a public inquiry into Russian influence on UK politics & democracy,,St Neots and Mid Cambridgeshire,268
9549,744215,Call a public inquiry into Russian influence on UK politics & democracy,,Stafford,160
9550,744215,Call a public inquiry into Russian influence on UK politics & democracy,,Staffordshire Moorlands,161
9551,744215,Call a public inquiry into Russian influence on UK politics & democracy,,Stalybridge and Hyde,130
9552,744215,Call a public inquiry into Russian influence on UK politics & democracy,,Stevenage,119
9553,744215,Call a public inquiry into Russian influence on UK politics & democracy,,Stockport,217
9554,744215,Call a public inquiry into Russian influence on UK politics & democracy,,Stockton North,120
9555,744215,Call a public inquiry into Russian influence on UK politics & democracy,,Stockton West,174
9556,744215,Call a public inquiry into Russian influence on UK politics & democracy,,Stoke-on-Trent Central,124
9557,744215,Call a public inquiry into Russian influence on UK politics & democracy,,Stoke-on-Trent North,114
9558,744215,Call a public inquiry into Russian influence on UK politics & democracy,,Stoke-on-Trent South,123
9559,744215,Call a public inquiry into Russian influence on UK politics & democracy,,"Stone, Great Wyrley and Penkridge",120
9560,744215,Call a public inquiry into Russian influence on UK politics & democracy,,Stourbridge,98
9561,744215,Call a public inquiry into Russian influence on UK politics & democracy,,Stratford and Bow,160
9562,744215,Call a public inquiry into Russian influence on UK politics & democracy,,Stratford-on-Avon,208
9563,744215,Call a public inquiry into Russian influence on UK politics & democracy,,Streatham and Croydon North,184
9564,744215,Call a public inquiry into Russian influence on UK politics & democracy,,Stretford and Urmston,156
9565,744215,Call a public inquiry into Russian influence on UK politics & democracy,,Stroud,285
9566,744215,Call a public inquiry into Russian influence on UK politics & democracy,,Suffolk Coastal,175
9567,744215,Call a public inquiry into Russian influence on UK politics & democracy,,Sunderland Central,173
9568,744215,Call a public inquiry into Russian influence on UK politics & democracy,,Surrey Heath,162
9569,744215,Call a public inquiry into Russian influence on UK politics & democracy,,Sussex Weald,207
9570,744215,Call a public inquiry into Russian influence on UK politics & democracy,,Sutton and Cheam,124
9571,744215,Call a public inquiry into Russian influence on UK politics & democracy,,Sutton Coldfield,134
9572,744215,Call a public inquiry into Russian influence on UK politics & democracy,,Swindon North,132
9573,744215,Call a public inquiry into Russian influence on UK politics & democracy,,Swindon South,187
9574,744215,Call a public inquiry into Russian influence on UK politics & democracy,,Tamworth,111
9575,744215,Call a public inquiry into Russian influence on UK politics & democracy,,Tatton,198
9576,744215,Call a public inquiry into Russian influence on UK politics & democracy,,Taunton and Wellington,171
9577,744215,Call a public inquiry into Russian influence on UK politics & democracy,,Telford,152
9578,744215,Call a public inquiry into Russian influence on UK politics & democracy,,Tewkesbury,199
9579,744215,Call a public inquiry into Russian influence on UK politics & democracy,,The Wrekin,167
9580,744215,Call a public inquiry into Russian influence on UK politics & democracy,,Thirsk and Malton,151
9581,744215,Call a public inquiry into Russian influence on UK politics & democracy,,Thornbury and Yate,187
9582,744215,Call a public inquiry into Russian influence on UK politics & democracy,,Thurrock,56
9583,744215,Call a public inquiry into Russian influence on UK politics & democracy,,Tipton and Wednesbury,35
9584,744215,Call a public inquiry into Russian influence on UK politics & democracy,,Tiverton and Minehead,194
9585,744215,Call a public inquiry into Russian influence on UK politics & democracy,,Tonbridge,181
9586,744215,Call a public inquiry into Russian influence on UK politics & democracy,,Tooting,200
9587,744215,Call a public inquiry into Russian influence on UK politics & democracy,,Torbay,155
9588,744215,Call a public inquiry into Russian influence on UK politics & democracy,,Torridge and Tavistock,207
9589,744215,Call a public inquiry into Russian influence on UK politics & democracy,,Tottenham,128
9590,744215,Call a public inquiry into Russian influence on UK politics & democracy,,Truro and Falmouth,225
9591,744215,Call a public inquiry into Russian influence on UK politics & democracy,,Tunbridge Wells,229
9592,744215,Call a public inquiry into Russian influence on UK politics & democracy,,Twickenham,284
9593,744215,Call a public inquiry into Russian influence on UK politics & democracy,,Tynemouth,259
9594,744215,Call a public inquiry into Russian influence on UK politics & democracy,,Uxbridge and South Ruislip,130
9595,744215,Call a public inquiry into Russian influence on UK politics & democracy,,Vauxhall and Camberwell Green,157
9596,744215,Call a public inquiry into Russian influence on UK politics & democracy,,Wakefield and Rothwell,146
9597,744215,Call a public inquiry into Russian influence on UK politics & democracy,,Wallasey,197
9598,744215,Call a public inquiry into Russian influence on UK politics & democracy,,Walsall and Bloxwich,53
9599,744215,Call a public inquiry into Russian influence on UK politics & democracy,,Walthamstow,193
9600,744215,Call a public inquiry into Russian influence on UK politics & democracy,,Warrington North,147
9601,744215,Call a public inquiry into Russian influence on UK politics & democracy,,Warrington South,193
9602,744215,Call a public inquiry into Russian influence on UK politics & democracy,,Warwick and Leamington,221
9603,744215,Call a public inquiry into Russian influence on UK politics & democracy,,Washington and Gateshead South,104
9604,744215,Call a public inquiry into Russian influence on UK politics & democracy,,Watford,118
9605,744215,Call a public inquiry into Russian influence on UK politics & democracy,,Waveney Valley,180
9606,744215,Call a public inquiry into Russian influence on UK politics & democracy,,Weald of Kent,187
9607,744215,Call a public inquiry into Russian influence on UK politics & democracy,,Wellingborough and Rushden,138
9608,744215,Call a public inquiry into Russian influence on UK politics & democracy,,Wells and Mendip Hills,228
9609,744215,Call a public inquiry into Russian influence on UK politics & democracy,,Welwyn Hatfield,173
9610,744215,Call a public inquiry into Russian influence on UK politics & democracy,,West Bromwich,39
9611,744215,Call a public inquiry into Russian influence on UK politics & democracy,,West Dorset,239
9612,744215,Call a public inquiry into Russian influence on UK politics & democracy,,West Ham and Beckton,75
9613,744215,Call a public inquiry into Russian influence on UK politics & democracy,,West Lancashire,164
9614,744215,Call a public inquiry into Russian influence on UK politics & democracy,,West Suffolk,159
9615,744215,Call a public inquiry into Russian influence on UK politics & democracy,,West Worcestershire,245
9616,744215,Call a public inquiry into Russian influence on UK politics & democracy,,Westmorland and Lonsdale,201
9617,744215,Call a public inquiry into Russian influence on UK politics & democracy,,Weston-super-Mare,175
9618,744215,Call a public inquiry into Russian influence on UK politics & democracy,,Wetherby and Easingwold,175
9619,744215,Call a public inquiry into Russian influence on UK politics & democracy,,Whitehaven and Workington,139
9620,744215,Call a public inquiry into Russian influence on UK politics & democracy,,Widnes and Halewood,136
9621,744215,Call a public inquiry into Russian influence on UK politics & democracy,,Wigan,155
9622,744215,Call a public inquiry into Russian influence on UK politics & democracy,,Wimbledon,196
9623,744215,Call a public inquiry into Russian influence on UK politics & democracy,,Winchester,231
9624,744215,Call a public inquiry into Russian influence on UK politics & democracy,,Windsor,158
9625,744215,Call a public inquiry into Russian influence on UK politics & democracy,,Wirral West,238
9626,744215,Call a public inquiry into Russian influence on UK politics & democracy,,Witham,154
9627,744215,Call a public inquiry into Russian influence on UK politics & democracy,,Witney,178
9628,744215,Call a public inquiry into Russian influence on UK politics & democracy,,Woking,197
9629,744215,Call a public inquiry into Russian influence on UK politics & democracy,,Wokingham,213
9630,744215,Call a public inquiry into Russian influence on UK politics & democracy,,Wolverhampton North East,63
9631,744215,Call a public inquiry into Russian influence on UK politics & democracy,,Wolverhampton South East,43
9632,744215,Call a public inquiry into Russian influence on UK politics & democracy,,Wolverhampton West,110
9633,744215,Call a public inquiry into Russian influence on UK politics & democracy,,Worcester,193
9634,744215,Call a public inquiry into Russian influence on UK politics & democracy,,Worsley and Eccles,179
9635,744215,Call a public inquiry into Russian influence on UK politics & democracy,,Worthing West,214
9636,744215,Call a public inquiry into Russian influence on UK politics & democracy,,Wycombe,147
9637,744215,Call a public inquiry into Russian influence on UK politics & democracy,,Wyre Forest,137
9638,744215,Call a public inquiry into Russian influence on UK politics & democracy,,Wythenshawe and Sale East,163
9639,744215,Call a public inquiry into Russian influence on UK politics & democracy,,Yeovil,168
9640,744215,Call a public inquiry into Russian influence on UK politics & democracy,,York Central,294
9641,744215,Call a public inquiry into Russian influence on UK politics & democracy,,York Outer,219
9642,744215,Call a public inquiry into Russian influence on UK politics & democracy,,Belfast East,89
9643,744215,Call a public inquiry into Russian influence on UK politics & democracy,,Belfast North,53
9644,744215,Call a public inquiry into Russian influence on UK politics & democracy,,Belfast South and Mid Down,106
9645,744215,Call a public inquiry into Russian influence on UK politics & democracy,,Belfast West,33
9646,744215,Call a public inquiry into Russian influence on UK politics & democracy,,East Antrim,53
9647,744215,Call a public inquiry into Russian influence on UK politics & democracy,,East Londonderry,45
9648,744215,Call a public inquiry into Russian influence on UK politics & democracy,,Fermanagh and South Tyrone,32
9649,744215,Call a public inquiry into Russian influence on UK politics & democracy,,Foyle,38
9650,744215,Call a public inquiry into Russian influence on UK politics & democracy,,Lagan Valley,63
9651,744215,Call a public inquiry into Russian influence on UK politics & democracy,,Mid Ulster,20
9652,744215,Call a public inquiry into Russian influence on UK politics & democracy,,Newry and Armagh,27
9653,744215,Call a public inquiry into Russian influence on UK politics & democracy,,North Antrim,32
9654,744215,Call a public inquiry into Russian influence on UK politics & democracy,,North Down,104
9655,744215,Call a public inquiry into Russian influence on UK politics & democracy,,South Antrim,57
9656,744215,Call a public inquiry into Russian influence on UK politics & democracy,,South Down,47
9657,744215,Call a public inquiry into Russian influence on UK politics & democracy,,Strangford,51
9658,744215,Call a public inquiry into Russian influence on UK politics & democracy,,Upper Bann,27
9659,744215,Call a public inquiry into Russian influence on UK politics & democracy,,West Tyrone,33
9660,744215,Call a public inquiry into Russian influence on UK politics & democracy,,East Renfrewshire,149
9661,744215,Call a public inquiry into Russian influence on UK politics & democracy,,Na h-Eileanan an Iar,36
9662,744215,Call a public inquiry into Russian influence on UK politics & democracy,,Midlothian,130
9663,744215,Call a public inquiry into Russian influence on UK politics & democracy,,North Ayrshire and Arran,122
9664,744215,Call a public inquiry into Russian influence on UK politics & democracy,,Orkney and Shetland,100
9665,744215,Call a public inquiry into Russian influence on UK politics & democracy,,Aberdeen North,115
9666,744215,Call a public inquiry into Russian influence on UK politics & democracy,,Aberdeen South,157
9667,744215,Call a public inquiry into Russian influence on UK politics & democracy,,Aberdeenshire North and Moray East,90
9668,744215,Call a public inquiry into Russian influence on UK politics & democracy,,Airdrie and Shotts,53
9669,744215,Call a public inquiry into Russian influence on UK politics & democracy,,Alloa and Grangemouth,134
9670,744215,Call a public inquiry into Russian influence on UK politics & democracy,,Angus and Perthshire Glens,161
9671,744215,Call a public inquiry into Russian influence on UK politics & democracy,,Arbroath and Broughty Ferry,126
9672,744215,Call a public inquiry into Russian influence on UK politics & democracy,,"Argyll, Bute and South Lochaber",207
9673,744215,Call a public inquiry into Russian influence on UK politics & democracy,,Bathgate and Linlithgow,145
9674,744215,Call a public inquiry into Russian influence on UK politics & democracy,,"Caithness, Sutherland and Easter Ross",185
9675,744215,Call a public inquiry into Russian influence on UK politics & democracy,,Coatbridge and Bellshill,79
9676,744215,Call a public inquiry into Russian influence on UK politics & democracy,,Cowdenbeath and Kirkcaldy,144
9677,744215,Call a public inquiry into Russian influence on UK politics & democracy,,Cumbernauld and Kirkintilloch,119
9678,744215,Call a public inquiry into Russian influence on UK politics & democracy,,Dumfries and Galloway,154
9679,744215,Call a public inquiry into Russian influence on UK politics & democracy,,"Dumfriesshire, Clydesdale and Tweeddale",169
9680,744215,Call a public inquiry into Russian influence on UK politics & democracy,,Dundee Central,133
9681,744215,Call a public inquiry into Russian influence on UK politics & democracy,,Dunfermline and Dollar,166
9682,744215,Call a public inquiry into Russian influence on UK politics & democracy,,East Kilbride and Strathaven,105
9683,744215,Call a public inquiry into Russian influence on UK politics & democracy,,Edinburgh East and Musselburgh,205
9684,744215,Call a public inquiry into Russian influence on UK politics & democracy,,Edinburgh North and Leith,269
9685,744215,Call a public inquiry into Russian influence on UK politics & democracy,,Edinburgh South,228
9686,744215,Call a public inquiry into Russian influence on UK politics & democracy,,Edinburgh South West,164
9687,744215,Call a public inquiry into Russian influence on UK politics & democracy,,Edinburgh West,211
9688,744215,Call a public inquiry into Russian influence on UK politics & democracy,,Falkirk,105
9689,744215,Call a public inquiry into Russian influence on UK politics & democracy,,Glasgow East,88
9690,744215,Call a public inquiry into Russian influence on UK politics & democracy,,Glasgow North,159
9691,744215,Call a public inquiry into Russian influence on UK politics & democracy,,Glasgow North East,91
9692,744215,Call a public inquiry into Russian influence on UK politics & democracy,,Glasgow South,143
9693,744215,Call a public inquiry into Russian influence on UK politics & democracy,,Glasgow South West,111
9694,744215,Call a public inquiry into Russian influence on UK politics & democracy,,Glasgow West,162
9695,744215,Call a public inquiry into Russian influence on UK politics & democracy,,Glenrothes and Mid Fife,88
9696,744215,Call a public inquiry into Russian influence on UK politics & democracy,,Gordon and Buchan,129
9697,744215,Call a public inquiry into Russian influence on UK politics & democracy,,Hamilton and Clyde Valley,95
9698,744215,Call a public inquiry into Russian influence on UK politics & democracy,,Inverclyde and Renfrewshire West,113
9699,744215,Call a public inquiry into Russian influence on UK politics & democracy,,"Inverness, Skye and West Ross-shire",155
9700,744215,Call a public inquiry into Russian influence on UK politics & democracy,,Livingston,145
9701,744215,Call a public inquiry into Russian influence on UK politics & democracy,,Lothian East,192
9702,744215,Call a public inquiry into Russian influence on UK politics & democracy,,Mid Dunbartonshire,164
9703,744215,Call a public inquiry into Russian influence on UK politics & democracy,,"Moray West, Nairn and Strathspey",156
9704,744215,Call a public inquiry into Russian influence on UK politics & democracy,,"Motherwell, Wishaw and Carluke",87
9705,744215,Call a public inquiry into Russian influence on UK politics & democracy,,North East Fife,190
9706,744215,Call a public inquiry into Russian influence on UK politics & democracy,,Paisley and Renfrewshire North,98
9707,744215,Call a public inquiry into Russian influence on UK politics & democracy,,Paisley and Renfrewshire South,130
9708,744215,Call a public inquiry into Russian influence on UK politics & democracy,,Perth and Kinross-shire,182
9709,744215,Call a public inquiry into Russian influence on UK politics & democracy,,Rutherglen,113
9710,744215,Call a public inquiry into Russian influence on UK politics & democracy,,Stirling and Strathallan,192
9711,744215,Call a public inquiry into Russian influence on UK politics & democracy,,West Dunbartonshire,90
9712,744215,Call a public inquiry into Russian influence on UK politics & democracy,,"Ayr, Carrick and Cumnock",104
9713,744215,Call a public inquiry into Russian influence on UK politics & democracy,,"Berwickshire, Roxburgh and Selkirk",218
9714,744215,Call a public inquiry into Russian influence on UK politics & democracy,,Central Ayrshire,96
9715,744215,Call a public inquiry into Russian influence on UK politics & democracy,,Kilmarnock and Loudoun,99
9716,744215,Call a public inquiry into Russian influence on UK politics & democracy,,West Aberdeenshire and Kincardine,154
9717,744215,Call a public inquiry into Russian influence on UK politics & democracy,,Aberafan Maesteg,177
9718,744215,Call a public inquiry into Russian influence on UK politics & democracy,,Alyn and Deeside,207
9719,744215,Call a public inquiry into Russian influence on UK politics & democracy,,Bangor Aberconwy,316
9720,744215,Call a public inquiry into Russian influence on UK politics & democracy,,Blaenau Gwent and Rhymney,143
9721,744215,Call a public inquiry into Russian influence on UK politics & democracy,,"Brecon, Radnor and Cwm Tawe",284
9722,744215,Call a public inquiry into Russian influence on UK politics & democracy,,Bridgend,185
9723,744215,Call a public inquiry into Russian influence on UK politics & democracy,,Caerfyrddin,288
9724,744215,Call a public inquiry into Russian influence on UK politics & democracy,,Caerphilly,239
9725,744215,Call a public inquiry into Russian influence on UK politics & democracy,,Cardiff East,247
9726,744215,Call a public inquiry into Russian influence on UK politics & democracy,,Cardiff North,318
9727,744215,Call a public inquiry into Russian influence on UK politics & democracy,,Cardiff South and Penarth,305
9728,744215,Call a public inquiry into Russian influence on UK politics & democracy,,Cardiff West,373
9729,744215,Call a public inquiry into Russian influence on UK politics & democracy,,Ceredigion Preseli,429
9730,744215,Call a public inquiry into Russian influence on UK politics & democracy,,Clwyd East,248
9731,744215,Call a public inquiry into Russian influence on UK politics & democracy,,Clwyd North,209
9732,744215,Call a public inquiry into Russian influence on UK politics & democracy,,Dwyfor Meirionnydd,428
9733,744215,Call a public inquiry into Russian influence on UK politics & democracy,,Gower,313
9734,744215,Call a public inquiry into Russian influence on UK politics & democracy,,Llanelli,235
9735,744215,Call a public inquiry into Russian influence on UK politics & democracy,,Merthyr Tydfil and Aberdare,200
9736,744215,Call a public inquiry into Russian influence on UK politics & democracy,,Mid and South Pembrokeshire,243
9737,744215,Call a public inquiry into Russian influence on UK politics & democracy,,Monmouthshire,285
9738,744215,Call a public inquiry into Russian influence on UK politics & democracy,,Montgomeryshire and Glyndŵr,259
9739,744215,Call a public inquiry into Russian influence on UK politics & democracy,,Neath and Swansea East,186
9740,744215,Call a public inquiry into Russian influence on UK politics & democracy,,Newport East,170
9741,744215,Call a public inquiry into Russian influence on UK politics & democracy,,Newport West and Islwyn,201
9742,744215,Call a public inquiry into Russian influence on UK politics & democracy,,Pontypridd,225
9743,744215,Call a public inquiry into Russian influence on UK politics & democracy,,Rhondda and Ogmore,171
9744,744215,Call a public inquiry into Russian influence on UK politics & democracy,,Swansea West,232
9745,744215,Call a public inquiry into Russian influence on UK politics & democracy,,Torfaen,148
9746,744215,Call a public inquiry into Russian influence on UK politics & democracy,,Vale of Glamorgan,245
9747,744215,Call a public inquiry into Russian influence on UK politics & democracy,,Wrexham,181
9748,744215,Call a public inquiry into Russian influence on UK politics & democracy,,Ynys Môn,194
