petition_title,petition_url,status,total_signature_count,petition_id,opened_at,deadline,debate_threshold_reached_at,scheduled_debate_date
Make Laser Eye Surgery Available on the NHS for Adults with Stable Prescriptions,https://petition.parliament.uk/petitions/724881,open,35,724881,2026-03-20,2026-09-20,,
Tax all assets and profits over £1bn by 100% and abolish non-doms,https://petition.parliament.uk/petitions/725667,open,85,725667,2026-05-14,2026-11-14,,
To legally require that everyone be registered with an NHS counsellor,https://petition.parliament.uk/petitions/726868,open,33,726868,2026-05-08,2026-11-08,,
Review Maternal Vaccine-Induced IL-6 Responses on Foetal Brain Development,https://petition.parliament.uk/petitions/732380,open,16,732380,2026-02-09,2026-08-09,,
Cap legal fees for divorce cases and remove or reduce VAT,https://petition.parliament.uk/petitions/733139,open,310,733139,2026-02-02,2026-08-02,,
Provide more funding and aid for children's education in Gaza,https://petition.parliament.uk/petitions/733714,open,91,733714,2026-05-15,2026-11-15,,
Put pressure on Saudi Arabia regarding executions and death penalty,https://petition.parliament.uk/petitions/736525,open,154,736525,2026-01-14,2026-07-14,,
Make international womens day a bank holiday,https://petition.parliament.uk/petitions/736931,open,29,736931,2026-02-12,2026-08-12,,
Fund subsidised school uniforms,https://petition.parliament.uk/petitions/738413,open,22,738413,2026-04-27,2026-10-27,,
Change laws regarding abuse of multiple animals,https://petition.parliament.uk/petitions/738567,open,16586,738567,2026-01-13,2026-07-13,,
Review how law is enforced around sharing graphic violence/death on social media,https://petition.parliament.uk/petitions/740739,open,31,740739,2026-01-08,2026-07-08,,
Ban CCJs for private parking fines from being included in credit files,https://petition.parliament.uk/petitions/740931,open,30,740931,2026-03-03,2026-09-03,,
Require local authorities to remove all flags from street furniture,https://petition.parliament.uk/petitions/745118,open,695,745118,2026-02-04,2026-08-04,,
Protect the Right to Live Without a Digital ID,https://petition.parliament.uk/petitions/745717,open,22997,745717,2026-01-02,2026-07-02,,
Review transparency of broadband company exit fees including off-net move fees,https://petition.parliament.uk/petitions/746332,open,62,746332,2026-01-08,2026-07-08,,
Mandate all teachers in mainstream schools receive SEN & mental health training,https://petition.parliament.uk/petitions/746351,open,186,746351,2026-01-14,2026-07-14,,
Provide funding for rape and sexual assault testing facilities in all hospitals,https://petition.parliament.uk/petitions/746531,open,55,746531,2026-02-05,2026-08-05,,
Mandate a 72-hour period before formal acceptance of a dog surrender document,https://petition.parliament.uk/petitions/747580,open,2394,747580,2026-01-07,2026-07-07,,
Give men legal opt-out from parental responsibility in unintended pregnancies,https://petition.parliament.uk/petitions/747586,open,29,747586,2026-02-09,2026-08-09,,
Legislate against online censorship of keywords related to women's health/bodies,https://petition.parliament.uk/petitions/747977,open,40,747977,2026-01-08,2026-07-08,,
Review Coercive Control Law and Police Training,https://petition.parliament.uk/petitions/748077,open,36,748077,2026-01-13,2026-07-13,,
Abolish visa fees for spouses of British citizens and parents of British kids,https://petition.parliament.uk/petitions/748244,open,33,748244,2026-04-16,2026-10-16,,
Reduce national speed limits on single carriageways,https://petition.parliament.uk/petitions/748359,open,5253,748359,2026-01-05,2026-07-05,,
Reintroduce the death penalty for murder,https://petition.parliament.uk/petitions/748625,open,292,748625,2026-01-13,2026-07-13,,
Require companies to match board bonuses with employee-wide bonus distributions,https://petition.parliament.uk/petitions/748638,open,37,748638,2026-03-18,2026-09-18,,
Ban charity platforms charging transaction or processing fees,https://petition.parliament.uk/petitions/748734,open,32,748734,2026-01-26,2026-07-26,,
"Abolish ""Polkey deductions"" in compensation for unfair dismissal",https://petition.parliament.uk/petitions/748744,open,22,748744,2025-12-30,2026-06-30,,
Decriminalise not having a TV licence,https://petition.parliament.uk/petitions/749261,open,238,749261,2026-03-13,2026-09-13,,
Stricter Sentences for Serious Offenders and Improved Community Safety,https://petition.parliament.uk/petitions/749459,open,69,749459,2026-01-05,2026-07-05,,
Increase funding for MND research,https://petition.parliament.uk/petitions/749859,open,1538,749859,2026-01-05,2026-07-05,,
"Fund Stocks & Shares ISAs for every child, transitioning to pensions as they age",https://petition.parliament.uk/petitions/749946,open,28,749946,2025-12-30,2026-06-30,,
Amend BBC's Royal charter to bar and remove political advisers from BBC Board,https://petition.parliament.uk/petitions/750310,open,99,750310,2026-01-08,2026-07-08,,
Require family involvement in the care of adults with severe mental illness,https://petition.parliament.uk/petitions/750399,open,116,750399,2026-01-09,2026-07-09,,
Require carbon monoxide detectors to be installed in all new cars by law,https://petition.parliament.uk/petitions/750499,open,66,750499,2026-01-05,2026-07-05,,
Make abortion and bodily autonomy a legal right,https://petition.parliament.uk/petitions/750514,open,157,750514,2026-01-09,2026-07-09,,
Abolish Ground Rent for Existing Residential Leasehold Properties,https://petition.parliament.uk/petitions/750566,open,15625,750566,2026-01-06,2026-07-06,,
Make coercive or controlling behaviour leading to suicide a specific offence,https://petition.parliament.uk/petitions/750575,open,409,750575,2025-12-29,2026-06-29,,
Resolve delays in renewal of COS for Skilled Worker visas,https://petition.parliament.uk/petitions/750633,open,2041,750633,2026-01-15,2026-07-15,,
Remove VAT from pet food and prescription medications for pets,https://petition.parliament.uk/petitions/750723,open,247,750723,2026-01-13,2026-07-13,,
"Review and reform legal status of pets, and rules on animal control equipment",https://petition.parliament.uk/petitions/750741,open,11198,750741,2026-01-08,2026-07-08,,
Change the law to allow under 16's to be recognised as victims of domestic abuse,https://petition.parliament.uk/petitions/750744,open,167,750744,2026-01-09,2026-07-09,,
Allow small pets to travel in the cabin on flights entering the UK,https://petition.parliament.uk/petitions/750817,open,19141,750817,2026-02-02,2026-08-02,,
Scrap child benefit and introduce universal free childcare for every family,https://petition.parliament.uk/petitions/750837,open,46,750837,2025-12-29,2026-06-29,,
 Introduce Law as a GCSE subject,https://petition.parliament.uk/petitions/750953,open,538,750953,2025-12-29,2026-06-29,,
Fund cardiac screening at age 14 years and cardiac awareness programme,https://petition.parliament.uk/petitions/750999,open,50970,750999,2026-01-14,2026-07-14,,
Detain all illegal migrants in military barracks until they are assessed,https://petition.parliament.uk/petitions/751021,open,136,751021,2026-01-14,2026-07-14,,
Make it illegal to sell MoD medals to members of the public who have not served,https://petition.parliament.uk/petitions/751131,open,25,751131,2026-01-05,2026-07-05,,
Appoint a Maternity Commissioner to improve maternity care for mums and babies,https://petition.parliament.uk/petitions/751174,open,158788,751174,2026-01-07,2026-07-07,2026-01-28,2026-04-20
Call for Parliamentary inquiry into potential systemic discrimination of BNOs ,https://petition.parliament.uk/petitions/751315,open,13055,751315,2026-01-09,2026-07-09,,
Disregard Transitional Protection when assessing Council Tax,https://petition.parliament.uk/petitions/751359,open,49,751359,2026-01-05,2026-07-05,,
Government to create fund to support orphans in conflict zones,https://petition.parliament.uk/petitions/751380,open,17,751380,2026-01-07,2026-07-07,,
Do not increase the time migrants with ILR need to wait to apply for citizenship,https://petition.parliament.uk/petitions/751392,open,439,751392,2025-12-30,2026-06-30,,
Streamline UK passport renewal so that citizens always have a passport,https://petition.parliament.uk/petitions/751395,open,38,751395,2026-01-13,2026-07-13,,
Hold public inquiry on safeguarding system and training in family courts,https://petition.parliament.uk/petitions/751418,open,1638,751418,2026-01-14,2026-07-14,,
Exempt existing 5 and 10 years routes visa holders from new pathway settlement.,https://petition.parliament.uk/petitions/751436,open,23,751436,2026-01-05,2026-07-05,,
"Increase the Luxury Car Tax threshold to £50-55,000",https://petition.parliament.uk/petitions/751452,open,241,751452,2025-12-29,2026-06-29,,
"Introduce a screening programme for prostate cancer, starting with high-risk men",https://petition.parliament.uk/petitions/751472,open,83301,751472,2026-01-13,2026-07-13,,
Protect those already on 10 year FLR FP routes from new rules changes.,https://petition.parliament.uk/petitions/751498,open,22,751498,2026-03-23,2026-09-23,,
Do not apply ILR qualifying period changes retrospectively to ILR applicants,https://petition.parliament.uk/petitions/751517,open,2246,751517,2026-01-06,2026-07-06,,
Introduce penalties for motorway middle lane hoggers & decriminalise undertaking,https://petition.parliament.uk/petitions/751522,open,40,751522,2026-02-03,2026-08-03,,
Perjury should be a victim-related crime not just an Offence against the State,https://petition.parliament.uk/petitions/751527,open,26,751527,2026-01-07,2026-07-07,,
Require Local Authorities return children when original concerns no longer apply,https://petition.parliament.uk/petitions/751529,open,74,751529,2026-01-16,2026-07-16,,
Split the child benefit payment if parents share custody,https://petition.parliament.uk/petitions/751569,open,94,751569,2026-01-06,2026-07-06,,
Maintain the B1 English Language requirement for ILR,https://petition.parliament.uk/petitions/751572,open,34,751572,2026-01-14,2026-07-14,,
Allow Skilled Worker visa holders to work up to 40 hours in secondary employment,https://petition.parliament.uk/petitions/751578,open,157,751578,2026-01-05,2026-07-05,,
Do not require partner dependants to work & contribute to earn settlement,https://petition.parliament.uk/petitions/751589,open,91,751589,2026-01-09,2026-07-09,,
"Reform pay, working conditions and national standards for TA's and SEN LSA's.",https://petition.parliament.uk/petitions/751622,open,10358,751622,2026-01-15,2026-07-15,,
Create law limiting cars per household to number of off-street parking spaces,https://petition.parliament.uk/petitions/751623,open,45,751623,2026-01-16,2026-07-16,,
Introduce a Home Ownership Savings Account with tax relief for first-time buyers,https://petition.parliament.uk/petitions/751624,open,27,751624,2026-01-06,2026-07-06,,
"Hold Public Inquiry on allegations of UK citizens' ""Sniper Tourism"" in Sarajevo",https://petition.parliament.uk/petitions/751630,open,49,751630,2026-01-12,2026-07-12,,
Retain current ILR rules for refugees who are sole carers of British citizens,https://petition.parliament.uk/petitions/751641,open,43,751641,2026-01-07,2026-07-07,,
Link small business rates to profitability instead of property value.,https://petition.parliament.uk/petitions/751654,open,708,751654,2026-01-05,2026-07-05,,
Allow asylum seekers to work & create a 5-year ILR route for asylum seekers,https://petition.parliament.uk/petitions/751659,open,46,751659,2026-01-26,2026-07-26,,
Count all accrued residence under the Long Residence route toward the new system,https://petition.parliament.uk/petitions/751709,open,2263,751709,2026-01-05,2026-07-05,,
Allow all Care Workers and Senior Care Workers to Bring Dependants.,https://petition.parliament.uk/petitions/751718,open,74,751718,2026-01-05,2026-07-05,,
Make the Lunar New Year an official recognised Bank Holiday ,https://petition.parliament.uk/petitions/751730,open,24,751730,2026-01-22,2026-07-22,,
Protect 5-Year ILR and Benefits for Refugees Already on the Path to settlement,https://petition.parliament.uk/petitions/751762,open,93,751762,2026-01-05,2026-07-05,,
Protect cats from the cold: require owners to ensure access to shelter indoors,https://petition.parliament.uk/petitions/751766,open,94,751766,2026-01-05,2026-07-05,,
"Review access to cash in rural areas, require FCA to reform rules and criteria",https://petition.parliament.uk/petitions/751773,open,693,751773,2026-01-12,2026-07-12,,
Grant automatic citizenship to ARAP Afghans lawfully residing in UK for 5 years,https://petition.parliament.uk/petitions/751776,open,243,751776,2026-01-07,2026-07-07,,
Require Councils to Permit Cross-Pavement EV Charging,https://petition.parliament.uk/petitions/751777,open,45,751777,2026-01-06,2026-07-06,,
Introduce legislation to standardise toilet cubicles in educational settings,https://petition.parliament.uk/petitions/751787,open,72,751787,2026-01-05,2026-07-05,,
Call a public inquiry into Chinese influence on UK politics & democracy,https://petition.parliament.uk/petitions/751800,open,537,751800,2026-01-06,2026-07-06,,
Mandate licensed veterinary professional supervision after surgical procedures,https://petition.parliament.uk/petitions/751802,open,32,751802,2026-01-07,2026-07-07,,
Retain current 10-year Long Residence route for ILR with new fast track option,https://petition.parliament.uk/petitions/751812,open,42,751812,2026-01-05,2026-07-05,,
Stop social media posts being shown with dogs that have cropped ears,https://petition.parliament.uk/petitions/751825,open,4444,751825,2026-01-07,2026-07-07,,
Cancel the clinical trial into puberty blockers & safeguard vulnerable children,https://petition.parliament.uk/petitions/751839,open,150439,751839,2026-01-08,2026-07-08,2026-01-12,2026-03-23
Ban any government claims that people are increasingly living longer,https://petition.parliament.uk/petitions/751859,open,88,751859,2026-01-12,2026-07-12,,
Reduced Pension age for night shift workers who have worked for 15 years or more,https://petition.parliament.uk/petitions/751877,open,28,751877,2026-01-16,2026-07-16,,
"Ban the manufacture, import and sale of Rawhide as a dog treat",https://petition.parliament.uk/petitions/751913,open,1087,751913,2026-01-07,2026-07-07,,
Recognise ‘Veteran’ as a protected characteristic in law.,https://petition.parliament.uk/petitions/751919,open,7756,751919,2026-01-06,2026-07-06,,
Do not apply new ILR rules to those who arrived before 2021 on a 10 year route,https://petition.parliament.uk/petitions/751924,open,125,751924,2026-01-07,2026-07-07,,
Introduce a cap on Postgraduate Educational Courses,https://petition.parliament.uk/petitions/751926,open,23,751926,2026-01-13,2026-07-13,,
Ban coloured vapes and vapes disguised as electronics to protect our children,https://petition.parliament.uk/petitions/751927,open,103,751927,2026-01-13,2026-07-13,,
Government apology and compensation for 1950s Women affected by pension changes,https://petition.parliament.uk/petitions/751929,open,71265,751929,2026-01-07,2026-07-07,,
Make supporting documentation for estate inventory and accounts compulsory,https://petition.parliament.uk/petitions/751937,open,71,751937,2026-01-07,2026-07-07,,
Allow Workers to Pay Essential Living Costs Before Income Tax Is Deducted,https://petition.parliament.uk/petitions/751944,open,49,751944,2026-01-06,2026-07-06,,
Require every secondary school to have access to a counsellor,https://petition.parliament.uk/petitions/751950,open,57,751950,2026-01-21,2026-07-21,,
Restrict entry to 1 puppy and require review of pedigree and sale at the border,https://petition.parliament.uk/petitions/751955,open,257,751955,2026-01-06,2026-07-06,,
Make student maintenance loans proportional to the cost of living in each city,https://petition.parliament.uk/petitions/751961,open,32,751961,2026-01-15,2026-07-15,,
Require schools prioritise comfort in uniforms & more personal choice for pupils,https://petition.parliament.uk/petitions/751980,open,84,751980,2026-01-27,2026-07-27,,
Amend law on puppy imports to provide exceptions for rescue organisations,https://petition.parliament.uk/petitions/751986,open,49,751986,2026-01-06,2026-07-06,,
Require capability assessments and curriculum standards for home educators,https://petition.parliament.uk/petitions/751987,open,37,751987,2026-01-07,2026-07-07,,
Increase National Minimum Wage by 10% from April 2026 for age 21 and over,https://petition.parliament.uk/petitions/752009,open,74,752009,2026-01-06,2026-07-06,,
More push for nuclear treaties,https://petition.parliament.uk/petitions/752013,open,34,752013,2026-01-05,2026-07-05,,
Introduce a Minister of Mental Wellbeing for Young Adults,https://petition.parliament.uk/petitions/752016,open,2018,752016,2026-01-06,2026-07-06,,
End sponsorship requirements for skilled worker visa holders already in the UK,https://petition.parliament.uk/petitions/752020,open,50,752020,2026-01-21,2026-07-21,,
Maintain the current 5-year route to (ILR) for Senior Carers & Care Assistants,https://petition.parliament.uk/petitions/752023,open,87,752023,2026-01-05,2026-07-05,,
Stop the deduction of carers allowance from people's Universal Credit award,https://petition.parliament.uk/petitions/752032,open,1634,752032,2026-01-05,2026-07-05,,
Require immediate access to full medical records and test results for patients,https://petition.parliament.uk/petitions/752079,open,40,752079,2026-01-07,2026-07-07,,
Call a public inquiry on Israeli & Russia influence on UK politics & democracy,https://petition.parliament.uk/petitions/752092,open,495,752092,2026-01-15,2026-07-15,,
Abolish CIS deduction for traffic marshalling and small relevant construction,https://petition.parliament.uk/petitions/752096,open,62,752096,2026-01-12,2026-07-12,,
Include content on tics in the curriculum and improve awareness in workplaces,https://petition.parliament.uk/petitions/752110,open,22,752110,2026-01-07,2026-07-07,,
Hold a referendum on planned changes to trial by jury,https://petition.parliament.uk/petitions/752114,open,194,752114,2026-01-12,2026-07-12,,
Require a National Insurance number to access any NHS treatment,https://petition.parliament.uk/petitions/752138,open,219,752138,2026-01-20,2026-07-20,,
Allow Mobile Gamers to Disable Pop-Up Offers,https://petition.parliament.uk/petitions/752143,open,31,752143,2026-01-08,2026-07-08,,
Stop Charging Early Years Nurseries Full Business Rates,https://petition.parliament.uk/petitions/752160,open,3237,752160,2026-01-07,2026-07-07,,
Review the amount of written exams for GCSEs,https://petition.parliament.uk/petitions/752161,open,39,752161,2026-02-04,2026-08-04,,
Stop mileage tax on electric & plug-in hybrid cars & reduce public charging VAT,https://petition.parliament.uk/petitions/752170,open,5271,752170,2026-01-08,2026-07-08,,
Amend the 28-day rule for the Carer’s Allowance for carers giving hospital care,https://petition.parliament.uk/petitions/752201,open,3660,752201,2026-01-15,2026-07-15,,
Introduce business rate relief to small businesses that are not making a profit,https://petition.parliament.uk/petitions/752210,open,36,752210,2026-01-16,2026-07-16,,
Remove the cap on NI Contributions relief for pension salary sacrifice ,https://petition.parliament.uk/petitions/752217,open,69,752217,2026-01-14,2026-07-14,,
Make it a specific criminal offence not to notify the authorities of a death,https://petition.parliament.uk/petitions/752218,open,335,752218,2026-02-03,2026-08-03,,
Scrap either EV pay-per-mile tax or Vehicle Excise Duty for EVs. Don't have both,https://petition.parliament.uk/petitions/752227,open,229,752227,2026-01-09,2026-07-09,,
Make commission only pay illegal,https://petition.parliament.uk/petitions/752235,open,41,752235,2026-01-07,2026-07-07,,
Abolish stamp duty for cohabiting couples who split & buy share of co-owned home,https://petition.parliament.uk/petitions/752289,open,36,752289,2026-01-08,2026-07-08,,
Ban images and videos of children under 13 being shared online,https://petition.parliament.uk/petitions/752308,open,42,752308,2026-01-13,2026-07-13,,
Apply the 1.5p per mile levy on hybrid cars only on electric miles driven,https://petition.parliament.uk/petitions/752312,open,54,752312,2026-01-14,2026-07-14,,
Reverse VAT changes on Advance Payments for Motability Vehicles,https://petition.parliament.uk/petitions/752326,open,95,752326,2026-01-14,2026-07-14,,
Review overtime taxation to make it fairer for UK workers,https://petition.parliament.uk/petitions/752335,open,102,752335,2026-01-22,2026-07-22,,
Change the UK tax year to start on the 1st of January,https://petition.parliament.uk/petitions/752338,open,55,752338,2026-01-15,2026-07-15,,
Mandate Mental Health Training for All School Staff Who Work With Children,https://petition.parliament.uk/petitions/752343,open,862,752343,2026-03-24,2026-09-24,,
Create a coordination body for Nationally Significant Energy Projects (NSIPs),https://petition.parliament.uk/petitions/752344,open,2788,752344,2026-02-03,2026-08-03,,
"Fund self-defence for students and women, and legalise licensed defence tools",https://petition.parliament.uk/petitions/752355,open,75,752355,2026-01-09,2026-07-09,,
Arm all police officers with firearms,https://petition.parliament.uk/petitions/752359,open,63,752359,2026-02-02,2026-08-02,,
Fund provision of a tablet for every pupil in KS2 and above to support learning,https://petition.parliament.uk/petitions/752360,open,22,752360,2026-01-09,2026-07-09,,
Keep Lifetime ISA for retirement savings & make a new ISA for first time buyers,https://petition.parliament.uk/petitions/752361,open,34,752361,2026-01-14,2026-07-14,,
Reduce the age at which people can open Individual Savings Accounts to 16,https://petition.parliament.uk/petitions/752363,open,38,752363,2026-01-15,2026-07-15,,
Fund converting vacant Public & Commercial Buildings into Affordable Housing,https://petition.parliament.uk/petitions/752365,open,46,752365,2026-01-15,2026-07-15,,
"Review job hunting and interviewee rights
",https://petition.parliament.uk/petitions/752368,open,67,752368,2026-02-10,2026-08-10,,
Ban the use of bots to make purchases on websites,https://petition.parliament.uk/petitions/752369,open,91,752369,2026-01-14,2026-07-14,,
Fund Covid 19 vaccinations for those with progressive lung conditions,https://petition.parliament.uk/petitions/752391,open,32,752391,2026-01-08,2026-07-08,,
Stop proposed changes to the Motability Scheme,https://petition.parliament.uk/petitions/752400,open,62298,752400,2026-01-15,2026-07-15,,
Change speeding penalties to 1point for up to 25MPH on a 20MPH road,https://petition.parliament.uk/petitions/752409,open,74,752409,2026-01-08,2026-07-08,,
Debate the removal of the right of British citizens abroad to pay class 2 NICs,https://petition.parliament.uk/petitions/752424,open,31,752424,2026-01-12,2026-07-12,,
Require AI tools marketed as companions or thinking aids to have Health Warnings,https://petition.parliament.uk/petitions/752429,open,46,752429,2026-01-15,2026-07-15,,
Review and strengthen nail industry regulations,https://petition.parliament.uk/petitions/752430,open,44,752430,2026-01-16,2026-07-16,,
Stop the EV Pay-Per-Mile Tax,https://petition.parliament.uk/petitions/752431,open,601,752431,2026-01-09,2026-07-09,,
Introduce mandatory military conscription for people over 18,https://petition.parliament.uk/petitions/752441,open,49,752441,2026-01-15,2026-07-15,,
Treat students without ILR as Home students after 3 years’ UK residence,https://petition.parliament.uk/petitions/752462,open,78,752462,2026-01-08,2026-07-08,,
Student midwives & nurses: fund childcare & stop treating loans as income for UC,https://petition.parliament.uk/petitions/752476,open,390,752476,2026-01-09,2026-07-09,,
Include Child Maintenance as Income in Universal Credit and Means-Tested Benefit,https://petition.parliament.uk/petitions/752486,open,1179,752486,2026-01-12,2026-07-12,,
Launch review into the sustainability and future impact of the state pension,https://petition.parliament.uk/petitions/752488,open,28,752488,2026-01-08,2026-07-08,,
Introduce a benefits payment card that can be used for essentials only,https://petition.parliament.uk/petitions/752494,open,1587,752494,2026-01-08,2026-07-08,,
Raise Bereavement Support Payment and extend beyond 18 months,https://petition.parliament.uk/petitions/752501,open,108098,752501,2026-01-08,2026-07-08,2026-06-18,
Extend ECO4 for 9 months to help businesses transition to Warm Homes Plan,https://petition.parliament.uk/petitions/752505,open,42,752505,2026-01-07,2026-07-07,,
Government to fund access to portage services by all Local Authorities,https://petition.parliament.uk/petitions/752530,open,2865,752530,2026-01-12,2026-07-12,,
Review law around treatment of animals in labs,https://petition.parliament.uk/petitions/752539,open,231,752539,2026-01-13,2026-07-13,,
Increase the current Personal Savings Allowance (PSA) from £1000 to £3000,https://petition.parliament.uk/petitions/752548,open,100,752548,2026-01-08,2026-07-08,,
Simplify the process for parents to claim entitlement to 30 Hour Free Childcare,https://petition.parliament.uk/petitions/752552,open,44,752552,2026-01-20,2026-07-20,,
Make social class a protected characteristic under the Equality Act,https://petition.parliament.uk/petitions/752554,open,389,752554,2026-01-12,2026-07-12,,
Establish national guidelines on workload for students in schools,https://petition.parliament.uk/petitions/752559,open,38,752559,2026-01-08,2026-07-08,,
Change Riding of Pedal Cycles Prohibited/no cycling sign to have a cross in it,https://petition.parliament.uk/petitions/752564,open,23,752564,2026-01-08,2026-07-08,,
Introduce child benefit voucher system for parents of more than two children,https://petition.parliament.uk/petitions/752565,open,65,752565,2026-01-13,2026-07-13,,
Suspend all UK foreign aid to nations that refuse to take back illegal migrants,https://petition.parliament.uk/petitions/752577,open,729,752577,2026-01-05,2026-07-05,,
Review UK arms exports to UAE & consider sanctions,https://petition.parliament.uk/petitions/752589,open,1051,752589,2026-01-15,2026-07-15,,
Make SEND awareness a mandatory part of primary school curriculum,https://petition.parliament.uk/petitions/752590,open,67,752590,2026-01-16,2026-07-16,,
Increase full-time Carer's Allowance to at least £840 per week,https://petition.parliament.uk/petitions/752615,open,89,752615,2026-01-14,2026-07-14,,
Keep two-child benefit cap for fairness and sustainable public spending,https://petition.parliament.uk/petitions/752621,open,313,752621,2026-01-22,2026-07-22,,
Redirect £25 million of foreign aid funding to prostate cancer screening ,https://petition.parliament.uk/petitions/752638,open,78,752638,2026-01-14,2026-07-14,,
Call a public inquiry into pro-Israel influence on politics & democracy,https://petition.parliament.uk/petitions/752646,open,118877,752646,2026-01-28,2026-07-28,2026-03-01,2026-06-22
Allow UK Hospitality Businesses to Reclaim 10% Food Costs Against quarterly VAT,https://petition.parliament.uk/petitions/752650,open,4219,752650,2026-01-13,2026-07-13,,
Review and reduce the proposed £2.20 per 10ml Vaping Products Duty,https://petition.parliament.uk/petitions/752660,open,150,752660,2026-01-14,2026-07-14,,
Make it a specific criminal offence to protest outside someone's home,https://petition.parliament.uk/petitions/752661,open,37,752661,2026-01-14,2026-07-14,,
Introduce a National Baseline Energy Guarantee for All UK Households,https://petition.parliament.uk/petitions/752663,open,43,752663,2026-01-15,2026-07-15,,
Act to ensure Bills backed by MPs & public can complete all stages in Parliament,https://petition.parliament.uk/petitions/752673,open,114757,752673,2026-02-04,2026-08-04,2026-03-16,2026-06-08
Ban 3G rubber crumb on new artificial pitches and display health info notices,https://petition.parliament.uk/petitions/752679,open,1889,752679,2026-01-20,2026-07-20,,
Require an independent review after budget statements ,https://petition.parliament.uk/petitions/752691,open,34,752691,2026-01-15,2026-07-15,,
Protect ADHD & autism Right to Choose – review NHS caps and low tariffs,https://petition.parliament.uk/petitions/752706,open,63,752706,2026-01-26,2026-07-26,,
Exempt students of all ages from the £9.90 NHS prescription charge,https://petition.parliament.uk/petitions/752712,open,33,752712,2026-01-14,2026-07-14,,
Increase the charge of single-use plastic bags in supermarkets.,https://petition.parliament.uk/petitions/752721,open,40,752721,2026-01-13,2026-07-13,,
Hold a public inquiry into organised political disinformation & hate speech,https://petition.parliament.uk/petitions/752726,open,1575,752726,2026-01-14,2026-07-14,,
Put time limits on claiming housing & welfare benefits and require job-seeking,https://petition.parliament.uk/petitions/752728,open,80,752728,2026-01-19,2026-07-19,,
Make DNA testing compulsory of every deceased person to solve unsolved crimes,https://petition.parliament.uk/petitions/752749,open,120,752749,2026-01-09,2026-07-09,,
Review of support for widows and widowers with children under 18,https://petition.parliament.uk/petitions/752751,open,239,752751,2026-01-13,2026-07-13,,
Urge for an international inquiry into Hong Kong & review current HK policies,https://petition.parliament.uk/petitions/752777,open,823,752777,2026-01-15,2026-07-15,,
Remove restrictions on Right to Buy in rural areas,https://petition.parliament.uk/petitions/752782,open,19,752782,2026-01-14,2026-07-14,,
Reduce spouse visa income requirement from £29k to £20k,https://petition.parliament.uk/petitions/752789,open,339,752789,2026-01-14,2026-07-14,,
Review welfare policies to incentivise work,https://petition.parliament.uk/petitions/752801,open,60,752801,2026-01-14,2026-07-14,,
Make 'Tragedy Chanting' online a specific criminal offence,https://petition.parliament.uk/petitions/752808,open,694,752808,2026-01-16,2026-07-16,,
Reverse ISA allowance cuts & salary-sacrifice pension contribution caps,https://petition.parliament.uk/petitions/752816,open,204,752816,2026-01-16,2026-07-16,,
Limit the percentage of computer parts AI companies can buy to 10% of UK stock,https://petition.parliament.uk/petitions/752830,open,42,752830,2026-01-26,2026-07-26,,
Fund NHS Prostate Risk Questionnaire at age 45,https://petition.parliament.uk/petitions/752846,open,533,752846,2026-01-13,2026-07-13,,
Cancel 2026 hospitality business rates revaluation & review policies,https://petition.parliament.uk/petitions/752849,open,85,752849,2026-03-17,2026-09-17,,
Introduce an NHS data opt-out & require a consultation for system expansions,https://petition.parliament.uk/petitions/752855,open,32519,752855,2026-01-14,2026-07-14,,
"Require permanent, maintained grass strips for public footpaths crossing fields",https://petition.parliament.uk/petitions/752872,open,26,752872,2026-01-23,2026-07-23,,
Make legal requirement for businesses to allow account closure easily online,https://petition.parliament.uk/petitions/752880,open,33,752880,2026-01-14,2026-07-14,,
"Fund and require trauma-informed, neurodiversity-affirming support in schools",https://petition.parliament.uk/petitions/752886,open,53,752886,2026-01-14,2026-07-14,,
"Reintroduce conscription for the military, firefighters and NHS workers",https://petition.parliament.uk/petitions/752894,open,39,752894,2026-01-23,2026-07-23,,
Make voting compulsory in the UK,https://petition.parliament.uk/petitions/752913,open,140,752913,2026-01-13,2026-07-13,,
Approve Investigative Genetic Genealogy (IGG) for Serious UK Violent Crime,https://petition.parliament.uk/petitions/752939,open,43,752939,2026-02-23,2026-08-23,,
Review of C1 Licence Medical Standards for drivers with epilepsy,https://petition.parliament.uk/petitions/752957,open,64,752957,2026-01-13,2026-07-13,,
"Require all think tanks to disclose their donors, funding, and media spending",https://petition.parliament.uk/petitions/752958,open,1278,752958,2026-01-27,2026-07-27,,
Ban the use of netting on roofs and outdoor structures,https://petition.parliament.uk/petitions/752959,open,19632,752959,2026-02-03,2026-08-03,,
Mandate First Aid & mental wellbeing training for all school staff,https://petition.parliament.uk/petitions/752963,open,328,752963,2026-01-14,2026-07-14,,
Review the law & give unmarried partners the same rights as married couples,https://petition.parliament.uk/petitions/752982,open,56,752982,2026-01-15,2026-07-15,,
Require lie detector tests for victims and people accused of sexual offences,https://petition.parliament.uk/petitions/752988,open,221,752988,2026-01-14,2026-07-14,,
Allow Welsh banks to issue their own bank notes,https://petition.parliament.uk/petitions/753012,open,41,753012,2026-02-03,2026-08-03,,
Enshrine the right for citizens to live offline in UK law,https://petition.parliament.uk/petitions/753015,open,278,753015,2026-01-15,2026-07-15,,
Remove the sole responsibility conditions for child immigration applications,https://petition.parliament.uk/petitions/753017,open,37,753017,2026-01-12,2026-07-12,,
Fund specialised psychological therapies for all NHS Mental Health inpatients,https://petition.parliament.uk/petitions/753048,open,415,753048,2026-01-19,2026-07-19,,
Introduce children's rights into the primary and secondary curriculum,https://petition.parliament.uk/petitions/753077,open,63,753077,2026-01-14,2026-07-14,,
Review and reform the Community Infrastructure Levy (CIL),https://petition.parliament.uk/petitions/753079,open,36,753079,2026-02-03,2026-08-03,,
Require shelters & temporary housing providers to allow pets for homeless people,https://petition.parliament.uk/petitions/753095,open,6946,753095,2026-01-14,2026-07-14,,
Fund a system of sleeping pods in town and city centres,https://petition.parliament.uk/petitions/753105,open,42,753105,2026-01-20,2026-07-20,,
Fund new Jewish community centres to foster cohesion and combat antisemitism.,https://petition.parliament.uk/petitions/753111,open,93,753111,2026-01-15,2026-07-15,,
Extend the time limit for maternity discrimination cases to one year,https://petition.parliament.uk/petitions/753113,open,50,753113,2026-01-28,2026-07-28,,
Nationalise public utilities & set up a committee of the public to oversee them,https://petition.parliament.uk/petitions/753124,open,165,753124,2026-01-22,2026-07-22,,
Reverse the April 2026 dividend tax rise and review its impact on SMEs,https://petition.parliament.uk/petitions/753126,open,39,753126,2026-01-14,2026-07-14,,
Introduce a Vehicle Excise Duty (VED) and MOT requirement for touring caravans,https://petition.parliament.uk/petitions/753133,open,35,753133,2026-01-16,2026-07-16,,
Scrap ILR B2 English requirements for people already in the UK on family visas,https://petition.parliament.uk/petitions/753141,open,2122,753141,2026-01-21,2026-07-21,,
"Require mental health training for all HR staff, managers and directors",https://petition.parliament.uk/petitions/753149,open,55,753149,2026-01-14,2026-07-14,,
Introduce a minimum age of 25 to work as a content creator in the adult industry,https://petition.parliament.uk/petitions/753152,open,387,753152,2026-01-15,2026-07-15,,
Introduce mandatory filming of all non-jury court proceedings in England & Wales,https://petition.parliament.uk/petitions/753166,open,59,753166,2026-01-13,2026-07-13,,
Require consent for child images in political or controversial articles,https://petition.parliament.uk/petitions/753169,open,75,753169,2026-01-26,2026-07-26,,
"Protect FCDO expertise on humanitarian, development and peace capacity from cuts",https://petition.parliament.uk/petitions/753172,open,148,753172,2026-01-14,2026-07-14,,
Remove speed limits on motorways,https://petition.parliament.uk/petitions/753174,open,42,753174,2026-01-13,2026-07-13,,
Remove VAT on all public utility bills ,https://petition.parliament.uk/petitions/753175,open,121,753175,2026-01-15,2026-07-15,,
Launch a review into improving social housing provision for families,https://petition.parliament.uk/petitions/753185,open,671,753185,2026-01-14,2026-07-14,,
Require Property Management Companies to Publish Management Annual Accounts,https://petition.parliament.uk/petitions/753195,open,218,753195,2026-01-14,2026-07-14,,
Keep the £135 customs duty relief on overseas imports ,https://petition.parliament.uk/petitions/753211,open,127,753211,2026-01-14,2026-07-14,,
"Repeal the Dangerous Dogs Act 1991, introduce new laws on penalties & education",https://petition.parliament.uk/petitions/753214,open,1913,753214,2026-01-29,2026-07-29,,
Halt aid to Tanzania & demand an investigation into violence against protesters,https://petition.parliament.uk/petitions/753239,open,86,753239,2026-01-15,2026-07-15,,
Require police to attend all welfare calls,https://petition.parliament.uk/petitions/753254,open,549,753254,2026-01-29,2026-07-29,,
Create a primary care scrutiny committee to assess the current GP crisis,https://petition.parliament.uk/petitions/753265,open,153,753265,2026-02-20,2026-08-20,,
Do not implement the business rate increases planned for April 2026,https://petition.parliament.uk/petitions/753272,open,107,753272,2026-01-14,2026-07-14,,
Make comprehensive autism training mandatory for police officers,https://petition.parliament.uk/petitions/753279,open,129,753279,2026-01-14,2026-07-14,,
Require dementia training for all patient-facing NHS staff,https://petition.parliament.uk/petitions/753286,open,120,753286,2026-01-14,2026-07-14,,
"Review railway laws & regulations to ensure safer, reliable trains",https://petition.parliament.uk/petitions/753294,open,70,753294,2026-01-16,2026-07-16,,
Increase the Carer’s Allowance to equal 35 hours at minimum wage,https://petition.parliament.uk/petitions/753308,open,605,753308,2026-01-30,2026-07-30,,
Fund and deliver a £60 million aid package for Sri Lanka,https://petition.parliament.uk/petitions/753314,open,59,753314,2026-01-16,2026-07-16,,
Require major online retailers to state the recyclability of product packaging,https://petition.parliament.uk/petitions/753324,open,35,753324,2026-02-18,2026-08-18,,
Mandatory Psychological Assessments for Childcare Staff to help protect children,https://petition.parliament.uk/petitions/753348,open,23,753348,2026-01-16,2026-07-16,,
Fund a national awareness campaign of suicide in the construction sector,https://petition.parliament.uk/petitions/753358,open,1401,753358,2026-01-27,2026-07-27,,
Stop utility shareholder dividend payouts until infrastructure upgrades complete,https://petition.parliament.uk/petitions/753360,open,132,753360,2026-01-21,2026-07-21,,
Ban the breeding of cats with extreme physical traits,https://petition.parliament.uk/petitions/753375,open,64,753375,2026-01-20,2026-07-20,,
Require all schools to provide adaptive sports equipment for disabled pupils,https://petition.parliament.uk/petitions/753379,open,145,753379,2026-01-15,2026-07-15,,
Provide a veterinary service funded by additional tax contributions,https://petition.parliament.uk/petitions/753387,open,29,753387,2026-01-21,2026-07-21,,
Launch a review of the UK construction industry,https://petition.parliament.uk/petitions/753390,open,238,753390,2026-01-19,2026-07-19,,
"Fund a universal Government Grant for all PGCE trainee teachers
",https://petition.parliament.uk/petitions/753401,open,22,753401,2026-01-16,2026-07-16,,
Fund free civil legal support for survivors of sexual violence,https://petition.parliament.uk/petitions/753415,open,1596,753415,2026-01-15,2026-07-15,,
Tax all welfare and benefits at identical rates as earned income,https://petition.parliament.uk/petitions/753426,open,510,753426,2026-01-15,2026-07-15,,
Review and Regulate AI to Protect Jobs and Prevent Mass Unemployment,https://petition.parliament.uk/petitions/753437,open,126,753437,2026-01-15,2026-07-15,,
Establish a Health & Care Commission on long-term NHS & social care reform,https://petition.parliament.uk/petitions/753438,open,90,753438,2026-01-20,2026-07-20,,
Review theory test questions on HGV hazards,https://petition.parliament.uk/petitions/753469,open,23,753469,2026-01-21,2026-07-21,,
Introduce legislation safeguarding financial access & personal data rights ,https://petition.parliament.uk/petitions/753488,open,13,753488,2026-03-30,2026-09-30,,
Require boiler service companies to comply with the Priority Service Register,https://petition.parliament.uk/petitions/753495,open,49,753495,2026-01-15,2026-07-15,,
Petition for UK Defensive Border & Rear‑Area Logistics Support to Ukraine,https://petition.parliament.uk/petitions/753516,open,426,753516,2026-01-19,2026-07-19,,
Lower the age to apply for a driving licence and take driving tests to 13,https://petition.parliament.uk/petitions/753520,open,33,753520,2026-01-27,2026-07-27,,
Expand eligibility for bereavement damages to adult children ,https://petition.parliament.uk/petitions/753549,open,60,753549,2026-01-15,2026-07-15,,
Introduce compulsory third party insurance for electric mobility scooters,https://petition.parliament.uk/petitions/753565,open,51,753565,2026-01-16,2026-07-16,,
Introduce 5yr Minimum Sentence for unlawfully carrying a Knife 3yrs Juveniles,https://petition.parliament.uk/petitions/753568,open,55182,753568,2026-01-16,2026-07-16,,
Require every serving MP to report their annual carbon footprint,https://petition.parliament.uk/petitions/753575,open,55,753575,2026-01-19,2026-07-19,,
Review misleading practices relating to government domestic solar/biomass scheme,https://petition.parliament.uk/petitions/753595,open,257,753595,2026-01-20,2026-07-20,,
Require psychological injury assessments in coercive control cases,https://petition.parliament.uk/petitions/753598,open,572,753598,2026-01-15,2026-07-15,,
Make access to free and universal healthcare a protected human right,https://petition.parliament.uk/petitions/753613,open,90,753613,2026-01-15,2026-07-15,,
Legal requirement to respond to job applicants after interview,https://petition.parliament.uk/petitions/753619,open,297,753619,2026-01-23,2026-07-23,,
Stop requiring NI contributions and Pay The Full State Pension to All,https://petition.parliament.uk/petitions/753636,open,40,753636,2026-01-20,2026-07-20,,
Legally protect nightlife venues from closure and noise complaints,https://petition.parliament.uk/petitions/753643,open,34,753643,2026-01-16,2026-07-16,,
Government to advise recognition of level III obesity as a chronic disease,https://petition.parliament.uk/petitions/753657,open,31,753657,2026-01-20,2026-07-20,,
Retain current ILR rules for dependants already living in the UK,https://petition.parliament.uk/petitions/753675,open,863,753675,2026-01-16,2026-07-16,,
Require a minimum percentage of all parking to be for disabled people,https://petition.parliament.uk/petitions/753676,open,43,753676,2026-01-19,2026-07-19,,
Funding for local authorities and police tackle noise from short-term lets,https://petition.parliament.uk/petitions/753681,open,29,753681,2026-01-21,2026-07-21,,
Create a mandatory money protection deposit scheme when buying a used car,https://petition.parliament.uk/petitions/753707,open,23,753707,2026-01-20,2026-07-20,,
Extend ELCAS claim period for Armed Forces Personnel after leaving service,https://petition.parliament.uk/petitions/753714,open,78,753714,2026-01-16,2026-07-16,,
Update building regulations to require more women’s toilets in public buildings.,https://petition.parliament.uk/petitions/753731,open,718,753731,2026-01-16,2026-07-16,,
​Mandate stricter childcare staff ratios: In-room presence & 2:1 qualified staff,https://petition.parliament.uk/petitions/753737,open,40,753737,2026-01-16,2026-07-16,,
Make horse tethering on roads and pavements illegal,https://petition.parliament.uk/petitions/753742,open,60,753742,2026-01-20,2026-07-20,,
Make AI job replacement illegal,https://petition.parliament.uk/petitions/753745,open,219,753745,2026-01-16,2026-07-16,,
Remove all tax reliefs granted to all religious groups,https://petition.parliament.uk/petitions/753777,open,81,753777,2026-01-26,2026-07-26,,
Ban the sale and use of rat poison due to the negative impact on wildlife,https://petition.parliament.uk/petitions/753779,open,330,753779,2026-01-19,2026-07-19,,
Allow child maintenance payslip deductions without notifying the paying parent,https://petition.parliament.uk/petitions/753784,open,239,753784,2026-02-05,2026-08-05,,
DEFRA Pursue UK Wide Monitoring & Publication of Farmed Salmon Safety & Welfare,https://petition.parliament.uk/petitions/753787,open,617,753787,2026-03-06,2026-09-06,,
Recognise garlic and onion allergies within UK food allergen regulations,https://petition.parliament.uk/petitions/753797,open,238,753797,2026-01-20,2026-07-20,,
Change Universal Credit so second parent earnings don't affect family’s payment,https://petition.parliament.uk/petitions/753800,open,26,753800,2026-01-19,2026-07-19,,
Build 60 new 800-bed hospitals,https://petition.parliament.uk/petitions/753807,open,35,753807,2026-01-26,2026-07-26,,
Ban Low Traffic Neighbourhood schemes,https://petition.parliament.uk/petitions/753808,open,49,753808,2026-01-19,2026-07-19,,
UK Government to suspend all Aid to India whilst they get oil from Russia.,https://petition.parliament.uk/petitions/753816,open,83,753816,2026-01-19,2026-07-19,,
Government to reverse delay on mayoral elections in the UK,https://petition.parliament.uk/petitions/753831,open,924,753831,2026-01-19,2026-07-19,,
Government to support calls to unify Northern Afghanistan and Tajikistan,https://petition.parliament.uk/petitions/753833,open,56,753833,2026-01-19,2026-07-19,,
Introduce a Kannada language GCSE,https://petition.parliament.uk/petitions/753842,open,627,753842,2026-01-20,2026-07-20,,
Provide funding to make 25% of all public loos stoma friendly,https://petition.parliament.uk/petitions/753860,open,2176,753860,2026-01-21,2026-07-21,,
Require homebuilders to supply detailed electrical/plumbing plans post-purchase,https://petition.parliament.uk/petitions/753871,open,70,753871,2026-02-02,2026-08-02,,
Referendum to rejoin the single market and customs union,https://petition.parliament.uk/petitions/753877,open,124,753877,2026-01-20,2026-07-20,,
Scrap the Secretary of State for Scotland and the Scotland Office,https://petition.parliament.uk/petitions/753890,open,45,753890,2026-01-20,2026-07-20,,
Expand the offence of wasting police time to social services and anonymous tips,https://petition.parliament.uk/petitions/753894,open,32,753894,2026-01-20,2026-07-20,,
Classify reindeer as domesticated farm animals and end Zoo Licensing requirement,https://petition.parliament.uk/petitions/753904,open,2975,753904,2026-01-16,2026-07-16,,
Review how ebooks could be made cheaper for libraries,https://petition.parliament.uk/petitions/753915,open,91,753915,2026-01-23,2026-07-23,,
Make the Apprentice National Minimum Wage means tested ,https://petition.parliament.uk/petitions/753918,open,29,753918,2026-01-22,2026-07-22,,
Limit council tax increases to the lowest of either inflation or 5%,https://petition.parliament.uk/petitions/753921,open,448,753921,2026-01-21,2026-07-21,,
Repeal Section 127 of the Communications Act 2003,https://petition.parliament.uk/petitions/753925,open,55,753925,2026-01-20,2026-07-20,,
Make abuse of school staff a specific offence,https://petition.parliament.uk/petitions/753942,open,38,753942,2026-01-20,2026-07-20,,
"Classify English Rail Projects as England-Only, Not England & Wales",https://petition.parliament.uk/petitions/753949,open,65,753949,2026-01-26,2026-07-26,,
Require vets to provide free lifesaving care for pets,https://petition.parliament.uk/petitions/753958,open,80,753958,2026-01-20,2026-07-20,,
Create a UK Rights Charter to replace the EU Charter,https://petition.parliament.uk/petitions/753971,open,48,753971,2026-02-02,2026-08-02,,
Require health professionals to always inform partners of HIV diagnoses,https://petition.parliament.uk/petitions/753981,open,180,753981,2026-01-22,2026-07-22,,
Make it illegal for DVLA to share vehicle keeper data with private companies,https://petition.parliament.uk/petitions/753985,open,268,753985,2026-01-26,2026-07-26,,
Make Medicine Prescriptions Free for Asthma Pump Users,https://petition.parliament.uk/petitions/753986,open,192,753986,2026-01-22,2026-07-22,,
Ban commercial dog breeding while rescues are over capacity,https://petition.parliament.uk/petitions/753989,open,70,753989,2026-02-05,2026-08-05,,
Introduce a national information campaign informing expectant mothers about CMV,https://petition.parliament.uk/petitions/753995,open,30,753995,2026-01-21,2026-07-21,,
Require all AI musicians and songs to have a visible AI notice,https://petition.parliament.uk/petitions/753997,open,1820,753997,2026-01-20,2026-07-20,,
Ban airlines setting cabin bag size limits below overhead locker capacity,https://petition.parliament.uk/petitions/753998,open,135,753998,2026-01-21,2026-07-21,,
Fund more British Sign Language (BSL) interpreters in the emergency services,https://petition.parliament.uk/petitions/754013,open,7861,754013,2026-01-20,2026-07-20,,
Review private parking regulation,https://petition.parliament.uk/petitions/754025,open,74,754025,2026-01-26,2026-07-26,,
Amend VAT rates to Extend Zero Rating to include Educational Facilities,https://petition.parliament.uk/petitions/754041,open,25,754041,2026-01-28,2026-07-28,,
Review traffic enforcement policies & mandate bolder signage & advance warnings ,https://petition.parliament.uk/petitions/754054,open,36,754054,2026-02-18,2026-08-18,,
"Increase the personal tax allowance for single adult households to £15,000",https://petition.parliament.uk/petitions/754057,open,152,754057,2026-01-28,2026-07-28,,
Provide funding to dig out and clean all rivers,https://petition.parliament.uk/petitions/754061,open,76,754061,2026-01-27,2026-07-27,,
Require 1st and 2nd class postage to be combined and delivered 6 days per week,https://petition.parliament.uk/petitions/754086,open,54,754086,2026-02-06,2026-08-06,,
Strengthen self-defence rights for adults who intervene to protect children,https://petition.parliament.uk/petitions/754092,open,52,754092,2026-03-10,2026-09-10,,
Fund local community litter crews and fund education around littering,https://petition.parliament.uk/petitions/754099,open,1094,754099,2026-02-06,2026-08-06,,
Review family planning support for parents who lose custody,https://petition.parliament.uk/petitions/754102,open,21,754102,2026-01-29,2026-07-29,,
Retain 5-year ILR Pathway for LGBTIQ+ Refugees in the UK,https://petition.parliament.uk/petitions/754112,open,327,754112,2026-01-23,2026-07-23,,
Change the Census Act to mandate a census every 5 years,https://petition.parliament.uk/petitions/754113,open,53,754113,2026-02-09,2026-08-09,,
Ban supermarkets from throwing away or destroying unsold safe food,https://petition.parliament.uk/petitions/754118,open,224,754118,2026-01-22,2026-07-22,,
Ban private car parking companies,https://petition.parliament.uk/petitions/754131,open,116,754131,2026-01-21,2026-07-21,,
Ban the use of solid fuel/ wood burning stoves in residential areas,https://petition.parliament.uk/petitions/754146,open,107,754146,2026-01-21,2026-07-21,,
Create one-off amnesty with extra tax obligation for undocumented people,https://petition.parliament.uk/petitions/754152,open,10668,754152,2026-01-23,2026-07-23,,
Ban all convicted child sex offenders from using social media,https://petition.parliament.uk/petitions/754182,open,2207,754182,2026-01-21,2026-07-21,,
Require family court to refer findings of abuse & coercive control to the police,https://petition.parliament.uk/petitions/754183,open,62,754183,2026-01-26,2026-07-26,,
"Stop mental health, ADHD & autism services review. Adopt report recommendations",https://petition.parliament.uk/petitions/754192,open,1607,754192,2026-01-26,2026-07-26,,
Remove NPPF Paragraph 11(d) and Footnote 8 to Help Protect Green Spaces,https://petition.parliament.uk/petitions/754195,open,1358,754195,2026-01-28,2026-07-28,,
Apply to re-join the Customs Union,https://petition.parliament.uk/petitions/754234,open,130,754234,2026-01-26,2026-07-26,,
Add “accent” as a protected characteristic under Section 4 of the Equality Act,https://petition.parliament.uk/petitions/754258,open,34,754258,2026-02-04,2026-08-04,,
Make courier service disclosure mandatory in online transactions,https://petition.parliament.uk/petitions/754264,open,104,754264,2026-01-23,2026-07-23,,
Allow all ILR holders to bring parents and in-laws to UK as dependants,https://petition.parliament.uk/petitions/754275,open,14,754275,2026-02-17,2026-08-17,,
Ban exports of recyclable waste to non-OECD countries,https://petition.parliament.uk/petitions/754279,open,68,754279,2026-01-23,2026-07-23,,
Extend the time limit to 10 years for medical negligence claims for ill patients,https://petition.parliament.uk/petitions/754286,open,59,754286,2026-01-29,2026-07-29,,
"Raise the standard tax-free Personal Allowance to £45,000",https://petition.parliament.uk/petitions/754291,open,92,754291,2026-01-23,2026-07-23,,
Fund Free TV licences for all pensioners.,https://petition.parliament.uk/petitions/754292,open,47662,754292,2026-01-21,2026-07-21,,
Mandate petitionable new elections if govt has under 25% UK electorate support,https://petition.parliament.uk/petitions/754296,open,253,754296,2026-01-30,2026-07-30,,
Commission a full Independent Review of Council Tax and Stamp Duty,https://petition.parliament.uk/petitions/754331,open,77389,754331,2026-01-23,2026-07-23,,
Require airports allow taxis & private hires 15 minutes free access to car parks,https://petition.parliament.uk/petitions/754335,open,54,754335,2026-01-23,2026-07-23,,
Ban all face coverings on school grounds for the security,https://petition.parliament.uk/petitions/754349,open,98,754349,2026-01-26,2026-07-26,,
Review Working Hours Sponsorship Rules for Domiciliary Care Providers & Workers,https://petition.parliament.uk/petitions/754384,open,28,754384,2026-01-23,2026-07-23,,
Do not ban children from using virtual private networks,https://petition.parliament.uk/petitions/754408,open,5653,754408,2026-01-23,2026-07-23,,
Organisation with 50 or more employees to report on inclusion and belonging,https://petition.parliament.uk/petitions/754409,open,70,754409,2026-01-23,2026-07-23,,
Mandate public transport operators prohibit balaclavas except religious/medical,https://petition.parliament.uk/petitions/754415,open,127,754415,2026-01-23,2026-07-23,,
Extend the Recall of MPs Act to cover MPs who change or leave political party,https://petition.parliament.uk/petitions/754418,open,109,754418,2026-01-26,2026-07-26,,
Review regulation of crossbows and introduce licensing,https://petition.parliament.uk/petitions/754420,open,70,754420,2026-01-23,2026-07-23,,
Urge Israeli Government to stop law allowing execution of Palestinian prisoners,https://petition.parliament.uk/petitions/754432,open,114028,754432,2026-02-04,2026-08-04,2026-04-05,
Fund free bus travel for all post-16 students,https://petition.parliament.uk/petitions/754450,open,234,754450,2026-01-26,2026-07-26,,
Bring all social care into the public sector under the NHS & stop means testing,https://petition.parliament.uk/petitions/754458,open,57,754458,2026-01-27,2026-07-27,,
"Increase New State Pension and pay to all, abolish the old Basic State Pension.",https://petition.parliament.uk/petitions/754460,open,256,754460,2026-01-30,2026-07-30,,
Make it a criminal offense to park across a drive or drop kerb,https://petition.parliament.uk/petitions/754477,open,96,754477,2026-01-26,2026-07-26,,
Protect the Function of the Architect in UK Law,https://petition.parliament.uk/petitions/754489,open,4258,754489,2026-01-23,2026-07-23,,
Create and fund a national holiday and respite grant scheme for disabled adults,https://petition.parliament.uk/petitions/754492,open,386,754492,2026-02-19,2026-08-19,,
Review the UK Novel Foods Regs to allow medical mushrooms for human consumption,https://petition.parliament.uk/petitions/754498,open,220,754498,2026-01-26,2026-07-26,,
Require proof of license when selling speed pedelecs ,https://petition.parliament.uk/petitions/754504,open,35,754504,2026-01-23,2026-07-23,,
Scrap the TV Licence,https://petition.parliament.uk/petitions/754524,open,1164,754524,2026-02-06,2026-08-06,,
Give parents the right to claim tax refunds for children's education expenses,https://petition.parliament.uk/petitions/754556,open,1211,754556,2026-01-26,2026-07-26,,
Fund Cervical Length Check at 12-Week Scan to Help Prevent Preterm Births,https://petition.parliament.uk/petitions/754567,open,103,754567,2026-02-04,2026-08-04,,
Scrap 5-year IPP licence cutoff & mandate victim support at release,https://petition.parliament.uk/petitions/754570,open,18,754570,2026-02-11,2026-08-11,,
"Abolish the effective Tax rate of 60% on income between £100,000 and £125,140",https://petition.parliament.uk/petitions/754584,open,2175,754584,2026-01-23,2026-07-23,,
Hold a referendum on devolution and a new nation in the North of England,https://petition.parliament.uk/petitions/754587,open,443,754587,2026-01-27,2026-07-27,,
Ban companies from using any personal data to train AI without explicit consent,https://petition.parliament.uk/petitions/754592,open,221,754592,2026-01-27,2026-07-27,,
Require supermarkets have someone on tills at all times,https://petition.parliament.uk/petitions/754593,open,321,754593,2026-02-05,2026-08-05,,
Give patients a right to receive a medical second opinion,https://petition.parliament.uk/petitions/754603,open,262,754603,2026-01-23,2026-07-23,,
Check that MPs’ declarations of financial interests are full and accurate,https://petition.parliament.uk/petitions/754615,open,128,754615,2026-01-30,2026-07-30,,
"Require faster eviction process, and improve protections for landlords in PRS",https://petition.parliament.uk/petitions/754639,open,16284,754639,2026-01-26,2026-07-26,,
Scrap route to ILR for children born in the UK with 7 years continuous residence,https://petition.parliament.uk/petitions/754640,open,43,754640,2026-01-23,2026-07-23,,
Create an NHS for animals,https://petition.parliament.uk/petitions/754642,open,85,754642,2026-01-26,2026-07-26,,
Abolish business rates for UK pubs and hospitality businesses ,https://petition.parliament.uk/petitions/754654,open,282,754654,2026-01-26,2026-07-26,,
Stop T-Levels replacing funding for BTecs ,https://petition.parliament.uk/petitions/754691,open,28,754691,2026-01-26,2026-07-26,,
Make it illegal for restraint to be used against children in residential care,https://petition.parliament.uk/petitions/754709,open,48,754709,2026-02-06,2026-08-06,,
Make the BBC a fully-mutual body based on licence-fee payers,https://petition.parliament.uk/petitions/754714,open,39,754714,2026-02-04,2026-08-04,,
Fund an NHS pelvic floor exercise app that is free to all,https://petition.parliament.uk/petitions/754719,open,95,754719,2026-02-03,2026-08-03,,
Require FCA regulation of proprietary trading firms operating in the UK,https://petition.parliament.uk/petitions/754761,open,24,754761,2026-01-26,2026-07-26,,
"Amend the Animal Welfare (Import of Dogs, Cats and Ferrets) Act for rescued pets",https://petition.parliament.uk/petitions/754768,open,41,754768,2026-02-03,2026-08-03,,
Review laws around flying drones above and near all ports,https://petition.parliament.uk/petitions/754769,open,39,754769,2026-01-26,2026-07-26,,
Mandate green waste bins collected all year around,https://petition.parliament.uk/petitions/754788,open,27,754788,2026-01-28,2026-07-28,,
Give families an additional tax-free allowance for each child,https://petition.parliament.uk/petitions/754811,open,367,754811,2026-01-26,2026-07-26,,
Reform probate law to regulate executor powers & protect beneficiaries’ rights,https://petition.parliament.uk/petitions/754823,open,39,754823,2026-02-03,2026-08-03,,
"Grant visas & scholarships for Palestinian students, collaborate with Gazan Unis",https://petition.parliament.uk/petitions/754830,open,2060,754830,2026-02-03,2026-08-03,,
Apply the same restrictions on HFSS products marketing to alcohol,https://petition.parliament.uk/petitions/754832,open,23,754832,2026-01-30,2026-07-30,,
Ban all use of AI in the UK,https://petition.parliament.uk/petitions/754836,open,480,754836,2026-02-09,2026-08-09,,
Do not remove the 10% wear and tear allowance for childminders from April 2026,https://petition.parliament.uk/petitions/754843,open,19964,754843,2026-01-27,2026-07-27,,
Allow care workers to access 5-year ILR route like other health and care workers,https://petition.parliament.uk/petitions/754848,open,665,754848,2026-02-26,2026-08-26,,
Ban the use of all pest control methods against pigeons,https://petition.parliament.uk/petitions/754850,open,740,754850,2026-02-03,2026-08-03,,
Expand the 'Enough' campaign to include violence against men,https://petition.parliament.uk/petitions/754875,open,67,754875,2026-02-20,2026-08-20,,
"Review decision to end the ECO scheme, assess the economic and social impact",https://petition.parliament.uk/petitions/754887,open,156,754887,2026-01-29,2026-07-29,,
Require all benefit claimants to “sign on” in person every month to get benefit,https://petition.parliament.uk/petitions/754890,open,100,754890,2026-02-03,2026-08-03,,
Require Disclosure of All Pesticide Residues and Processing Aids on Food Labels,https://petition.parliament.uk/petitions/754897,open,157,754897,2026-02-06,2026-08-06,,
Fund more NF1 specialists and regular monitoring and support for NF1 patients,https://petition.parliament.uk/petitions/754909,open,42,754909,2026-02-24,2026-08-24,,
Increase domestic violence maximum sentences and penalties & reform bail laws,https://petition.parliament.uk/petitions/754914,open,216,754914,2026-02-03,2026-08-03,,
Government to require all car park operators to provide contactless payments,https://petition.parliament.uk/petitions/754921,open,532,754921,2026-01-29,2026-07-29,,
Require government to secure consent by referendum to delay a local election,https://petition.parliament.uk/petitions/754925,open,114,754925,2026-01-30,2026-07-30,,
Raise the age to 18 for receiving Disability Living Allowance,https://petition.parliament.uk/petitions/754936,open,76,754936,2026-02-12,2026-08-12,,
Make Christmas Eve a bank holiday,https://petition.parliament.uk/petitions/754943,open,92,754943,2026-01-27,2026-07-27,,
Government to place limit on taxi licences and out-of-area use,https://petition.parliament.uk/petitions/754952,open,36,754952,2026-01-29,2026-07-29,,
"Fund high-quality, non-partisan political and citizenship teaching resources",https://petition.parliament.uk/petitions/754954,open,1170,754954,2026-02-11,2026-08-11,,
Require clinicians to review full patient history before diagnosis or discharge,https://petition.parliament.uk/petitions/754970,open,42,754970,2026-02-20,2026-08-20,,
Require schools to teach British Sign Language from Key Stage 2 & at GCSE,https://petition.parliament.uk/petitions/754981,open,285,754981,2026-02-04,2026-08-04,,
Allow spouses to receive 3 years worth of their deceased partner’s state pension,https://petition.parliament.uk/petitions/755004,open,68,755004,2026-02-04,2026-08-04,,
Save Old Devonian/Celtic Devonian language by making it a protected language,https://petition.parliament.uk/petitions/755034,open,42,755034,2026-02-04,2026-08-04,,
Launch a review of eligibility for the Rural Fuel Duty Relief Scheme,https://petition.parliament.uk/petitions/755041,open,594,755041,2026-02-04,2026-08-04,,
Repeal laws that restrict the right to free speech in the UK,https://petition.parliament.uk/petitions/755081,open,205,755081,2026-03-06,2026-09-06,,
Review safeguards to stop marriage fraud – to protect UK citizens from Visa scam,https://petition.parliament.uk/petitions/755091,open,825,755091,2026-01-30,2026-07-30,,
Require all UK MPs and Ministers to take and pass the Citizenship Test,https://petition.parliament.uk/petitions/755094,open,127,755094,2026-02-05,2026-08-05,,
Increase driving test fees to £85 to pay for more examiners to clear backlog,https://petition.parliament.uk/petitions/755097,open,28,755097,2026-02-02,2026-08-02,,
Fund and Implement a 24/7 National Mental Health Crisis Response Service,https://petition.parliament.uk/petitions/755098,open,89,755098,2026-01-28,2026-07-28,,
Strengthen enforcement against ghost and illegal number plates,https://petition.parliament.uk/petitions/755099,open,42,755099,2026-01-28,2026-07-28,,
Fund accommodation for all prison leavers,https://petition.parliament.uk/petitions/755113,open,554,755113,2026-02-02,2026-08-02,,
Stop the ban on trail hunting,https://petition.parliament.uk/petitions/755123,open,23980,755123,2026-02-02,2026-08-02,,
Urgent review of CPS decision making for domestic abuse and coercive control,https://petition.parliament.uk/petitions/755129,open,68,755129,2026-01-28,2026-07-28,,
Require a referendum and 2 years' notice for any major constitutional changes,https://petition.parliament.uk/petitions/755131,open,80,755131,2026-01-29,2026-07-29,,
Repeal UK Laws Restricting Speech & Pass 'Free Speech Act' like US 1st Amendment,https://petition.parliament.uk/petitions/755132,open,279,755132,2026-03-11,2026-09-11,,
Require vets to inform owners if medicine is available cheaper elsewhere,https://petition.parliament.uk/petitions/755135,open,69,755135,2026-01-30,2026-07-30,,
Mandate CPI-Linked Coverage Increases for Existing Pet Insurance Policyholders,https://petition.parliament.uk/petitions/755151,open,33,755151,2026-01-30,2026-07-30,,
Remove driving licence renewal restrictions for type 1 diabetics,https://petition.parliament.uk/petitions/755162,open,29,755162,2026-02-02,2026-08-02,,
Stop using the fair maintainable trade calculation for pubs’ business rates ,https://petition.parliament.uk/petitions/755196,open,494,755196,2026-02-13,2026-08-13,,
"Change Companies House ID process: immediate, one-time ID verification",https://petition.parliament.uk/petitions/755202,open,45,755202,2026-02-16,2026-08-16,,
Condemn Thai actions against Cambodia & support Cambodian sovereignty and peace,https://petition.parliament.uk/petitions/755208,open,40,755208,2026-02-24,2026-08-24,,
Review rising costs & financial pressures on the UK hospitality sector,https://petition.parliament.uk/petitions/755209,open,71,755209,2026-02-04,2026-08-04,,
Mandate whole-life sentence for knife-related murders & stricter penalties,https://petition.parliament.uk/petitions/755213,open,2820,755213,2026-02-03,2026-08-03,,
Make it a legal requirement for dog owners to have insurance,https://petition.parliament.uk/petitions/755221,open,62,755221,2026-02-03,2026-08-03,,
Urge the Bangladeshi Government to protect Bangladeshi Hindus from violence,https://petition.parliament.uk/petitions/755233,open,66,755233,2026-02-16,2026-08-16,,
Permit childminders to claim funding for children who they are related to,https://petition.parliament.uk/petitions/755249,open,21,755249,2026-02-17,2026-08-17,,
Create a 3-digit national phone number for domestic abuse and VAWG,https://petition.parliament.uk/petitions/755261,open,37,755261,2026-02-05,2026-08-05,,
Make it a criminal offence to collect street donations if not a charity,https://petition.parliament.uk/petitions/755263,open,911,755263,2026-02-09,2026-08-09,,
 Give State Pension to all at 60 and increase it to equal 48hrs of Living Wage.,https://petition.parliament.uk/petitions/755283,open,351,755283,2026-02-10,2026-08-10,,
Give home fee status to students who came as dependents & with no settled status,https://petition.parliament.uk/petitions/755284,open,570,755284,2026-02-23,2026-08-23,,
End the practice of placing children for adoption in NAI cases ,https://petition.parliament.uk/petitions/755289,open,23,755289,2026-02-02,2026-08-02,,
Require review hearings for all Child Arrangements Orders,https://petition.parliament.uk/petitions/755291,open,109,755291,2026-02-06,2026-08-06,,
Amend avian flu regulations to allow the vaccination of swans and wildfowl,https://petition.parliament.uk/petitions/755292,open,399,755292,2026-01-30,2026-07-30,,
Suspend Council Tax collection in areas with delays to Local Elections,https://petition.parliament.uk/petitions/755322,open,168,755322,2026-01-30,2026-07-30,,
Amend law to complete the UK’s transition from use of miles to kilometres,https://petition.parliament.uk/petitions/755323,open,126,755323,2026-01-30,2026-07-30,,
"Make Christmas Eve, New Year’s Eve & 2 January bank holidays & seek UK alignment",https://petition.parliament.uk/petitions/755344,open,58,755344,2026-02-11,2026-08-11,,
Give father access to birth registration appointment if present at the birth,https://petition.parliament.uk/petitions/755361,open,69,755361,2026-02-03,2026-08-03,,
Don't spend £800m to insure the Bayeux Tapestry - use it for community projects,https://petition.parliament.uk/petitions/755375,open,55,755375,2026-02-06,2026-08-06,,
Do not implement a ban on the use of aversive dog training tools,https://petition.parliament.uk/petitions/755382,open,893,755382,2026-02-02,2026-08-02,,
Instant and permanent driving ban for failing a blood alcohol concentration test,https://petition.parliament.uk/petitions/755414,open,60,755414,2026-02-10,2026-08-10,,
Fund mandatory safety upgrades for all public transport vehicles by 2028,https://petition.parliament.uk/petitions/755423,open,20,755423,2026-02-09,2026-08-09,,
Expand statutory SEN allowance entitlement to Teaching Assistants in SEN schools,https://petition.parliament.uk/petitions/755446,open,1332,755446,2026-02-10,2026-08-10,,
Ensure Christian worship places are offered to other denominations before resale,https://petition.parliament.uk/petitions/755449,open,69,755449,2026-02-03,2026-08-03,,
Legislate to require all invoices to be paid within 21 days of receipt,https://petition.parliament.uk/petitions/755455,open,181,755455,2026-02-10,2026-08-10,,
Ban vapes for under 21 year olds,https://petition.parliament.uk/petitions/755457,open,83,755457,2026-01-30,2026-07-30,,
Mandate automatic external defibrillators (AEDs) in all new vehicles,https://petition.parliament.uk/petitions/755462,open,36,755462,2026-02-02,2026-08-02,,
Reverse the state pension age back to 60 for women & 65 for men,https://petition.parliament.uk/petitions/755497,open,2122,755497,2026-02-02,2026-08-02,,
"Government to commit to 654,000+ new homes a Year in England for 10 Years",https://petition.parliament.uk/petitions/755527,open,99,755527,2026-01-30,2026-07-30,,
Introduce prison sentences for deliberate cruelty to wild birds including pigeon,https://petition.parliament.uk/petitions/755534,open,22083,755534,2026-01-30,2026-07-30,,
Exempt Carer’s Allowance in benefit calculations ,https://petition.parliament.uk/petitions/755554,open,122,755554,2026-02-13,2026-08-13,,
Make it law that every habited property must have a working smoke detector,https://petition.parliament.uk/petitions/755564,open,22,755564,2026-03-11,2026-09-11,,
Make St David's Day a Bank holiday in Wales,https://petition.parliament.uk/petitions/755574,open,50,755574,2026-02-10,2026-08-10,,
Invest to create more parking spaces at hospitals across the country,https://petition.parliament.uk/petitions/755583,open,51,755583,2026-02-05,2026-08-05,,
Government to fix private pension access age at 55,https://petition.parliament.uk/petitions/755590,open,62,755590,2026-01-30,2026-07-30,,
Increase fines and make councils remove fly tipping from farms & nature reserve,https://petition.parliament.uk/petitions/755600,open,105,755600,2026-02-09,2026-08-09,,
Seek regulation with other governments of cross-Channel ferry & rail services,https://petition.parliament.uk/petitions/755606,open,43,755606,2026-02-23,2026-08-23,,
Amend the Government’s statutory school guidance to tackle misandry,https://petition.parliament.uk/petitions/755610,open,45,755610,2026-02-05,2026-08-05,,
"Reform bail, sentencing and sex offender registration for child sexual offences",https://petition.parliament.uk/petitions/755617,open,66,755617,2026-02-06,2026-08-06,,
Ban mid-contract price hikes on mobile phones and home broadband,https://petition.parliament.uk/petitions/755642,open,173,755642,2026-02-17,2026-08-17,,
"Bring back 75% business rates relief for retail, hospitality & leisure sectors",https://petition.parliament.uk/petitions/755650,open,243,755650,2026-02-09,2026-08-09,,
Ban the sale of rope toys for animals,https://petition.parliament.uk/petitions/755652,open,53,755652,2026-01-30,2026-07-30,,
Fund green spaces for communities impacted by major infrastructure developments,https://petition.parliament.uk/petitions/755657,open,51,755657,2026-02-10,2026-08-10,,
Require able-to-work benefit claimants to participate in community work schemes,https://petition.parliament.uk/petitions/755659,open,83,755659,2026-02-16,2026-08-16,,
Ban water company bill hikes & reduce shareholder dividends to fund repairs ,https://petition.parliament.uk/petitions/755660,open,215,755660,2026-02-20,2026-08-20,,
Give Local councils more funding & new powers to evict council house tenants,https://petition.parliament.uk/petitions/755661,open,57,755661,2026-02-03,2026-08-03,,
"Fund & require new, stronger gates at train stations to stop fare evaders",https://petition.parliament.uk/petitions/755663,open,31,755663,2026-02-09,2026-08-09,,
Revise the eVED Taxation on Plug-in Hybrid Vehicles (PHEVs),https://petition.parliament.uk/petitions/755668,open,289,755668,2026-02-12,2026-08-12,,
Allow radio operators to install antennas & masts without planning permission,https://petition.parliament.uk/petitions/755675,open,3468,755675,2026-02-10,2026-08-10,,
Legislate for the statutory regulation of 'Counsellor' and 'Psychotherapist',https://petition.parliament.uk/petitions/755706,open,4021,755706,2026-02-03,2026-08-03,,
Introduce a progressive system of penalties for speeding offences in 20mph zones,https://petition.parliament.uk/petitions/755709,open,45,755709,2026-02-10,2026-08-10,,
 Ban all supermarkets from throwing away edible food & require their donation,https://petition.parliament.uk/petitions/755710,open,176,755710,2026-02-11,2026-08-11,,
Require fireworks to be sold only through the fire service with registration,https://petition.parliament.uk/petitions/755713,open,74,755713,2026-02-03,2026-08-03,,
"Mandate the installation of panic alarms in all licensed pubs, bars & clubs",https://petition.parliament.uk/petitions/755726,open,21,755726,2026-02-10,2026-08-10,,
"Launch a cross departmental review into school term times, holiday care & work",https://petition.parliament.uk/petitions/755734,open,65,755734,2026-02-25,2026-08-25,,
Mandate use of motorway cameras and technology to catch lane hoggers,https://petition.parliament.uk/petitions/755739,open,40,755739,2026-02-02,2026-08-02,,
Introduce a refundable deposit for booking NHS appointments,https://petition.parliament.uk/petitions/755743,open,29,755743,2026-02-20,2026-08-20,,
Fund a new government-backed animal cruelty policing unit,https://petition.parliament.uk/petitions/755755,open,10660,755755,2026-02-10,2026-08-10,,
Review ways for children with ECHPs to go to mainstream schools and colleges,https://petition.parliament.uk/petitions/755758,open,21,755758,2026-02-06,2026-08-06,,
Withdraw from jurisdiction of European Court of Human Rights (ECtHR),https://petition.parliament.uk/petitions/755760,open,195,755760,2026-02-03,2026-08-03,,
Require NHS to start priority triage & discharge pathways for dementia patients,https://petition.parliament.uk/petitions/755763,open,674,755763,2026-02-03,2026-08-03,,
Make domestic battery installations mandatory for new homes under the FHS,https://petition.parliament.uk/petitions/755772,open,38,755772,2026-02-06,2026-08-06,,
Ban electronic shelf labels in shops,https://petition.parliament.uk/petitions/755781,open,66,755781,2026-02-10,2026-08-10,,
Require all healthcare services to provide free parking for medical students,https://petition.parliament.uk/petitions/755788,open,35,755788,2026-02-04,2026-08-04,,
 Introduce UK Safe Haven Laws & fund baby boxes,https://petition.parliament.uk/petitions/755794,open,53,755794,2026-02-10,2026-08-10,,
Review March 2024 rule on migrants bringing dependants to UK,https://petition.parliament.uk/petitions/755801,open,43,755801,2026-02-23,2026-08-23,,
Fund the NHS to provide all services free at the point of use,https://petition.parliament.uk/petitions/755809,open,43,755809,2026-02-10,2026-08-10,,
Create a rising tax rate system and set an effective maximum income level,https://petition.parliament.uk/petitions/755810,open,29,755810,2026-02-10,2026-08-10,,
Require all forms of public transport to have compulsory quiet areas,https://petition.parliament.uk/petitions/755812,open,57,755812,2026-02-10,2026-08-10,,
Require prisons to separate visiting children from all sex offenders,https://petition.parliament.uk/petitions/755817,open,33,755817,2026-02-18,2026-08-18,,
"Reform Child Maintenance Service, strengthen processes to protect paying parent",https://petition.parliament.uk/petitions/755824,open,629,755824,2026-02-06,2026-08-06,,
 Ban public use of fireworks on New Year’s Eve & promote quieter alternatives,https://petition.parliament.uk/petitions/755828,open,131,755828,2026-02-10,2026-08-10,,
Require employers to pay unused annual leave or carry it over to the next year,https://petition.parliament.uk/petitions/755829,open,61,755829,2026-02-05,2026-08-05,,
Require all new magistrates to hold a law degree or independent legal experience,https://petition.parliament.uk/petitions/755845,open,63,755845,2026-02-11,2026-08-11,,
Provide funding for legal advice & representation for Armed Forces personnel,https://petition.parliament.uk/petitions/755854,open,120,755854,2026-02-10,2026-08-10,,
Require Protection for Cultural Identity of Gypsy & Traveller Children in Care,https://petition.parliament.uk/petitions/755857,open,866,755857,2026-02-04,2026-08-04,,
Ban banks from denying service to sex workers because of their work,https://petition.parliament.uk/petitions/755863,open,1579,755863,2026-02-05,2026-08-05,,
"Fund screening of prostate cancer for all men over 50, every 2 years",https://petition.parliament.uk/petitions/755872,open,108,755872,2026-02-05,2026-08-05,,
Sanction USA for military action in Venezuela and the removal of its president ,https://petition.parliament.uk/petitions/755876,open,106,755876,2026-02-06,2026-08-06,,
Allow the use of Polygraph test results as evidence in Family Court cases,https://petition.parliament.uk/petitions/755881,open,58,755881,2026-02-04,2026-08-04,,
Apply to adopt the Euro currency,https://petition.parliament.uk/petitions/755882,open,90,755882,2026-02-05,2026-08-05,,
Ban the sale and use of indoor fireworks,https://petition.parliament.uk/petitions/755883,open,297,755883,2026-02-04,2026-08-04,,
Condemn the US' military intervention in Venezuela,https://petition.parliament.uk/petitions/755890,open,100,755890,2026-02-03,2026-08-03,,
Review support for FND sufferers and waiting times for treatment,https://petition.parliament.uk/petitions/755906,open,65,755906,2026-02-10,2026-08-10,,
Fully fund Good/Outstanding residential care for all people living with dementia,https://petition.parliament.uk/petitions/755912,open,123,755912,2026-02-10,2026-08-10,,
Reduce income tax rate for parents,https://petition.parliament.uk/petitions/755919,open,31,755919,2026-02-05,2026-08-05,,
Cap car insurance premiums for under-21s,https://petition.parliament.uk/petitions/755923,open,136,755923,2026-02-10,2026-08-10,,
Reinstate the physical Biometric Residence Permits,https://petition.parliament.uk/petitions/755927,open,87,755927,2026-02-10,2026-08-10,,
Mandate default and activated parental control on all consumer home routers,https://petition.parliament.uk/petitions/755941,open,2910,755941,2026-02-04,2026-08-04,,
Review the evidence and fund the addition of SMA to the Newborn Screening Test,https://petition.parliament.uk/petitions/755980,open,150065,755980,2026-02-09,2026-08-09,2026-02-13,2026-06-22
Make all court and tribunal transcripts available free of charge,https://petition.parliament.uk/petitions/756036,open,203824,756036,2026-02-05,2026-08-05,2026-02-10,2026-03-23
"Review Equality Act 2010 to protect Transgender, Non-binary & Intersex people",https://petition.parliament.uk/petitions/756041,open,417,756041,2026-04-29,2026-10-29,,
Make catfishing a specific criminal offence under coercive control laws,https://petition.parliament.uk/petitions/756069,open,49,756069,2026-02-10,2026-08-10,,
"Revise and make statutory the Voluntary Code of Practice for Food on the Go
",https://petition.parliament.uk/petitions/756075,open,1671,756075,2026-02-09,2026-08-09,,
Allow emergency travel documents for British children born to overseas surrogacy,https://petition.parliament.uk/petitions/756095,open,269,756095,2026-02-23,2026-08-23,,
Implement a rent cap on private rents matching the LHA to reduce overcrowding,https://petition.parliament.uk/petitions/756107,open,73,756107,2026-02-06,2026-08-06,,
"Create a free, government-backed retraining programme for adults",https://petition.parliament.uk/petitions/756110,open,25,756110,2026-02-11,2026-08-11,,
"Hold a public inquiry into the planning, analysis and delivery of Brexit",https://petition.parliament.uk/petitions/756111,open,42,756111,2026-02-11,2026-08-11,,
Launch a public inquiry into the long-term effects of national austerity,https://petition.parliament.uk/petitions/756112,open,31,756112,2026-02-11,2026-08-11,,
Rolling General Election: 20% of seats elected each year in first week of May,https://petition.parliament.uk/petitions/756116,open,89,756116,2026-02-23,2026-08-23,,
Review roadworks rules to prevent unnecessary lane closures,https://petition.parliament.uk/petitions/756125,open,38,756125,2026-04-15,2026-10-15,,
Expel all US military personnel and close all US military bases in the UK,https://petition.parliament.uk/petitions/756133,open,4507,756133,2026-02-05,2026-08-05,,
Scrap Payments on Account and increase self-employed personal allowance to £20k,https://petition.parliament.uk/petitions/756134,open,157,756134,2026-02-05,2026-08-05,,
Require local councils to accept shared ownership purchase of their properties,https://petition.parliament.uk/petitions/756135,open,21,756135,2026-02-09,2026-08-09,,
Require all employers to include parental leave policies in job listings,https://petition.parliament.uk/petitions/756136,open,1713,756136,2026-02-09,2026-08-09,,
Require all schools to start at 10AM,https://petition.parliament.uk/petitions/756158,open,100,756158,2026-02-19,2026-08-19,,
Require all owned cats to be neutered,https://petition.parliament.uk/petitions/756160,open,431,756160,2026-02-16,2026-08-16,,
Launch a review into increasing the teaching of LGBTQ education in schools,https://petition.parliament.uk/petitions/756162,open,94,756162,2026-02-19,2026-08-19,,
Provide funding for Veterans to remain in care homes,https://petition.parliament.uk/petitions/756170,open,117,756170,2026-02-04,2026-08-04,,
 Fund annual prostate screening for all members of the UK Armed Forces,https://petition.parliament.uk/petitions/756175,open,26,756175,2026-02-11,2026-08-11,,
Allow unpaid trainee teachers on placement to access 30 hours of free childcare,https://petition.parliament.uk/petitions/756188,open,185,756188,2026-02-10,2026-08-10,,
Recognise Cultic Abuse in Statutory Safeguarding Guidance,https://petition.parliament.uk/petitions/756194,open,381,756194,2026-02-06,2026-08-06,,
Do not introduce a Brexit 'reset' bill,https://petition.parliament.uk/petitions/756199,open,235,756199,2026-02-10,2026-08-10,,
Increase available support for people with young-onset dementia,https://petition.parliament.uk/petitions/756207,open,101,756207,2026-02-09,2026-08-09,,
Fund routine blood test at 6-8 weeks for post partum mothers,https://petition.parliament.uk/petitions/756218,open,29,756218,2026-02-11,2026-08-11,,
Reduce age required for historic/classic vehicle status from 40 to 30 years,https://petition.parliament.uk/petitions/756228,open,95,756228,2026-02-05,2026-08-05,,
Let low-income parents take kids on short term-time holidays without fines,https://petition.parliament.uk/petitions/756232,open,53,756232,2026-02-05,2026-08-05,,
Mandate testing to stop PFAS and toxic chemicals in products sold across the UK,https://petition.parliament.uk/petitions/756244,open,136,756244,2026-02-11,2026-08-11,,
Change The Legal Gambling age to 16,https://petition.parliament.uk/petitions/756248,open,23,756248,2026-02-05,2026-08-05,,
Abolish the Office of the Children’s Commissioner,https://petition.parliament.uk/petitions/756250,open,319,756250,2026-02-20,2026-08-20,,
Replace age verification process set out in Online Safety Act to voucher system,https://petition.parliament.uk/petitions/756256,open,145,756256,2026-02-10,2026-08-10,,
Require banks to allow customers to set maximum caps on Direct Debit payments,https://petition.parliament.uk/petitions/756279,open,35,756279,2026-02-18,2026-08-18,,
Ban HGV overtaking on motorways to help improve safety and traffic flow,https://petition.parliament.uk/petitions/756284,open,43,756284,2026-02-12,2026-08-12,,
Require schools to accept part-time working requests for people with children,https://petition.parliament.uk/petitions/756304,open,19,756304,2026-03-13,2026-09-13,,
Condemn attacks on Kurds in North Syria & use diplomatic pressure to bring peace,https://petition.parliament.uk/petitions/756339,open,50,756339,2026-02-12,2026-08-12,,
"Increase Personal Income Tax allowance to £14,000 to cover the State Pension",https://petition.parliament.uk/petitions/756340,open,875,756340,2026-02-06,2026-08-06,,
Require cooling off period with no-fee cancellation for UK flights,https://petition.parliament.uk/petitions/756355,open,24,756355,2026-02-11,2026-08-11,,
Make it mandatory for horse riders to wear body protection and helmets,https://petition.parliament.uk/petitions/756364,open,63,756364,2026-02-10,2026-08-10,,
Use a permanent implanted tracker for murderers released on licence,https://petition.parliament.uk/petitions/756367,open,353,756367,2026-02-19,2026-08-19,,
Establish a legal right to have a bank account,https://petition.parliament.uk/petitions/756369,open,48,756369,2026-03-06,2026-09-06,,
 Ban the UK & constituent nation flags’ use for political purposes,https://petition.parliament.uk/petitions/756377,open,36,756377,2026-02-10,2026-08-10,,
Do not introduce 6 month rule before learner drivers can take a test,https://petition.parliament.uk/petitions/756397,open,53,756397,2026-02-06,2026-08-06,,
Don't lower the blood alcohol levels for driving in the New Road Safety Strategy,https://petition.parliament.uk/petitions/756401,open,52,756401,2026-02-25,2026-08-25,,
Ban AI chatbots while they are capable of creating Child Sexual Abuse Material,https://petition.parliament.uk/petitions/756415,open,117,756415,2026-02-11,2026-08-11,,
UK must act now & condemn the killing of Kurdish civilians in Rojava & Rojhilat,https://petition.parliament.uk/petitions/756419,open,295,756419,2026-02-06,2026-08-06,,
Create a national database of convicted animal abusers,https://petition.parliament.uk/petitions/756424,open,10937,756424,2026-02-06,2026-08-06,,
Fund new-born screening and more treatment for MPS Hurler syndrome,https://petition.parliament.uk/petitions/756426,open,155,756426,2026-02-20,2026-08-20,,
Require panels of lay people to review abattoir CCTV footage for potential abuse,https://petition.parliament.uk/petitions/756427,open,1435,756427,2026-02-09,2026-08-09,,
"Require that all vehicles (except emergency services) are limited to 70mph
",https://petition.parliament.uk/petitions/756433,open,49,756433,2026-02-19,2026-08-19,,
Increase waterway dredging to help prevent flooding,https://petition.parliament.uk/petitions/756459,open,265,756459,2026-02-12,2026-08-12,,
Mandatory 50% female jury representation for trials of rape & violence vs women,https://petition.parliament.uk/petitions/756471,open,601,756471,2026-03-24,2026-09-24,,
Require the issuance of new death certificates for those containing errors,https://petition.parliament.uk/petitions/756473,open,58,756473,2026-02-23,2026-08-23,,
Publish a decision on the Park Home Sales Commission in 2026,https://petition.parliament.uk/petitions/756494,open,9646,756494,2026-02-13,2026-08-13,,
Fund temporary suitable housing for children with life-limiting illnesses,https://petition.parliament.uk/petitions/756501,open,1755,756501,2026-04-09,2026-10-09,,
Make Carbohydrate Labelling Mandatory in all Restaurants and food establishments,https://petition.parliament.uk/petitions/756509,open,447,756509,2026-02-06,2026-08-06,,
"Change the term ""lifetime sex offender registration” to reflect it is reviewable",https://petition.parliament.uk/petitions/756530,open,66,756530,2026-02-27,2026-08-27,,
Remain neutral in foreign conflicts,https://petition.parliament.uk/petitions/756551,open,73,756551,2026-02-16,2026-08-16,,
Withdraw UK commitment to 2030 UN Agenda for Sustainable Development,https://petition.parliament.uk/petitions/756553,open,51,756553,2026-02-20,2026-08-20,,
Call on Denmark to invoke NATO's Article 4 due to USA's statements on Greenland,https://petition.parliament.uk/petitions/756560,open,38,756560,2026-02-10,2026-08-10,,
Create a formal appeal process for Coroners’ inquests,https://petition.parliament.uk/petitions/756573,open,194,756573,2026-02-20,2026-08-20,,
Require tax agents to share liability for errors in tax returns they prepare,https://petition.parliament.uk/petitions/756597,open,154,756597,2026-02-11,2026-08-11,,
Ban councils from using third party litter enforcement companies,https://petition.parliament.uk/petitions/756606,open,193,756606,2026-02-10,2026-08-10,,
Review category tyre fitment to vehicles specific to seasonal conditions,https://petition.parliament.uk/petitions/756633,open,16,756633,2026-02-10,2026-08-10,,
Repeal Net Zero targets & Climate Change Act. Stop Renewable energy expansion,https://petition.parliament.uk/petitions/756685,open,1671,756685,2026-02-17,2026-08-17,,
Hold an inquiry into Healthcare Professionals dying by suicide.,https://petition.parliament.uk/petitions/756688,open,708,756688,2026-02-11,2026-08-11,,
Allocate share of per-pupil education funding to support home-educated children,https://petition.parliament.uk/petitions/756691,open,188,756691,2026-02-20,2026-08-20,,
Fund free NHS dental treatment for injuries from domestic abuse or violence,https://petition.parliament.uk/petitions/756692,open,125,756692,2026-02-11,2026-08-11,,
"Give children 5 school days of ""bookable"" leave per academic year ",https://petition.parliament.uk/petitions/756693,open,376,756693,2026-02-11,2026-08-11,,
Set a maximum 6‑month diagnosis target for endometriosis,https://petition.parliament.uk/petitions/756697,open,3205,756697,2026-02-10,2026-08-10,,
Increase the Local Housing Allowance and freeze private rents,https://petition.parliament.uk/petitions/756698,open,69,756698,2026-03-02,2026-09-02,,
Have a set maximum amount for child maintenance per child.,https://petition.parliament.uk/petitions/756699,open,101,756699,2026-02-17,2026-08-17,,
Explicitly exclude sex offenders from accessing children’s data under CWS Bill,https://petition.parliament.uk/petitions/756708,open,1122,756708,2026-02-13,2026-08-13,,
Reduce school to 4 days a week and have optional extra activities,https://petition.parliament.uk/petitions/756710,open,135,756710,2026-02-26,2026-08-26,,
 Scrap the Immigration Health Surcharge for those living & working in the UK,https://petition.parliament.uk/petitions/756712,open,480,756712,2026-02-13,2026-08-13,,
Fund free oral health checks for people with diabetes as part of NHS care,https://petition.parliament.uk/petitions/756720,open,273,756720,2026-02-11,2026-08-11,,
Make petrol and diesel tax free,https://petition.parliament.uk/petitions/756728,open,411,756728,2026-02-10,2026-08-10,,
Stop any inclusion of financial penalty clauses in future UK–EU agreements,https://petition.parliament.uk/petitions/756729,open,39,756729,2026-02-10,2026-08-10,,
Fund information campaign for secondary school teachers about generative AI,https://petition.parliament.uk/petitions/756733,open,55,756733,2026-02-20,2026-08-20,,
Fund legal aid for all applicants for NMO and Occupation Orders,https://petition.parliament.uk/petitions/756753,open,35,756753,2026-02-16,2026-08-16,,
Replace RPI with CPI in the calculation of interest added to student loans,https://petition.parliament.uk/petitions/756763,open,100,756763,2026-02-23,2026-08-23,,
Introduce mandatory neutering of non-breeding cats,https://petition.parliament.uk/petitions/756765,open,283,756765,2026-02-10,2026-08-10,,
Ban all public airports from charging drop-off and pick-up fees,https://petition.parliament.uk/petitions/756767,open,470,756767,2026-02-20,2026-08-20,,
Review the digitisation of UK telephone lines,https://petition.parliament.uk/petitions/756771,open,228,756771,2026-02-17,2026-08-17,,
"Make a dog injuring or killing a cat a specific offence
",https://petition.parliament.uk/petitions/756774,open,2866,756774,2026-02-19,2026-08-19,,
"Sever UK-Iran ties, withdraw recognition of Iran’s regime & expel all diplomats",https://petition.parliament.uk/petitions/756775,open,26336,756775,2026-02-10,2026-08-10,,
Mandate that all Council and Parliamentary Candidates have an Enhanced DBS check,https://petition.parliament.uk/petitions/756785,open,1841,756785,2026-02-16,2026-08-16,,
Send 140 surplus Challenger 2 tanks to Ukraine for defence.,https://petition.parliament.uk/petitions/756794,open,38,756794,2026-02-10,2026-08-10,,
Pause Children's Wellbeing and Schools Bill for consultation with children,https://petition.parliament.uk/petitions/756811,open,4393,756811,2026-02-16,2026-08-16,,
Reduce Vehicle Excise Duty by 50% for vehicles aged 20 to 39 years,https://petition.parliament.uk/petitions/756814,open,52549,756814,2026-02-06,2026-08-06,,
"Close the Borders!
Suspend all immigration for 5 years",https://petition.parliament.uk/petitions/756821,open,2380,756821,2026-02-10,2026-08-10,,
Abolish interest charges on student loans,https://petition.parliament.uk/petitions/756832,open,23471,756832,2026-02-11,2026-08-11,,
 Increase 30 free hours childcare availability to cover 52 weeks per year,https://petition.parliament.uk/petitions/756848,open,393,756848,2026-02-11,2026-08-11,,
Conduct a review on the national emergency response to Storm Goretti,https://petition.parliament.uk/petitions/756852,open,22,756852,2026-02-17,2026-08-17,,
Improve food labelling laws to clearly list all ingredients,https://petition.parliament.uk/petitions/756883,open,208,756883,2026-02-18,2026-08-18,,
Require all coats for school age children to have reflective strips,https://petition.parliament.uk/petitions/756899,open,40,756899,2026-02-12,2026-08-12,,
Amend the Employment Rights Act to reflect promises made in the manifesto,https://petition.parliament.uk/petitions/756922,open,21,756922,2026-03-12,2026-09-12,,
End the Use of Bearskin in the Kings Guard Headgear,https://petition.parliament.uk/petitions/756935,open,168,756935,2026-02-11,2026-08-11,,
Fund bus travel free for everyone under 18 years old,https://petition.parliament.uk/petitions/756936,open,42,756936,2026-02-12,2026-08-12,,
Require access to online features without subscription fees in paid video games,https://petition.parliament.uk/petitions/756938,open,58,756938,2026-02-12,2026-08-12,,
"Prioritise NHS training based on experience, not immigration status",https://petition.parliament.uk/petitions/756952,open,1208,756952,2026-02-12,2026-08-12,,
Fund free female sanitary products for all women and girls,https://petition.parliament.uk/petitions/756958,open,11398,756958,2026-02-09,2026-08-09,,
Make Inclusive Playgrounds Mandatory in All New and Upgraded Parks ,https://petition.parliament.uk/petitions/756959,open,362,756959,2026-02-16,2026-08-16,,
Require all ATMs to be fitted with an emergency alert button,https://petition.parliament.uk/petitions/756964,open,47,756964,2026-02-11,2026-08-11,,
Commission an independent inquiry into social care and social work,https://petition.parliament.uk/petitions/757005,open,476,757005,2026-02-16,2026-08-16,,
Ban AI-generated images in the advertising of beauty and cosmetic products,https://petition.parliament.uk/petitions/757018,open,145,757018,2026-02-12,2026-08-12,,
Mandate enforceable standards and timeframes for police investigations,https://petition.parliament.uk/petitions/757049,open,89,757049,2026-03-02,2026-09-02,,
Make British politics compulsory in the secondary school curriculum,https://petition.parliament.uk/petitions/757061,open,109,757061,2026-02-23,2026-08-23,,
Review NHS Guidance to Protect Vulnerable Adults in Community Care,https://petition.parliament.uk/petitions/757064,open,83,757064,2026-02-13,2026-08-13,,
Improve access to Parliament’s work for people with learning difficulties,https://petition.parliament.uk/petitions/757072,open,210,757072,2026-02-16,2026-08-16,,
Require a by-election if MPs / Councillors change parties or become independent,https://petition.parliament.uk/petitions/757091,open,88,757091,2026-02-20,2026-08-20,,
Cap failed payment fees for individuals and small businesses,https://petition.parliament.uk/petitions/757098,open,26,757098,2026-02-12,2026-08-12,,
Ban the use of electronic device loudspeakers in public & require headphone use,https://petition.parliament.uk/petitions/757099,open,128,757099,2026-02-20,2026-08-20,,
Seek a joint UK-French force to counter illegal migration & fund joint training,https://petition.parliament.uk/petitions/757110,open,29,757110,2026-02-20,2026-08-20,,
Put diplomatic pressure on Syria & Turkey to protect Kurds & other minorities,https://petition.parliament.uk/petitions/757124,open,119,757124,2026-02-23,2026-08-23,,
Do not roll out digital IDs,https://petition.parliament.uk/petitions/757131,open,1149,757131,2026-02-17,2026-08-17,,
Ban companies from charging single people higher prices for holidays,https://petition.parliament.uk/petitions/757134,open,56,757134,2026-02-12,2026-08-12,,
Require social workers to use body-worn cameras during statutory visits,https://petition.parliament.uk/petitions/757141,open,7932,757141,2026-02-16,2026-08-16,,
Remove the Reverse Charge VAT for trade contractors and subcontractors,https://petition.parliament.uk/petitions/757149,open,20,757149,2026-02-20,2026-08-20,,
Allow qualified driving instructors to also act as examiners to cut test backlog,https://petition.parliament.uk/petitions/757160,open,31,757160,2026-02-11,2026-08-11,,
Amend standing orders: give right of reply to any MP/party mentioned in Commons,https://petition.parliament.uk/petitions/757166,open,183,757166,2026-02-20,2026-08-20,,
Require energy companies to allow changing from smart meter to traditional one,https://petition.parliament.uk/petitions/757175,open,71,757175,2026-02-13,2026-08-13,,
Reinstate supply of triamcinolone injections in the UK for keloids & alopecia,https://petition.parliament.uk/petitions/757180,open,88,757180,2026-03-19,2026-09-19,,
Require & fund all public sector buildings to be fully wheelchair accessible,https://petition.parliament.uk/petitions/757192,open,46,757192,2026-02-23,2026-08-23,,
Increase lifetime ISA House Price Cap in line with inflation,https://petition.parliament.uk/petitions/757202,open,95,757202,2026-03-03,2026-09-03,,
Don't introduce essentials-only benefit cards and protect claimants’ freedom,https://petition.parliament.uk/petitions/757205,open,281,757205,2026-02-26,2026-08-26,,
Replace ban with regulated license system for certain dog breeds,https://petition.parliament.uk/petitions/757207,open,36,757207,2026-02-17,2026-08-17,,
Include GMC accredited degrees from UK medical campuses outside of the UK,https://petition.parliament.uk/petitions/757208,open,1055,757208,2026-02-17,2026-08-17,,
Parental Bereavement Legislation on par with UK Maternity/Paternity Legislation,https://petition.parliament.uk/petitions/757216,open,28,757216,2026-02-13,2026-08-13,,
Negotiate exemption to the 90/180 Schengen travel rule for professional drivers,https://petition.parliament.uk/petitions/757221,open,177,757221,2026-02-13,2026-08-13,,
Do not ban social media for under 16s,https://petition.parliament.uk/petitions/757233,open,215238,757233,2026-02-11,2026-08-11,2026-06-15,
"Mandate a ""One-Click to Cancel"" button for all online subscriptions",https://petition.parliament.uk/petitions/757238,open,84,757238,2026-02-16,2026-08-16,,
Ban abortions after 24 weeks due to Down's syndrome diagnosis,https://petition.parliament.uk/petitions/757242,open,260,757242,2026-02-17,2026-08-17,,
Fund more research into gynaecological health from current 2.4%,https://petition.parliament.uk/petitions/757244,open,194,757244,2026-02-16,2026-08-16,,
Fund more reasonable adjustments in NHS primary care for autistic people,https://petition.parliament.uk/petitions/757246,open,98,757246,2026-02-18,2026-08-18,,
Review requirements of reversing test in HGV class 1 training,https://petition.parliament.uk/petitions/757247,open,25,757247,2026-02-17,2026-08-17,,
"Make it compulsory for children to wear gloves ice skating
",https://petition.parliament.uk/petitions/757251,open,28115,757251,2026-02-17,2026-08-17,,
Review staff ratios for educational and early years settings based on need,https://petition.parliament.uk/petitions/757252,open,50,757252,2026-02-16,2026-08-16,,
Do not implement Age-Based Eye Testing for Drivers Over 70 Years of Age,https://petition.parliament.uk/petitions/757263,open,1352,757263,2026-03-25,2026-09-25,,
Legally require employers to publish staff disability numbers,https://petition.parliament.uk/petitions/757279,open,30,757279,2026-02-16,2026-08-16,,
Introduce clear statutory rules and guidance on rent abatement,https://petition.parliament.uk/petitions/757295,open,25,757295,2026-02-16,2026-08-16,,
Amend laws permitting telecommunications infrastructure installation,https://petition.parliament.uk/petitions/757298,open,991,757298,2026-02-23,2026-08-23,,
Ban smart technology and introduced stricter probation rules for sex offenders,https://petition.parliament.uk/petitions/757299,open,39,757299,2026-02-27,2026-08-27,,
Fund free NHS prescriptions for students and under-25s in England,https://petition.parliament.uk/petitions/757309,open,174,757309,2026-02-16,2026-08-16,,
Mandate yearly exams in secondary school ,https://petition.parliament.uk/petitions/757320,open,17,757320,2026-02-16,2026-08-16,,
End funding for military interventions overseas and spend taxes in the UK.,https://petition.parliament.uk/petitions/757328,open,117,757328,2026-02-16,2026-08-16,,
Government to review funding and regulations for Medical Fitness to drive,https://petition.parliament.uk/petitions/757348,open,739,757348,2026-02-17,2026-08-17,,
Make Monday a half day for all secondary schools,https://petition.parliament.uk/petitions/757349,open,33,757349,2026-02-13,2026-08-13,,
Create a legal entitlement to two weeks’ paid bereavement leave for employees,https://petition.parliament.uk/petitions/757353,open,219,757353,2026-02-16,2026-08-16,,
Allow all share owners to be named on the share register after dematerialisation,https://petition.parliament.uk/petitions/757355,open,19,757355,2026-02-27,2026-08-27,,
Ban people posting images of nude or partially undressed children online,https://petition.parliament.uk/petitions/757382,open,336,757382,2026-02-13,2026-08-13,,
Allow visually impaired people to drive with bioptic glasses,https://petition.parliament.uk/petitions/757397,open,21,757397,2026-02-20,2026-08-20,,
Fund an increase in school meal sizes,https://petition.parliament.uk/petitions/757407,open,23,757407,2026-02-16,2026-08-16,,
Ensure Peaceful Protesting Outside Animal-Testing Facilities Is Not Criminalised,https://petition.parliament.uk/petitions/757413,open,99,757413,2026-02-19,2026-08-19,,
Require all LAs in England to publish why children enter elective home-ed,https://petition.parliament.uk/petitions/757424,open,55,757424,2026-02-17,2026-08-17,,
Nationalise water companies to make water a non profit publicly owned asset,https://petition.parliament.uk/petitions/757426,open,29211,757426,2026-02-25,2026-08-25,,
Ban client side scanning (CSS) of private communications on personal devices,https://petition.parliament.uk/petitions/757427,open,299,757427,2026-02-23,2026-08-23,,
"Legislate for statutory regulation and protection of the title ""Engineer""",https://petition.parliament.uk/petitions/757438,open,281,757438,2026-02-18,2026-08-18,,
Review and reassess the UK ban on Kava (Piper methysticum),https://petition.parliament.uk/petitions/757448,open,119,757448,2026-02-17,2026-08-17,,
Mandatory psychological assessments for injectable cosmetic treatments,https://petition.parliament.uk/petitions/757449,open,19,757449,2026-02-19,2026-08-19,,
Make adultery illegal,https://petition.parliament.uk/petitions/757469,open,24,757469,2026-02-18,2026-08-18,,
"Ensure no-one ""ages out"" of dependent status during parents' 10-year ILR route",https://petition.parliament.uk/petitions/757472,open,17,757472,2026-03-10,2026-09-10,,
Review levels of pay for Teachers' Maternity Leave,https://petition.parliament.uk/petitions/757473,open,838,757473,2026-02-17,2026-08-17,,
Subsidise cost of private therapy for those on NHS mental health waiting lists,https://petition.parliament.uk/petitions/757475,open,85,757475,2026-02-17,2026-08-17,,
Make lobbying for private gain entirely illegal in the UK,https://petition.parliament.uk/petitions/757476,open,72,757476,2026-02-18,2026-08-18,,
Ban palm oil in all food that is sold and manufactured in the UK,https://petition.parliament.uk/petitions/757495,open,303,757495,2026-02-19,2026-08-19,,
Introduce national support standards for autistic children with PDA,https://petition.parliament.uk/petitions/757502,open,16713,757502,2026-02-20,2026-08-20,,
Provide funding to partially cover costs of private healthcare,https://petition.parliament.uk/petitions/757511,open,35,757511,2026-02-17,2026-08-17,,
Introduce a statutory duty to acknowledge and support menstrual health.,https://petition.parliament.uk/petitions/757523,open,35,757523,2026-02-17,2026-08-17,,
Align foreign & trade policy with EU and set steps towards closer integration,https://petition.parliament.uk/petitions/757542,open,50,757542,2026-02-17,2026-08-17,,
Remove 6 year limit on paying voluntary NI Contributions to repair gap in record,https://petition.parliament.uk/petitions/757552,open,30,757552,2026-02-18,2026-08-18,,
Ban No Caller ID phone calls,https://petition.parliament.uk/petitions/757567,open,58,757567,2026-02-17,2026-08-17,,
Allow full-time students who provide 35+ hours care to receive Carer’s Allowance,https://petition.parliament.uk/petitions/757581,open,32,757581,2026-02-17,2026-08-17,,
Mandate Standardised Bricklaying Pay Rates Across the UK,https://petition.parliament.uk/petitions/757608,open,39,757608,2026-02-20,2026-08-20,,
Create a health ID card for emergencies,https://petition.parliament.uk/petitions/757615,open,43,757615,2026-02-17,2026-08-17,,
Review of mandatory cat microchipping and informed consent requirements,https://petition.parliament.uk/petitions/757619,open,85,757619,2026-02-24,2026-08-24,,
"Reduce roadside littering: penalty points, increase fines, fund litter picks",https://petition.parliament.uk/petitions/757624,open,9144,757624,2026-02-23,2026-08-23,,
Introduce mandatory email route for customer feedback for companies which email,https://petition.parliament.uk/petitions/757633,open,40,757633,2026-02-20,2026-08-20,,
Review suitability of NHS mental health services for Neurodivergent people,https://petition.parliament.uk/petitions/757635,open,306,757635,2026-02-23,2026-08-23,,
"Public inquiry: NHS care standards for the elderly, disabled & chronically ill",https://petition.parliament.uk/petitions/757645,open,64,757645,2026-02-18,2026-08-18,,
Review need for a national standard of care for children with cerebral palsy,https://petition.parliament.uk/petitions/757651,open,767,757651,2026-02-24,2026-08-24,,
Review the student loan system and explore alternatives,https://petition.parliament.uk/petitions/757658,open,65,757658,2026-02-25,2026-08-25,,
Ringfence 75% of all VED revenue raised to be reinvested in road system,https://petition.parliament.uk/petitions/757719,open,85,757719,2026-03-05,2026-09-05,,
Raise VED road tax for cars registered before April 2017 to at least £195 a year,https://petition.parliament.uk/petitions/757727,open,26,757727,2026-02-23,2026-08-23,,
Transition the UK Nuclear Deterrent to Full Strategic and Technical Independence,https://petition.parliament.uk/petitions/757730,open,75,757730,2026-02-27,2026-08-27,,
"Cap student loan interest rates at inflation (CPI), do not apply retrospectively",https://petition.parliament.uk/petitions/757740,open,247,757740,2026-02-27,2026-08-27,,
Disregard compensation paid to injured service personnel from UC calculation,https://petition.parliament.uk/petitions/757758,open,12764,757758,2026-02-26,2026-08-26,,
Legislate for the repair of potholes within a time frame in the UK.,https://petition.parliament.uk/petitions/757761,open,139,757761,2026-03-17,2026-09-17,,
Require teachers to follow the school uniform standards as pupils,https://petition.parliament.uk/petitions/757763,open,47,757763,2026-02-23,2026-08-23,,
Introduce a 10 year minimum sentence for manslaughter,https://petition.parliament.uk/petitions/757769,open,71,757769,2026-03-10,2026-09-10,,
Government to advise monarch to refuse/cancel state visits with hostile powers,https://petition.parliament.uk/petitions/757772,open,5031,757772,2026-02-20,2026-08-20,,
Do Not Scrap the 1265 Directed Time Provision for Teachers,https://petition.parliament.uk/petitions/757792,open,10456,757792,2026-02-19,2026-08-19,,
"Fund improvement to PCOS, Endometriosis, and Fertility Health care and treatment",https://petition.parliament.uk/petitions/757794,open,7101,757794,2026-02-19,2026-08-19,,
Make children eligible for Bereavement Support Payment after death of a parent,https://petition.parliament.uk/petitions/757803,open,48,757803,2026-03-24,2026-09-24,,
New criminal offence for paedophile hunters to post online before a conviction,https://petition.parliament.uk/petitions/757806,open,40,757806,2026-02-20,2026-08-20,,
Fund and distribute first-period boxes through schools and healthcare settings,https://petition.parliament.uk/petitions/757823,open,121,757823,2026-02-20,2026-08-20,,
Require primary legislation & referendum for any council restructure proposal,https://petition.parliament.uk/petitions/757826,open,114,757826,2026-03-05,2026-09-05,,
Protect Skilled Care Workers Affected by Sponsor Licence Revocation,https://petition.parliament.uk/petitions/757832,open,375,757832,2026-02-19,2026-08-19,,
Require employers to give employees a paid day of leave on their birthday,https://petition.parliament.uk/petitions/757848,open,32,757848,2026-02-19,2026-08-19,,
Government ban on social media to be for under 13s only,https://petition.parliament.uk/petitions/757849,open,14733,757849,2026-02-19,2026-08-19,,
Introduce Romanian into the GCSE Curriculum,https://petition.parliament.uk/petitions/757859,open,3620,757859,2026-02-19,2026-08-19,,
"Fund £1,500 towards a first car for everyone who passes their driving test",https://petition.parliament.uk/petitions/757861,open,21,757861,2026-02-27,2026-08-27,,
Require HMRC to issue a mandatory questionnaire on how taxes should be spent,https://petition.parliament.uk/petitions/757862,open,74,757862,2026-02-23,2026-08-23,,
Allow mortgage interest to be deducted when calculating taxable rental income.,https://petition.parliament.uk/petitions/757864,open,5767,757864,2026-02-19,2026-08-19,,
Create power to permanently remove vehicles from dangerous/undocumented drivers,https://petition.parliament.uk/petitions/757875,open,54,757875,2026-03-12,2026-09-12,,
Include more modern and diverse authors in the GCSE English curriculum,https://petition.parliament.uk/petitions/757879,open,81,757879,2026-02-23,2026-08-23,,
Ban people with any criminal conviction from standing for Mayor,https://petition.parliament.uk/petitions/757888,open,113,757888,2026-02-20,2026-08-20,,
Create independent body to regulate pay practices for private hire drivers,https://petition.parliament.uk/petitions/757890,open,365,757890,2026-02-23,2026-08-23,,
Government to commence the Medical Training (Prioritisation) Bill in 2027,https://petition.parliament.uk/petitions/757919,open,287,757919,2026-02-20,2026-08-20,,
All advice centres should receive statutory funding from local authorities,https://petition.parliament.uk/petitions/757940,open,54,757940,2026-02-24,2026-08-24,,
Fund crisis support signs on motorway and railway bridges ,https://petition.parliament.uk/petitions/757944,open,529,757944,2026-02-20,2026-08-20,,
Ban the use of Prong collars and Electric Shock Collars on Dogs and Cats in UK,https://petition.parliament.uk/petitions/757947,open,791,757947,2026-02-20,2026-08-20,,
Introduce lessons on neurodivergence to the curriculum for all children,https://petition.parliament.uk/petitions/757963,open,91,757963,2026-02-23,2026-08-23,,
Add 'None of the above' as an option to every list of constituency candidates,https://petition.parliament.uk/petitions/757966,open,53,757966,2026-05-18,2026-11-18,,
Review of guidance parents receive after a Patau’s syndrome diagnosis,https://petition.parliament.uk/petitions/757974,open,617,757974,2026-02-26,2026-08-26,,
Require all social media platforms to verify identity of accounts,https://petition.parliament.uk/petitions/757983,open,40,757983,2026-02-18,2026-08-18,,
Create an Education Travel Tax Relief scheme to offset peak holiday costs,https://petition.parliament.uk/petitions/757994,open,25,757994,2026-02-24,2026-08-24,,
Introduce 5-year ILR route with mandatory volunteer service for UK graduates ,https://petition.parliament.uk/petitions/757995,open,48,757995,2026-02-23,2026-08-23,,
Increase funding for NHS counsellors and review current referral pathways,https://petition.parliament.uk/petitions/757998,open,53,757998,2026-02-20,2026-08-20,,
Ban MPs from having second jobs except in NHS,https://petition.parliament.uk/petitions/758001,open,401,758001,2026-02-24,2026-08-24,,
Formal recognition of climate-displaced people within the asylum system,https://petition.parliament.uk/petitions/758005,open,159,758005,2026-02-24,2026-08-24,,
Ban atmospheric geoengineering in UK,https://petition.parliament.uk/petitions/758008,open,42607,758008,2026-02-24,2026-08-24,,
Ban employers from requiring job applicants to have an address,https://petition.parliament.uk/petitions/758013,open,51,758013,2026-02-25,2026-08-25,,
Increase funding for information on dangers of high blood pressure in pregnancy,https://petition.parliament.uk/petitions/758019,open,299,758019,2026-02-20,2026-08-20,,
Seek to negotiate recognition of licences exempting dogs under the DDA across UK,https://petition.parliament.uk/petitions/758020,open,52,758020,2026-02-20,2026-08-20,,
Allow self-builders to use their LISA for building costs not just land purchase,https://petition.parliament.uk/petitions/758023,open,21,758023,2026-03-06,2026-09-06,,
Increase HMRC Mileage Allowance to 70p per mile,https://petition.parliament.uk/petitions/758025,open,3453,758025,2026-03-11,2026-09-11,,
UC must cover housing costs following marriage breakdown in forces accommodation,https://petition.parliament.uk/petitions/758027,open,27,758027,2026-02-20,2026-08-20,,
Government must act to help stop Christian persecution in India,https://petition.parliament.uk/petitions/758033,open,123,758033,2026-02-20,2026-08-20,,
Fund a mandatory NHS wide digital patient record across all NHS hospitals,https://petition.parliament.uk/petitions/758039,open,49,758039,2026-03-20,2026-09-20,,
Limit the use of fully autonomous AI systems to make high-risk decisions,https://petition.parliament.uk/petitions/758041,open,81,758041,2026-02-24,2026-08-24,,
Expand free school meals provision to cover all school children,https://petition.parliament.uk/petitions/758049,open,1588,758049,2026-02-20,2026-08-20,,
Scrap stamp duty on share transactions bought within an ISA,https://petition.parliament.uk/petitions/758058,open,85,758058,2026-02-20,2026-08-20,,
Introduce a framework for multiple approved gas engineer registration bodies,https://petition.parliament.uk/petitions/758064,open,26,758064,2026-02-23,2026-08-23,,
Fund provision of defensive equipment for paramedics due to attacks sustained,https://petition.parliament.uk/petitions/758066,open,38,758066,2026-02-20,2026-08-20,,
Classify all sexual offences as violent crimes and end automatic appeal rights,https://petition.parliament.uk/petitions/758077,open,104,758077,2026-02-20,2026-08-20,,
MPs repeatedly failing to disclose financial declaration on time to be suspended,https://petition.parliament.uk/petitions/758080,open,426,758080,2026-02-23,2026-08-23,,
Make road safety lessons a mandatory part of the curriculum,https://petition.parliament.uk/petitions/758084,open,65,758084,2026-02-23,2026-08-23,,
Require Members of Parliament to have min 15yrs work experience outside politics,https://petition.parliament.uk/petitions/758097,open,47,758097,2026-02-23,2026-08-23,,
Set policy that exam boards should give students notice of GCSE exam topics,https://petition.parliament.uk/petitions/758107,open,25,758107,2026-02-23,2026-08-23,,
Reject Lords amendment on age checks to the Children’ Wellbeing & Schools Bill,https://petition.parliament.uk/petitions/758120,open,148,758120,2026-02-20,2026-08-20,,
"Free School Meal criteria to include all families receiving UC, DLC & benefits",https://petition.parliament.uk/petitions/758137,open,22,758137,2026-02-23,2026-08-23,,
Reject any proposal or invitation to join the Board of Peace,https://petition.parliament.uk/petitions/758144,open,105,758144,2026-03-02,2026-09-02,,
Review NHS lipoedema care,https://petition.parliament.uk/petitions/758164,open,8220,758164,2026-02-20,2026-08-20,,
Family parking space badges for children up to 5 & fines for illegitimate use,https://petition.parliament.uk/petitions/758169,open,393,758169,2026-02-26,2026-08-26,,
Fund improved services for cleft lip patients past early childhood,https://petition.parliament.uk/petitions/758172,open,24,758172,2026-02-20,2026-08-20,,
Uni Students with Coeliac Disease to be eligible for enhanced bursary,https://petition.parliament.uk/petitions/758180,open,59,758180,2026-02-23,2026-08-23,,
Review licensing affecting captive bred bird exhibitions,https://petition.parliament.uk/petitions/758238,open,856,758238,2026-02-23,2026-08-23,,
Make it law that all public trains have working CCTV at all times.,https://petition.parliament.uk/petitions/758241,open,393,758241,2026-02-20,2026-08-20,,
Ban Infant Circumcision,https://petition.parliament.uk/petitions/758287,open,129,758287,2026-02-23,2026-08-23,,
Publicly call for the relocation of UN Headquarters to Gaza,https://petition.parliament.uk/petitions/758292,open,34,758292,2026-03-10,2026-09-10,,
Ban timeshares being forced to be inherited by heirs.,https://petition.parliament.uk/petitions/758300,open,46,758300,2026-02-24,2026-08-24,,
Increase police funding to tackle organised house robberies,https://petition.parliament.uk/petitions/758325,open,415,758325,2026-03-12,2026-09-12,,
Compensate those affected by issues with government's wall insulation schemes,https://petition.parliament.uk/petitions/758349,open,75,758349,2026-03-02,2026-09-02,,
"Establish a 'Less Scroll, More Soul' Bank Holiday: An Offline 'In-Community' Day",https://petition.parliament.uk/petitions/758365,open,203,758365,2026-02-24,2026-08-24,,
Urgent Review and Reform of the CICA Scheme,https://petition.parliament.uk/petitions/758377,open,415,758377,2026-02-23,2026-08-23,,
Add mental health therapy training to school curriculum,https://petition.parliament.uk/petitions/758393,open,55,758393,2026-03-09,2026-09-09,,
Hold public inquiry into racial hatred in England since 2012,https://petition.parliament.uk/petitions/758404,open,214,758404,2026-02-25,2026-08-25,,
Write law that a referendum is required for the UK to be able to leave the ECHR,https://petition.parliament.uk/petitions/758408,open,7721,758408,2026-02-24,2026-08-24,,
Use frozen Russian assets now to fund urgent aid and reconstruction in Ukraine,https://petition.parliament.uk/petitions/758446,open,419,758446,2026-02-26,2026-08-26,,
"Improve funding, pay & professional recognition for the Early Years workforce",https://petition.parliament.uk/petitions/758497,open,26674,758497,2026-03-06,2026-09-06,,
Life in prison for causing death by dangerous driving due to drinking / drugs,https://petition.parliament.uk/petitions/758501,open,80,758501,2026-02-24,2026-08-24,,
"Increase the Personal Allowance to £16,000 and link it to inflation",https://petition.parliament.uk/petitions/758528,open,279,758528,2026-02-24,2026-08-24,,
Mandate neutering of free roaming pet Cats,https://petition.parliament.uk/petitions/758551,open,223,758551,2026-03-03,2026-09-03,,
Fund history teachers free/discounted entry to historical sites,https://petition.parliament.uk/petitions/758603,open,465,758603,2026-02-24,2026-08-24,,
Fund access to private health care for all injured British veterans,https://petition.parliament.uk/petitions/758618,open,60,758618,2026-02-25,2026-08-25,,
Include more financial education in secondary school curriculum,https://petition.parliament.uk/petitions/758621,open,60,758621,2026-03-10,2026-09-10,,
Require disclosure before publishing covert recordings of direct interactions,https://petition.parliament.uk/petitions/758634,open,30,758634,2026-03-03,2026-09-03,,
Amend Dangerous Dogs Act to recognise and fund rehoming of non-dangerous dogs,https://petition.parliament.uk/petitions/758639,open,2042,758639,2026-02-25,2026-08-25,,
Sellers who take house off the market to be liable to repay expenses of buyer,https://petition.parliament.uk/petitions/758654,open,50,758654,2026-03-02,2026-09-02,,
Update law to help protect over-60s from social media algorithms amplifying hate,https://petition.parliament.uk/petitions/758659,open,45,758659,2026-02-27,2026-08-27,,
Legislate to enforce timely payment of workplace pensions,https://petition.parliament.uk/petitions/758666,open,3197,758666,2026-02-27,2026-08-27,,
Add Sickle Cell Disease to the NHS Prescription Charge Exemption List,https://petition.parliament.uk/petitions/758682,open,114,758682,2026-02-25,2026-08-25,,
Scrap the idea of a Police Licence to Practise,https://petition.parliament.uk/petitions/758683,open,26,758683,2026-02-27,2026-08-27,,
Legally require all councillors & mayors to speak proficient English,https://petition.parliament.uk/petitions/758713,open,11204,758713,2026-02-27,2026-08-27,,
Propose the creation of a new defence treaty in Europe as an alternative to NATO,https://petition.parliament.uk/petitions/758720,open,38,758720,2026-03-23,2026-09-23,,
Give people a vote of confidence in their MP 18 months after a general election,https://petition.parliament.uk/petitions/758722,open,104,758722,2026-04-01,2026-10-01,,
Expel all US diplomatic and military personnel from the UK,https://petition.parliament.uk/petitions/758723,open,172,758723,2026-02-26,2026-08-26,,
Review NHS patient safety safeguards for infants,https://petition.parliament.uk/petitions/758733,open,30,758733,2026-04-10,2026-10-10,,
Apply diplomatic pressure on Syria to protect and grant self-rule to Kurds,https://petition.parliament.uk/petitions/758749,open,24,758749,2026-03-11,2026-09-11,,
Review and increase expense rates for employees traveling outside the UK,https://petition.parliament.uk/petitions/758752,open,11023,758752,2026-02-27,2026-08-27,,
Review the way media outlets inc online/social media report about suicide deaths,https://petition.parliament.uk/petitions/758766,open,1004,758766,2026-03-18,2026-09-18,,
Advocate for Kurdish civilians and women’s rights in Syria,https://petition.parliament.uk/petitions/758781,open,68,758781,2026-03-13,2026-09-13,,
Make spitting on the streets in public illegal,https://petition.parliament.uk/petitions/758782,open,76,758782,2026-03-02,2026-09-02,,
Ban all e-bikes & electric scooters in public,https://petition.parliament.uk/petitions/758784,open,1571,758784,2026-03-02,2026-09-02,,
Mandate paper towels in public toilets for sensory-sensitive people,https://petition.parliament.uk/petitions/758785,open,79,758785,2026-02-26,2026-08-26,,
Mandate recognition of primary caregiver in family court decisions,https://petition.parliament.uk/petitions/758788,open,68,758788,2026-03-06,2026-09-06,,
Review UK-Eritrea relations and protect Eritrean refugees & activists in the UK,https://petition.parliament.uk/petitions/758807,open,108,758807,2026-03-25,2026-09-25,,
Urgently implement all Cumberlege Report recommendations and reform the MHRA,https://petition.parliament.uk/petitions/758818,open,107,758818,2026-03-06,2026-09-06,,
Adjust Child Maintenance Payment assessment to account for living costs,https://petition.parliament.uk/petitions/758824,open,182,758824,2026-03-03,2026-09-03,,
Create a central body to manage the maintenance and development of all roads,https://petition.parliament.uk/petitions/758826,open,84,758826,2026-02-27,2026-08-27,,
Require GPs to send any patient with a lump for further testing,https://petition.parliament.uk/petitions/758842,open,1445,758842,2026-03-31,2026-09-30,,
Make it illegal to secretly film and publish personal information online,https://petition.parliament.uk/petitions/758845,open,70,758845,2026-03-03,2026-09-03,,
Require employers to pay carers for travel time and all hours worked,https://petition.parliament.uk/petitions/758852,open,298,758852,2026-03-03,2026-09-03,,
Replace use of hotels for asylum seekers with a risk-based accommodation system,https://petition.parliament.uk/petitions/758867,open,40,758867,2026-03-04,2026-09-04,,
Make parking on footpaths illegal in England,https://petition.parliament.uk/petitions/758919,open,66,758919,2026-02-27,2026-08-27,,
Reduce the age that the cbt can be done for 50cc to 14 years old,https://petition.parliament.uk/petitions/758921,open,26,758921,2026-02-27,2026-08-27,,
Fund lowering the age for a smear test to 16 years old,https://petition.parliament.uk/petitions/758933,open,582,758933,2026-03-03,2026-09-03,,
"Fund vape bins to cut litter, protect wildlife, and promote cleaner streets",https://petition.parliament.uk/petitions/758935,open,68,758935,2026-03-05,2026-09-05,,
"Reduce UK partner/spouse visa minimum income from £29,000 to £25,000 per year",https://petition.parliament.uk/petitions/758942,open,56,758942,2026-03-03,2026-09-03,,
"Request verified numbers of protesters killed, injured and hospitalised in Iran",https://petition.parliament.uk/petitions/758961,open,39,758961,2026-03-04,2026-09-04,,
Commit £30m to community cycling facilities,https://petition.parliament.uk/petitions/758965,open,700,758965,2026-03-04,2026-09-04,,
Issue immediate travel warning for the USA due to human rights concerns,https://petition.parliament.uk/petitions/758966,open,55,758966,2026-03-18,2026-09-18,,
Government must increase practical elements in Drama GCSE guidelines,https://petition.parliament.uk/petitions/758968,open,17,758968,2026-03-04,2026-09-04,,
Review National Safeguarding Standards for Licensed Chaperones,https://petition.parliament.uk/petitions/758975,open,18,758975,2026-03-03,2026-09-03,,
"Protect bricklayers with fair pay, safety rights, and career support",https://petition.parliament.uk/petitions/758983,open,47,758983,2026-03-04,2026-09-04,,
Fund cold capping for all chemotherapy patients where clinically appropriate,https://petition.parliament.uk/petitions/758986,open,36,758986,2026-03-03,2026-09-03,,
Make CCTV compulsory on all SEND transport,https://petition.parliament.uk/petitions/759012,open,37,759012,2026-03-03,2026-09-03,,
Platforms to provide free opt-out option for targeted ads on social media,https://petition.parliament.uk/petitions/759013,open,53,759013,2026-03-04,2026-09-04,,
Fund support for UK companies to create more internships & jobs for young people,https://petition.parliament.uk/petitions/759020,open,101,759020,2026-03-16,2026-09-16,,
Review financial support for parents if child maintenance payments can't be made,https://petition.parliament.uk/petitions/759023,open,23,759023,2026-03-23,2026-09-23,,
Stop price increases by water service providers failing environmental standards,https://petition.parliament.uk/petitions/759028,open,542,759028,2026-03-06,2026-09-06,,
Ban all plastic in food and drink packaging,https://petition.parliament.uk/petitions/759034,open,122,759034,2026-03-03,2026-09-03,,
Mandate GP surgeries to be open seven days a week,https://petition.parliament.uk/petitions/759037,open,75,759037,2026-03-11,2026-09-11,,
"Provide Separate, Compassionate Spaces for NICU Mothers and Pregnancy Loss",https://petition.parliament.uk/petitions/759041,open,94,759041,2026-03-03,2026-09-03,,
Cap baby formula price,https://petition.parliament.uk/petitions/759069,open,39,759069,2026-03-09,2026-09-09,,
Mandatory whole life order for murder,https://petition.parliament.uk/petitions/759075,open,70,759075,2026-03-05,2026-09-05,,
Extend the Driving Theory Test Expiry date,https://petition.parliament.uk/petitions/759082,open,130,759082,2026-03-03,2026-09-03,,
Treat non-fatal strangulation as equivalent offence to attempted murder ,https://petition.parliament.uk/petitions/759084,open,4874,759084,2026-03-06,2026-09-06,,
Impose criminal penalties on companies advertising Ghost Jobs,https://petition.parliament.uk/petitions/759089,open,167,759089,2026-03-03,2026-09-03,,
Schools to allow absence exceptions for students with mental health struggles,https://petition.parliament.uk/petitions/759092,open,60,759092,2026-03-16,2026-09-16,,
Review Handling of Abuse Reports Where Women Are Subject to Counter Allegations,https://petition.parliament.uk/petitions/759106,open,50,759106,2026-03-11,2026-09-11,,
Review Media Regulators treatment of Religious Sensitivity,https://petition.parliament.uk/petitions/759109,open,36,759109,2026-04-07,2026-10-07,,
Stop the move to mandatory weekly food waste collection,https://petition.parliament.uk/petitions/759111,open,182,759111,2026-03-06,2026-09-06,,
"Reduce VAT on hospitality to 10%: protect jobs, communities & UK competitiveness",https://petition.parliament.uk/petitions/759116,open,14743,759116,2026-03-12,2026-09-12,,
Require public access defibrillators on all new housing developments,https://petition.parliament.uk/petitions/759122,open,58,759122,2026-03-05,2026-09-05,,
Government to review local authority fees for grassroot football,https://petition.parliament.uk/petitions/759132,open,60,759132,2026-03-06,2026-09-06,,
Implement a national education framework to help students affected by cancer,https://petition.parliament.uk/petitions/759142,open,25,759142,2026-03-19,2026-09-19,,
Reset the Windrush Compensation Scheme with free legal assistance for victims,https://petition.parliament.uk/petitions/759143,open,1379,759143,2026-03-09,2026-09-09,,
Use of lie detector tests in rape cases ,https://petition.parliament.uk/petitions/759153,open,81,759153,2026-03-05,2026-09-05,,
Fund education on gender-based violence and misogyny in schools,https://petition.parliament.uk/petitions/759156,open,102,759156,2026-03-09,2026-09-09,,
All military veterans to be exempted from tax on their military pensions ,https://petition.parliament.uk/petitions/759158,open,349,759158,2026-03-05,2026-09-05,,
Review sentences for sexual violence,https://petition.parliament.uk/petitions/759159,open,58,759159,2026-03-05,2026-09-05,,
Legislate to stop headlight flashing by cars with ultra bright LED headlights,https://petition.parliament.uk/petitions/759160,open,39,759160,2026-03-13,2026-09-13,,
Subtitles in Cinema: An Essential Accessibility Feature,https://petition.parliament.uk/petitions/759180,open,51,759180,2026-03-05,2026-09-05,,
Make the destruction or scrapping of UK military medals a criminal offence,https://petition.parliament.uk/petitions/759185,open,80,759185,2026-03-05,2026-09-05,,
Reform the Blue Badge parking system: more side hatching bays,https://petition.parliament.uk/petitions/759191,open,124,759191,2026-03-06,2026-09-06,,
Impose a 10% tariff on all US goods,https://petition.parliament.uk/petitions/759204,open,25,759204,2026-03-27,2026-09-27,,
Review medical testing standards & process: use optimal ranges & cellular tests,https://petition.parliament.uk/petitions/759212,open,3091,759212,2026-03-11,2026-09-11,,
Review GP training and diagnostic guidance for gut-related conditions,https://petition.parliament.uk/petitions/759224,open,28,759224,2026-03-05,2026-09-05,,
Amend the Terrorism Act 2000 to allow proscription of state-backed entities,https://petition.parliament.uk/petitions/759228,open,142,759228,2026-03-05,2026-09-05,,
Review existing safeguards for UK national crew working on cruise ships,https://petition.parliament.uk/petitions/759232,open,249,759232,2026-03-12,2026-09-12,,
Provide funding for body armour for frontline operational ambulance staff,https://petition.parliament.uk/petitions/759233,open,4004,759233,2026-03-11,2026-09-11,,
Mandate teaching about discrimination of women in Afghanistan in curriculum,https://petition.parliament.uk/petitions/759237,open,58,759237,2026-03-20,2026-09-20,,
Exempt all female hygiene products from tax,https://petition.parliament.uk/petitions/759239,open,160,759239,2026-03-09,2026-09-09,,
Fund a trial for children and young people denied NHS access to medical cannabis,https://petition.parliament.uk/petitions/759240,open,3079,759240,2026-03-06,2026-09-06,,
"Make people who get paid over £90,000 pay extra 10% tax on second jobs.",https://petition.parliament.uk/petitions/759247,open,43,759247,2026-03-05,2026-09-05,,
Ban school attendance fines for parents of reception age ,https://petition.parliament.uk/petitions/759248,open,43,759248,2026-03-05,2026-09-05,,
Review accountability of schools using local authority SEN funding,https://petition.parliament.uk/petitions/759272,open,30,759272,2026-03-11,2026-09-11,,
Restore Plan 2 student loan repayment threshold increases from April 2026,https://petition.parliament.uk/petitions/759293,open,76,759293,2026-03-06,2026-09-06,,
All schools/SEND & disability units to be fitted with CCTV,https://petition.parliament.uk/petitions/759294,open,50,759294,2026-03-06,2026-09-06,,
Raise the threshold for postgraduate loan repayments in line with inflation,https://petition.parliament.uk/petitions/759296,open,39,759296,2026-03-11,2026-09-11,,
Mandatory caps on how long defaults can appear on a credit report,https://petition.parliament.uk/petitions/759301,open,24,759301,2026-03-20,2026-09-20,,
Pause & review the Children’s Wellbeing & Schools Bill regarding home education,https://petition.parliament.uk/petitions/759310,open,1679,759310,2026-03-10,2026-09-10,,
Prevent people with serious criminal convictions from becoming local councillors,https://petition.parliament.uk/petitions/759313,open,217,759313,2026-03-06,2026-09-06,,
Review and reform Plan 2 student loan repayment terms,https://petition.parliament.uk/petitions/759316,open,274,759316,2026-03-06,2026-09-06,,
Introduce statutory regulation and enforcement for managing agents & freeholders,https://petition.parliament.uk/petitions/759329,open,564,759329,2026-03-16,2026-09-16,,
Call referendum on introducing death penalty for certain offences,https://petition.parliament.uk/petitions/759336,open,745,759336,2026-03-09,2026-09-09,,
Create legislation that stops MP's from changing parties once voted in.,https://petition.parliament.uk/petitions/759337,open,122,759337,2026-03-06,2026-09-06,,
"Introduce a higher, sector-specific Minimum Wage for HGV Drivers (C, C+E).",https://petition.parliament.uk/petitions/759341,open,3148,759341,2026-03-06,2026-09-06,,
"Fund improved CAMHS and crisis support, and cut waiting times",https://petition.parliament.uk/petitions/759345,open,48,759345,2026-03-09,2026-09-09,,
Call for a review of endoscopy surveillance intervals for Barrett’s Oesophagus,https://petition.parliament.uk/petitions/759358,open,278,759358,2026-03-06,2026-09-06,,
Detain anyone arriving in the UK illegally,https://petition.parliament.uk/petitions/759367,open,160,759367,2026-03-10,2026-09-10,,
Make people who are Registered Blind exempt from PIP reassessments,https://petition.parliament.uk/petitions/759375,open,48,759375,2026-03-06,2026-09-06,,
Require a full motorcycle license to use a motorcycle/scooter for hire/reward.,https://petition.parliament.uk/petitions/759378,open,263,759378,2026-03-06,2026-09-06,,
Require all state pensions to be paid monthly,https://petition.parliament.uk/petitions/759384,open,22,759384,2026-03-31,2026-09-30,,
Ban anyone convicted of terrorism offences from standing for public office,https://petition.parliament.uk/petitions/759385,open,203460,759385,2026-03-06,2026-09-06,2026-03-08,2026-07-06
Introduce new regulations for driving instructors and cap the price of lessons,https://petition.parliament.uk/petitions/759389,open,42,759389,2026-03-06,2026-09-06,,
Install fences and barriers on bridges over motorways to help prevent suicide,https://petition.parliament.uk/petitions/759398,open,200,759398,2026-03-09,2026-09-09,,
Add more female scientists to the National Curriculum,https://petition.parliament.uk/petitions/759424,open,1200,759424,2026-03-06,2026-09-06,,
Make History compulsory at school until 16 to protect the future,https://petition.parliament.uk/petitions/759436,open,106,759436,2026-03-20,2026-09-20,,
Review and strengthen enforcement of welfare laws for animals in street begging,https://petition.parliament.uk/petitions/759437,open,611,759437,2026-03-06,2026-09-06,,
Apply changes to the driving theory test to help learners with dyspraxia,https://petition.parliament.uk/petitions/759443,open,20,759443,2026-03-10,2026-09-10,,
Ban employers from making changes to employment contracts once signed,https://petition.parliament.uk/petitions/759449,open,53,759449,2026-03-11,2026-09-11,,
Legally ringfence Vehicle Excise Duty revenue for transport infrastructure only,https://petition.parliament.uk/petitions/759450,open,56,759450,2026-03-10,2026-09-10,,
Bring the teaching of Key Word Signing in to all nurseries and schools,https://petition.parliament.uk/petitions/759455,open,785,759455,2026-03-11,2026-09-11,,
Review CPS disclosure practices and prosecution processes,https://petition.parliament.uk/petitions/759461,open,33,759461,2026-03-10,2026-09-10,,
Increase highway funding & ringfence fuel duty & road tax for road maintenance,https://petition.parliament.uk/petitions/759471,open,477,759471,2026-03-10,2026-09-10,,
Abolish the Casey Commission into adult social care,https://petition.parliament.uk/petitions/759478,open,10929,759478,2026-03-13,2026-09-13,,
Reinstate the death penalty for Treason,https://petition.parliament.uk/petitions/759484,open,242,759484,2026-03-09,2026-09-09,,
Amend ERA 1996: replace the ‘reasonable responses’ test with objective fairness,https://petition.parliament.uk/petitions/759494,open,25,759494,2026-03-09,2026-09-09,,
Replace First Past The Post with a transferable voting system,https://petition.parliament.uk/petitions/759496,open,224,759496,2026-03-12,2026-09-12,,
Give kinship carers equal financial & legal support to foster carers ,https://petition.parliament.uk/petitions/759505,open,226,759505,2026-03-10,2026-09-10,,
Ban employers & recruiters asking about candidates’ salaries when recruiting,https://petition.parliament.uk/petitions/759507,open,31,759507,2026-03-10,2026-09-10,,
Allow small roof ridge increases for attic conversions in terraced houses,https://petition.parliament.uk/petitions/759509,open,13,759509,2026-03-11,2026-09-11,,
Ban schools from issuing absence fines to both parents if they’re separated,https://petition.parliament.uk/petitions/759531,open,44,759531,2026-03-10,2026-09-10,,
Ban anyone convicted of serious criminal offences from standing in elections,https://petition.parliament.uk/petitions/759533,open,204,759533,2026-03-12,2026-09-12,,
Increase funding for investment in 3G football pitches ,https://petition.parliament.uk/petitions/759537,open,31,759537,2026-03-11,2026-09-11,,
"UK to mandate ""zero plastic pellet loss"" in line with new EU law ASAP",https://petition.parliament.uk/petitions/759563,open,383,759563,2026-03-13,2026-09-13,,
Ban estate agents from soliciting buyers to bid more on an offer,https://petition.parliament.uk/petitions/759565,open,26,759565,2026-03-11,2026-09-11,,
Review traffic penalty laws to protect victims of driving licence identity fraud,https://petition.parliament.uk/petitions/759569,open,289,759569,2026-03-10,2026-09-10,,
Automatically remove parental responsibility for parents convicted of abuse,https://petition.parliament.uk/petitions/759571,open,13535,759571,2026-03-11,2026-09-11,,
Fund the construction of more special education schools,https://petition.parliament.uk/petitions/759585,open,36,759585,2026-03-10,2026-09-10,,
Ban interest on student loans above RPI and reform loans system ,https://petition.parliament.uk/petitions/759586,open,38,759586,2026-03-12,2026-09-12,,
Exclude land used for primary food production from being designated grey belt,https://petition.parliament.uk/petitions/759587,open,1868,759587,2026-04-08,2026-10-08,,
Ban recording devices that process personal data without consent,https://petition.parliament.uk/petitions/759588,open,96,759588,2026-03-30,2026-09-30,,
Transitional period for international medical graduates working in NHS,https://petition.parliament.uk/petitions/759606,open,111,759606,2026-03-11,2026-09-11,,
Allow financially independent EU retirees to join their family members in the UK,https://petition.parliament.uk/petitions/759618,open,22,759618,2026-03-13,2026-09-13,,
Compulsory minimum wage for class 1 HGV drivers of £18 per hour,https://petition.parliament.uk/petitions/759626,open,37,759626,2026-03-10,2026-09-10,,
"Ban puppy yoga, puppy Pilates and other “puppy cuddle therapy”",https://petition.parliament.uk/petitions/759631,open,3097,759631,2026-03-10,2026-09-10,,
Only apply capital gains tax to gains above the rate of inflation,https://petition.parliament.uk/petitions/759637,open,43,759637,2026-03-16,2026-09-16,,
Introduce regulated conjugal visits in UK prisons,https://petition.parliament.uk/petitions/759639,open,38,759639,2026-03-13,2026-09-13,,
Reduce VAT for hospitality from 20% to 13% permanently ,https://petition.parliament.uk/petitions/759653,open,145,759653,2026-03-23,2026-09-23,,
"Fund free dental care for all under-18s, regardless of NHS dentist availability",https://petition.parliament.uk/petitions/759662,open,72,759662,2026-03-12,2026-09-12,,
Remove VAT on all veterinary care services & fund new support for vet services,https://petition.parliament.uk/petitions/759667,open,2193,759667,2026-03-12,2026-09-12,,
"Fund £10,000 armed forces funeral grants & pension inheritance rules",https://petition.parliament.uk/petitions/759668,open,391,759668,2026-03-18,2026-09-18,,
Allow UC claimants with start-up-businesses to receive payments for 3 years,https://petition.parliament.uk/petitions/759671,open,238,759671,2026-03-12,2026-09-12,,
Increase funding for better security in the Prison Service,https://petition.parliament.uk/petitions/759675,open,38,759675,2026-03-13,2026-09-13,,
"Support student nurses with loan Forgiveness, fair pay & service recognition",https://petition.parliament.uk/petitions/759679,open,76,759679,2026-03-30,2026-09-30,,
Eject US Armed Forces personnel from bases hosted by UK & apply to join BRICS,https://petition.parliament.uk/petitions/759692,open,62,759692,2026-03-11,2026-09-11,,
Launch a review into airport terminal drop-off charges,https://petition.parliament.uk/petitions/759700,open,5422,759700,2026-03-17,2026-09-17,,
"Amend Tobacco and Vapes Bill to restrict vapes like cigarettes, and limit access",https://petition.parliament.uk/petitions/759709,open,72,759709,2026-03-19,2026-09-19,,
Negotiate with Ireland reciprocal visa free tourism travel for all residents,https://petition.parliament.uk/petitions/759716,open,175,759716,2026-03-30,2026-09-30,,
Review education about nutrition and responsible farming in schools,https://petition.parliament.uk/petitions/759718,open,58,759718,2026-03-11,2026-09-11,,
Lower voting age to age 8 ,https://petition.parliament.uk/petitions/759731,open,32,759731,2026-04-01,2026-10-01,,
Introduce Pet Licence for cats and dogs and require reporting cat collisions,https://petition.parliament.uk/petitions/759752,open,64,759752,2026-03-23,2026-09-23,,
Make all government services & payments fully digital & reduce reliance on cash.,https://petition.parliament.uk/petitions/759754,open,10,759754,2026-03-12,2026-09-12,,
Fund travel reimbursements for families of children with lifelong conditions,https://petition.parliament.uk/petitions/759770,open,772,759770,2026-03-12,2026-09-12,,
Introduce mandatory ankle and feet checks by school nurses in school,https://petition.parliament.uk/petitions/759776,open,26,759776,2026-03-12,2026-09-12,,
Change the statutory term ‘Special Educational Needs’ to more inclusive language,https://petition.parliament.uk/petitions/759777,open,211,759777,2026-03-13,2026-09-13,,
Make 12 July 2027 a Bank Holiday for 1100th anniversary of the birth of England,https://petition.parliament.uk/petitions/759778,open,1591,759778,2026-03-11,2026-09-11,,
Mandate the NHS to transfer patients if no cause of symptoms found,https://petition.parliament.uk/petitions/759781,open,37,759781,2026-04-09,2026-10-09,,
Make a public animal abuser register & automatically ban ownership,https://petition.parliament.uk/petitions/759783,open,239464,759783,2026-03-12,2026-09-12,2026-04-03,2026-06-29
Abolish fees for passport name changes,https://petition.parliament.uk/petitions/759785,open,220,759785,2026-03-12,2026-09-12,,
Allow cancelled passports to be reactivated if found within reasonable timeframe,https://petition.parliament.uk/petitions/759807,open,30,759807,2026-03-11,2026-09-11,,
Automatic review of parental responsibility for perpetrators of abuse,https://petition.parliament.uk/petitions/759820,open,104,759820,2026-03-12,2026-09-12,,
Pass lifetime office bans for MPs & Lords who are guilty of financial misconduct,https://petition.parliament.uk/petitions/759821,open,92,759821,2026-04-21,2026-10-21,,
Strengthen and enforce rules to stop scam emergency trade call-out adverts,https://petition.parliament.uk/petitions/759825,open,1590,759825,2026-03-10,2026-09-10,,
Do not introduce a mandatory learning period for new UK drivers,https://petition.parliament.uk/petitions/759838,open,26,759838,2026-03-13,2026-09-13,,
Increase the UK inheritance tax gift allowance in line with the US,https://petition.parliament.uk/petitions/759870,open,142,759870,2026-03-11,2026-09-11,,
Fund all payment fees for EpiPens and asthma inhalers,https://petition.parliament.uk/petitions/759885,open,135,759885,2026-03-23,2026-09-23,,
Recognise OET as proof of English language skills for naturalisation,https://petition.parliament.uk/petitions/759912,open,25,759912,2026-03-23,2026-09-23,,
Allow humanitarian medal to be awarded retrospectively,https://petition.parliament.uk/petitions/759915,open,73,759915,2026-03-12,2026-09-12,,
Review guidance on investigating crimes when reported by abusers ,https://petition.parliament.uk/petitions/759929,open,53,759929,2026-03-27,2026-09-27,,
Fund free therapy access for students in all schools,https://petition.parliament.uk/petitions/759933,open,35,759933,2026-03-13,2026-09-13,,
Ban holiday companies from implementing price hikes during school breaks,https://petition.parliament.uk/petitions/759942,open,162,759942,2026-03-12,2026-09-12,,
Provide protection and support for individuals falsely accused of serious crimes,https://petition.parliament.uk/petitions/759948,open,40,759948,2026-03-12,2026-09-12,,
Ban multilevel marketing businesses,https://petition.parliament.uk/petitions/759950,open,22,759950,2026-03-11,2026-09-11,,
Require all local authorities to have a youth advisory panel,https://petition.parliament.uk/petitions/759955,open,27,759955,2026-03-12,2026-09-12,,
"Expedite delayed January intake student visas and ensure fair, timely decisions",https://petition.parliament.uk/petitions/759967,open,28,759967,2026-03-10,2026-09-10,,
Align Plan 2 student loan interest rates with Plan 5 (RPI only).,https://petition.parliament.uk/petitions/759969,open,163,759969,2026-03-10,2026-09-10,,
Raise care infrastructure funding for adults seeking gender dysphoria treatment,https://petition.parliament.uk/petitions/759982,open,61,759982,2026-03-12,2026-09-12,,
Scrap the underoccupancy charge for public housing ,https://petition.parliament.uk/petitions/759991,open,59,759991,2026-03-20,2026-09-20,,
Cap individual net worth at £1 billion & use excess wealth to fund NHS,https://petition.parliament.uk/petitions/760000,open,45,760000,2026-03-12,2026-09-12,,
Require all social housing providers to publish floor plans for accessible homes,https://petition.parliament.uk/petitions/760002,open,511,760002,2026-03-12,2026-09-12,,
"Ban Police sharing footage obtained by police, for commercial purposes",https://petition.parliament.uk/petitions/760008,open,33,760008,2026-03-12,2026-09-12,,
"Update UK e-bike laws: allow 750W, 20mph limit and throttle use.",https://petition.parliament.uk/petitions/760021,open,71,760021,2026-03-10,2026-09-10,,
Call a public inquiry into any foreign influence on UK politics & democracy,https://petition.parliament.uk/petitions/760050,open,1779,760050,2026-03-12,2026-09-12,,
Ban abortions after 12 weeks,https://petition.parliament.uk/petitions/760054,open,2187,760054,2026-03-12,2026-09-12,,
"Ban foreign media ownership, enact a social media levy & new regulatory reform",https://petition.parliament.uk/petitions/760061,open,19410,760061,2026-03-18,2026-09-18,,
"Require that the media refer to sexual abuse victims under 18 as ""children""",https://petition.parliament.uk/petitions/760070,open,57,760070,2026-03-16,2026-09-16,,
Review the use of retrospective rule changes by the Home Office,https://petition.parliament.uk/petitions/760072,open,36,760072,2026-03-16,2026-09-16,,
Fund homeless shelters specifically for under-25s,https://petition.parliament.uk/petitions/760083,open,60,760083,2026-03-13,2026-09-13,,
Impose a 40% import duty on all Japanese goods,https://petition.parliament.uk/petitions/760098,open,26,760098,2026-03-13,2026-09-13,,
"Ban compulsory purchase orders in redevelopment: protect homes & communities
",https://petition.parliament.uk/petitions/760107,open,443,760107,2026-03-13,2026-09-13,,
Strengthen protection of DA victims and how their testimony is treated in court,https://petition.parliament.uk/petitions/760116,open,2027,760116,2026-03-16,2026-09-16,,
Mandate a national referendum for any petition reaching 1 million signatures,https://petition.parliament.uk/petitions/760117,open,98,760117,2026-03-20,2026-09-20,,
Ban trail hunting,https://petition.parliament.uk/petitions/760120,open,745,760120,2026-03-18,2026-09-18,,
Require people to give a minimum of £50 pa to charity,https://petition.parliament.uk/petitions/760139,open,18,760139,2026-04-24,2026-10-24,,
Stop the Houses of Parliament renovation: Spend it on our NHS instead,https://petition.parliament.uk/petitions/760153,open,56,760153,2026-03-17,2026-09-17,,
Make the 15th June 2026 a bank holiday for England and Wales,https://petition.parliament.uk/petitions/760159,open,62,760159,2026-03-13,2026-09-13,,
Legalise Wild Camping In England,https://petition.parliament.uk/petitions/760163,open,207,760163,2026-03-10,2026-09-10,,
Ban the use of facial recognition software & require consent for biometric data,https://petition.parliament.uk/petitions/760164,open,164,760164,2026-03-23,2026-09-23,,
Prioritise construction and review policies for affordable housing,https://petition.parliament.uk/petitions/760165,open,27,760165,2026-03-16,2026-09-16,,
Call a public inquiry into US influence on UK politics and democracy,https://petition.parliament.uk/petitions/760167,open,61,760167,2026-03-16,2026-09-16,,
End the 2023 £476m deal with France to stop the migrants crossing the channel,https://petition.parliament.uk/petitions/760177,open,874,760177,2026-03-16,2026-09-16,,
Make a rule that all restaurants have to have menus available without calories.,https://petition.parliament.uk/petitions/760187,open,38,760187,2026-04-02,2026-10-02,,
Introduce mandatory 24-hour CCTV in all NHS Neonatal units,https://petition.parliament.uk/petitions/760198,open,37,760198,2026-03-16,2026-09-16,,
The removal or death of a PM should trigger a general election,https://petition.parliament.uk/petitions/760199,open,5080,760199,2026-03-16,2026-09-16,,
Introduce regulations governing media reporting of abuse of women and girls,https://petition.parliament.uk/petitions/760200,open,180,760200,2026-03-19,2026-09-19,,
Review educational provision for children with SEMH needs,https://petition.parliament.uk/petitions/760214,open,52,760214,2026-03-16,2026-09-16,,
Review and revise age of consent in light of advances in science,https://petition.parliament.uk/petitions/760215,open,28,760215,2026-03-19,2026-09-19,,
Make a statutory requirement for schools to have a bereavement policy for pupils,https://petition.parliament.uk/petitions/760224,open,2840,760224,2026-03-17,2026-09-17,,
Maintain current fireworks regulations and the 120dB maximum noise limit,https://petition.parliament.uk/petitions/760229,open,87,760229,2026-03-16,2026-09-16,,
Independent body to run extensive background check on all Members of Parliament,https://petition.parliament.uk/petitions/760230,open,80,760230,2026-03-16,2026-09-16,,
Launch a public inquiry into the impact of Section 28 on LGBTQ people,https://petition.parliament.uk/petitions/760231,open,20343,760231,2026-03-24,2026-09-24,,
Require socialising activities to be offered to people in care homes ,https://petition.parliament.uk/petitions/760238,open,29,760238,2026-05-01,2026-11-01,,
Make teaching the dangers of the oversexualisation of women compulsory for KS4/5,https://petition.parliament.uk/petitions/760239,open,59,760239,2026-03-17,2026-09-17,,
Hold MPs Accountable: By-Elections if They Lie or Mislead the Public 3 Times,https://petition.parliament.uk/petitions/760247,open,521,760247,2026-03-16,2026-09-16,,
Government to support the Artificial Intelligence (Regulation) Bill [HL],https://petition.parliament.uk/petitions/760252,open,36,760252,2026-03-16,2026-09-16,,
Give legal gender recognition to non-binary+ people,https://petition.parliament.uk/petitions/760269,open,147,760269,2026-05-19,2026-11-19,,
Introduce a contribution-based asylum scheme for residents with 3+ years in UK,https://petition.parliament.uk/petitions/760300,open,199,760300,2026-03-17,2026-09-17,,
Require companies to test all batches of baby formula before sale,https://petition.parliament.uk/petitions/760306,open,38,760306,2026-03-13,2026-09-13,,
Lower the cost of British Citizenship applications to £800,https://petition.parliament.uk/petitions/760310,open,25,760310,2026-03-16,2026-09-16,,
Restrict HGV's to first two lanes of smart motorways to improve flow of traffic,https://petition.parliament.uk/petitions/760311,open,25,760311,2026-03-16,2026-09-16,,
Provide funding to repair severe potholes and compensate drivers,https://petition.parliament.uk/petitions/760312,open,107,760312,2026-03-16,2026-09-16,,
Require essential services to have phone and face to face options,https://petition.parliament.uk/petitions/760313,open,121,760313,2026-03-16,2026-09-16,,
Urge India to protect religious minorities from violence & discrimination,https://petition.parliament.uk/petitions/760316,open,39,760316,2026-03-23,2026-09-23,,
Allow Licensed Raw Milk Sales in Supermarkets,https://petition.parliament.uk/petitions/760322,open,2481,760322,2026-03-16,2026-09-16,,
Make it compulsory to have dual controls in vehicles checked every year,https://petition.parliament.uk/petitions/760326,open,15,760326,2026-03-25,2026-09-25,,
Make school libraries statutory in all secondary schools,https://petition.parliament.uk/petitions/760330,open,1585,760330,2026-03-18,2026-09-18,,
Create a single national opt-out from secondary use of personal data,https://petition.parliament.uk/petitions/760335,open,43,760335,2026-03-16,2026-09-16,,
Ban motor insurers from increasing premiums for non fault claims,https://petition.parliament.uk/petitions/760336,open,86,760336,2026-03-30,2026-09-30,,
Review current sentencing guidelines and immigration laws,https://petition.parliament.uk/petitions/760338,open,75,760338,2026-05-13,2026-11-13,,
Add Politics & Economics lessons to the secondary school curriculum,https://petition.parliament.uk/petitions/760350,open,86,760350,2026-03-17,2026-09-17,,
Extend Mother and Baby Units to admit mothers with babies older than 1 year,https://petition.parliament.uk/petitions/760369,open,73,760369,2026-03-16,2026-09-16,,
Require child friendly hand washing facilities in public and business toilets,https://petition.parliament.uk/petitions/760374,open,24,760374,2026-04-10,2026-10-10,,
Review anti-discrimination laws to strengthen trans women & LGBTQ+ protections,https://petition.parliament.uk/petitions/760382,open,25933,760382,2026-03-30,2026-09-30,,
Review Dangerous Dog Act 1991 and bring in dog ownership license and dog tagging,https://petition.parliament.uk/petitions/760387,open,840,760387,2026-03-17,2026-09-17,,
Ban the sale of Paan on health and environmental grounds,https://petition.parliament.uk/petitions/760401,open,48,760401,2026-03-16,2026-09-16,,
Include benefit income in Child Maintenance calculations,https://petition.parliament.uk/petitions/760408,open,47,760408,2026-03-16,2026-09-16,,
Reduce Interest on Student Loans & Cap Total Debt at One Year’s Average Salary,https://petition.parliament.uk/petitions/760412,open,115,760412,2026-03-16,2026-09-16,,
Set up an independent inquiry into West Indian children placed in ESN schools,https://petition.parliament.uk/petitions/760415,open,292,760415,2026-03-24,2026-09-24,,
Require & fund the assignment of a caseworker to every domestic abuse victim,https://petition.parliament.uk/petitions/760416,open,242,760416,2026-03-24,2026-09-24,,
"Make Solar Affordable: Tax Relief, NI Deduction, 0% VAT",https://petition.parliament.uk/petitions/760428,open,76,760428,2026-03-16,2026-09-16,,
Scrap the planned VED increases on 20 year old vehicles,https://petition.parliament.uk/petitions/760443,open,69,760443,2026-03-16,2026-09-16,,
Limit Repeat Abortions,https://petition.parliament.uk/petitions/760444,open,45,760444,2026-03-16,2026-09-16,,
Introduce amnesty for migrants already in the UK without visa,https://petition.parliament.uk/petitions/760448,open,28,760448,2026-03-17,2026-09-17,,
Only require disclosure of role-relevant convictions to employers and regulators,https://petition.parliament.uk/petitions/760456,open,15,760456,2026-03-16,2026-09-16,,
Fund NHS access to Omaveloxolone for patients with Friedreich's Ataxia,https://petition.parliament.uk/petitions/760461,open,4369,760461,2026-03-24,2026-09-24,,
Change the law to give pedestrians priority at unmarked crossings ,https://petition.parliament.uk/petitions/760462,open,20,760462,2026-03-24,2026-09-24,,
Launch an inquiry into road maintenance & publish road tax spending,https://petition.parliament.uk/petitions/760470,open,163,760470,2026-03-24,2026-09-24,,
Abolish council tax and fund local councils from national taxation,https://petition.parliament.uk/petitions/760478,open,811,760478,2026-03-25,2026-09-25,,
"Require all prisoners to work to pay their living costs, victims & Treasury",https://petition.parliament.uk/petitions/760481,open,55,760481,2026-03-25,2026-09-25,,
Seize all Russia-linked shadow fleet tankers,https://petition.parliament.uk/petitions/760483,open,167,760483,2026-03-24,2026-09-24,,
Require all emergency services to record staff suicides,https://petition.parliament.uk/petitions/760485,open,14579,760485,2026-03-24,2026-09-24,,
Extend Paid Maternity Leave to 18 Months to Support Child Development.,https://petition.parliament.uk/petitions/760489,open,173,760489,2026-03-16,2026-09-16,,
"Donations to a political party capped at £500,000 per individual or organisation",https://petition.parliament.uk/petitions/760491,open,55,760491,2026-03-17,2026-09-17,,
Ban non-individuals from political donations & impose a maximum donation cap,https://petition.parliament.uk/petitions/760495,open,116,760495,2026-03-26,2026-09-26,,
Ensure fair access to suitable vehicles under the Motability scheme,https://petition.parliament.uk/petitions/760511,open,77,760511,2026-03-17,2026-09-17,,
Allow mothers to stay with children in foster care when parenting isn’t the risk,https://petition.parliament.uk/petitions/760516,open,81,760516,2026-03-17,2026-09-17,,
Increase funding for veteran-led organisation supporting veterans into work,https://petition.parliament.uk/petitions/760517,open,15035,760517,2026-03-17,2026-09-17,,
Add ‘Security Officer’ to the recognised profession list on GOV passport website,https://petition.parliament.uk/petitions/760524,open,26,760524,2026-03-17,2026-09-17,,
Give private vehicle owners access to diagnostic tools and repair information,https://petition.parliament.uk/petitions/760526,open,270,760526,2026-03-16,2026-09-16,,
Reduce vehicle tax rates by 50% for vehicles registered up to 31 March 2017,https://petition.parliament.uk/petitions/760527,open,205,760527,2026-03-20,2026-09-20,,
Investigate the failures in the administration of Civil Service Pensions,https://petition.parliament.uk/petitions/760546,open,15459,760546,2026-03-20,2026-09-20,,
Make failure to indicate a specific road safety offence,https://petition.parliament.uk/petitions/760548,open,36,760548,2026-03-23,2026-09-23,,
"Review CMS to be calculated on both parents’ income, including investments",https://petition.parliament.uk/petitions/760556,open,124,760556,2026-03-26,2026-09-26,,
Ban AI translation,https://petition.parliament.uk/petitions/760557,open,31,760557,2026-03-17,2026-09-17,,
Raise the Expense rates for salary Sacrifice Electric Vehicles,https://petition.parliament.uk/petitions/760569,open,20,760569,2026-03-19,2026-09-19,,
Remove all interest from Plan 2 student loans and recalculate balances,https://petition.parliament.uk/petitions/760570,open,63,760570,2026-03-19,2026-09-19,,
Registered keeper to be held responsible for hit & runs if driver not identified,https://petition.parliament.uk/petitions/760577,open,17,760577,2026-03-20,2026-09-20,,
Classify Organised Grooming and Rape Gangs as Domestic Terrorism under Law,https://petition.parliament.uk/petitions/760584,open,946,760584,2026-03-20,2026-09-20,,
Allocate more childcare funding for working parents,https://petition.parliament.uk/petitions/760619,open,28,760619,2026-03-23,2026-09-23,,
Lower pension age for physically demanding jobs to 62,https://petition.parliament.uk/petitions/760630,open,75,760630,2026-03-18,2026-09-18,,
Exempt motorists from paying road tax on roads of poor quality,https://petition.parliament.uk/petitions/760636,open,62,760636,2026-03-27,2026-09-27,,
Ban engagement-driven algorithms that push provocative content on social media,https://petition.parliament.uk/petitions/760642,open,86,760642,2026-03-20,2026-09-20,,
Automatically suspend PR when a parent is convicted of child murder/serious harm,https://petition.parliament.uk/petitions/760644,open,356,760644,2026-03-20,2026-09-20,,
Require employers to manage psychosocial risks like stress & poor mental health,https://petition.parliament.uk/petitions/760645,open,139,760645,2026-03-20,2026-09-20,,
Make Religious Education optional for students from Year 7 to Year 13,https://petition.parliament.uk/petitions/760655,open,40,760655,2026-03-24,2026-09-24,,
Ban the use of choke chains and choke leads on dogs,https://petition.parliament.uk/petitions/760659,open,64,760659,2026-03-19,2026-09-19,,
Require Direct Debit Charity Collections to be Licensed as cash collections are,https://petition.parliament.uk/petitions/760664,open,18,760664,2026-03-24,2026-09-24,,
Mandatory pausing of civil court actions during domestic abuse investigations,https://petition.parliament.uk/petitions/760665,open,280,760665,2026-03-20,2026-09-20,,
Seek a global ban on superintelligence and to agree safe AI development path,https://petition.parliament.uk/petitions/760674,open,71,760674,2026-03-20,2026-09-20,,
Review Universal Credit rules for self-employed parents and fair reform,https://petition.parliament.uk/petitions/760679,open,53,760679,2026-04-14,2026-10-14,,
Conduct review of treatment of teachers in schools & colleges & mitigations,https://petition.parliament.uk/petitions/760680,open,107,760680,2026-03-23,2026-09-23,,
Revert back to using the title of His Majesty’s Government and not UK Government,https://petition.parliament.uk/petitions/760698,open,42,760698,2026-04-10,2026-10-10,,
Fund a new dedicated Good News channel to air daily,https://petition.parliament.uk/petitions/760700,open,24,760700,2026-03-20,2026-09-20,,
"ILR after 5 years for main applicants, their dependants ILR after 10 years",https://petition.parliament.uk/petitions/760704,open,13,760704,2026-03-20,2026-09-20,,
Ban the Production and Sale of Lab-Grown Meat,https://petition.parliament.uk/petitions/760721,open,187,760721,2026-03-20,2026-09-20,,
Strengthen penalties against political parties that break electoral laws,https://petition.parliament.uk/petitions/760722,open,76,760722,2026-03-27,2026-09-27,,
"Reduce VAT to 5% on Hydrotreated Vegetable Oil (HVO), an alternative to Diesel",https://petition.parliament.uk/petitions/760731,open,56,760731,2026-03-23,2026-09-23,,
Prohibit the Use of Mobile Devices During Formal Parliamentary Proceedings,https://petition.parliament.uk/petitions/760737,open,2588,760737,2026-03-20,2026-09-20,,
"Reintroduce the death penalty for Treason, Rape, Murder, Terrorism & Espionage",https://petition.parliament.uk/petitions/760749,open,202,760749,2026-03-25,2026-09-25,,
Require offside adaptive headlights be fixed when driving over 50mph,https://petition.parliament.uk/petitions/760755,open,24,760755,2026-03-24,2026-09-24,,
"Raise awareness of, and increase sentences for, “honour”-based killings",https://petition.parliament.uk/petitions/760761,open,58,760761,2026-03-25,2026-09-25,,
Require building of fully wheelchair accessible homes in all new developments,https://petition.parliament.uk/petitions/760762,open,76,760762,2026-03-20,2026-09-20,,
Fund free parking for key workers at their places of work,https://petition.parliament.uk/petitions/760782,open,629,760782,2026-03-23,2026-09-23,,
Require every ICU to have a separate carpark for patients' family to use,https://petition.parliament.uk/petitions/760788,open,23,760788,2026-04-08,2026-10-08,,
 Stop child sex offenders living near schools & within victims’ communities,https://petition.parliament.uk/petitions/760793,open,1591,760793,2026-03-24,2026-09-24,,
Require contractors to guarantee all roadworks for 2 years,https://petition.parliament.uk/petitions/760798,open,68,760798,2026-03-20,2026-09-20,,
Provide a legal pathway to “de-exempt” XL Bully dogs exempted as a precaution,https://petition.parliament.uk/petitions/760799,open,5333,760799,2026-04-07,2026-10-07,,
Fund free transport for children up to the age of 16,https://petition.parliament.uk/petitions/760801,open,39,760801,2026-04-08,2026-10-08,,
Fund dedicated housing for men with shared custody of their children,https://petition.parliament.uk/petitions/760804,open,25,760804,2026-03-20,2026-09-20,,
"Ban smoking, vaping and nicotine pouches in the presence of under 16s",https://petition.parliament.uk/petitions/760807,open,58,760807,2026-03-26,2026-09-26,,
Government to enhance powers of the Environment Agency against waste offenders,https://petition.parliament.uk/petitions/760810,open,313,760810,2026-04-01,2026-10-01,,
Do not apply income tax to our statutory annual holiday pay,https://petition.parliament.uk/petitions/760812,open,34,760812,2026-03-20,2026-09-20,,
Remove cursive handwriting from the expected standard for primary school,https://petition.parliament.uk/petitions/760815,open,214,760815,2026-03-27,2026-09-27,,
Stop DWP powers to receive universal credit claimants bank account information,https://petition.parliament.uk/petitions/760822,open,754,760822,2026-03-25,2026-09-25,,
Cap working age benefits at the same level as the state pension ,https://petition.parliament.uk/petitions/760824,open,39,760824,2026-03-23,2026-09-23,,
Require NHS to offer routine third trimester pregnancy ultrasound scan,https://petition.parliament.uk/petitions/760827,open,8984,760827,2026-03-23,2026-09-23,,
Align pay for general practice nurses with Agenda for Change framework,https://petition.parliament.uk/petitions/760835,open,1322,760835,2026-03-20,2026-09-20,,
Stop arms sales and any military support to Ukraine and Israel.,https://petition.parliament.uk/petitions/760848,open,70,760848,2026-03-30,2026-09-30,,
Make reproductive coercion a standalone criminal offence,https://petition.parliament.uk/petitions/760849,open,2602,760849,2026-03-30,2026-09-30,,
Publicly urge the US Government to end its oil & economic embargo against Cuba,https://petition.parliament.uk/petitions/760852,open,319,760852,2026-03-31,2026-09-30,,
Introduce guidelines for disclosure photos of criminals,https://petition.parliament.uk/petitions/760863,open,298,760863,2026-03-23,2026-09-23,,
Increase Statutory Paternity Leave to a minimum 12 weeks paid leave for fathers,https://petition.parliament.uk/petitions/760868,open,982,760868,2026-03-20,2026-09-20,,
Exempt all military families from school fines — let them be with family.,https://petition.parliament.uk/petitions/760883,open,3611,760883,2026-03-20,2026-09-20,,
Require businesses to train staff in assistance dog access,https://petition.parliament.uk/petitions/760884,open,31,760884,2026-03-25,2026-09-25,,
Give students the legal right to unrestricted toilet access in school,https://petition.parliament.uk/petitions/760890,open,680,760890,2026-03-24,2026-09-24,,
Continue PR for severely disabled adults instead of costly CoP Deputyship,https://petition.parliament.uk/petitions/760892,open,1882,760892,2026-03-23,2026-09-23,,
Fund a time-limited childcare scheme for all parents with cancer,https://petition.parliament.uk/petitions/760912,open,2102,760912,2026-03-24,2026-09-24,,
Increase the £100k childcare income cap in line with inflation,https://petition.parliament.uk/petitions/760916,open,1586,760916,2026-03-20,2026-09-20,,
Allow child minder grandparents to receive funding for related children,https://petition.parliament.uk/petitions/760942,open,103,760942,2026-05-07,2026-11-07,,
Legalise and regulate cannabis for adults across the United Kingdom,https://petition.parliament.uk/petitions/760967,open,1178,760967,2026-03-20,2026-09-20,,
Screen for Vasa previa in the NHS,https://petition.parliament.uk/petitions/760982,open,2804,760982,2026-03-20,2026-09-20,,
Introduce a Fixed Cap on Total Interest for Pre-Existing Plan 2 Student Loans.,https://petition.parliament.uk/petitions/761007,open,37,761007,2026-03-20,2026-09-20,,
Ensure a standalone Esports qualification is integrated into V-levels,https://petition.parliament.uk/petitions/761008,open,73,761008,2026-03-23,2026-09-23,,
Ban commercial vehicle businesses in residential areas & strengthen enforcement,https://petition.parliament.uk/petitions/761023,open,22,761023,2026-03-23,2026-09-23,,
Review Existing and Proposed Low Traffic Neighbourhood (LTN) Schemes,https://petition.parliament.uk/petitions/761036,open,97,761036,2026-03-20,2026-09-20,,
Hold a referendum: Replace FPTP with Proportional Representation through STV,https://petition.parliament.uk/petitions/761037,open,1460,761037,2026-03-20,2026-09-20,,
Recognise Israeli Driving Licences as Exchangeable in the UK,https://petition.parliament.uk/petitions/761041,open,259,761041,2026-03-20,2026-09-20,,
Ban current & former politicians from taking out injunctions in certain cases,https://petition.parliament.uk/petitions/761043,open,102,761043,2026-03-25,2026-09-25,,
Review businesses' use of disability ID schemes,https://petition.parliament.uk/petitions/761044,open,29,761044,2026-03-20,2026-09-20,,
Students with 90%+ attendance to be able to go on holiday during term time,https://petition.parliament.uk/petitions/761047,open,654,761047,2026-03-25,2026-09-25,,
Change the ReSPECT form to a legally binding document,https://petition.parliament.uk/petitions/761050,open,33,761050,2026-03-20,2026-09-20,,
Ban and stop the “15 minute cities” initiative in the UK,https://petition.parliament.uk/petitions/761058,open,10589,761058,2026-04-08,2026-10-08,,
"Cyclists to be licenced, registered to be on the road and have insurance",https://petition.parliament.uk/petitions/761069,open,161,761069,2026-03-20,2026-09-20,,
Reform the Dangerous Dogs Act 1991 to remove breed bans and introduce licensing,https://petition.parliament.uk/petitions/761070,open,2588,761070,2026-03-24,2026-09-24,,
Ensure access to screening for ADHD no later than 5yrs old,https://petition.parliament.uk/petitions/761077,open,41,761077,2026-03-20,2026-09-20,,
Require CCTV anywhere that looks after children and vulnerable people,https://petition.parliament.uk/petitions/761111,open,45,761111,2026-03-24,2026-09-24,,
"Add a tick box for ""Cornish"" in the 2031 census for national identity question ",https://petition.parliament.uk/petitions/761116,open,3742,761116,2026-03-24,2026-09-24,,
Require pay transparency and ban statutory rights as job benefits,https://petition.parliament.uk/petitions/761124,open,99,761124,2026-03-26,2026-09-26,,
Legislate to ban FPNs and prosecutions related to school attendance,https://petition.parliament.uk/petitions/761127,open,56480,761127,2026-03-24,2026-09-24,,
Introduce targeted coastal trawling bans to protect ecosystems & reduce erosion,https://petition.parliament.uk/petitions/761148,open,119,761148,2026-03-23,2026-09-23,,
Ring-fence 100% of VED  for mandatory road maintenance targets,https://petition.parliament.uk/petitions/761149,open,52,761149,2026-03-23,2026-09-23,,
Private pensions to remain excluded from someone's estate for Inheritance Tax,https://petition.parliament.uk/petitions/761152,open,373,761152,2026-03-25,2026-09-25,,
Exempt 2330-qualified electricians with 15+ years experience from retraining,https://petition.parliament.uk/petitions/761161,open,50,761161,2026-03-25,2026-09-25,,
Mandate no honours for individuals who use tax avoidance schemes,https://petition.parliament.uk/petitions/761168,open,57,761168,2026-03-24,2026-09-24,,
Require police officers to wear body cameras during health-related detentions,https://petition.parliament.uk/petitions/761170,open,30,761170,2026-03-31,2026-09-30,,
"Add peas, lentils and chickpeas to the UK’s list of major allergens.",https://petition.parliament.uk/petitions/761176,open,1736,761176,2026-03-24,2026-09-24,,
Require Directors be responsible for and minimise company’s environmental impact,https://petition.parliament.uk/petitions/761179,open,136,761179,2026-03-24,2026-09-24,,
Add gynaecological conditions e.g. Endometriosis to Equality Act 2010 Guidance,https://petition.parliament.uk/petitions/761186,open,12516,761186,2026-03-27,2026-09-27,,
Require browsers & social media to include AI off switch for UK residents,https://petition.parliament.uk/petitions/761191,open,70,761191,2026-03-26,2026-09-26,,
Stop taxing Longer Separation Allowance on British armed forces,https://petition.parliament.uk/petitions/761192,open,21877,761192,2026-04-09,2026-10-09,,
Improve accessibility of nightlife venues for disabled people,https://petition.parliament.uk/petitions/761199,open,157,761199,2026-03-24,2026-09-24,,
Require mandatory competency assessments and refresher training for hoist use,https://petition.parliament.uk/petitions/761206,open,73,761206,2026-03-23,2026-09-23,,
£1 tax on top division football league tickets to fund community 3G pitches,https://petition.parliament.uk/petitions/761214,open,996,761214,2026-03-30,2026-09-30,,
Make Post Partum Diastasis Recti repair (abdominoplasty) available via NHS,https://petition.parliament.uk/petitions/761223,open,62,761223,2026-03-27,2026-09-27,,
Introduce a rent cap on student accommodation,https://petition.parliament.uk/petitions/761233,open,119,761233,2026-03-30,2026-09-30,,
Require re-development of empty properties in an area before building new,https://petition.parliament.uk/petitions/761234,open,842,761234,2026-03-24,2026-09-24,,
Increase funding for Botox treatment for Sphincter of Oddi Dysfunction on NHS,https://petition.parliament.uk/petitions/761235,open,2667,761235,2026-03-30,2026-09-30,,
Remove VAT from fees for independent SEND schools,https://petition.parliament.uk/petitions/761236,open,46,761236,2026-03-30,2026-09-30,,
Review comprehensive pain relief & sedation options for hysteroscopy,https://petition.parliament.uk/petitions/761238,open,345,761238,2026-03-24,2026-09-24,,
Hold a binding referendum before reducing the current voting age,https://petition.parliament.uk/petitions/761241,open,96,761241,2026-03-31,2026-09-30,,
Introduce Independent Auditing of Police Complaints in England and Wales,https://petition.parliament.uk/petitions/761251,open,2239,761251,2026-03-25,2026-09-25,,
"Make ""One-Punch"" Killings Carry Harsher Sentences",https://petition.parliament.uk/petitions/761255,open,340,761255,2026-03-25,2026-09-25,,
Protect ADHD support and study possible post-COVID impact on diagnoses,https://petition.parliament.uk/petitions/761258,open,19,761258,2026-03-26,2026-09-26,,
Remove the statute of limitations for medical negligence for long-term damage,https://petition.parliament.uk/petitions/761268,open,740,761268,2026-03-31,2026-09-30,,
Create a more inclusive sign for disabled toilets and require universal use,https://petition.parliament.uk/petitions/761278,open,233,761278,2026-03-25,2026-09-25,,
Require government departments to publish annual reports on digital projects,https://petition.parliament.uk/petitions/761285,open,154,761285,2026-03-26,2026-09-26,,
Return Royal Mail to public ownership,https://petition.parliament.uk/petitions/761287,open,8766,761287,2026-03-25,2026-09-25,,
Make it illegal for doorbell footage to be used by companies for AI training,https://petition.parliament.uk/petitions/761304,open,69,761304,2026-04-08,2026-10-08,,
Make a mandatory ‘no ai’ logo for products and companies,https://petition.parliament.uk/petitions/761307,open,41,761307,2026-03-24,2026-09-24,,
Raise SEND funding by £10 billion & stop all new SEND reforms,https://petition.parliament.uk/petitions/761327,open,131,761327,2026-03-30,2026-09-30,,
Cap political donations at £1000 & fund a £4 civic voucher for voters,https://petition.parliament.uk/petitions/761345,open,150,761345,2026-03-30,2026-09-30,,
"Exempt pest control services from VAT for homes, schools and nurseries",https://petition.parliament.uk/petitions/761347,open,81,761347,2026-03-24,2026-09-24,,
Ban the display of alcohol by checkouts in supermarkets,https://petition.parliament.uk/petitions/761349,open,30,761349,2026-03-26,2026-09-26,,
Fund more permanent NHS roles for newly qualified student nurses ,https://petition.parliament.uk/petitions/761358,open,3017,761358,2026-03-30,2026-09-30,,
Review effectiveness of measures to keep phones and drones out of prisons,https://petition.parliament.uk/petitions/761362,open,113,761362,2026-03-26,2026-09-26,,
"Require legal limits on screen time for children, penalties and health warnings",https://petition.parliament.uk/petitions/761396,open,41,761396,2026-03-25,2026-09-25,,
Require all public toilets to include a baby changing facility for everyone,https://petition.parliament.uk/petitions/761399,open,53,761399,2026-03-25,2026-09-25,,
Introduce a statutory ban on mobile phones in secondary school lessons,https://petition.parliament.uk/petitions/761408,open,66,761408,2026-03-30,2026-09-30,,
Set minimum MP attendance requirements and automatic by-election if not met,https://petition.parliament.uk/petitions/761426,open,154,761426,2026-03-26,2026-09-26,,
"Increase funding for Multiple System Atrophy training, awareness & diagnosis ",https://petition.parliament.uk/petitions/761431,open,504,761431,2026-03-30,2026-09-30,,
Grant Chagossians the right to return to the Chagos Islands & fund restitution,https://petition.parliament.uk/petitions/761444,open,112,761444,2026-03-30,2026-09-30,,
Ban letters and visits related to TV licence checks if a licence is not needed,https://petition.parliament.uk/petitions/761461,open,120,761461,2026-03-25,2026-09-25,,
Ban AI usage in education by teachers and students,https://petition.parliament.uk/petitions/761473,open,90,761473,2026-03-25,2026-09-25,,
Mandatory alcolocks for all drivers returning from drink-driving bans,https://petition.parliament.uk/petitions/761478,open,29,761478,2026-03-26,2026-09-26,,
Allow Registered Nursing Associates to vaccinate under PGDs,https://petition.parliament.uk/petitions/761491,open,912,761491,2026-03-25,2026-09-25,,
Car insurance annual premiums should not cost more than the vehicle value,https://petition.parliament.uk/petitions/761519,open,32,761519,2026-03-25,2026-09-25,,
Fund state support for young people aged 18-25 who leave the care system,https://petition.parliament.uk/petitions/761524,open,646,761524,2026-03-30,2026-09-30,,
Introduce stricter welfare standards and inspections for pets kept in pet shops,https://petition.parliament.uk/petitions/761531,open,109,761531,2026-03-26,2026-09-26,,
Improve maternity pay and financial support for working families,https://petition.parliament.uk/petitions/761544,open,1681,761544,2026-03-24,2026-09-24,,
"Lower age of marriage to 16, to partner of similar age, with parental consent",https://petition.parliament.uk/petitions/761558,open,14,761558,2026-03-25,2026-09-25,,
"Require curfews and scrolling breaks on social media for under 16s, don't ban it",https://petition.parliament.uk/petitions/761589,open,62,761589,2026-04-10,2026-10-10,,
Reform minimum safety standards in temporary housing to protect children,https://petition.parliament.uk/petitions/761591,open,89,761591,2026-04-09,2026-10-09,,
Scrap the policy to ban the sale of new Petrol and Diesel Cars from 2030,https://petition.parliament.uk/petitions/761594,open,191,761594,2026-03-26,2026-09-26,,
Create oversight of Ofsted practices and inspector conduct,https://petition.parliament.uk/petitions/761596,open,36,761596,2026-03-25,2026-09-25,,
Require teaching about hidden disabilities and acceptance for kids in schools,https://petition.parliament.uk/petitions/761604,open,43,761604,2026-03-25,2026-09-25,,
Do not lower the voting age to 16,https://petition.parliament.uk/petitions/761605,open,227,761605,2026-03-24,2026-09-24,,
Mandatory 15-year minimum sentence for all child sexual offences,https://petition.parliament.uk/petitions/761652,open,10492,761652,2026-05-13,2026-11-13,,
Compensate Civil Servants for delays in their pensions,https://petition.parliament.uk/petitions/761672,open,321,761672,2026-03-25,2026-09-25,,
Allow pensions to offer 0% interest house deposit loans and low rate mortgages,https://petition.parliament.uk/petitions/761690,open,24,761690,2026-03-27,2026-09-27,,
Ban horns in automobiles that only sound when the cars ignition is switched on.,https://petition.parliament.uk/petitions/761691,open,12,761691,2026-05-20,2026-11-20,,
Withdraw all public funding for the Royal Family,https://petition.parliament.uk/petitions/761703,open,89,761703,2026-04-09,2026-10-09,,
"Establish a specific offence and sentence for Murder, Desecration & Concealment ",https://petition.parliament.uk/petitions/761706,open,294,761706,2026-03-27,2026-09-27,,
Withdraw involvement in war on Iran and seek diplomatic resolution,https://petition.parliament.uk/petitions/761718,open,2423,761718,2026-03-27,2026-09-27,,
"Change the school timetable on Fridays to a lesson-free, study day",https://petition.parliament.uk/petitions/761721,open,22,761721,2026-03-26,2026-09-26,,
Create a Contribution-Based Talent Re-Entry Visa for Former UK Skilled Worker,https://petition.parliament.uk/petitions/761727,open,23,761727,2026-03-25,2026-09-25,,
"Review & consider the role of agentic AI in Defence, Security & Public Services",https://petition.parliament.uk/petitions/761728,open,44,761728,2026-04-07,2026-10-07,,
Review statutory sick pay for people with chronic illnesses,https://petition.parliament.uk/petitions/761729,open,42,761729,2026-04-01,2026-10-01,,
Reinstate Post 16 transport for disabled young adults,https://petition.parliament.uk/petitions/761751,open,3254,761751,2026-03-25,2026-09-25,,
Standardised aftercare information and follow-up after endometriosis surgery,https://petition.parliament.uk/petitions/761755,open,644,761755,2026-03-26,2026-09-26,,
Reduce overseas aid spending to £1 billion,https://petition.parliament.uk/petitions/761757,open,65,761757,2026-03-30,2026-09-30,,
"Establish discount scheme for cheaper books for schools, students and NHS staff",https://petition.parliament.uk/petitions/761777,open,26,761777,2026-03-26,2026-09-26,,
Stop automatically classifying people as “British by descent” without consent,https://petition.parliament.uk/petitions/761779,open,26,761779,2026-03-26,2026-09-26,,
"Reduce the VAT on Heritage property repair, restoration and rebuild costs.",https://petition.parliament.uk/petitions/761802,open,44,761802,2026-03-27,2026-09-27,,
Mandatory suicide risk assessment for adolescents in hospital who express intent,https://petition.parliament.uk/petitions/761817,open,1117,761817,2026-04-10,2026-10-10,,
Only reduce sentence for early admission of guilt if given at police interview,https://petition.parliament.uk/petitions/761833,open,32,761833,2026-03-27,2026-09-27,,
Fund more adult-free spaces for under 16s so they feel safe,https://petition.parliament.uk/petitions/761864,open,28,761864,2026-03-26,2026-09-26,,
Require background checks before customers can purchase an animal,https://petition.parliament.uk/petitions/761866,open,171,761866,2026-03-26,2026-09-26,,
Review NHS BCG eligibility to protect infants of frontline TB-exposed workers,https://petition.parliament.uk/petitions/761918,open,64,761918,2026-03-26,2026-09-26,,
Ban AI generated videos being posted on streaming services for children,https://petition.parliament.uk/petitions/761929,open,57,761929,2026-03-26,2026-09-26,,
Require banks to provide a minimum number of branches for their customers,https://petition.parliament.uk/petitions/761947,open,71,761947,2026-03-27,2026-09-27,,
Cap tuition fees at £9000 for all undergraduate degrees,https://petition.parliament.uk/petitions/761951,open,22,761951,2026-03-26,2026-09-26,,
Ensure Section 20B sets deadline for final service charge after notification,https://petition.parliament.uk/petitions/761960,open,719,761960,2026-03-26,2026-09-26,,
Review housing support for single parents,https://petition.parliament.uk/petitions/761963,open,23,761963,2026-03-27,2026-09-27,,
Hold a referendum on the abolition of the British Monarchy,https://petition.parliament.uk/petitions/761976,open,786,761976,2026-03-30,2026-09-30,,
Reverse new Dual Nationality entry requirements,https://petition.parliament.uk/petitions/761978,open,296,761978,2026-04-09,2026-10-09,,
Review and improve children's involvement in decisions about their care,https://petition.parliament.uk/petitions/761980,open,32,761980,2026-04-08,2026-10-08,,
"Detain, detect and deport all illegal immigrants",https://petition.parliament.uk/petitions/761984,open,4905,761984,2026-03-26,2026-09-26,,
Require cosmetic surgeons to hold a GMC-approved specialist qualification,https://petition.parliament.uk/petitions/762010,open,227,762010,2026-03-30,2026-09-30,,
Add Meerkats to the Dangerous Wild Animals Act 1976,https://petition.parliament.uk/petitions/762034,open,24,762034,2026-04-02,2026-10-02,,
Enable family of deceased domestic abuse victims to challenge next of kin rights,https://petition.parliament.uk/petitions/762040,open,113,762040,2026-03-26,2026-09-26,,
Remove UK-F Registration Requirement for Dual Citizens with British Fathers,https://petition.parliament.uk/petitions/762042,open,23,762042,2026-03-30,2026-09-30,,
Issue guidance on handling specialist disability buggies on public transport,https://petition.parliament.uk/petitions/762044,open,173,762044,2026-03-26,2026-09-26,,
Stop all state benefit payments to non-British citizens,https://petition.parliament.uk/petitions/762045,open,502,762045,2026-03-30,2026-09-30,,
Amend the Firearms Act to allow licensed defensive tasers for female adults 18+,https://petition.parliament.uk/petitions/762051,open,479,762051,2026-04-09,2026-10-09,,
Add Crohn’s & Colitis to the NHS prescription exemption list,https://petition.parliament.uk/petitions/762060,open,1059,762060,2026-03-30,2026-09-30,,
Government to cover full cost of SEND provisions to protect access,https://petition.parliament.uk/petitions/762064,open,33,762064,2026-03-26,2026-09-26,,
Introduce a minimum 6-month grace period for UK dual citizen travel rules.,https://petition.parliament.uk/petitions/762070,open,214,762070,2026-03-30,2026-09-30,,
Reform NHS wheelchair quality framework to make waiting times legally binding,https://petition.parliament.uk/petitions/762087,open,2359,762087,2026-03-26,2026-09-26,,
Introduce the death penalty for certain child sex offences,https://petition.parliament.uk/petitions/762088,open,3377,762088,2026-03-27,2026-09-27,,
Introduce Mandatory National Service or Training for Youth Offenders.,https://petition.parliament.uk/petitions/762097,open,87,762097,2026-03-30,2026-09-30,,
"Allow State Pension to be passed to children, long-term partners, and dependents",https://petition.parliament.uk/petitions/762104,open,36,762104,2026-03-26,2026-09-26,,
Ban non-stun & recoverable stun slaughter of animals,https://petition.parliament.uk/petitions/762116,open,47628,762116,2026-03-30,2026-09-30,,
Hold a referendum on the Chagos Deal & scrap it if the public votes “no”,https://petition.parliament.uk/petitions/762118,open,139,762118,2026-03-30,2026-09-30,,
End slaughter of animals without prior stunning in the UK,https://petition.parliament.uk/petitions/762122,open,216,762122,2026-03-26,2026-09-26,,
Switch to proportional representation for general elections,https://petition.parliament.uk/petitions/762126,open,496,762126,2026-04-01,2026-10-01,,
Implement mandatory substance testing during child welfare checks,https://petition.parliament.uk/petitions/762130,open,34,762130,2026-03-26,2026-09-26,,
Reform legal processes to protect homebuyers,https://petition.parliament.uk/petitions/762131,open,81,762131,2026-03-27,2026-09-27,,
Mandate speed limiters on all motorcycles,https://petition.parliament.uk/petitions/762138,open,90,762138,2026-03-26,2026-09-26,,
Ban Hunts hounds & hunt members from bridleways & footpaths through private land,https://petition.parliament.uk/petitions/762144,open,62,762144,2026-03-31,2026-09-30,,
Set up a National Commission on Electoral Reform to review the electoral system,https://petition.parliament.uk/petitions/762149,open,3594,762149,2026-03-30,2026-09-30,,
Introduce same pension age for ambulance workers as for Police and Firefighters,https://petition.parliament.uk/petitions/762177,open,54,762177,2026-04-02,2026-10-02,,
Scrap the reduced daily rest period for HGV drivers: always require 11 hours,https://petition.parliament.uk/petitions/762180,open,17,762180,2026-03-27,2026-09-27,,
Review outsourcing and bring critical public services in-house,https://petition.parliament.uk/petitions/762184,open,59,762184,2026-04-10,2026-10-10,,
Legalise medically supervised assisted dying in confirmed cases of brain death,https://petition.parliament.uk/petitions/762188,open,91,762188,2026-03-27,2026-09-27,,
Make horse owners legally responsible for removing manure from public areas,https://petition.parliament.uk/petitions/762199,open,44,762199,2026-03-27,2026-09-27,,
Return the threshold at which First Time Buyers pay Stamp Duty to £425k or above,https://petition.parliament.uk/petitions/762208,open,38,762208,2026-03-30,2026-09-30,,
Mandate review by human before platform bans business account,https://petition.parliament.uk/petitions/762213,open,30,762213,2026-03-27,2026-09-27,,
"Pause housebuilding targets imposed on councils, review and identify local need",https://petition.parliament.uk/petitions/762214,open,10330,762214,2026-03-30,2026-09-30,,
Ban Supermarkets from selling fresh produce in plastic & require it to be loose,https://petition.parliament.uk/petitions/762217,open,114,762217,2026-03-30,2026-09-30,,
Raise Rent a Room Scheme tax-free threshold to reflect inflation & housing needs,https://petition.parliament.uk/petitions/762219,open,140,762219,2026-03-27,2026-09-27,,
Statutory paid leave for parents whose child is undergoing cancer treatment,https://petition.parliament.uk/petitions/762232,open,3640,762232,2026-03-30,2026-09-30,,
Do not require age verification for all user-user services,https://petition.parliament.uk/petitions/762236,open,86,762236,2026-04-10,2026-10-10,,
"Provide all UK citizens with a simple, unbiased guide to politics",https://petition.parliament.uk/petitions/762237,open,41,762237,2026-03-27,2026-09-27,,
Require online marketplaces to verify UK hallmark compliance,https://petition.parliament.uk/petitions/762238,open,468,762238,2026-03-26,2026-09-26,,
Review and improve the NHS' new online triage system,https://petition.parliament.uk/petitions/762242,open,92,762242,2026-03-30,2026-09-30,,
Introduce Nitrous Oxide canister refunds,https://petition.parliament.uk/petitions/762252,open,33,762252,2026-03-27,2026-09-27,,
Require action to address very hard water levels,https://petition.parliament.uk/petitions/762253,open,44,762253,2026-03-30,2026-09-30,,
"Legislate to reduce motorcycle noise to lower, standardised levels",https://petition.parliament.uk/petitions/762258,open,88,762258,2026-03-27,2026-09-27,,
Allow people to pay their mortgage & utility bills through salary sacrifice,https://petition.parliament.uk/petitions/762268,open,48,762268,2026-03-30,2026-09-30,,
Give taxpayers an annual opportunity to choose how some of their taxes are spent,https://petition.parliament.uk/petitions/762273,open,60,762273,2026-03-30,2026-09-30,,
Legally prohibit retention clauses in construction contracts.,https://petition.parliament.uk/petitions/762276,open,77,762276,2026-04-15,2026-10-15,,
Make it mandatory for foods that contain any alcohol to have logo,https://petition.parliament.uk/petitions/762280,open,281,762280,2026-03-27,2026-09-27,,
Require companies to offer users opt out for online alcohol advertising & sales,https://petition.parliament.uk/petitions/762281,open,245,762281,2026-03-27,2026-09-27,,
Introduce a dog traceability system to run alongside Livestock Services,https://petition.parliament.uk/petitions/762282,open,105,762282,2026-03-27,2026-09-27,,
Require written justification and review rights when scans are refused,https://petition.parliament.uk/petitions/762290,open,25,762290,2026-03-27,2026-09-27,,
Ban the use of AI in job recruitment processes,https://petition.parliament.uk/petitions/762292,open,99,762292,2026-03-30,2026-09-30,,
Ban international licence holders from driving if they fail UK driving test,https://petition.parliament.uk/petitions/762294,open,1092,762294,2026-04-09,2026-10-09,,
Impose a lifetime driving ban for causing death or injury by dangerous driving,https://petition.parliament.uk/petitions/762295,open,81,762295,2026-04-10,2026-10-10,,
Enforce measures recommended in the Public Accounts Committee's report on ECO4,https://petition.parliament.uk/petitions/762297,open,90,762297,2026-03-27,2026-09-27,,
Revise calculation of student loan repayments for overseas graduates,https://petition.parliament.uk/petitions/762301,open,57,762301,2026-04-08,2026-10-08,,
Pass house building reforms for construction of 1.4 million approved houses,https://petition.parliament.uk/petitions/762304,open,7025,762304,2026-03-30,2026-09-30,,
"Raise student loan repayment threshold with inflation, end freeze & cap interest",https://petition.parliament.uk/petitions/762322,open,25,762322,2026-03-30,2026-09-30,,
Reform & review Higher Education funding and admission policies,https://petition.parliament.uk/petitions/762337,open,127,762337,2026-03-27,2026-09-27,,
NHS for Pets,https://petition.parliament.uk/petitions/762340,open,81,762340,2026-03-26,2026-09-26,,
Create a mandatory public register of all qualified and supervised accountants,https://petition.parliament.uk/petitions/762347,open,92,762347,2026-03-30,2026-09-30,,
Launch a public inquiry into how taxpayers fund the monarchy,https://petition.parliament.uk/petitions/762368,open,56,762368,2026-04-09,2026-10-09,,
Commission review of Motability affordability,https://petition.parliament.uk/petitions/762369,open,81,762369,2026-03-31,2026-09-30,,
Require cctv inside graveyards,https://petition.parliament.uk/petitions/762374,open,71,762374,2026-04-13,2026-10-13,,
Increase student loan repayment thresholds with inflation,https://petition.parliament.uk/petitions/762382,open,68,762382,2026-03-31,2026-09-30,,
Launch a public inquiry into how public funds are spent in education,https://petition.parliament.uk/petitions/762390,open,32,762390,2026-03-30,2026-09-30,,
Make one-to-one mentoring a statutory right for children in care & care leavers,https://petition.parliament.uk/petitions/762405,open,3583,762405,2026-04-01,2026-10-01,,
Require English versions of all election materials produced in other languages,https://petition.parliament.uk/petitions/762406,open,84,762406,2026-03-27,2026-09-27,,
Require stricter standards for Type 1 diabetes support in schools,https://petition.parliament.uk/petitions/762426,open,47,762426,2026-03-27,2026-09-27,,
Hold Developers More Accountable in New Builds to Help Protect Nature ,https://petition.parliament.uk/petitions/762455,open,164,762455,2026-03-27,2026-09-27,,
Make referendum mandatory before enacting British territory changes,https://petition.parliament.uk/petitions/762475,open,61,762475,2026-04-09,2026-10-09,,
Cut Business Rates for Gyms to help Protect Preventative Health,https://petition.parliament.uk/petitions/762479,open,126,762479,2026-03-27,2026-09-27,,
Reform gambling self-exclusion systems to better protect vulnerable people,https://petition.parliament.uk/petitions/762490,open,65,762490,2026-03-31,2026-09-30,,
Make providing job references for employees compulsory ,https://petition.parliament.uk/petitions/762494,open,25,762494,2026-03-27,2026-09-27,,
Make genetic testing available from 12 weeks pregnant.,https://petition.parliament.uk/petitions/762497,open,1090,762497,2026-04-08,2026-10-08,,
Ban water company shareholder dividend payments if they pollute in dry weather,https://petition.parliament.uk/petitions/762503,open,128,762503,2026-04-10,2026-10-10,,
Reform of Labelling Regulations for Fishmeal and Aquaculture Feed Products,https://petition.parliament.uk/petitions/762506,open,29,762506,2026-03-31,2026-09-30,,
Require the NHS to automatically pair female patients with female doctors,https://petition.parliament.uk/petitions/762538,open,35,762538,2026-03-31,2026-09-30,,
Review COVID and RSV vaccine eligibility for preterm children,https://petition.parliament.uk/petitions/762540,open,266,762540,2026-03-27,2026-09-27,,
Increase minimum sentences for drug supply offences,https://petition.parliament.uk/petitions/762543,open,2024,762543,2026-03-27,2026-09-27,,
License and regulate business sale brokers to protect business owners,https://petition.parliament.uk/petitions/762547,open,19,762547,2026-03-27,2026-09-27,,
Prohibit court / bailiff action for any debts under £500,https://petition.parliament.uk/petitions/762548,open,30,762548,2026-04-01,2026-10-01,,
"Make employee bonuses tax-free up to £5,000 per year",https://petition.parliament.uk/petitions/762553,open,27,762553,2026-03-27,2026-09-27,,
Increase university maintenance loans for families with multiple siblings,https://petition.parliament.uk/petitions/762563,open,20,762563,2026-03-27,2026-09-27,,
Introduce standards for answers to PMQs to be enforced by the Speaker,https://petition.parliament.uk/petitions/762566,open,449,762566,2026-03-30,2026-09-30,,
Require gaming developers to make games adaptable for disabled users,https://petition.parliament.uk/petitions/762568,open,337,762568,2026-03-27,2026-09-27,,
Allow qualified professionals to end a tenancy for adults who lack capacity,https://petition.parliament.uk/petitions/762582,open,20,762582,2026-04-09,2026-10-09,,
Require Government to co-design better NHS care pathways and to employ more GPs,https://petition.parliament.uk/petitions/762586,open,3974,762586,2026-04-14,2026-10-14,,
Remove VAT charges on entry into all children’s play centres ,https://petition.parliament.uk/petitions/762589,open,31,762589,2026-03-30,2026-09-30,,
Review NHS prescription exemption rules for lifelong neurological conditions,https://petition.parliament.uk/petitions/762597,open,474,762597,2026-03-27,2026-09-27,,
"Review how to help keep children with families, with funding for early support",https://petition.parliament.uk/petitions/762604,open,180,762604,2026-03-31,2026-09-30,,
Require schools to turn off school device filters out of school hours,https://petition.parliament.uk/petitions/762614,open,28,762614,2026-03-30,2026-09-30,,
Ban social media for under 16s,https://petition.parliament.uk/petitions/762618,open,608,762618,2026-04-07,2026-10-07,,
Cap Academy Trust CEO Pay and Protect School Funding for Children,https://petition.parliament.uk/petitions/762625,open,3510,762625,2026-04-16,2026-10-16,,
Review accessibility of hospital parking and set minimum space width,https://petition.parliament.uk/petitions/762637,open,31,762637,2026-04-01,2026-10-01,,
Allow Vehicle Excise Duty (road tax) to be charged on a pro-rata daily basis,https://petition.parliament.uk/petitions/762638,open,365,762638,2026-03-27,2026-09-27,,
Hold a referendum to bring the water industry into public ownership,https://petition.parliament.uk/petitions/762640,open,152586,762640,2026-04-01,2026-10-01,2026-04-30,
Prohibit HMO licences being granted for properties near schools,https://petition.parliament.uk/petitions/762644,open,155,762644,2026-04-07,2026-10-07,,
Issue guidance so carers continue care visits for disabled patients in hospital,https://petition.parliament.uk/petitions/762645,open,841,762645,2026-04-08,2026-10-08,,
Don't allow people to vote by post ,https://petition.parliament.uk/petitions/762646,open,110,762646,2026-03-30,2026-09-30,,
Introduce a mandatory 15-minute grace period in all car parks,https://petition.parliament.uk/petitions/762649,open,559,762649,2026-04-10,2026-10-10,,
"Ban all raw sewage dumping, mandate real time warning system & investment",https://petition.parliament.uk/petitions/762656,open,116,762656,2026-04-01,2026-10-01,,
Mental Health Act to cover severe substance use if life-threatening,https://petition.parliament.uk/petitions/762680,open,152,762680,2026-04-08,2026-10-08,,
Review recent Right to Buy changes and consider reversing them,https://petition.parliament.uk/petitions/762683,open,56,762683,2026-04-02,2026-10-02,,
Introduce tests for type 1 diabetes for everyone at least once a year,https://petition.parliament.uk/petitions/762705,open,51,762705,2026-04-01,2026-10-01,,
Review evidential threshold in emotional and financial domestic abuse cases,https://petition.parliament.uk/petitions/762706,open,164,762706,2026-04-01,2026-10-01,,
Ban landlords from requiring UK Guarantors in all Private Rentals,https://petition.parliament.uk/petitions/762710,open,28,762710,2026-04-02,2026-10-02,,
Align UK chemical bans with EU and rejoin EU Safety Gate alert system,https://petition.parliament.uk/petitions/762718,open,85,762718,2026-04-07,2026-10-07,,
"Scrap landfill tax, review fly-tipping enforcement and fund council-led clean up",https://petition.parliament.uk/petitions/762722,open,69,762722,2026-04-01,2026-10-01,,
Honour maintenance loans and childcare grants for existing weekend students ,https://petition.parliament.uk/petitions/762730,open,3962,762730,2026-04-10,2026-10-10,,
Fund the RSV vaccine on the NHS for clinically vulnerable people of all ages,https://petition.parliament.uk/petitions/762735,open,143,762735,2026-04-23,2026-10-23,,
Fund paid placement or bursaries for medical students and improve conditions,https://petition.parliament.uk/petitions/762746,open,298,762746,2026-04-01,2026-10-01,,
Prevent all migrants without visas from accessing NHS healthcare for free,https://petition.parliament.uk/petitions/762749,open,198,762749,2026-04-01,2026-10-01,,
The Government must get the East West Rail Line passenger service running ASAP,https://petition.parliament.uk/petitions/762755,open,3557,762755,2026-04-01,2026-10-01,,
Ban social media for under 18s,https://petition.parliament.uk/petitions/762761,open,49,762761,2026-03-30,2026-09-30,,
Create a dedicated asylum route for Iranians fleeing war and oppression,https://petition.parliament.uk/petitions/762769,open,37,762769,2026-04-07,2026-10-07,,
Make it illegal to fire any kind of gun within 15 miles of a residential home,https://petition.parliament.uk/petitions/762779,open,192,762779,2026-04-08,2026-10-08,,
Exempt all Pensioners from Council Tax.,https://petition.parliament.uk/petitions/762794,open,208,762794,2026-03-31,2026-09-30,,
Make Comprehensive Gynaecology Education Mandatory in Secondary Schools,https://petition.parliament.uk/petitions/762809,open,55,762809,2026-04-08,2026-10-08,,
Ban zoos and fund more natural reserves and national parks,https://petition.parliament.uk/petitions/762812,open,49,762812,2026-04-09,2026-10-09,,
"Raise the personal tax allowance to £18,000",https://petition.parliament.uk/petitions/762815,open,37983,762815,2026-03-31,2026-09-30,,
Review PIP assessment for cyclical and hormone-linked conditions,https://petition.parliament.uk/petitions/762821,open,64,762821,2026-04-01,2026-10-01,,
Fund support for veterans and patients facing prescription opioid dependency,https://petition.parliament.uk/petitions/762825,open,98,762825,2026-04-01,2026-10-01,,
Conduct a review of working conditions in the security industry,https://petition.parliament.uk/petitions/762832,open,110,762832,2026-04-07,2026-10-07,,
Increase NHS psychiatric beds to reduce waits and unsafe placements,https://petition.parliament.uk/petitions/762838,open,142,762838,2026-03-31,2026-09-30,,
Impose fines on parents/carers of children who harm/bully other children,https://petition.parliament.uk/petitions/762844,open,39,762844,2026-04-09,2026-10-09,,
Introduce a Youth Sport Access Fund to remove financial barriers for children,https://petition.parliament.uk/petitions/762850,open,34,762850,2026-04-01,2026-10-01,,
Fund a National NHS Railcard for Healthcare Staff.,https://petition.parliament.uk/petitions/762874,open,38,762874,2026-04-01,2026-10-01,,
Early intervention for overweight children in primary schools,https://petition.parliament.uk/petitions/762889,open,26,762889,2026-04-01,2026-10-01,,
Review rules and enforce employment change declarations for Child Maintenance ,https://petition.parliament.uk/petitions/762908,open,18,762908,2026-04-13,2026-10-13,,
"Review NHS early pregnancy care, screening and bereavement support",https://petition.parliament.uk/petitions/762911,open,21,762911,2026-04-07,2026-10-07,,
Stop allowing the US to use British bases for any action against Iran,https://petition.parliament.uk/petitions/762916,open,747,762916,2026-04-07,2026-10-07,,
Charge people who don't pay tax in the UK for repatriation costs,https://petition.parliament.uk/petitions/762924,open,93,762924,2026-03-30,2026-09-30,,
Ensure schools inform families about all recognised Level 2 options beyond GCSEs,https://petition.parliament.uk/petitions/762940,open,4273,762940,2026-04-01,2026-10-01,,
Make owners of multiple properties liable for council tax on all properties,https://petition.parliament.uk/petitions/762970,open,62,762970,2026-04-01,2026-10-01,,
Ban MP pay rises in any year with income tax rate rises or frozen thresholds,https://petition.parliament.uk/petitions/762971,open,93,762971,2026-04-14,2026-10-14,,
Legislate to allow a public vote on MPs' pay rises,https://petition.parliament.uk/petitions/762986,open,165,762986,2026-04-01,2026-10-01,,
Invest in and support insulin production in the UK to ensure self-sufficiency,https://petition.parliament.uk/petitions/762993,open,2712,762993,2026-04-07,2026-10-07,,
Hold an immediate parliamentary vote on US use of UK bases,https://petition.parliament.uk/petitions/762994,open,471,762994,2026-04-01,2026-10-01,,
Public Vote Required on Overseas Aid Spending,https://petition.parliament.uk/petitions/763011,open,78,763011,2026-04-01,2026-10-01,,
Provide free access to public swimming pools for children under the age of six.,https://petition.parliament.uk/petitions/763019,open,79,763019,2026-04-01,2026-10-01,,
Fund support package for NHS and social care workers and their families,https://petition.parliament.uk/petitions/763021,open,21,763021,2026-04-08,2026-10-08,,
Ratify the Indigenous and Tribal Peoples Convention 1989 (ILO Convention 169),https://petition.parliament.uk/petitions/763034,open,8802,763034,2026-04-01,2026-10-01,,
Make the most of our own natural resources. Allow companies to drill gas and oil,https://petition.parliament.uk/petitions/763065,open,814,763065,2026-04-13,2026-10-13,,
Create strategy for supporting families of people with mental health conditions,https://petition.parliament.uk/petitions/763095,open,84,763095,2026-04-08,2026-10-08,,
Exempt Afghan women from the study-visa suspension and reinstate routes to study,https://petition.parliament.uk/petitions/763127,open,279,763127,2026-04-08,2026-10-08,,
Reverse the visa brake on Study Visas for citizens from Myanmar ,https://petition.parliament.uk/petitions/763141,open,1636,763141,2026-04-08,2026-10-08,,
Introduce Mandatory Flashing Amber Lights on Time-Restricted School Roads,https://petition.parliament.uk/petitions/763144,open,16,763144,2026-04-17,2026-10-17,,
Review processes for DV and sexual assault victim to appeal not guilty verdict,https://petition.parliament.uk/petitions/763152,open,38,763152,2026-04-09,2026-10-09,,
Ban the media from allowing online comments about deceased prisoners,https://petition.parliament.uk/petitions/763160,open,438,763160,2026-04-10,2026-10-10,,
Change surrogacy law to recognise intended parents from birth,https://petition.parliament.uk/petitions/763161,open,112017,763161,2026-04-10,2026-10-10,2026-04-28,
Ensure the Red Arrows fly a British-designed and built aircraft,https://petition.parliament.uk/petitions/763167,open,1276,763167,2026-04-08,2026-10-08,,
Hold a referendum regarding UK withdrawal from the 1951 Refugee Convention ,https://petition.parliament.uk/petitions/763180,open,85,763180,2026-04-01,2026-10-01,,
Review and Strengthen Animal Welfare Laws for Farmed Animals and Fish,https://petition.parliament.uk/petitions/763182,open,54,763182,2026-04-07,2026-10-07,,
Review the UK’s “special relationship” with the current US administration,https://petition.parliament.uk/petitions/763186,open,79,763186,2026-04-09,2026-10-09,,
Law to allow families to request compulsory assessment when addiction risks life,https://petition.parliament.uk/petitions/763191,open,204,763191,2026-04-07,2026-10-07,,
Do not increase defence spending due to situation in Iran,https://petition.parliament.uk/petitions/763202,open,27,763202,2026-04-13,2026-10-13,,
Require security risk assessments and fund security measures for schools,https://petition.parliament.uk/petitions/763214,open,247,763214,2026-04-08,2026-10-08,,
Lower driving age minimum from 17 to 15,https://petition.parliament.uk/petitions/763228,open,25,763228,2026-04-10,2026-10-10,,
Review endometriosis treatment options and communication of these to patients,https://petition.parliament.uk/petitions/763242,open,245,763242,2026-04-09,2026-10-09,,
Require schools to make pupils wear PE kit in place of traditional uniform,https://petition.parliament.uk/petitions/763243,open,26,763243,2026-04-13,2026-10-13,,
Require developmental assessments for children before starting school,https://petition.parliament.uk/petitions/763246,open,31,763246,2026-04-08,2026-10-08,,
Introduce a monthly public PMQs,https://petition.parliament.uk/petitions/763250,open,42,763250,2026-04-07,2026-10-07,,
Compensate all UK nationals stranded by the Middle East conflict for expenses,https://petition.parliament.uk/petitions/763276,open,27,763276,2026-04-13,2026-10-13,,
Exit ECHR & do not pay families of failed asylum seekers up to £40k to leave UK,https://petition.parliament.uk/petitions/763289,open,226,763289,2026-04-09,2026-10-09,,
Ensure people whose parent had breast cancer under 45 can access genetic testing,https://petition.parliament.uk/petitions/763294,open,7068,763294,2026-04-08,2026-10-08,,
Amend UK child employment laws to allow more part time work for under 16,https://petition.parliament.uk/petitions/763298,open,26,763298,2026-04-07,2026-10-07,,
Make it mandatory for all car manufacturers to provide a spare tyre in cars.,https://petition.parliament.uk/petitions/763309,open,51,763309,2026-04-07,2026-10-07,,
Impose financial penalties when parent is killed due to dangerous driving,https://petition.parliament.uk/petitions/763319,open,776,763319,2026-04-07,2026-10-07,,
Raise the minimum sentence for hit-and-run crimes to two years imprisonment,https://petition.parliament.uk/petitions/763330,open,485,763330,2026-04-13,2026-10-13,,
Match US transparency by releasing all existing UAP records,https://petition.parliament.uk/petitions/763336,open,48,763336,2026-04-07,2026-10-07,,
"Establish and fund a National Defence Reinvestment Programme
",https://petition.parliament.uk/petitions/763344,open,323,763344,2026-04-13,2026-10-13,,
Require train operators to provide designated pram spaces on trains,https://petition.parliament.uk/petitions/763349,open,94,763349,2026-04-08,2026-10-08,,
Review UK telecom Critical Network Infrastructure resilience&Domestic Capability,https://petition.parliament.uk/petitions/763350,open,130,763350,2026-04-08,2026-10-08,,
Legally require vegetarian and vegan food to be cooked and prepared separately,https://petition.parliament.uk/petitions/763352,open,290,763352,2026-04-07,2026-10-07,,
Provide funding to British families equal to support for failed asylum seekers,https://petition.parliament.uk/petitions/763355,open,45,763355,2026-04-21,2026-10-21,,
Amend Recall Act to recall Ministers who ignore vetting advice for appointments,https://petition.parliament.uk/petitions/763359,open,33,763359,2026-04-14,2026-10-14,,
Prevent fuel companies increasing prices as soon as oil prices rise.,https://petition.parliament.uk/petitions/763394,open,108,763394,2026-04-09,2026-10-09,,
"Stop pilot scheme giving up to £40,000 to failed asylum seeker families",https://petition.parliament.uk/petitions/763401,open,13784,763401,2026-04-10,2026-10-10,,
Mandate disabled people be guaranteed free access to council car parks,https://petition.parliament.uk/petitions/763402,open,131,763402,2026-04-08,2026-10-08,,
Cut alcohol duty and VAT for pubs and restaurants & consider new bank holiday ,https://petition.parliament.uk/petitions/763418,open,67,763418,2026-04-08,2026-10-08,,
Expand the Great British Energy-funding for solar schools to every school,https://petition.parliament.uk/petitions/763427,open,112,763427,2026-04-10,2026-10-10,,
Government to urge Israel to withdraw from Lebanon ,https://petition.parliament.uk/petitions/763431,open,70,763431,2026-04-24,2026-10-24,,
Subject the Government's Anti-Muslim hostility tsar plans to a referendum,https://petition.parliament.uk/petitions/763437,open,79,763437,2026-04-09,2026-10-09,,
"Cap ‘pay later’ parking and toll penalties, and require a pay-on-exit option",https://petition.parliament.uk/petitions/763441,open,50,763441,2026-04-09,2026-10-09,,
Hold a referendum on the future funding model of the BBC,https://petition.parliament.uk/petitions/763456,open,75,763456,2026-04-09,2026-10-09,,
Freeze all student loan repayment thresholds for overseas borrowers until 2030.,https://petition.parliament.uk/petitions/763467,open,17,763467,2026-04-24,2026-10-24,,
Reverse the visa brake on student visa applications from Afghan nationals,https://petition.parliament.uk/petitions/763472,open,98,763472,2026-04-13,2026-10-13,,
Introduce a legal maximum class size of 24 pupils in primary schools in England,https://petition.parliament.uk/petitions/763483,open,38,763483,2026-04-08,2026-10-08,,
End mandatory online age verification & mandate parental controls instead,https://petition.parliament.uk/petitions/763489,open,165,763489,2026-04-27,2026-10-27,,
Require the Government to fund all Statutory Sick Pay for small businesses,https://petition.parliament.uk/petitions/763493,open,75,763493,2026-04-14,2026-10-14,,
Reinstate study visas for Sudanese students and fully protect their education,https://petition.parliament.uk/petitions/763504,open,1419,763504,2026-04-08,2026-10-08,,
Create a national safeguarding regulator,https://petition.parliament.uk/petitions/763523,open,24,763523,2026-04-09,2026-10-09,,
Repeal section 14 of the Public Order Act 1986 to safeguard protest rights,https://petition.parliament.uk/petitions/763529,open,29,763529,2026-05-12,2026-11-12,,
Require compulsory warnings before news coverage on wars and conflicts,https://petition.parliament.uk/petitions/763544,open,19,763544,2026-04-09,2026-10-09,,
Make all types of trespass on commercial properties a criminal offence ,https://petition.parliament.uk/petitions/763568,open,23,763568,2026-04-14,2026-10-14,,
"Give every newborn in the UK a £1,500 retirement investment",https://petition.parliament.uk/petitions/763586,open,26,763586,2026-04-08,2026-10-08,,
Review financial harm safeguards for domestic abuse victims in joint mortgages,https://petition.parliament.uk/petitions/763623,open,33,763623,2026-04-10,2026-10-10,,
Ban postal voting except for those with severe disabilities,https://petition.parliament.uk/petitions/763625,open,52,763625,2026-04-10,2026-10-10,,
Allow international travel while an ILR application is pending,https://petition.parliament.uk/petitions/763631,open,1950,763631,2026-04-08,2026-10-08,,
Seek to work with the EU to develop European alternatives to key US products,https://petition.parliament.uk/petitions/763642,open,231,763642,2026-04-27,2026-10-27,,
Ban doctors from making decisions to make do not resuscitate (DNR) orders,https://petition.parliament.uk/petitions/763646,open,55,763646,2026-05-05,2026-11-05,,
Issue defence bonds,https://petition.parliament.uk/petitions/763654,open,33,763654,2026-04-14,2026-10-14,,
Review the use of “risk of harm” decisions under the Children Act 1989,https://petition.parliament.uk/petitions/763666,open,43,763666,2026-04-09,2026-10-09,,
Implement a mandatory DNA register for everyone born in or arriving in the UK.,https://petition.parliament.uk/petitions/763668,open,200,763668,2026-04-10,2026-10-10,,
Suspend fuel duty and VAT on fuel until the Iran conflict ends,https://petition.parliament.uk/petitions/763674,open,140,763674,2026-04-10,2026-10-10,,
Introduce legislation to make it possible to renumerate emergency volunteers,https://petition.parliament.uk/petitions/763675,open,12464,763675,2026-04-13,2026-10-13,,
Revise the SEND Reforms to retain EHCP beyond Primary>Secondary transition,https://petition.parliament.uk/petitions/763695,open,32,763695,2026-04-20,2026-10-20,,
Review and strengthen protections for children online,https://petition.parliament.uk/petitions/763698,open,1087,763698,2026-04-14,2026-10-14,,
Increase funding to £20m yearly for male suicide prevention & support.,https://petition.parliament.uk/petitions/763717,open,153,763717,2026-04-21,2026-10-21,,
Ensure new sewage treatment infrastructure meets higher standards as in the EU,https://petition.parliament.uk/petitions/763721,open,8817,763721,2026-05-01,2026-11-01,,
Ban sale of vaping products within listed buildings and 200+ year old buildings,https://petition.parliament.uk/petitions/763732,open,40,763732,2026-04-10,2026-10-10,,
Establish a judge-led inquiry into UK response to international sex trafficking,https://petition.parliament.uk/petitions/763735,open,56,763735,2026-04-16,2026-10-16,,
Legally require free access to period products in all public buildings,https://petition.parliament.uk/petitions/763762,open,144,763762,2026-04-10,2026-10-10,,
Ban full-face masks at football matches,https://petition.parliament.uk/petitions/763767,open,62,763767,2026-04-10,2026-10-10,,
Review waiting times for diagnosis and treatment of IBD,https://petition.parliament.uk/petitions/763771,open,20,763771,2026-04-13,2026-10-13,,
Extend Ukraine pet entry arrangements to citizens returning from conflict areas,https://petition.parliament.uk/petitions/763779,open,34,763779,2026-04-10,2026-10-10,,
Legalise keeping raccoons as pets,https://petition.parliament.uk/petitions/763780,open,22,763780,2026-04-28,2026-10-28,,
Require accessible changing benches for disabled children in public venues,https://petition.parliament.uk/petitions/763785,open,11397,763785,2026-04-09,2026-10-09,,
Cancel student debt for NHS staff after 5 years’ service,https://petition.parliament.uk/petitions/763792,open,898,763792,2026-04-09,2026-10-09,,
Keep B1 English for Skilled Worker visa holders; B2 only for new applicants,https://petition.parliament.uk/petitions/763801,open,261,763801,2026-04-09,2026-10-09,,
Legally recognise and treat therapy dogs in the same way as assistance dogs,https://petition.parliament.uk/petitions/763802,open,21,763802,2026-04-10,2026-10-10,,
Limit the number of properties landlords can own to three,https://petition.parliament.uk/petitions/763806,open,50,763806,2026-04-27,2026-10-27,,
Require a mental health alert symbol on patient records,https://petition.parliament.uk/petitions/763827,open,342,763827,2026-04-13,2026-10-13,,
Ban anonymous SIM cards and require ID verification for all SIM sales in the UK,https://petition.parliament.uk/petitions/763828,open,37,763828,2026-04-10,2026-10-10,,
Increase self-employed mileage claim & tax allowance to cover holiday/illness,https://petition.parliament.uk/petitions/763842,open,20,763842,2026-04-13,2026-10-13,,
Allow up to 10 days authorised school leave per year without fines,https://petition.parliament.uk/petitions/763857,open,2098,763857,2026-04-10,2026-10-10,,
Amend the Domestic Abuse Act to include abuse beyond partners or family,https://petition.parliament.uk/petitions/763865,open,46,763865,2026-04-10,2026-10-10,,
Government to launch campaign encouraging family friendly working patterns,https://petition.parliament.uk/petitions/763889,open,39,763889,2026-04-14,2026-10-14,,
Provide means-tested tax relief on private school fees.,https://petition.parliament.uk/petitions/763899,open,66,763899,2026-04-20,2026-10-20,,
Require action to make the roads safer for motorbikes,https://petition.parliament.uk/petitions/763917,open,42,763917,2026-04-10,2026-10-10,,
Remove employer National Insurance for all workers aged 16–25,https://petition.parliament.uk/petitions/763927,open,26,763927,2026-04-10,2026-10-10,,
Review laws on parental support & financial responsibility during pregnancy,https://petition.parliament.uk/petitions/763930,open,16,763930,2026-05-21,2026-11-21,,
Ban the sale of vapes in stores located in properties with residential units ,https://petition.parliament.uk/petitions/763935,open,320,763935,2026-04-13,2026-10-13,,
Remove the student visa 'emergency brake' applied to certain countries,https://petition.parliament.uk/petitions/763938,open,35,763938,2026-04-10,2026-10-10,,
Enshrine in Law Access to Hormone Replacement Therapy for Transgender Adults,https://petition.parliament.uk/petitions/763957,open,116,763957,2026-04-28,2026-10-28,,
Allow nursing homes to have a stock of anticipatory medication for all users,https://petition.parliament.uk/petitions/763958,open,25,763958,2026-04-28,2026-10-28,,
Ban the sale of vapes within 200 metres of National Infrastructure,https://petition.parliament.uk/petitions/763973,open,43,763973,2026-04-10,2026-10-10,,
Ensure every UK Armed Forces veteran funeral is offered Armed Forces recognition,https://petition.parliament.uk/petitions/763980,open,195,763980,2026-04-10,2026-10-10,,
Create a legal classification to protect independent businesses in law,https://petition.parliament.uk/petitions/763988,open,21,763988,2026-04-10,2026-10-10,,
Make all World War 2 veterans exempt from Tax and Care costs,https://petition.parliament.uk/petitions/763999,open,2038,763999,2026-04-10,2026-10-10,,
Launch a Public Consultation on the Reintroduction of the Eurasian Lynx ,https://petition.parliament.uk/petitions/764002,open,44,764002,2026-04-13,2026-10-13,,
Raise the age when children take control of their own health care and treatments,https://petition.parliament.uk/petitions/764011,open,51,764011,2026-04-10,2026-10-10,,
Introduce national social care tariffs so councils pay the true cost of care,https://petition.parliament.uk/petitions/764031,open,936,764031,2026-04-10,2026-10-10,,
Reverse the decision to abolish the Hereditary Peers,https://petition.parliament.uk/petitions/764032,open,161,764032,2026-04-15,2026-10-15,,
Increase Disabled Facilities Grant cap frozen since 2008 as costs rise,https://petition.parliament.uk/petitions/764039,open,79,764039,2026-04-13,2026-10-13,,
Review CPS charging test to require fuller police investigation before charging,https://petition.parliament.uk/petitions/764042,open,16,764042,2026-04-20,2026-10-20,,
Change the legal age to buy and consume alcohol to 16,https://petition.parliament.uk/petitions/764044,open,31,764044,2026-04-13,2026-10-13,,
Ban the sale of machetes and hunting knives to those without a licence,https://petition.parliament.uk/petitions/764047,open,68,764047,2026-04-10,2026-10-10,,
Hold a public inquiry into the handling of raw sewage by water companies,https://petition.parliament.uk/petitions/764048,open,88,764048,2026-04-23,2026-10-23,,
Require Heavy Goods Vehicles (HGVs) to be allowed to use bus lanes,https://petition.parliament.uk/petitions/764053,open,41,764053,2026-04-14,2026-10-14,,
Review the 2026 visa brake: Publish evidence & create transitional arrangements,https://petition.parliament.uk/petitions/764063,open,226,764063,2026-04-13,2026-10-13,,
Create a legal right & formal process to renounce ILR & Settled Status,https://petition.parliament.uk/petitions/764071,open,13,764071,2026-05-20,2026-11-20,,
Establish mandatory training to tackle medical misogyny in the NHS ,https://petition.parliament.uk/petitions/764079,open,1583,764079,2026-04-23,2026-10-23,,
"Reinstate Rebated Red Diesel For Construction, Mining and Logistics Industries",https://petition.parliament.uk/petitions/764080,open,51,764080,2026-04-14,2026-10-14,,
Lift the UK visa restrictions placed on Afghan nationals,https://petition.parliament.uk/petitions/764084,open,22,764084,2026-04-17,2026-10-17,,
Fund more Clinical Psychology Training places and accessible alternative routes,https://petition.parliament.uk/petitions/764085,open,2095,764085,2026-04-17,2026-10-17,,
Fund Provision of Robot Vacuum Cleaners to Those Aged 65+ / with Mobility Issues,https://petition.parliament.uk/petitions/764093,open,57,764093,2026-04-13,2026-10-13,,
Introduce a healthcare worker tax relief scheme for NHS and supporting staff.,https://petition.parliament.uk/petitions/764100,open,63,764100,2026-04-14,2026-10-14,,
Make it a requirement for all institutions to caption videos they show/publish,https://petition.parliament.uk/petitions/764107,open,54,764107,2026-04-15,2026-10-15,,
Cap retail oil and gas prices,https://petition.parliament.uk/petitions/764109,open,36,764109,2026-04-14,2026-10-14,,
Repeal the Internal Markets Act 2020.,https://petition.parliament.uk/petitions/764114,open,151,764114,2026-04-14,2026-10-14,,
Exempt students from lower class backgrounds from any student debt,https://petition.parliament.uk/petitions/764118,open,26,764118,2026-04-17,2026-10-17,,
Mandate antenatal discussion of low-dose aspirin in pregnancy across NHS,https://petition.parliament.uk/petitions/764137,open,1040,764137,2026-04-14,2026-10-14,,
Review discharge of mental health patients,https://petition.parliament.uk/petitions/764140,open,14424,764140,2026-04-24,2026-10-24,,
Urgently make Cuckooing a specific offence and increase penalties,https://petition.parliament.uk/petitions/764148,open,44,764148,2026-04-30,2026-10-30,,
Fund free sign language & makaton courses for parents with nonverbal children,https://petition.parliament.uk/petitions/764157,open,48,764157,2026-04-10,2026-10-10,,
Make saliva tests to detect endometriosis freely available on the NHS,https://petition.parliament.uk/petitions/764166,open,82,764166,2026-04-14,2026-10-14,,
Make it illegal to photograph minors in public without parental consent.,https://petition.parliament.uk/petitions/764169,open,121,764169,2026-04-13,2026-10-13,,
Reduce fuel duty and remove VAT on petrol and diesel,https://petition.parliament.uk/petitions/764175,open,100,764175,2026-04-14,2026-10-14,,
Review and Remove statues glorifying colonial conquest in British India,https://petition.parliament.uk/petitions/764184,open,23,764184,2026-04-16,2026-10-16,,
Fund support for vulnerable parents involved in social services investigations,https://petition.parliament.uk/petitions/764188,open,36,764188,2026-04-14,2026-10-14,,
Legalise having no front number plate on a vehicle,https://petition.parliament.uk/petitions/764201,open,19,764201,2026-04-13,2026-10-13,,
Make defibrillators mandatory in all types of gym or exercise establishments,https://petition.parliament.uk/petitions/764204,open,47,764204,2026-04-13,2026-10-13,,
Introduce Legislation to make Verbal Abuse toward Police Officers an offence,https://petition.parliament.uk/petitions/764208,open,1990,764208,2026-04-16,2026-10-16,,
Regulate companies supplying heating oil and LPG,https://petition.parliament.uk/petitions/764213,open,83,764213,2026-04-28,2026-10-28,,
Include ethnicity on UK passports alongside nationality.,https://petition.parliament.uk/petitions/764218,open,24,764218,2026-04-16,2026-10-16,,
Improve Monitoring and Early Detection for Endometriosis Patients in the UK,https://petition.parliament.uk/petitions/764219,open,428,764219,2026-04-14,2026-10-14,,
"Fund £8,580 per home-educated child per year ",https://petition.parliament.uk/petitions/764236,open,496,764236,2026-04-14,2026-10-14,,
Fund advanced testing for UTI and improved support for UTI sufferers,https://petition.parliament.uk/petitions/764237,open,387,764237,2026-04-15,2026-10-15,,
Extend Section 76 to protect victims of institutional coercive control.,https://petition.parliament.uk/petitions/764239,open,36,764239,2026-04-23,2026-10-23,,
Set VAT and duty on fuel at a fixed amount,https://petition.parliament.uk/petitions/764240,open,90,764240,2026-04-14,2026-10-14,,
Require schools to deliver boxing-based activities in PSE and health curriculum,https://petition.parliament.uk/petitions/764247,open,97,764247,2026-04-20,2026-10-20,,
Make additional autism-specific training mandatory for all speech therapists,https://petition.parliament.uk/petitions/764248,open,6258,764248,2026-04-21,2026-10-21,,
Grant Legal Personhood Rights to all chalk streams,https://petition.parliament.uk/petitions/764250,open,34,764250,2026-04-16,2026-10-16,,
Mandate independent inspections for government-funded retrofit schemes,https://petition.parliament.uk/petitions/764254,open,53,764254,2026-04-21,2026-10-21,,
Cap insurance prices for cars 1.4 litre and under with under 100 horsepower,https://petition.parliament.uk/petitions/764255,open,81,764255,2026-04-14,2026-10-14,,
Protect legal right to support for children with SEND,https://petition.parliament.uk/petitions/764268,open,15108,764268,2026-04-14,2026-10-14,,
Ban egg hatching programs in schools and nurseries,https://petition.parliament.uk/petitions/764270,open,2232,764270,2026-04-16,2026-10-16,,
Fund a “Prepare Homes Before Heat Pumps” staged retrofit framework,https://petition.parliament.uk/petitions/764276,open,28,764276,2026-04-16,2026-10-16,,
Improve and strengthen relations with Israel,https://petition.parliament.uk/petitions/764277,open,40,764277,2026-04-14,2026-10-14,,
Require formal recording and government monitoring of assaults on teachers,https://petition.parliament.uk/petitions/764281,open,678,764281,2026-04-14,2026-10-14,,
Mandatory hygiene and allergy certificate for anyone handling or selling food,https://petition.parliament.uk/petitions/764284,open,50,764284,2026-04-14,2026-10-14,,
Increase the Travel — mileage and fuel rates and allowances after 10000 miles,https://petition.parliament.uk/petitions/764308,open,48,764308,2026-04-14,2026-10-14,,
Cap airport drop-off and pick-up fees at £5 across UK airports,https://petition.parliament.uk/petitions/764312,open,1054,764312,2026-04-14,2026-10-14,,
Review parental responsibility for their child’s violent behaviour,https://petition.parliament.uk/petitions/764316,open,86,764316,2026-04-28,2026-10-28,,
Automatic right to appeal for people convicted of murder under joint enterprise,https://petition.parliament.uk/petitions/764318,open,527,764318,2026-04-21,2026-10-21,,
Introduce a 20% tax on lottery windfalls,https://petition.parliament.uk/petitions/764328,open,30,764328,2026-04-17,2026-10-17,,
Amend the Video Recordings Act 1984 to allow the sale of unclassified DVDs,https://petition.parliament.uk/petitions/764340,open,19,764340,2026-04-24,2026-10-24,,
Review the enforcement of laws protecting political expression of ethnic groups ,https://petition.parliament.uk/petitions/764347,open,19,764347,2026-04-20,2026-10-20,,
Make it an offence to use someone's bank card if they're dying in hospital,https://petition.parliament.uk/petitions/764350,open,46,764350,2026-04-16,2026-10-16,,
Lower the age for Cervical Screenings from 25 to 21,https://petition.parliament.uk/petitions/764356,open,165,764356,2026-04-16,2026-10-16,,
Increase the minimum holiday entitlement to 30 days including bank holidays,https://petition.parliament.uk/petitions/764360,open,106,764360,2026-04-14,2026-10-14,,
Ban AI advertisements,https://petition.parliament.uk/petitions/764362,open,86,764362,2026-05-05,2026-11-05,,
Call a Public Inquiry on Qatar’s Influence on UK Politics & Democratic Processes,https://petition.parliament.uk/petitions/764365,open,50,764365,2026-04-21,2026-10-21,,
Call for a Public Inquiry into pro-Iran Influence on UK Politics & Democracy,https://petition.parliament.uk/petitions/764367,open,49,764367,2026-04-21,2026-10-21,,
Codify rules for MPs' attendance in Parliament & their constituency in statute,https://petition.parliament.uk/petitions/764375,open,22737,764375,2026-04-15,2026-10-15,,
Require 2 forms of identification when voting and stronger scrutinisation ,https://petition.parliament.uk/petitions/764386,open,28,764386,2026-04-23,2026-10-23,,
Start UK British summer time on the last Sunday in February each year.,https://petition.parliament.uk/petitions/764392,open,19,764392,2026-04-17,2026-10-17,,
Update child maintenance regulations to better recognise equal care arrangements,https://petition.parliament.uk/petitions/764393,open,38,764393,2026-04-15,2026-10-15,,
"Define anti-Christian hostility & issue guidance for schools, police & business",https://petition.parliament.uk/petitions/764396,open,132,764396,2026-04-21,2026-10-21,,
Create Multidisciplinary NHS services for hEDS and associated conditions.,https://petition.parliament.uk/petitions/764400,open,61,764400,2026-04-15,2026-10-15,,
Deport all foreign-born criminals & individuals on the terror watchlist,https://petition.parliament.uk/petitions/764402,open,12742,764402,2026-04-27,2026-10-27,,
Extend or abolish Sunday trade hours,https://petition.parliament.uk/petitions/764405,open,48,764405,2026-04-15,2026-10-15,,
Require automatic headlights on vehicles to activate rear lights for safety,https://petition.parliament.uk/petitions/764427,open,27,764427,2026-04-16,2026-10-16,,
Ensure Dedicated Funding for Speech & Language Therapy in SEND Education Budget,https://petition.parliament.uk/petitions/764428,open,29,764428,2026-04-15,2026-10-15,,
Introduce an AI Agent Tax for companies,https://petition.parliament.uk/petitions/764438,open,35,764438,2026-04-21,2026-10-21,,
Fund specialised trauma-informed communications training for all NHS staff,https://petition.parliament.uk/petitions/764450,open,79,764450,2026-04-17,2026-10-17,,
Make Eid al-Fitr and Eid al-Adha bank holidays,https://petition.parliament.uk/petitions/764465,open,35,764465,2026-04-23,2026-10-23,,
Allow sentence reductions for rehabilitated Extended Determinate prisoners -EDS-,https://petition.parliament.uk/petitions/764481,open,426,764481,2026-04-15,2026-10-15,,
Require voter consent for political parties to access electoral register data,https://petition.parliament.uk/petitions/764490,open,52,764490,2026-04-16,2026-10-16,,
Social media ban for under fourteen years old,https://petition.parliament.uk/petitions/764498,open,56,764498,2026-04-14,2026-10-14,,
Continue the national Free School Meals voucher scheme for school holidays,https://petition.parliament.uk/petitions/764507,open,139,764507,2026-04-15,2026-10-15,,
Review parental rights when a parent is not involved in their child's care 50/50,https://petition.parliament.uk/petitions/764509,open,23,764509,2026-04-15,2026-10-15,,
Hold a public inquiry to review the use of dopamine agonists ,https://petition.parliament.uk/petitions/764510,open,6497,764510,2026-04-22,2026-10-22,,
Review regulation of social media algorithms that amplify harmful content,https://petition.parliament.uk/petitions/764515,open,38,764515,2026-04-16,2026-10-16,,
Introduce new statutory standards for toilet access and lunchtime in schools,https://petition.parliament.uk/petitions/764517,open,45,764517,2026-04-27,2026-10-27,,
Review requirements to become mental health practitioner,https://petition.parliament.uk/petitions/764524,open,68,764524,2026-04-23,2026-10-23,,
Remove sentence reductions for guilty pleas in controlling and coercive cases,https://petition.parliament.uk/petitions/764553,open,104010,764553,2026-04-21,2026-10-21,2026-05-18,
Pause student loan repayments during Armed Forces Service & clear debt after,https://petition.parliament.uk/petitions/764565,open,38,764565,2026-04-16,2026-10-16,,
Reduce fuel duty tax to at least half of the current rates,https://petition.parliament.uk/petitions/764577,open,52,764577,2026-04-23,2026-10-23,,
Ban fixed-term employment contracts,https://petition.parliament.uk/petitions/764579,open,14,764579,2026-04-15,2026-10-15,,
Fund a medical cannabis trial for children left without NHS access since 2018,https://petition.parliament.uk/petitions/764594,open,5796,764594,2026-04-21,2026-10-21,,
Give £500 of credits to full-time workers to spend in UK independent businesses,https://petition.parliament.uk/petitions/764599,open,22,764599,2026-04-15,2026-10-15,,
Stop means-testing heating oil support,https://petition.parliament.uk/petitions/764602,open,84,764602,2026-04-30,2026-10-30,,
Equal Representation of Cultural & National Celebrations in the Curriculum,https://petition.parliament.uk/petitions/764611,open,32,764611,2026-04-16,2026-10-16,,
Exempt all social care providers from employer NI contribution rise,https://petition.parliament.uk/petitions/764618,open,256,764618,2026-04-17,2026-10-17,,
"Introduce new offence for murder, dismemberment and concealment ",https://petition.parliament.uk/petitions/764621,open,54,764621,2026-04-28,2026-10-28,,
Offer MenB vaccine to under 22s born before 2015,https://petition.parliament.uk/petitions/764623,open,3652,764623,2026-04-22,2026-10-22,,
Decriminalise self-defence by any means against sexual assault ,https://petition.parliament.uk/petitions/764626,open,80,764626,2026-04-17,2026-10-17,,
Link tax threshold increases for pensioners to the triple lock for pensions,https://petition.parliament.uk/petitions/764628,open,50,764628,2026-04-28,2026-10-28,,
Allow People with Type 1 Diabetes to Serve in the UK Armed Forces,https://petition.parliament.uk/petitions/764630,open,48,764630,2026-04-17,2026-10-17,,
Make student loan repayments a pre-tax deduction like business training costs.,https://petition.parliament.uk/petitions/764633,open,32,764633,2026-03-27,2026-09-27,,
Review and enable public consultation before defunding of 16 apprenticeships,https://petition.parliament.uk/petitions/764644,open,27,764644,2026-04-17,2026-10-17,,
Exempt small fish and chip shops from VAT registration requirements,https://petition.parliament.uk/petitions/764646,open,37,764646,2026-04-16,2026-10-16,,
Ban breeding of specific cats and dogs,https://petition.parliament.uk/petitions/764647,open,50,764647,2026-04-20,2026-10-20,,
Fund private financial planning support for terminally ill patients,https://petition.parliament.uk/petitions/764665,open,216,764665,2026-04-17,2026-10-17,,
Review effectiveness of post separation domestic abuse laws,https://petition.parliament.uk/petitions/764673,open,31,764673,2026-04-17,2026-10-17,,
Veterans to keep benefit entitlement when in receipt of medical compensation ,https://petition.parliament.uk/petitions/764675,open,96,764675,2026-04-21,2026-10-21,,
Provide urgent funding support and workforce planning for social care,https://petition.parliament.uk/petitions/764676,open,19,764676,2026-04-17,2026-10-17,,
Make meningitis vaccination available for free to all,https://petition.parliament.uk/petitions/764682,open,296,764682,2026-04-17,2026-10-17,,
Make the Royal Family to pay inheritance & capital gains tax on private assets,https://petition.parliament.uk/petitions/764683,open,85,764683,2026-05-11,2026-11-11,,
Allow people to take an oath of allegiance to the UK instead of the Crown,https://petition.parliament.uk/petitions/764688,open,78,764688,2026-04-28,2026-10-28,,
Reverse the withdrawal of funding for security and leadership apprenticeships,https://petition.parliament.uk/petitions/764700,open,211,764700,2026-04-20,2026-10-20,,
Fund improved hospital meals for pregnant women with gestational diabetes,https://petition.parliament.uk/petitions/764702,open,76,764702,2026-04-17,2026-10-17,,
Do not introduce licensing for gamebird shooting,https://petition.parliament.uk/petitions/764703,open,32,764703,2026-04-20,2026-10-20,,
Make it illegal to walk dogs during extreme heat to prevent suffering and death.,https://petition.parliament.uk/petitions/764706,open,6601,764706,2026-04-24,2026-10-24,,
"Limit postal voting to elderly, disabled, people overseas & military personnel",https://petition.parliament.uk/petitions/764711,open,50,764711,2026-05-05,2026-11-05,,
Hold a referendum on assisted dying,https://petition.parliament.uk/petitions/764717,open,148,764717,2026-04-17,2026-10-17,,
Ban the sale of single-use plastic drinks bottles in UK schools,https://petition.parliament.uk/petitions/764725,open,215,764725,2026-04-17,2026-10-17,,
Abandon the Chagos deal,https://petition.parliament.uk/petitions/764740,open,96,764740,2026-04-17,2026-10-17,,
Lower the bowel cancer screening age to 25,https://petition.parliament.uk/petitions/764766,open,963,764766,2026-05-12,2026-11-12,,
Ban and criminalise all abortions. Choose Adoption and Save Children’s Lives,https://petition.parliament.uk/petitions/764767,open,302,764767,2026-04-20,2026-10-20,,
Mandate Emergency Responders Undertake Trauma-Informed Mental Health Training ,https://petition.parliament.uk/petitions/764769,open,98,764769,2026-04-20,2026-10-20,,
Require businesses pay a 50% deposit to contracted sole traders/small businesses,https://petition.parliament.uk/petitions/764778,open,364,764778,2026-04-20,2026-10-20,,
Require large housing development applications to be made as full applications,https://petition.parliament.uk/petitions/764781,open,1294,764781,2026-04-20,2026-10-20,,
Support the Ceramics Industry and protect British manufacturing jobs and skills,https://petition.parliament.uk/petitions/764785,open,109732,764785,2026-04-17,2026-10-17,2026-06-07,2026-07-06
Review collaboration between police and hospitals in suspected spiking cases,https://petition.parliament.uk/petitions/764811,open,55,764811,2026-04-17,2026-10-17,,
Hold a referendum on the use of military force or assets for overseas actions,https://petition.parliament.uk/petitions/764816,open,18,764816,2026-05-08,2026-11-08,,
Ban perpetrators of domestic violence from living in same city as their victims,https://petition.parliament.uk/petitions/764832,open,147,764832,2026-04-20,2026-10-20,,
HMRC must be more transparent & accountable when its accounts are qualified ,https://petition.parliament.uk/petitions/764836,open,34,764836,2026-04-17,2026-10-17,,
Restructure the UK Energy Market to Adopt the Norwegian Model of Resource Wealth,https://petition.parliament.uk/petitions/764837,open,53,764837,2026-04-21,2026-10-21,,
Make the Nolan Principles legally enforceable for all politicians and candidates,https://petition.parliament.uk/petitions/764839,open,119,764839,2026-04-21,2026-10-21,,
Remove clause decriminalising abortions from the Crime and Policing Bill,https://petition.parliament.uk/petitions/764840,open,48,764840,2026-04-23,2026-10-23,,
Cap Out-Of-Hours Veterinary Fees to Prevent Pet Abandonment,https://petition.parliament.uk/petitions/764841,open,160,764841,2026-04-27,2026-10-27,,
Stop all Universal Credit Reviews and Bank Statement requests,https://petition.parliament.uk/petitions/764848,open,62,764848,2026-04-21,2026-10-21,,
Introduce a Remembrance Day for all children under 18 who have lost their lives,https://petition.parliament.uk/petitions/764853,open,16,764853,2026-04-24,2026-10-24,,
Introduce a higher mileage rate for health and social care essential car users,https://petition.parliament.uk/petitions/764872,open,96,764872,2026-04-20,2026-10-20,,
End concurrent sentencing for multiple serious offences,https://petition.parliament.uk/petitions/764874,open,96,764874,2026-04-17,2026-10-17,,
Fund a national road safety campaign to protect children,https://petition.parliament.uk/petitions/764881,open,29,764881,2026-04-24,2026-10-24,,
Stop megasheds being built & operated 24/7 close to homes and communities ,https://petition.parliament.uk/petitions/764882,open,10259,764882,2026-04-20,2026-10-20,,
Protect graves of all UK military veterans from reuse under new burial proposals,https://petition.parliament.uk/petitions/764887,open,648,764887,2026-04-17,2026-10-17,,
End the Twice-Yearly Clock Changes in the UK to Improve Sleep and Wellbeing,https://petition.parliament.uk/petitions/764890,open,92,764890,2026-04-17,2026-10-17,,
Cut Fuel Duty by the Amount of Extra VAT Gained During Rapid Fuel Increases,https://petition.parliament.uk/petitions/764898,open,91,764898,2026-04-21,2026-10-21,,
Support UK innovation & reform copyright law to curb tech giants,https://petition.parliament.uk/petitions/764902,open,45,764902,2026-04-29,2026-10-29,,
Ban default service charges and pre-set digital tip screens in hospitality,https://petition.parliament.uk/petitions/764909,open,5578,764909,2026-04-22,2026-10-22,,
Remove the VAT element of tax from the cost of fuel at the pump,https://petition.parliament.uk/petitions/764916,open,72,764916,2026-04-17,2026-10-17,,
Reopen viable coal mines & north sea gas & oil fields,https://petition.parliament.uk/petitions/764924,open,109,764924,2026-04-21,2026-10-21,,
Keep the English Language test level at B1 for all settlement family visas,https://petition.parliament.uk/petitions/764939,open,16,764939,2026-04-17,2026-10-17,,
Increase the tax free overnight allowance for HGV and PCV drivers to £50,https://petition.parliament.uk/petitions/764948,open,65,764948,2026-04-20,2026-10-20,,
Ban abortions after 21 Weeks,https://petition.parliament.uk/petitions/764949,open,34,764949,2026-04-22,2026-10-22,,
Mandate action on Excessive Dog Barking Noise ,https://petition.parliament.uk/petitions/764973,open,93,764973,2026-04-21,2026-10-21,,
Establish welfare body to end horse deaths in racing now,https://petition.parliament.uk/petitions/764982,open,306,764982,2026-05-14,2026-11-14,,
Child safeguarding practice reviews for all children who suffer significant harm,https://petition.parliament.uk/petitions/764983,open,50,764983,2026-04-22,2026-10-22,,
Reform VED to remove duplicate taxation and base it on road impact,https://petition.parliament.uk/petitions/764990,open,24,764990,2026-04-20,2026-10-20,,
Government to maintain VAT relief on repairs for historic churches,https://petition.parliament.uk/petitions/764991,open,238,764991,2026-04-21,2026-10-21,,
Fully incorporate EU food safety standards into UK law,https://petition.parliament.uk/petitions/765000,open,94,765000,2026-04-20,2026-10-20,,
"Introduce 10 year minimum sentence for rape, sexual assault & child sexual abuse",https://petition.parliament.uk/petitions/765002,open,164,765002,2026-04-21,2026-10-21,,
Mandatory life sentences for repeat child sexual offenders to protect children,https://petition.parliament.uk/petitions/765008,open,829,765008,2026-04-20,2026-10-20,,
Require all foreign national delivery drivers undertake a full UK driving test,https://petition.parliament.uk/petitions/765032,open,85,765032,2026-04-20,2026-10-20,,
Rename Teaching Assistants to Assistant Teachers to fully reflect their roles,https://petition.parliament.uk/petitions/765034,open,76,765034,2026-04-24,2026-10-24,,
Decouple electricity prices from gas prices ,https://petition.parliament.uk/petitions/765046,open,63,765046,2026-05-05,2026-11-05,,
Make neurodiversity education a mandatory part of the national curriculum,https://petition.parliament.uk/petitions/765048,open,41,765048,2026-04-24,2026-10-24,,
Increase Funding and Research for Adenomyosis Diagnosis and Treatment,https://petition.parliament.uk/petitions/765058,open,24,765058,2026-04-27,2026-10-27,,
"Enact military, diplomatic & economic sanctions on Israel for attacks on Lebanon",https://petition.parliament.uk/petitions/765073,open,1964,765073,2026-04-27,2026-10-27,,
Mandate frontline emergency service staff training on mental health crises,https://petition.parliament.uk/petitions/765076,open,36,765076,2026-04-27,2026-10-27,,
Ban the practice of co-option onto local councils,https://petition.parliament.uk/petitions/765081,open,15,765081,2026-05-14,2026-11-14,,
Require fines instead of points for drivers exceeding speed limits by up to 5mp,https://petition.parliament.uk/petitions/765097,open,186,765097,2026-04-27,2026-10-27,,
Launch a review into the NHS 111 out of hours service,https://petition.parliament.uk/petitions/765105,open,27,765105,2026-05-21,2026-11-21,,
Review SATs and GCSEs to reduce exam reliance and increase inclusive assessment.,https://petition.parliament.uk/petitions/765125,open,152,765125,2026-04-22,2026-10-22,,
Ban all face coverings at all protests and demonstrations,https://petition.parliament.uk/petitions/765127,open,606,765127,2026-05-08,2026-11-08,,
"Fund permanent, 24-hour police patrols in Jewish communities",https://petition.parliament.uk/petitions/765130,open,11441,765130,2026-04-29,2026-10-29,,
Review FCDO procedures for supporting investigations into British deaths abroad ,https://petition.parliament.uk/petitions/765131,open,1790,765131,2026-04-30,2026-10-30,,
"Review life-saving care for vulnerable patients, including with addiction issues",https://petition.parliament.uk/petitions/765134,open,16,765134,2026-04-28,2026-10-28,,
"Review how public services can be more Compassionate, Trauma-Informed & ND Aware",https://petition.parliament.uk/petitions/765137,open,52,765137,2026-04-22,2026-10-22,,
Require learning disability nurses in all SLD SEND specialist schools,https://petition.parliament.uk/petitions/765148,open,37,765148,2026-04-29,2026-10-29,,
Guarantee a penalty-free transfer for LISA holders before its replacement,https://petition.parliament.uk/petitions/765151,open,73,765151,2026-04-29,2026-10-29,,
Fund research into improving maternal health outcomes for black women in the UK,https://petition.parliament.uk/petitions/765158,open,204,765158,2026-04-28,2026-10-28,,
Exempt military families from paying stamp duty when moving homes,https://petition.parliament.uk/petitions/765161,open,66,765161,2026-04-27,2026-10-27,,
Make breakdown cover compulsory for all drivers,https://petition.parliament.uk/petitions/765162,open,144,765162,2026-06-17,2026-12-17,,
Require social workers for soldiers and veterans with PTSD who have families,https://petition.parliament.uk/petitions/765167,open,48,765167,2026-04-23,2026-10-23,,
Eliminate wine duty for pubs and restaurants and help socialising,https://petition.parliament.uk/petitions/765184,open,26,765184,2026-04-24,2026-10-24,,
Make all MP investments public to help stop personal gain harming the country,https://petition.parliament.uk/petitions/765194,open,47,765194,2026-04-24,2026-10-24,,
Require libraries to offer digital loan schemes for 16+ and inclusive for SEND.,https://petition.parliament.uk/petitions/765195,open,79,765195,2026-04-23,2026-10-23,,
Protect creators' rights: require AI firms to disclose training data,https://petition.parliament.uk/petitions/765199,open,4468,765199,2026-04-29,2026-10-29,,
Evacuate 50 Gazan children with complex trauma injuries to the UK,https://petition.parliament.uk/petitions/765203,open,76,765203,2026-04-28,2026-10-28,,
Ban the use of paye umbrella companies,https://petition.parliament.uk/petitions/765209,open,128,765209,2026-04-22,2026-10-22,,
 Hold a public inquiry into the use of defence-linked AI in the UK public sector,https://petition.parliament.uk/petitions/765210,open,653,765210,2026-04-24,2026-10-24,,
Review support for single parents to reduce poverty and costly childcare,https://petition.parliament.uk/petitions/765222,open,45,765222,2026-05-08,2026-11-08,,
Repeal the Hong Kong Economic Trade Office Act 1996,https://petition.parliament.uk/petitions/765232,open,4534,765232,2026-04-27,2026-10-27,,
Phase out and ban the sale of plastic plant pots by 2035,https://petition.parliament.uk/petitions/765235,open,79,765235,2026-04-23,2026-10-23,,
Regulate podcast platforms to prevent the spread of misogyny and harmful content,https://petition.parliament.uk/petitions/765241,open,849,765241,2026-04-24,2026-10-24,,
Review speed limits on all roads with street lights or without white lines,https://petition.parliament.uk/petitions/765244,open,86,765244,2026-05-11,2026-11-11,,
Allow Any Motorcycle to Be Safely Restricted to 35kW for A2 Riders,https://petition.parliament.uk/petitions/765252,open,14,765252,2026-04-24,2026-10-24,,
Ban fossil fuel advertising ,https://petition.parliament.uk/petitions/765269,open,71,765269,2026-05-18,2026-11-18,,
Ban vaping inside cars with children under 18,https://petition.parliament.uk/petitions/765302,open,39,765302,2026-04-28,2026-10-28,,
Pause pylon projects and bring in regulations to provide community support,https://petition.parliament.uk/petitions/765313,open,1498,765313,2026-04-23,2026-10-23,,
Resentence IPP prisoners; end indefinite licence and limit recall,https://petition.parliament.uk/petitions/765322,open,228,765322,2026-04-28,2026-10-28,,
Ban LGBTQIA+ conversion therapy,https://petition.parliament.uk/petitions/765339,open,132,765339,2026-04-24,2026-10-24,,
Abolish 'green' taxes and VAT on energy and fuel and reduce the fuel levy,https://petition.parliament.uk/petitions/765345,open,65,765345,2026-04-28,2026-10-28,,
Mandate standardised cancer training for all GPs in England,https://petition.parliament.uk/petitions/765360,open,13504,765360,2026-05-01,2026-11-01,,
Reform Carer’s Allowance rules so carers can earn more without losing support,https://petition.parliament.uk/petitions/765364,open,1756,765364,2026-04-24,2026-10-24,,
Ban schools from recording lateness as absence and ban related fines,https://petition.parliament.uk/petitions/765367,open,50,765367,2026-06-08,2026-12-08,,
Amend equality law to ban religions from barring women from leadership roles,https://petition.parliament.uk/petitions/765371,open,43,765371,2026-04-28,2026-10-28,,
Mandate First Aid Kits in all cars & defibrillators in cars listed over £49995,https://petition.parliament.uk/petitions/765373,open,24,765373,2026-04-27,2026-10-27,,
Act to mitigate costs & end re-mortgage restrictions for shared ownership homes,https://petition.parliament.uk/petitions/765385,open,23,765385,2026-04-24,2026-10-24,,
Mandate diabetes awareness training for all childcare professionals & educators,https://petition.parliament.uk/petitions/765387,open,1791,765387,2026-05-11,2026-11-11,,
Coeliac disease awareness training to be mandatory for all catering industries,https://petition.parliament.uk/petitions/765400,open,14621,765400,2026-04-24,2026-10-24,,
Review accessibility of public transport for people with mobility disabilities,https://petition.parliament.uk/petitions/765408,open,57,765408,2026-04-29,2026-10-29,,
Extend Employment Tribunal Time Limits to 10 Years,https://petition.parliament.uk/petitions/765417,open,22,765417,2026-04-24,2026-10-24,,
"More regulation for home-based childcare: nannies, maternity nurses & tutors",https://petition.parliament.uk/petitions/765427,open,652,765427,2026-04-27,2026-10-27,,
More items on prescription for individuals who have coeliac disease in England,https://petition.parliament.uk/petitions/765440,open,60,765440,2026-04-24,2026-10-24,,
Make media get consent from people in vaccination queues before taking photos,https://petition.parliament.uk/petitions/765453,open,25,765453,2026-04-24,2026-10-24,,
Remove and ban hostile architecture from public spaces,https://petition.parliament.uk/petitions/765463,open,52,765463,2026-04-27,2026-10-27,,
Protect raced greyhounds from exports by introducing spay/neuter laws,https://petition.parliament.uk/petitions/765464,open,11481,765464,2026-04-24,2026-10-24,,
Keep open local Army Reserve Centres and reopen recently closed ones ,https://petition.parliament.uk/petitions/765466,open,82,765466,2026-04-24,2026-10-24,,
"Ban NHS services from purchasing accessibility overlays, plugins or toolbars",https://petition.parliament.uk/petitions/765480,open,86,765480,2026-04-24,2026-10-24,,
Review compensation schemes for businesses affected by HS2 construction,https://petition.parliament.uk/petitions/765482,open,365,765482,2026-05-21,2026-11-21,,
Make medical professionals mandatory in DLA award decisions,https://petition.parliament.uk/petitions/765487,open,17,765487,2026-04-24,2026-10-24,,
Review and amend ‘balance of probability’ criteria for police misconduct,https://petition.parliament.uk/petitions/765493,open,20,765493,2026-04-24,2026-10-24,,
Change the law for pet food so manufacturers have to announce recipe change,https://petition.parliament.uk/petitions/765511,open,54,765511,2026-04-24,2026-10-24,,
Ban all gambling advertisements,https://petition.parliament.uk/petitions/765517,open,143,765517,2026-05-05,2026-11-05,,
Appoint a Children and Young People’s Domestic Abuse Commissioner (0 to 25 yrs),https://petition.parliament.uk/petitions/765533,open,36,765533,2026-04-23,2026-10-23,,
Review eligibility for one bedroom-rate LHA for those under 35 leaving prison,https://petition.parliament.uk/petitions/765537,open,108,765537,2026-04-28,2026-10-28,,
Require employers to give annual leave equal to at least 20-25% of hours worked,https://petition.parliament.uk/petitions/765557,open,242,765557,2026-04-28,2026-10-28,,
Review laws on electoral bribery & treating & consider competitions for voters,https://petition.parliament.uk/petitions/765562,open,75,765562,2026-04-24,2026-10-24,,
"Increase tax allowance to £15,000 for 80 yrs+ and remove 25p age addition",https://petition.parliament.uk/petitions/765570,open,50,765570,2026-04-27,2026-10-27,,
Introduce suicide prevention requirements for highway authorities,https://petition.parliament.uk/petitions/765571,open,130,765571,2026-04-29,2026-10-29,,
Fund more initiatives to stop pollution,https://petition.parliament.uk/petitions/765584,open,32,765584,2026-04-24,2026-10-24,,
Amend the 2013 Code of Practice to help support essential mobile food providers,https://petition.parliament.uk/petitions/765590,open,27,765590,2026-04-27,2026-10-27,,
"Reduce child maintenance, exclude overtime & introduce no contact, no payment",https://petition.parliament.uk/petitions/765591,open,76,765591,2026-04-24,2026-10-24,,
Scrap Mandatory Advice and Guidance for Primary Care Referrals,https://petition.parliament.uk/petitions/765595,open,1173,765595,2026-04-24,2026-10-24,,
Fund better rural post-diagnosis pathways for dementia patients & their carers,https://petition.parliament.uk/petitions/765599,open,130,765599,2026-05-05,2026-11-05,,
Nationwide vote to decide London's mayor,https://petition.parliament.uk/petitions/765605,open,172,765605,2026-04-24,2026-10-24,,
"Commission a strategic review into social work pay, wellbeing and regulation.",https://petition.parliament.uk/petitions/765608,open,145,765608,2026-05-14,2026-11-14,,
Change the maintanence loan for weekend students to be available,https://petition.parliament.uk/petitions/765611,open,176,765611,2026-04-23,2026-10-23,,
Ban digital age verification,https://petition.parliament.uk/petitions/765612,open,66,765612,2026-04-27,2026-10-27,,
Fund direct employment routes for prisoners upon release,https://petition.parliament.uk/petitions/765613,open,48,765613,2026-04-29,2026-10-29,,
Make it mandatory for food services to provide detailed carbohydrate information,https://petition.parliament.uk/petitions/765627,open,1471,765627,2026-05-01,2026-11-01,,
"Implement the Miscarriage Patient Charter in England, as in Scotland",https://petition.parliament.uk/petitions/765631,open,40,765631,2026-04-23,2026-10-23,,
Mandate suspension of police officers under investigation for serious injuries,https://petition.parliament.uk/petitions/765639,open,585,765639,2026-05-01,2026-11-01,,
Give Early Parole or Deportation for Certain Life Prisoners in the UK,https://petition.parliament.uk/petitions/765643,open,680,765643,2026-05-01,2026-11-01,,
Use new questions on local election ballot papers to trigger a general election,https://petition.parliament.uk/petitions/765650,open,70,765650,2026-04-27,2026-10-27,,
Allow independent search and rescue charities to use blue lights at emergencies,https://petition.parliament.uk/petitions/765651,open,86,765651,2026-04-24,2026-10-24,,
Ban the sale of helium balloons,https://petition.parliament.uk/petitions/765652,open,3659,765652,2026-05-05,2026-11-05,,
Create new guidance for schools as well as parents on screen time for children,https://petition.parliament.uk/petitions/765657,open,30,765657,2026-04-27,2026-10-27,,
 Ban the sale of methanol to the public without a licence or ID,https://petition.parliament.uk/petitions/765659,open,40,765659,2026-04-24,2026-10-24,,
Make Contempt of Parliament a Criminal Offence,https://petition.parliament.uk/petitions/765662,open,97,765662,2026-04-24,2026-10-24,,
Ban All Knives including ceremonial knives in Schools,https://petition.parliament.uk/petitions/765665,open,1603,765665,2026-04-24,2026-10-24,,
Review laws & fund better mobile coverage in rural regions of England,https://petition.parliament.uk/petitions/765682,open,55,765682,2026-05-29,2026-11-29,,
Make students studying less than 35 hours a week eligible for carers allowance,https://petition.parliament.uk/petitions/765699,open,158,765699,2026-04-30,2026-10-30,,
Create & grant a 5-year visa for students who worked in the UK for a year,https://petition.parliament.uk/petitions/765701,open,15,765701,2026-04-28,2026-10-28,,
"Fund an NHS fast-track route for ADHD/autism diagnosis, care, and treatment",https://petition.parliament.uk/petitions/765720,open,76,765720,2026-04-24,2026-10-24,,
Ban people from pulling out last minute in social housing exchanges,https://petition.parliament.uk/petitions/765738,open,39,765738,2026-04-30,2026-10-30,,
Simplify tax compliance for sole traders and micro businesses,https://petition.parliament.uk/petitions/765739,open,141,765739,2026-04-27,2026-10-27,,
Do not treat student maintenance loans as unearned income for universal credit,https://petition.parliament.uk/petitions/765743,open,23,765743,2026-04-24,2026-10-24,,
Ban music venues from stopping solo people visiting,https://petition.parliament.uk/petitions/765750,open,36,765750,2026-04-27,2026-10-27,,
Move the start of UK British summertime from a Sunday to 1500 on the Monday,https://petition.parliament.uk/petitions/765764,open,12,765764,2026-04-27,2026-10-27,,
Ban domestic flights on routes that can be travelled by train in under 4.5 hours,https://petition.parliament.uk/petitions/765772,open,101,765772,2026-04-29,2026-10-29,,
Abolish seasonal clock changes & keep the UK on a fixed time all year-round,https://petition.parliament.uk/petitions/765776,open,71,765776,2026-04-27,2026-10-27,,
Change distance units in road transport from miles to kilometres,https://petition.parliament.uk/petitions/765782,open,30,765782,2026-04-29,2026-10-29,,
Ban private jets in the UK within 4 years,https://petition.parliament.uk/petitions/765785,open,77,765785,2026-06-08,2026-12-08,,
Recognise nonbinary gender identities in law and in official identity documents,https://petition.parliament.uk/petitions/765793,open,140,765793,2026-05-06,2026-11-06,,
Extra funding for SEND holiday clubs,https://petition.parliament.uk/petitions/765802,open,673,765802,2026-04-24,2026-10-24,,
Tax cyclists for road use ,https://petition.parliament.uk/petitions/765817,open,54,765817,2026-05-06,2026-11-06,,
"Create a Charter of Stewardship for farming, food & heritage sports sectors",https://petition.parliament.uk/petitions/765818,open,14,765818,2026-05-07,2026-11-07,,
Legalise and regulate e-scooters & e-bikes exceeding current limits for road use,https://petition.parliament.uk/petitions/765825,open,70,765825,2026-04-27,2026-10-27,,
Increase stamp duty threshold for 1st time buyers in Southern England to £400K,https://petition.parliament.uk/petitions/765835,open,23,765835,2026-04-30,2026-10-30,,
Fund hypermobility screening in schools,https://petition.parliament.uk/petitions/765836,open,57,765836,2026-04-27,2026-10-27,,
Require meat to be labelled if religiously slaughtered & stunned or not stunned,https://petition.parliament.uk/petitions/765849,open,5094,765849,2026-05-12,2026-11-12,,
Ensure students are notified before student finance payments are blocked,https://petition.parliament.uk/petitions/765862,open,34,765862,2026-05-14,2026-11-14,,
Increase the minimum age to purchase paint aerosols to 18,https://petition.parliament.uk/petitions/765883,open,25,765883,2026-05-05,2026-11-05,,
Review rules to protect voter freedom and ensure secure UK elections,https://petition.parliament.uk/petitions/765888,open,73,765888,2026-05-08,2026-11-08,,
Motability to maintain higher mileage options for disabled people,https://petition.parliament.uk/petitions/765906,open,810,765906,2026-04-27,2026-10-27,,
Automatic access to disability benefits for working people with cancer,https://petition.parliament.uk/petitions/765925,open,40,765925,2026-04-27,2026-10-27,,
Make Remote Working a Legal Right Where Roles Can Be Performed From Home,https://petition.parliament.uk/petitions/765941,open,135,765941,2026-04-24,2026-10-24,,
Require house buyers to be liable for solicitor fees once a mortgage is approved,https://petition.parliament.uk/petitions/765945,open,14,765945,2026-04-30,2026-10-30,,
Require Local Authority to scan cats and dogs if found deceased,https://petition.parliament.uk/petitions/765947,open,70,765947,2026-04-30,2026-10-30,,
Regulate SEND advocates to protect parents needing legal advice,https://petition.parliament.uk/petitions/765948,open,82,765948,2026-04-30,2026-10-30,,
"Revoke the BBC Royal Charter, abolish the TV Licence Fee & privatise the BBC",https://petition.parliament.uk/petitions/765949,open,2333,765949,2026-05-05,2026-11-05,,
Require all police forces to review serious cold cases within 5–10 years,https://petition.parliament.uk/petitions/765952,open,279,765952,2026-04-30,2026-10-30,,
Change law so that bus drivers' hours align with other drivers,https://petition.parliament.uk/petitions/765975,open,45,765975,2026-04-28,2026-10-28,,
Prohibit restaurants from including tips on bills,https://petition.parliament.uk/petitions/765983,open,106,765983,2026-04-27,2026-10-27,,
Review how GPs and A&Es identify paediatric infections,https://petition.parliament.uk/petitions/765985,open,48,765985,2026-04-30,2026-10-30,,
Review the Bank of England's remit to separate supply and demand inflation,https://petition.parliament.uk/petitions/765986,open,15,765986,2026-05-07,2026-11-07,,
Abolish the High-Income Child Benefit Charge,https://petition.parliament.uk/petitions/765990,open,32,765990,2026-05-01,2026-11-01,,
Introduce ban on keeping wolves in captivity,https://petition.parliament.uk/petitions/765997,open,1589,765997,2026-05-05,2026-11-05,,
Review handling of complaints by public bodies and their transparency levels,https://petition.parliament.uk/petitions/766008,open,154,766008,2026-05-01,2026-11-01,,
Review council tax banding rules for shared ownership homes,https://petition.parliament.uk/petitions/766009,open,34,766009,2026-05-01,2026-11-01,,
Review & reform improved care and support for young hysterectomy patients,https://petition.parliament.uk/petitions/766018,open,49,766018,2026-05-05,2026-11-05,,
Legally require lingerie-specific fitting rooms to be women-only,https://petition.parliament.uk/petitions/766032,open,68,766032,2026-04-30,2026-10-30,,
Apologise for the Balfour Declaration and fund the teaching of its legacy,https://petition.parliament.uk/petitions/766037,open,1694,766037,2026-05-08,2026-11-08,,
Fully subsidise core vaccinations for every dog,https://petition.parliament.uk/petitions/766038,open,24,766038,2026-05-01,2026-11-01,,
Require all fuel stations to sell HVO,https://petition.parliament.uk/petitions/766084,open,19,766084,2026-05-14,2026-11-14,,
Launch an independent review into retail price margins on essential goods,https://petition.parliament.uk/petitions/766089,open,35,766089,2026-05-05,2026-11-05,,
Remove the grey belt planning rules,https://petition.parliament.uk/petitions/766093,open,33,766093,2026-04-30,2026-10-30,,
Demand reparations from the US for impact on the UK economy,https://petition.parliament.uk/petitions/766106,open,40,766106,2026-05-05,2026-11-05,,
Change the law on minimum age for ear piercing to a minimum age of 12 years old,https://petition.parliament.uk/petitions/766108,open,38,766108,2026-04-29,2026-10-29,,
End the tax threshold freeze to stop potentially pushing families into poverty,https://petition.parliament.uk/petitions/766136,open,137,766136,2026-05-06,2026-11-06,,
Safeguard registered charities from disruptive protests including buffer zones,https://petition.parliament.uk/petitions/766145,open,18,766145,2026-05-01,2026-11-01,,
Children of sex offenders/domestic abusers to change name w/out parental consent,https://petition.parliament.uk/petitions/766151,open,160,766151,2026-04-30,2026-10-30,,
Stop letting agents charging landlords to forward the free RRA Information Sheet,https://petition.parliament.uk/petitions/766157,open,41,766157,2026-04-30,2026-10-30,,
Review compliance process for financial orders in divorce settlements.,https://petition.parliament.uk/petitions/766158,open,20,766158,2026-05-05,2026-11-05,,
Government to review process for child removal decisions,https://petition.parliament.uk/petitions/766165,open,95,766165,2026-05-01,2026-11-01,,
International graduates to get 5-year post-study work visa for relevant job,https://petition.parliament.uk/petitions/766167,open,18,766167,2026-05-05,2026-11-05,,
Establish a new Independent Complaints Process for Serving Police Officers,https://petition.parliament.uk/petitions/766171,open,212,766171,2026-04-30,2026-10-30,,
New legislation for ponds to have safety measures to prevent access by children,https://petition.parliament.uk/petitions/766182,open,3878,766182,2026-04-30,2026-10-30,,
Review and cap increases on Motability advance payments,https://petition.parliament.uk/petitions/766184,open,28,766184,2026-04-30,2026-10-30,,
Review school absence fines & pricing practices during school holidays,https://petition.parliament.uk/petitions/766186,open,26,766186,2026-05-05,2026-11-05,,
Condemn & sanction Pakistan for the Kabul hospital bombing & halt arm exports,https://petition.parliament.uk/petitions/766197,open,63,766197,2026-05-08,2026-11-08,,
Do not ban mobile phones in schools for students over KS3,https://petition.parliament.uk/petitions/766214,open,324,766214,2026-04-30,2026-10-30,,
Abolish quarterly Making Tax Digital submissions for self-assessment,https://petition.parliament.uk/petitions/766225,open,91,766225,2026-04-30,2026-10-30,,
Migrate UK civil service to open-source software for data sovereignty & security,https://petition.parliament.uk/petitions/766230,open,333,766230,2026-05-06,2026-11-06,,
Ban charging people to use public toilets,https://petition.parliament.uk/petitions/766232,open,86,766232,2026-05-01,2026-11-01,,
New fund for councils to support High Street regeneration,https://petition.parliament.uk/petitions/766237,open,57,766237,2026-05-08,2026-11-08,,
"Require all schools to carry out autism, ADHD & dyslexia testing",https://petition.parliament.uk/petitions/766238,open,34,766238,2026-05-05,2026-11-05,,
Government to issue public solar and wind power forecasts,https://petition.parliament.uk/petitions/766244,open,312,766244,2026-04-30,2026-10-30,,
Review time limits and communication standards in school safeguarding cases,https://petition.parliament.uk/petitions/766254,open,80,766254,2026-05-01,2026-11-01,,
Require coconut be labelled as an allergen on food packaging,https://petition.parliament.uk/petitions/766278,open,311,766278,2026-05-05,2026-11-05,,
Make it a criminal offence for MPs to deliberately mislead the public,https://petition.parliament.uk/petitions/766283,open,2747,766283,2026-05-08,2026-11-08,,
Abolish vehicle excise duty on battery electric vehicles,https://petition.parliament.uk/petitions/766294,open,144,766294,2026-05-01,2026-11-01,,
End distance learning classification for full time face-to-face weekend students,https://petition.parliament.uk/petitions/766301,open,15,766301,2026-05-05,2026-11-05,,
Increase safeguarding & human oversight regulation of Artificial Intelligence,https://petition.parliament.uk/petitions/766308,open,58,766308,2026-05-21,2026-11-21,,
Increase speed limits for vans on A roads in line with cars ,https://petition.parliament.uk/petitions/766339,open,19,766339,2026-05-07,2026-11-07,,
Legalise and fund medical cannabis cafés for medical patients,https://petition.parliament.uk/petitions/766340,open,290,766340,2026-05-01,2026-11-01,,
"Introduce a higher, sector-specific Minimum Wage for PCAs and veterinary nurses",https://petition.parliament.uk/petitions/766351,open,17,766351,2026-05-05,2026-11-05,,
Lift the ban on new UK oil & gas exploration licences to improve energy security,https://petition.parliament.uk/petitions/766352,open,1774,766352,2026-05-01,2026-11-01,,
Write off student loans for nurses trained after 2016,https://petition.parliament.uk/petitions/766366,open,29,766366,2026-05-05,2026-11-05,,
Review availability and speed of access to Right to Choose autism assessments,https://petition.parliament.uk/petitions/766368,open,44,766368,2026-05-01,2026-11-01,,
Implement restricted airspace around all active emergency service incidents.,https://petition.parliament.uk/petitions/766370,open,25,766370,2026-05-01,2026-11-01,,
enquiry into OPG Power of Attorney laws/rules & police responses to POA abuse,https://petition.parliament.uk/petitions/766371,open,289,766371,2026-05-01,2026-11-01,,
We call for harsher sentencing for causing death by careless driving.,https://petition.parliament.uk/petitions/766378,open,4194,766378,2026-05-08,2026-11-08,,
Stop the governments plan to cut the disability element of Universal credit.,https://petition.parliament.uk/petitions/766380,open,86,766380,2026-05-01,2026-11-01,,
Introduce enforceable processing deadlines and review oversight for CICA claims,https://petition.parliament.uk/petitions/766394,open,86,766394,2026-05-05,2026-11-05,,
Include Martial arts as an individual sport in the Examinable PE GCSE,https://petition.parliament.uk/petitions/766395,open,1081,766395,2026-05-01,2026-11-01,,
"Remove Wels catfish non-native invasive status, review restrictions on stocking",https://petition.parliament.uk/petitions/766419,open,29,766419,2026-05-07,2026-11-07,,
Review access to social media for under 18s in CAMHS wards/adolescent units,https://petition.parliament.uk/petitions/766425,open,115,766425,2026-06-01,2026-12-01,,
Cut Fuel Duty by 20p per Litre to Reduce the Cost of Living.,https://petition.parliament.uk/petitions/766432,open,50,766432,2026-05-01,2026-11-01,,
Cap tuition fees at £3000 retrospectively & write off the resulting student debt,https://petition.parliament.uk/petitions/766433,open,52,766433,2026-06-02,2026-12-02,,
"Reduce fuel tax to 20p per litre and VAT to 10% for petrol, diesel & heating oil",https://petition.parliament.uk/petitions/766440,open,69,766440,2026-05-01,2026-11-01,,
Outlaw fireworks for the general public,https://petition.parliament.uk/petitions/766448,open,70,766448,2026-05-01,2026-11-01,,
Significantly increase dedicated funding for endometriosis,https://petition.parliament.uk/petitions/766449,open,93,766449,2026-05-01,2026-11-01,,
Fully fund Specialist Palliative Care provided by hospices,https://petition.parliament.uk/petitions/766454,open,7081,766454,2026-05-01,2026-11-01,,
Require tracking of companion animal euthanasia to prevent unnecessary deaths,https://petition.parliament.uk/petitions/766482,open,3496,766482,2026-05-01,2026-11-01,,
Require schools to ringfence SPP and report how it helps service children.,https://petition.parliament.uk/petitions/766509,open,218,766509,2026-05-06,2026-11-06,,
Stop the use of nuclear energy and prioritise renewable energy,https://petition.parliament.uk/petitions/766520,open,27,766520,2026-05-08,2026-11-08,,
Make it mandatory to pay enhancement for working on bank holidays.,https://petition.parliament.uk/petitions/766529,open,83,766529,2026-05-01,2026-11-01,,
Seek to negotiate a freedom of movement arrangement with the EU  ,https://petition.parliament.uk/petitions/766532,open,1128,766532,2026-05-06,2026-11-06,,
Protect road verges for wildlife — stop non-essential mowing from April to Sept,https://petition.parliament.uk/petitions/766533,open,69,766533,2026-05-01,2026-11-01,,
Fund MEK inhibitors for NF1,https://petition.parliament.uk/petitions/766546,open,13,766546,2026-06-03,2026-12-03,,
Scrap Making Tax Digital (MTD) for Income Tax and remove £200 fine,https://petition.parliament.uk/petitions/766548,open,213,766548,2026-05-08,2026-11-08,,
Fund and Improve Mental Health Service transition into the Community,https://petition.parliament.uk/petitions/766555,open,160,766555,2026-05-06,2026-11-06,,
"Fund more registered care placements for children, ban unregistered placements",https://petition.parliament.uk/petitions/766557,open,35,766557,2026-05-07,2026-11-07,,
Lift Sanctions on Iran and Restore Trade Relations,https://petition.parliament.uk/petitions/766581,open,172,766581,2026-05-06,2026-11-06,,
Government to begin the process to officially recognise Somaliland,https://petition.parliament.uk/petitions/766590,open,30,766590,2026-05-11,2026-11-11,,
Make British Summer Time (BST) permanent year-round - No more Clock Changes,https://petition.parliament.uk/petitions/766591,open,69,766591,2026-05-07,2026-11-07,,
Make it mandatory for the NHS to offer scans at 9-10 weeks,https://petition.parliament.uk/petitions/766594,open,422,766594,2026-05-06,2026-11-06,,
Review how law distinguishes between BDSM/CNC and sexual assault,https://petition.parliament.uk/petitions/766600,open,28,766600,2026-05-08,2026-11-08,,
Hold a consultation & publish a national strategy for foreign language teaching,https://petition.parliament.uk/petitions/766632,open,452,766632,2026-05-05,2026-11-05,,
Create and fund opportunities for ages 13+ to work on heritage rail preservation,https://petition.parliament.uk/petitions/766635,open,27,766635,2026-05-07,2026-11-07,,
Fund a national pro-building stimulus package to get Britain building again,https://petition.parliament.uk/petitions/766641,open,665,766641,2026-05-20,2026-11-20,,
Review NHS guidance on iron deficiency for women,https://petition.parliament.uk/petitions/766643,open,155,766643,2026-05-06,2026-11-06,,
Remove day 1 Statutory Sick Pay and revert back to 3 day qualification,https://petition.parliament.uk/petitions/766688,open,23,766688,2026-05-07,2026-11-07,,
Ban chemical flame retardants in UK furniture to align with EU standards,https://petition.parliament.uk/petitions/766699,open,122,766699,2026-05-06,2026-11-06,,
Call for review of US military presence on UK territory.,https://petition.parliament.uk/petitions/766728,open,32,766728,2026-05-07,2026-11-07,,
Set out that UK entry for & diplomatic ties to any who use nuclear arms be ended,https://petition.parliament.uk/petitions/766759,open,14,766759,2026-05-29,2026-11-29,,
Ban households from burning their rubbish in their gardens,https://petition.parliament.uk/petitions/766761,open,52,766761,2026-05-06,2026-11-06,,
"Government to introduce structured, supervised vocational work in year 9-11",https://petition.parliament.uk/petitions/766766,open,42,766766,2026-05-06,2026-11-06,,
Make it mandatory for all police cars to use dashcam to ensure safety,https://petition.parliament.uk/petitions/766772,open,39,766772,2026-05-07,2026-11-07,,
Introduce new penalties for repeated breaches of SEND law,https://petition.parliament.uk/petitions/766798,open,4381,766798,2026-05-08,2026-11-08,,
Urgently ban the import and sale of foie gras and fur products in the UK,https://petition.parliament.uk/petitions/766801,open,89,766801,2026-05-15,2026-11-15,,
Issue national guidelines on exam preparation information,https://petition.parliament.uk/petitions/766809,open,96,766809,2026-05-06,2026-11-06,,
Increase minimum wage to £15 per hour,https://petition.parliament.uk/petitions/766814,open,48,766814,2026-05-06,2026-11-06,,
Require warning signs at least 500M before speed cameras,https://petition.parliament.uk/petitions/766827,open,34,766827,2026-05-07,2026-11-07,,
Introduce a one-day-a-week community programme for people seeking work,https://petition.parliament.uk/petitions/766832,open,29,766832,2026-05-06,2026-11-06,,
An independent review body for miscarriages of justice involving racial bias.,https://petition.parliament.uk/petitions/766840,open,22,766840,2026-05-07,2026-11-07,,
Cap income used to calculate Child Maintenance to Minimum Wage over a 40hr week,https://petition.parliament.uk/petitions/766849,open,883,766849,2026-05-08,2026-11-08,,
Review guidance recommending 2 scans to confirm miscarriage,https://petition.parliament.uk/petitions/766851,open,32,766851,2026-05-08,2026-11-08,,
Make duty for schools to prioritise admission to children within 30-minute walk,https://petition.parliament.uk/petitions/766854,open,26,766854,2026-05-07,2026-11-07,,
Reform statutory leave so all workers have enough paid leave to truly live,https://petition.parliament.uk/petitions/766860,open,42,766860,2026-05-07,2026-11-07,,
Introduce Citizens’ Referendum System for Legislation,https://petition.parliament.uk/petitions/766868,open,59,766868,2026-05-07,2026-11-07,,
Strengthen laws on ending the use of Listed assets,https://petition.parliament.uk/petitions/766872,open,661,766872,2026-04-30,2026-10-30,,
Expand Windrush Compensation to Descendants and Remove Unfair Proof Requirement,https://petition.parliament.uk/petitions/766873,open,16,766873,2026-05-29,2026-11-29,,
Make it a criminal offence to take direct pictures of other people’s children,https://petition.parliament.uk/petitions/766876,open,36,766876,2026-05-08,2026-11-08,,
Introduce guidance on provision or adaptation of stoma-friendly toilets,https://petition.parliament.uk/petitions/766881,open,58,766881,2026-05-11,2026-11-11,,
Reform regulation through the GMC to put patient safety and fairness first,https://petition.parliament.uk/petitions/766887,open,12650,766887,2026-05-21,2026-11-21,,
Require NHS settings to address fragrance exposure as a patient safety risk,https://petition.parliament.uk/petitions/766888,open,372,766888,2026-05-06,2026-11-06,,
Scrap RPI +3% interest on plan 2 & postgrad student loans & charge RPI only,https://petition.parliament.uk/petitions/766893,open,26,766893,2026-05-07,2026-11-07,,
Review the law on unfit to plead & reform it to protect victims & public safety,https://petition.parliament.uk/petitions/766919,open,6493,766919,2026-05-08,2026-11-08,,
Require all schools to expel bullies when cases are proven,https://petition.parliament.uk/petitions/766921,open,35,766921,2026-05-08,2026-11-08,,
Legally require absent parents to undertake medical testing if child is unwell,https://petition.parliament.uk/petitions/766938,open,2654,766938,2026-05-08,2026-11-08,,
Fund Free Childcare for all Full-Time Student Parents (Not Means Tested),https://petition.parliament.uk/petitions/766944,open,22,766944,2026-05-08,2026-11-08,,
Introduce mandatory rest time between calls for call centre workers,https://petition.parliament.uk/petitions/766946,open,17,766946,2026-05-06,2026-11-06,,
"Limit rent increases to once per year per property, regardless of tenant changes",https://petition.parliament.uk/petitions/766953,open,31,766953,2026-05-22,2026-11-22,,
Legislate to allow additional vehicle lighting for Community First Responders,https://petition.parliament.uk/petitions/766958,open,129,766958,2026-05-08,2026-11-08,,
Fully fund tuition fees for all healthcare-related degree programs,https://petition.parliament.uk/petitions/766964,open,193,766964,2026-05-08,2026-11-08,,
Prohibit the restriction of literary works in school libraries,https://petition.parliament.uk/petitions/766968,open,59,766968,2026-05-14,2026-11-14,,
Abolish grammar schools & reallocate funding to SEND & mainstream schools,https://petition.parliament.uk/petitions/766972,open,45,766972,2026-05-08,2026-11-08,,
Review women's health care regarding unwanted effects of birth control,https://petition.parliament.uk/petitions/766976,open,52,766976,2026-05-08,2026-11-08,,
Government to mandate brownfield development targets for local councils,https://petition.parliament.uk/petitions/766979,open,250,766979,2026-05-08,2026-11-08,,
Review conditions for parental rights to be removed,https://petition.parliament.uk/petitions/766980,open,107,766980,2026-05-07,2026-11-07,,
"Raise higher rate tax threshold to £60k, and raise yearly in line with inflation",https://petition.parliament.uk/petitions/766986,open,104,766986,2026-05-11,2026-11-11,,
Introduce strategy to ensure access to public services for vulnerable people,https://petition.parliament.uk/petitions/766989,open,29,766989,2026-05-11,2026-11-11,,
Introduce new rules and protections from development in rural green heartlands,https://petition.parliament.uk/petitions/767016,open,1138,767016,2026-05-08,2026-11-08,,
Increase Upper Capital Threshold to qualify for social care financial assistance,https://petition.parliament.uk/petitions/767026,open,20,767026,2026-05-08,2026-11-08,,
Review powers to impose community protection warnings and notices,https://petition.parliament.uk/petitions/767031,open,22,767031,2026-05-11,2026-11-11,,
Add specific content on men’s mental health to RSE & health guidance for schools,https://petition.parliament.uk/petitions/767033,open,289,767033,2026-05-13,2026-11-13,,
"Create a Cross-Departmental Strategy to end ""Zero-Consequence"" Culture for Crime",https://petition.parliament.uk/petitions/767038,open,63,767038,2026-05-08,2026-11-08,,
Support the construction of public and private bomb shelters for our citizens,https://petition.parliament.uk/petitions/767049,open,28,767049,2026-05-13,2026-11-13,,
Make smoking in homes with kids illegal,https://petition.parliament.uk/petitions/767052,open,38,767052,2026-05-11,2026-11-11,,
Require clear signage to warn drivers in advance of yellow box junctions,https://petition.parliament.uk/petitions/767055,open,38,767055,2026-05-08,2026-11-08,,
Ban horse racing in the UK and fund transition to lifelong horse welfare safely.,https://petition.parliament.uk/petitions/767059,open,220,767059,2026-05-07,2026-11-07,,
Mandate all school times to start at 9am,https://petition.parliament.uk/petitions/767067,open,50,767067,2026-05-08,2026-11-08,,
Hold a national referendum on introducing Digital ID,https://petition.parliament.uk/petitions/767079,open,4549,767079,2026-05-08,2026-11-08,,
"Fund access to lipreading classes, and classify as Health and Wellbeing course",https://petition.parliament.uk/petitions/767123,open,495,767123,2026-05-19,2026-11-19,,
Allow disputed landlord service charges be paid to courts for better justice,https://petition.parliament.uk/petitions/767125,open,712,767125,2026-05-13,2026-11-13,,
Ban solar panels in countryside fields or farmland,https://petition.parliament.uk/petitions/767134,open,499,767134,2026-05-14,2026-11-14,,
Keep 24 month post-study visa for international graduates,https://petition.parliament.uk/petitions/767146,open,35,767146,2026-05-11,2026-11-11,,
"Ban euthanasia of healthy pets, create register of owners who have attempted it",https://petition.parliament.uk/petitions/767158,open,38,767158,2026-05-11,2026-11-11,,
Fund NHS dyslexia assessments,https://petition.parliament.uk/petitions/767167,open,1159,767167,2026-05-08,2026-11-08,,
Demand financial compensation from the US & Israel for damage to our economy,https://petition.parliament.uk/petitions/767175,open,96,767175,2026-05-15,2026-11-15,,
Review and fund alternative tests for Lyme disease,https://petition.parliament.uk/petitions/767179,open,127,767179,2026-05-21,2026-11-21,,
Increase the 45ppm fuel allowance for all community care staff.,https://petition.parliament.uk/petitions/767198,open,82,767198,2026-05-08,2026-11-08,,
Improve awareness of Clare’s Law and require earlier right to know disclosures,https://petition.parliament.uk/petitions/767204,open,64,767204,2026-05-14,2026-11-14,,
Require domestic abuse offenders to report new relationships to police,https://petition.parliament.uk/petitions/767206,open,123,767206,2026-05-13,2026-11-13,,
Make subscription auto-renewal without clear renewal consent illegal.,https://petition.parliament.uk/petitions/767211,open,80,767211,2026-05-08,2026-11-08,,
Do not align with EU food and drink standards,https://petition.parliament.uk/petitions/767215,open,77,767215,2026-05-13,2026-11-13,,
Implement Permanent Closure for Stores Selling Illegal or Laced Vapes to Minors,https://petition.parliament.uk/petitions/767216,open,65,767216,2026-05-15,2026-11-15,,
"Car Insurance Coverage to Be Vehicle-Based, Not Driver-Based",https://petition.parliament.uk/petitions/767219,open,28,767219,2026-05-14,2026-11-14,,
Require airlines to amend stored API data between outbound and inbound flights,https://petition.parliament.uk/petitions/767231,open,213,767231,2026-05-13,2026-11-13,,
Improve Origin Labelling and Enforcement Against Honey Adulteration in the UK,https://petition.parliament.uk/petitions/767237,open,45,767237,2026-05-12,2026-11-12,,
Double Government UK civil space spending from its current level by 2030,https://petition.parliament.uk/petitions/767239,open,59,767239,2026-05-11,2026-11-11,,
Exempt Student HMO’s from Renters Rights Act 2025,https://petition.parliament.uk/petitions/767255,open,759,767255,2026-05-13,2026-11-13,,
Make helmets legal requirement while riding a bicycle or scooter on public roads,https://petition.parliament.uk/petitions/767256,open,2474,767256,2026-05-13,2026-11-13,,
Review regulations & legal protections in relation to people in supported living,https://petition.parliament.uk/petitions/767266,open,24,767266,2026-05-18,2026-11-18,,
Change the law to allow public to carry and use pepper spray for self-defence,https://petition.parliament.uk/petitions/767270,open,212,767270,2026-05-13,2026-11-13,,
Create new route to appeal CPS decisions to drop rape or child abuse cases,https://petition.parliament.uk/petitions/767277,open,1063,767277,2026-05-12,2026-11-12,,
"Ban betting on sports involving animals, including horses and dogs ",https://petition.parliament.uk/petitions/767280,open,49,767280,2026-05-15,2026-11-15,,
Require trauma-informed guidance and training in rape investigations and trials,https://petition.parliament.uk/petitions/767298,open,174,767298,2026-05-14,2026-11-14,,
Introduce an offence to the Highways Act for failure to maintain public roads,https://petition.parliament.uk/petitions/767308,open,99,767308,2026-05-22,2026-11-22,,
Fund fully paid student paramedics placement hours,https://petition.parliament.uk/petitions/767319,open,44,767319,2026-05-11,2026-11-11,,
Reverse the DfE rules that restrict agency social workers’ pay and movement,https://petition.parliament.uk/petitions/767323,open,1522,767323,2026-05-13,2026-11-13,,
Apply tapered VAT on turnover over £85k & reduce VAT on food for hospitality ,https://petition.parliament.uk/petitions/767326,open,106,767326,2026-05-08,2026-11-08,,
"Create national ""Low Demand School Hubs"" for students with EBSA, ODD, and PDA",https://petition.parliament.uk/petitions/767347,open,189,767347,2026-05-12,2026-11-12,,
Introduce rules to stop online platforms requiring children to scan their faces,https://petition.parliament.uk/petitions/767352,open,26,767352,2026-06-24,2026-12-24,,
Introduce a legal minimum standard of provision for NHS clinical staff uniforms,https://petition.parliament.uk/petitions/767357,open,19,767357,2026-06-01,2026-12-01,,
Government must immediately move to increase defence spending as promised,https://petition.parliament.uk/petitions/767365,open,252,767365,2026-05-12,2026-11-12,,
Give the same support in law to police veterans as military veterans receive,https://petition.parliament.uk/petitions/767378,open,42,767378,2026-05-14,2026-11-14,,
Prioritise defence by committing to defence funding at 10% of GDP,https://petition.parliament.uk/petitions/767383,open,54,767383,2026-05-14,2026-11-14,,
Mandate AI Transparency in hiring practices for UK Based Businesses,https://petition.parliament.uk/petitions/767386,open,38,767386,2026-05-13,2026-11-13,,
Introduce Automatic Wage Indexation and cap income tax,https://petition.parliament.uk/petitions/767390,open,17,767390,2026-05-14,2026-11-14,,
Ban 'scalping' of items for short term resale at inflated prices.,https://petition.parliament.uk/petitions/767397,open,43,767397,2026-06-16,2026-12-16,,
Introduce Full Statutory Regulation of the Funeral Industry by Spring 2027,https://petition.parliament.uk/petitions/767402,open,1233,767402,2026-05-14,2026-11-14,,
Fund legal support for parents in international child custody or recovery cases,https://petition.parliament.uk/petitions/767410,open,53,767410,2026-05-14,2026-11-14,,
Review UK policy treatment of bio-based chemicals and materials,https://petition.parliament.uk/petitions/767417,open,467,767417,2026-05-14,2026-11-14,,
Conduct review of asylum decisions granted on basis of applicant's sexuality,https://petition.parliament.uk/petitions/767426,open,45,767426,2026-05-13,2026-11-13,,
"Conduct review into NHS recognition, diagnosis & treatment of cluster headaches",https://petition.parliament.uk/petitions/767429,open,51,767429,2026-05-12,2026-11-12,,
Advocate confiscation & dismantling of any undisclosed Israeli nuclear weapons,https://petition.parliament.uk/petitions/767438,open,38,767438,2026-05-21,2026-11-21,,
Ensure Equal Access to NHS Fertility Treatment for Same-Sex Couples,https://petition.parliament.uk/petitions/767444,open,93,767444,2026-05-12,2026-11-12,,
Change family law proceedings burden of proof to “beyond a reasonable doubt”,https://petition.parliament.uk/petitions/767449,open,332,767449,2026-05-14,2026-11-14,,
Remove age verification introduced by online safety act,https://petition.parliament.uk/petitions/767457,open,103,767457,2026-05-28,2026-11-28,,
Raise the age of consent to 18 with peer exception for 16-17 year olds,https://petition.parliament.uk/petitions/767458,open,121,767458,2026-05-14,2026-11-14,,
Introduce local authority run permit system for homeless outreach services,https://petition.parliament.uk/petitions/767459,open,546,767459,2026-05-14,2026-11-14,,
Require VED Expensive Car Supplement threshold to be uprated with inflation,https://petition.parliament.uk/petitions/767460,open,81,767460,2026-05-12,2026-11-12,,
Ban access to legal aid funds for illegal migrant appeals,https://petition.parliament.uk/petitions/767461,open,167,767461,2026-05-14,2026-11-14,,
Urgently review & adjust steel import quota & tariff changes - effective 01/07,https://petition.parliament.uk/petitions/767467,open,9902,767467,2026-05-15,2026-11-15,,
Put all proposals for closer ties to the EU to a referendum,https://petition.parliament.uk/petitions/767469,open,317,767469,2026-05-14,2026-11-14,,
Fund more NHS support for gynaecological disorders and reduce diagnosis delays,https://petition.parliament.uk/petitions/767477,open,87,767477,2026-05-13,2026-11-13,,
Require standardised classifications for accessible hotel rooms.,https://petition.parliament.uk/petitions/767489,open,52,767489,2026-05-11,2026-11-11,,
Legalise small scale Cannabis cultivation for medical patients,https://petition.parliament.uk/petitions/767494,open,43,767494,2026-05-14,2026-11-14,,
Review endometriosis surgery protocols,https://petition.parliament.uk/petitions/767501,open,95,767501,2026-05-14,2026-11-14,,
Create a tax-free overtime allowance for overtime worked above 40 hours per week,https://petition.parliament.uk/petitions/767506,open,107,767506,2026-05-14,2026-11-14,,
"Require accessible, SEN-friendly menus in school canteens",https://petition.parliament.uk/petitions/767513,open,35,767513,2026-05-14,2026-11-14,,
"Make GCSE Maths optional and introduce an alternative, easier qualification",https://petition.parliament.uk/petitions/767527,open,25,767527,2026-05-15,2026-11-15,,
"Launch the ""national conversation on defence and security"" by 1st August 2026",https://petition.parliament.uk/petitions/767533,open,31,767533,2026-06-04,2026-12-04,,
Support democratic elections in Nigeria and sanction anyone who threatens them,https://petition.parliament.uk/petitions/767541,open,29,767541,2026-05-18,2026-11-18,,
Make coercive control in under-16s relationships a criminal offence,https://petition.parliament.uk/petitions/767547,open,141,767547,2026-05-14,2026-11-14,,
Mandate public consultation before privatising NHS services,https://petition.parliament.uk/petitions/767554,open,142,767554,2026-05-14,2026-11-14,,
Introduce lifetime bans for all animal abusers and DBS checks for pet sitters,https://petition.parliament.uk/petitions/767555,open,73,767555,2026-05-14,2026-11-14,,
Fund affordable unilateral bras on the NHS,https://petition.parliament.uk/petitions/767559,open,337,767559,2026-05-14,2026-11-14,,
Start mining British coal again for the environment and heritage sector,https://petition.parliament.uk/petitions/767560,open,999,767560,2026-05-14,2026-11-14,,
Cap profits on Water/Gas/Electric/Internet & Fuels to 20% from cost value,https://petition.parliament.uk/petitions/767566,open,68,767566,2026-05-14,2026-11-14,,
Stop the proposed changes to the Government Food Standards for schools,https://petition.parliament.uk/petitions/767567,open,110,767567,2026-05-18,2026-11-18,,
Make accepted property offers binding and require compensation if withdrawn,https://petition.parliament.uk/petitions/767569,open,49,767569,2026-05-22,2026-11-22,,
Issue guidance to schools on packed lunches for SEND students,https://petition.parliament.uk/petitions/767570,open,20,767570,2026-05-27,2026-11-27,,
Require social media to add timed pauses during extended short-video use.,https://petition.parliament.uk/petitions/767581,open,16,767581,2026-05-14,2026-11-14,,
Reduce Article 3 medical leave route from 10 years to 5 years,https://petition.parliament.uk/petitions/767582,open,9,767582,2026-05-20,2026-11-20,,
"Increase the personal tax allowance threshold to £20,000",https://petition.parliament.uk/petitions/767590,open,142,767590,2026-05-14,2026-11-14,,
Create secure safeguarding children’s risk register,https://petition.parliament.uk/petitions/767595,open,331,767595,2026-05-22,2026-11-22,,
Repeal Pensions Schemes Act provisions on investment of private pension pots,https://petition.parliament.uk/petitions/767600,open,47,767600,2026-05-15,2026-11-15,,
Review Local Authority process in child removal cases involving medical disputes,https://petition.parliament.uk/petitions/767614,open,36,767614,2026-05-15,2026-11-15,,
Fund multi-billion pound plan to restore railways in towns & rural areas,https://petition.parliament.uk/petitions/767617,open,39,767617,2026-05-14,2026-11-14,,
Strengthen Immigration Fraud Reporting with Verified Incentives Scheme,https://petition.parliament.uk/petitions/767622,open,53,767622,2026-05-14,2026-11-14,,
"Fund and require early assessment, treatment and education on severe period pain",https://petition.parliament.uk/petitions/767634,open,37,767634,2026-05-19,2026-11-19,,
Grant Protected Status to UK Trig Points,https://petition.parliament.uk/petitions/767641,open,2174,767641,2026-05-19,2026-11-19,,
Make seizure training mandatory in all child and vulnerable adult work settings,https://petition.parliament.uk/petitions/767644,open,11674,767644,2026-05-14,2026-11-14,,
Remove permitted development rights for telegraph poles & require full planning,https://petition.parliament.uk/petitions/767645,open,120,767645,2026-05-18,2026-11-18,,
Government must issue guidance on HGV re-routing across community boundaries,https://petition.parliament.uk/petitions/767651,open,96,767651,2026-05-14,2026-11-14,,
Hold a UK-wide briefing on climate and nature risks,https://petition.parliament.uk/petitions/767687,open,29031,767687,2026-05-20,2026-11-20,,
Create independent body for Special Allocation Scheme complaints & safeguarding,https://petition.parliament.uk/petitions/767703,open,10,767703,2026-05-28,2026-11-28,,
Require elected public office holders to identify their role on social media,https://petition.parliament.uk/petitions/767711,open,225,767711,2026-05-15,2026-11-15,,
Change the law for opposite-sex couples to convert civil partnership to marriage,https://petition.parliament.uk/petitions/767726,open,29,767726,2026-05-14,2026-11-14,,
Restore a national EV charge point database with new enforced data standards,https://petition.parliament.uk/petitions/767727,open,30,767727,2026-05-19,2026-11-19,,
Review how long prostitution related convictions stay on criminal records,https://petition.parliament.uk/petitions/767728,open,25,767728,2026-05-15,2026-11-15,,
Extend pet keeping rights to social housing tenants,https://petition.parliament.uk/petitions/767732,open,37,767732,2026-05-14,2026-11-14,,
Review how the Home Office deals with False Domestic Abuse Claims to get ILR,https://petition.parliament.uk/petitions/767745,open,129,767745,2026-05-22,2026-11-22,,
Increase support and awareness to help IPF sufferers,https://petition.parliament.uk/petitions/767755,open,911,767755,2026-05-15,2026-11-15,,
"Review employment pathways for newly qualified nurses
",https://petition.parliament.uk/petitions/767765,open,30,767765,2026-05-14,2026-11-14,,
Require bereavement support in all private pregnancy scan clinics,https://petition.parliament.uk/petitions/767769,open,401,767769,2026-05-15,2026-11-15,,
Issue guidance encouraging compassionate leave for companion animal bereavement,https://petition.parliament.uk/petitions/767777,open,64,767777,2026-05-15,2026-11-15,,
Commit to Protect Rights to EOTAS/EOTISC for Children & Young People with SEND,https://petition.parliament.uk/petitions/767779,open,1618,767779,2026-05-21,2026-11-21,,
Mandate higher minimum wage for night shift workers,https://petition.parliament.uk/petitions/767780,open,19,767780,2026-05-20,2026-11-20,,
Require removal of online content taunting deceased people & introduce penalties,https://petition.parliament.uk/petitions/767797,open,25,767797,2026-06-24,2026-12-24,,
Strengthen enforcement of child maintenance for absent parents,https://petition.parliament.uk/petitions/767801,open,30,767801,2026-05-15,2026-11-15,,
Ensure a minimum wage for work experience which is educationally mandatory,https://petition.parliament.uk/petitions/767802,open,24,767802,2026-05-15,2026-11-15,,
Review The Number Of Asbestos-Linked Lung Cancers,https://petition.parliament.uk/petitions/767813,open,802,767813,2026-05-22,2026-11-22,,
Reform the National Kidney Transplant List and Remove the Matchability Score,https://petition.parliament.uk/petitions/767814,open,97,767814,2026-05-21,2026-11-21,,
Recreate Northumbria and grant it nation status,https://petition.parliament.uk/petitions/767817,open,18,767817,2026-05-18,2026-11-18,,
Respond fully to The Law Commission's recommendations on Surrogacy,https://petition.parliament.uk/petitions/767834,open,318,767834,2026-05-19,2026-11-19,,
Review and expand the definition of rape in law,https://petition.parliament.uk/petitions/767842,open,69,767842,2026-05-27,2026-11-27,,
Require licensed venues to offer free anti-spiking drink covers to patrons,https://petition.parliament.uk/petitions/767851,open,203,767851,2026-05-19,2026-11-19,,
Do not place wind turbines on mountains,https://petition.parliament.uk/petitions/767853,open,32,767853,2026-05-15,2026-11-15,,
"Require all supermarkets to stock ""Free From"" foods (allergen free)",https://petition.parliament.uk/petitions/767866,open,29,767866,2026-05-22,2026-11-22,,
Provide funding for nit nurses to visit schools,https://petition.parliament.uk/petitions/767875,open,54,767875,2026-05-15,2026-11-15,,
National scheme for QR code driver identification for all Hackney Carriage cabs,https://petition.parliament.uk/petitions/767886,open,257,767886,2026-06-08,2026-12-08,,
Fund more research to extend availability of medical cannabis on the NHS,https://petition.parliament.uk/petitions/767892,open,22,767892,2026-06-17,2026-12-17,,
Review sentences and punishments for sexual assault and rape cases,https://petition.parliament.uk/petitions/767894,open,168,767894,2026-05-21,2026-11-21,,
Require mandatory national security vetting for all MPs,https://petition.parliament.uk/petitions/767897,open,96,767897,2026-05-28,2026-11-28,,
Stop changes to tariffs on stainless steel imports due to come into effect 1/7,https://petition.parliament.uk/petitions/767900,open,28,767900,2026-05-19,2026-11-19,,
Introduce a Publicly Accessible Sex Offenders Register,https://petition.parliament.uk/petitions/767905,open,168,767905,2026-05-21,2026-11-21,,
Seek agreement with the EU to accept pet passports for UK-EU travel,https://petition.parliament.uk/petitions/767906,open,1785,767906,2026-05-27,2026-11-27,,
Require businesses to offer interviews to care leavers meeting minimum criteria,https://petition.parliament.uk/petitions/767907,open,320,767907,2026-05-18,2026-11-18,,
Require all motorways and roads to be lit,https://petition.parliament.uk/petitions/767919,open,41,767919,2026-05-19,2026-11-19,,
Review the use of digital technology in schools,https://petition.parliament.uk/petitions/767928,open,193,767928,2026-05-19,2026-11-19,,
Require large hotel chains to provide properly equipped accessible rooms,https://petition.parliament.uk/petitions/767933,open,424,767933,2026-05-29,2026-11-29,,
Introduce Mandatory DBS Checks for Private Landlords,https://petition.parliament.uk/petitions/767943,open,49,767943,2026-06-05,2026-12-05,,
Require full forensic autopsies for all unexplained deaths,https://petition.parliament.uk/petitions/767971,open,26,767971,2026-06-01,2026-12-01,,
Increase penalties for motor vehicles that exceed legal noise pollution levels,https://petition.parliament.uk/petitions/767984,open,68,767984,2026-06-01,2026-12-01,,
Allow Charities to continue to re-home adult dogs with historic injuries,https://petition.parliament.uk/petitions/768000,open,3522,768000,2026-05-20,2026-11-20,,
"Fund ""Universal"" Breakfast Clubs to include all SEND Children",https://petition.parliament.uk/petitions/768002,open,256,768002,2026-05-20,2026-11-20,,
Mandate registration with a recognised regulatory body for all personal trainers,https://petition.parliament.uk/petitions/768005,open,386,768005,2026-05-20,2026-11-20,,
Free school meals for all pupils and cover compulsory school uniform costs,https://petition.parliament.uk/petitions/768031,open,40,768031,2026-05-19,2026-11-19,,
Ban the police from strip searching children and replace with doctor examination,https://petition.parliament.uk/petitions/768033,open,63,768033,2026-05-19,2026-11-19,,
Review costs awards for proven false evidence in family court proceedings,https://petition.parliament.uk/petitions/768046,open,119,768046,2026-05-20,2026-11-20,,
Make it a criminal offence if tenants don't pay rent,https://petition.parliament.uk/petitions/768063,open,1882,768063,2026-05-28,2026-11-28,,
Keep the legal age to buy tobacco at 18,https://petition.parliament.uk/petitions/768064,open,43,768064,2026-05-20,2026-11-20,,
"Fund sanitary products for women with endometriosis, PCOS or adenomyosis on NHS",https://petition.parliament.uk/petitions/768065,open,49,768065,2026-05-19,2026-11-19,,
Fund access for all women to a genetic blood test for breast cancer risk genes,https://petition.parliament.uk/petitions/768067,open,304,768067,2026-05-19,2026-11-19,,
"Establish a single, powerful, independent statutory regulator for all news media",https://petition.parliament.uk/petitions/768086,open,3210,768086,2026-05-19,2026-11-19,,
Make it illegal for drivers to idle engines outside schools.,https://petition.parliament.uk/petitions/768090,open,213,768090,2026-05-19,2026-11-19,,
Require all GP surgeries to offer online triage plus phone pre-booking,https://petition.parliament.uk/petitions/768093,open,30,768093,2026-05-20,2026-11-20,,
"Act to improve patient safety, staffing & accountability in NHS hospitals",https://petition.parliament.uk/petitions/768099,open,229,768099,2026-05-21,2026-11-21,,
Review ASB’s cumulative harm and improve system coordination,https://petition.parliament.uk/petitions/768101,open,21,768101,2026-05-27,2026-11-27,,
End spousal maintenance payments after divorce,https://petition.parliament.uk/petitions/768130,open,47,768130,2026-05-26,2026-11-26,,
Fund national scheme for disabled person's free bus passes to include peak times,https://petition.parliament.uk/petitions/768141,open,39,768141,2026-05-21,2026-11-21,,
"Increase national single-carriageway, dual-carriageway & motorway speed limits",https://petition.parliament.uk/petitions/768144,open,155,768144,2026-05-20,2026-11-20,,
Protect our Churches. Extra funding for security and safety of our Churches,https://petition.parliament.uk/petitions/768145,open,60,768145,2026-05-27,2026-11-27,,
Stop schools posting images of students on public social media platforms,https://petition.parliament.uk/petitions/768149,open,29,768149,2026-06-10,2026-12-10,,
Make St George’s Day a national bank holiday in England every year,https://petition.parliament.uk/petitions/768153,open,114,768153,2026-05-15,2026-11-15,,
Ban graphic anti-abortion images in public spaces,https://petition.parliament.uk/petitions/768161,open,36,768161,2026-05-29,2026-11-29,,
Legalise psilocybin in the UK,https://petition.parliament.uk/petitions/768183,open,27,768183,2026-06-05,2026-12-05,,
Extend UK Ancestry Visa to include Mauritius and former British territories,https://petition.parliament.uk/petitions/768188,open,117,768188,2026-05-22,2026-11-22,,
HMRC: extend MTD ITSA quarterly update deadline from 5 weeks to 3 months,https://petition.parliament.uk/petitions/768189,open,849,768189,2026-05-19,2026-11-19,,
"Reduce school homework to the core (English, Maths, Science) & GCSE subjects",https://petition.parliament.uk/petitions/768194,open,26,768194,2026-06-01,2026-12-01,,
Ban organisations seeking to replace the UK democratic system,https://petition.parliament.uk/petitions/768196,open,77,768196,2026-05-22,2026-11-22,,
Reform Child Maintenance: Introduce a set weekly rate per child,https://petition.parliament.uk/petitions/768202,open,491,768202,2026-06-03,2026-12-03,,
Review into deaths of young people leaving the care system to include over 25s,https://petition.parliament.uk/petitions/768203,open,42,768203,2026-05-22,2026-11-22,,
Protect sports bodies from coercive legal actions over inclusive trans policies,https://petition.parliament.uk/petitions/768209,open,2707,768209,2026-05-26,2026-11-26,,
Review and strengthen child car seat law,https://petition.parliament.uk/petitions/768212,open,150,768212,2026-06-08,2026-12-08,,
Fund a public health campaign to reduce the stigma of suicide,https://petition.parliament.uk/petitions/768225,open,1640,768225,2026-05-28,2026-11-28,,
"Make species-specific training, advice and care mandatory for pet shop staff.",https://petition.parliament.uk/petitions/768232,open,1910,768232,2026-05-20,2026-11-20,,
Formally recognise the killing of Armenians in 1915-1923 as genocide,https://petition.parliament.uk/petitions/768244,open,22,768244,2026-06-03,2026-12-03,,
Financial support for court-ordered drug & alcohol testing in family court cases,https://petition.parliament.uk/petitions/768249,open,13,768249,2026-05-26,2026-11-26,,
"Neurodiversity: Fund police training, review of police custody & data collection",https://petition.parliament.uk/petitions/768251,open,103,768251,2026-05-22,2026-11-22,,
Fund Psychiatric Liaison Practitioners in all GP surgeries,https://petition.parliament.uk/petitions/768283,open,25,768283,2026-05-29,2026-11-29,,
Increase the age of consent to 20 with exceptions for young people 16-19,https://petition.parliament.uk/petitions/768292,open,33,768292,2026-05-21,2026-11-21,,
Allow under-25s to undergo cervical screening on request,https://petition.parliament.uk/petitions/768294,open,131,768294,2026-05-26,2026-11-26,,
Make organ donation consent made prior to someone’s death binding,https://petition.parliament.uk/petitions/768297,open,915,768297,2026-05-27,2026-11-27,,
Change the rule on admissibility of recorded evidence in domestic abuse cases,https://petition.parliament.uk/petitions/768301,open,207,768301,2026-05-22,2026-11-22,,
CMS to include voluntary redundancy payments in income calculation,https://petition.parliament.uk/petitions/768303,open,37,768303,2026-05-26,2026-11-26,,
"Sites, apps & channels to have an opt-out button for gambling adverts",https://petition.parliament.uk/petitions/768326,open,40,768326,2026-05-22,2026-11-22,,
Make abdominal aortic aneurysm screening available for women 65+,https://petition.parliament.uk/petitions/768329,open,77,768329,2026-05-26,2026-11-26,,
Fund community-led mental health services and preventative care,https://petition.parliament.uk/petitions/768340,open,89,768340,2026-06-05,2026-12-05,,
Mandate a stand-alone VAWG policy in all secondary schools & colleges in England,https://petition.parliament.uk/petitions/768345,open,398,768345,2026-05-26,2026-11-26,,
Review shared care arrangements for ADHD between NHS and private specialists,https://petition.parliament.uk/petitions/768351,open,159,768351,2026-05-27,2026-11-27,,
Give tax breaks to racing bodies that stop horses being put down,https://petition.parliament.uk/petitions/768367,open,19,768367,2026-05-26,2026-11-26,,
Hold a review into the effects of parental alienation on families,https://petition.parliament.uk/petitions/768372,open,259,768372,2026-05-26,2026-11-26,,
Mandatory police recording of where child abduction/coercion began online,https://petition.parliament.uk/petitions/768377,open,46,768377,2026-06-03,2026-12-03,,
Stop a single Minister having the final say on national infrastructure projects,https://petition.parliament.uk/petitions/768378,open,6624,768378,2026-05-26,2026-11-26,,
Make carbon monoxide alarms mandatory in all holiday accommodation,https://petition.parliament.uk/petitions/768395,open,19924,768395,2026-05-27,2026-11-27,,
Recognise Chagossian community as a distinct category in official UK statistics,https://petition.parliament.uk/petitions/768401,open,35,768401,2026-06-08,2026-12-08,,
Introduce a 6-month time limit for police misconduct investigations,https://petition.parliament.uk/petitions/768405,open,1308,768405,2026-05-22,2026-11-22,,
Review Children’s Social Care Repeated Placement Moves to Prevent Harm,https://petition.parliament.uk/petitions/768412,open,45,768412,2026-05-27,2026-11-27,,
Ban the sale and consumption of alcohol in House of Commons venues ,https://petition.parliament.uk/petitions/768417,open,18749,768417,2026-05-26,2026-11-26,,
"Review penalties for shoplifters under 18 years old, consider community orders",https://petition.parliament.uk/petitions/768422,open,28,768422,2026-06-01,2026-12-01,,
All planning decisions for council owned land to be made by independent body,https://petition.parliament.uk/petitions/768456,open,129,768456,2026-05-27,2026-11-27,,
Ban AI use with intent to discriminate against minorities & spread extremism,https://petition.parliament.uk/petitions/768457,open,40,768457,2026-05-29,2026-11-29,,
Change SEND acronym to ‘SPECIFIC Educational Needs' in government publications,https://petition.parliament.uk/petitions/768474,open,58,768474,2026-05-27,2026-11-27,,
Fund culturally appropriate retirement support for Polish veterans and families,https://petition.parliament.uk/petitions/768480,open,10297,768480,2026-05-27,2026-11-27,,
Make mental health screening mandatory after military deployments,https://petition.parliament.uk/petitions/768482,open,128,768482,2026-05-27,2026-11-27,,
Amend Health and Safety at Work Act to include the provision of defibrillators,https://petition.parliament.uk/petitions/768484,open,197,768484,2026-05-27,2026-11-27,,
Legal cap on how many HMOs can be approved in any area,https://petition.parliament.uk/petitions/768485,open,71,768485,2026-06-01,2026-12-01,,
Fund Increased Housing Support for Veterans and Service Families ,https://petition.parliament.uk/petitions/768492,open,95,768492,2026-05-28,2026-11-28,,
Create a fast-track system for people who need to retake a driving test,https://petition.parliament.uk/petitions/768500,open,19,768500,2026-05-27,2026-11-27,,
Change how employees on mat leave are compensated for redundancy consultation,https://petition.parliament.uk/petitions/768516,open,18,768516,2026-05-27,2026-11-27,,
Make it a legal duty to help someone found unconscious in public,https://petition.parliament.uk/petitions/768530,open,77,768530,2026-06-08,2026-12-08,,
Lower the voting age to 16,https://petition.parliament.uk/petitions/768538,open,22,768538,2026-06-01,2026-12-01,,
Amend the Civil Aviation Act 1982 to remove airport immunity from civil claims,https://petition.parliament.uk/petitions/768541,open,26,768541,2026-06-19,2026-12-19,,
Make suicide prevention training mandatory for frontline public sector workers,https://petition.parliament.uk/petitions/768543,open,20,768543,2026-06-01,2026-12-01,,
Amend the Ancient Monuments Act 1979 to ban building on all scheduled sites.,https://petition.parliament.uk/petitions/768546,open,901,768546,2026-06-02,2026-12-02,,
Mandate 24/7 real-time emergency monitoring on all social media platforms,https://petition.parliament.uk/petitions/768549,open,15,768549,2026-05-29,2026-11-29,,
Fund student support centres in every school,https://petition.parliament.uk/petitions/768561,open,27,768561,2026-06-08,2026-12-08,,
Fund private healthcare for gynaecology wait list to clear the NHS backlog,https://petition.parliament.uk/petitions/768569,open,365,768569,2026-05-29,2026-11-29,,
Review access to ultrasound scans for babies showing signs of pyloric stenosis,https://petition.parliament.uk/petitions/768590,open,63,768590,2026-05-29,2026-11-29,,
Voluntary scheme for armed forces to assist civilian emergency services,https://petition.parliament.uk/petitions/768601,open,28,768601,2026-06-03,2026-12-03,,
Fund annual cancer screening at 40 for adults with Down syndrome & LD,https://petition.parliament.uk/petitions/768606,open,18,768606,2026-05-27,2026-11-27,,
Allow Category D licence to drive private motorhomes over 3.5 tonnes,https://petition.parliament.uk/petitions/768616,open,36,768616,2026-05-28,2026-11-28,,
Require shops to sell knives in lockable cabinet/behind a counter and ban offers,https://petition.parliament.uk/petitions/768617,open,273,768617,2026-05-29,2026-11-29,,
HMRC to itemise everything on self-assessment tax payment request,https://petition.parliament.uk/petitions/768625,open,26,768625,2026-05-29,2026-11-29,,
Establish a Royal Commission on Intolerance in UK society,https://petition.parliament.uk/petitions/768633,open,103,768633,2026-06-01,2026-12-01,,
Strengthen child maintenance enforcement powers and increase payment rates,https://petition.parliament.uk/petitions/768646,open,25,768646,2026-06-02,2026-12-02,,
Amend UK trade agreements with the Faroes to protest dolphin hunting & killing,https://petition.parliament.uk/petitions/768664,open,39,768664,2026-06-18,2026-12-18,,
Ban messaging apps with unregistered accounts from enabling media sharing,https://petition.parliament.uk/petitions/768676,open,26,768676,2026-06-05,2026-12-05,,
Amend standards for PIP to clearly include type 1 diabetics,https://petition.parliament.uk/petitions/768687,open,16308,768687,2026-06-02,2026-12-02,,
Automatically remove parental responsibility from convicted domestic abusers,https://petition.parliament.uk/petitions/768704,open,51,768704,2026-05-29,2026-11-29,,
Introduce a cap on how much companies can charge for public EV charging,https://petition.parliament.uk/petitions/768716,open,49,768716,2026-05-29,2026-11-29,,
Remove the 100% additional council tax premium on second homes,https://petition.parliament.uk/petitions/768717,open,42,768717,2026-06-01,2026-12-01,,
Make it mandatory for all food outlets/restaurants to offer gluten free options,https://petition.parliament.uk/petitions/768721,open,304,768721,2026-06-05,2026-12-05,,
Non means tested Legal Aid for foster carers challenging Council's care plans,https://petition.parliament.uk/petitions/768723,open,17,768723,2026-05-29,2026-11-29,,
Replace 'hysterectomy' with 'uterectomy' in NHS patient materials,https://petition.parliament.uk/petitions/768726,open,982,768726,2026-06-01,2026-12-01,,
"Fund permanent, 24-hour police patrols to protect Muslim communities",https://petition.parliament.uk/petitions/768731,open,18,768731,2026-05-29,2026-11-29,,
Introduce a no-halfway housing zone around schools,https://petition.parliament.uk/petitions/768732,open,100,768732,2026-06-08,2026-12-08,,
Review support for ARFID and fund national treatment pathways,https://petition.parliament.uk/petitions/768759,open,2723,768759,2026-06-01,2026-12-01,,
Require teachers disclose AI usage when producing class materials,https://petition.parliament.uk/petitions/768760,open,41,768760,2026-06-03,2026-12-03,,
Government to provide funeral costs for veterans from their pension funds,https://petition.parliament.uk/petitions/768774,open,42,768774,2026-06-02,2026-12-02,,
Bring all vehicle insurance into public ownership,https://petition.parliament.uk/petitions/768777,open,23,768777,2026-06-01,2026-12-01,,
Allow additional voluntary student loan repayments through salary sacrifice,https://petition.parliament.uk/petitions/768782,open,33,768782,2026-05-29,2026-11-29,,
Restrict babies and children in nail salons for their safety and health,https://petition.parliament.uk/petitions/768783,open,40,768783,2026-06-01,2026-12-01,,
Fund access to regular heart health checks & improve awareness of heart health,https://petition.parliament.uk/petitions/768787,open,90,768787,2026-06-01,2026-12-01,,
Make unpaid trial shifts illegal in all circumstances,https://petition.parliament.uk/petitions/768788,open,48,768788,2026-05-29,2026-11-29,,
Review Protections for Children Against Coercive Control in Family Court Process,https://petition.parliament.uk/petitions/768793,open,51,768793,2026-05-29,2026-11-29,,
Introduce a mandatory annual review mechanism for HMRC mileage allowance rates,https://petition.parliament.uk/petitions/768797,open,42,768797,2026-06-01,2026-12-01,,
Introduce cost protections and transparency of charges for commercial tenants,https://petition.parliament.uk/petitions/768801,open,23,768801,2026-06-02,2026-12-02,,
Ban the sale and release of exotic and native waterbirds,https://petition.parliament.uk/petitions/768802,open,352,768802,2026-06-18,2026-12-18,,
"Conduct review of sudden alopecia cases, diagnosis and patient support",https://petition.parliament.uk/petitions/768808,open,308,768808,2026-06-01,2026-12-01,,
Suspend licences after fatal or serious road collisions,https://petition.parliament.uk/petitions/768813,open,694,768813,2026-06-01,2026-12-01,,
Add “Jewish” to the list of ethnic group categories for all government forms,https://petition.parliament.uk/petitions/768821,open,35,768821,2026-06-09,2026-12-09,,
Hold a review into alcohol home delivery and safeguarding of vulnerable adults,https://petition.parliament.uk/petitions/768832,open,209,768832,2026-06-01,2026-12-01,,
Mandate standardised Trans HRT pescribing training for all NHS GPs,https://petition.parliament.uk/petitions/768833,open,188,768833,2026-06-16,2026-12-16,,
Fund a simpler and fairer England wide toll and parking charges payment system,https://petition.parliament.uk/petitions/768835,open,25,768835,2026-06-03,2026-12-03,,
Reduce maximum weekly working hours to 32 & introduce statutory overtime pay,https://petition.parliament.uk/petitions/768839,open,114,768839,2026-06-03,2026-12-03,,
Ensure fair and transparent faith security funding for all faith communities,https://petition.parliament.uk/petitions/768851,open,14810,768851,2026-06-18,2026-12-18,,
Review domestic abuse case handling by police and CPS,https://petition.parliament.uk/petitions/768855,open,40,768855,2026-06-02,2026-12-02,,
Hold a referendum if council tax rises by 4.99% for 3 consecutive years,https://petition.parliament.uk/petitions/768871,open,31,768871,2026-06-09,2026-12-09,,
Review slaughterhouse regulation and welfare protections,https://petition.parliament.uk/petitions/768880,open,2736,768880,2026-06-03,2026-12-03,,
Replace council tax for properties worth over £1M with a tax of 0.7%,https://petition.parliament.uk/petitions/768885,open,26,768885,2026-06-03,2026-12-03,,
Make Sexual Education Mandatory For Academic Years 3 and Up,https://petition.parliament.uk/petitions/768889,open,20,768889,2026-06-03,2026-12-03,,
Require licence plates on all hire cycles,https://petition.parliament.uk/petitions/768897,open,26,768897,2026-06-11,2026-12-11,,
Mandate alcohol breathalyser and drug swab tests in House of Commons,https://petition.parliament.uk/petitions/768899,open,140,768899,2026-06-12,2026-12-12,,
Add Endometriosis to NHS Medical Exemption List for Free Prescriptions,https://petition.parliament.uk/petitions/768916,open,1139,768916,2026-06-03,2026-12-03,,
Align legal protections for Cohabiting Couples with those for Married Couples ,https://petition.parliament.uk/petitions/768932,open,94,768932,2026-06-03,2026-12-03,,
Cease and ban all UK trade with Israel due to its occupation of Palestine,https://petition.parliament.uk/petitions/768942,open,119,768942,2026-06-17,2026-12-17,,
Create a public register of UK nationals serving in foreign militaries,https://petition.parliament.uk/petitions/768948,open,73,768948,2026-06-03,2026-12-03,,
Amend law to extend statutory guidance on emergency injectors to early years,https://petition.parliament.uk/petitions/768952,open,49,768952,2026-06-05,2026-12-05,,
Hold a rejoin EU referendum now,https://petition.parliament.uk/petitions/768955,open,224,768955,2026-06-02,2026-12-02,,
Government must abolish Ofsted,https://petition.parliament.uk/petitions/768959,open,20,768959,2026-06-03,2026-12-03,,
Strengthen legal protections for SMEs when using B2B contracts,https://petition.parliament.uk/petitions/768975,open,32,768975,2026-06-08,2026-12-08,,
Review and change Universal Credit identity checks,https://petition.parliament.uk/petitions/768981,open,68,768981,2026-06-03,2026-12-03,,
Mandate offer of Group B Streptococcus screening for all pregnant women,https://petition.parliament.uk/petitions/768997,open,1093,768997,2026-06-03,2026-12-03,,
Launch an independent inquiry into family court’s handling of domestic abuse,https://petition.parliament.uk/petitions/768999,open,20,768999,2026-06-10,2026-12-10,,
Review how domestic abuse allegations are investigated for ILR applications,https://petition.parliament.uk/petitions/769001,open,37,769001,2026-06-05,2026-12-05,,
Introduce 25% commission rate cap for private hire (ride hailing companies),https://petition.parliament.uk/petitions/769002,open,203,769002,2026-06-08,2026-12-08,,
Ban donations & fund parties with a government multiple of fixed membership fees,https://petition.parliament.uk/petitions/769003,open,39,769003,2026-06-15,2026-12-15,,
Relax EU meat and dairy personal import rules for travellers,https://petition.parliament.uk/petitions/769009,open,215,769009,2026-06-03,2026-12-03,,
Apologise and hold inquiry into ESN schools in the 1950s to 1980s,https://petition.parliament.uk/petitions/769015,open,44,769015,2026-06-08,2026-12-08,,
Require a 2/3 majority in the HoC to scrap/withdraw from human rights provisions,https://petition.parliament.uk/petitions/769024,open,60,769024,2026-06-09,2026-12-09,,
Prohibit Punitive Siting of Infrastructure,https://petition.parliament.uk/petitions/769029,open,52,769029,2026-06-03,2026-12-03,,
Review bereavement policies for pupils sitting GCSE and A-level exams,https://petition.parliament.uk/petitions/769053,open,937,769053,2026-06-09,2026-12-09,,
Raise the legal age to buy and consume alcohol to 25,https://petition.parliament.uk/petitions/769056,open,19,769056,2026-06-08,2026-12-08,,
Make directly threatening action based on a constituency’s voting record illegal,https://petition.parliament.uk/petitions/769058,open,2093,769058,2026-06-05,2026-12-05,,
Ban the use of bots to bulk-buy products & reselling them at inflated prices,https://petition.parliament.uk/petitions/769060,open,32,769060,2026-06-10,2026-12-10,,
Make Perimenopause Training Mandatory for All UK Doctors,https://petition.parliament.uk/petitions/769064,open,806,769064,2026-06-04,2026-12-04,,
Mandate neurodiversity training for all school staff,https://petition.parliament.uk/petitions/769065,open,285,769065,2026-06-04,2026-12-04,,
Mandate hip scan offer for newborns with a family history of hip problems (DDH),https://petition.parliament.uk/petitions/769066,open,198,769066,2026-06-22,2026-12-22,,
Provide funding for affordable electric vehicle charging points in local areas,https://petition.parliament.uk/petitions/769082,open,94,769082,2026-06-03,2026-12-03,,
Introduce regulation for infant care and sleep advice providers,https://petition.parliament.uk/petitions/769102,open,23,769102,2026-06-10,2026-12-10,,
Cap concert ticket prices,https://petition.parliament.uk/petitions/769106,open,33,769106,2026-06-09,2026-12-09,,
"Require bars, pubs and clubs to have CCTV covering all areas surrounding toilets",https://petition.parliament.uk/petitions/769114,open,239,769114,2026-06-12,2026-12-12,,
Trimethylaminuria (TMAU): Fund research and awareness,https://petition.parliament.uk/petitions/769122,open,38,769122,2026-06-05,2026-12-05,,
Amend the Highway Code to incorporate Horse Riders'/handlers' hand signals,https://petition.parliament.uk/petitions/769124,open,421,769124,2026-06-08,2026-12-08,,
Require every bus to have at least 2 spaces for wheelchairs,https://petition.parliament.uk/petitions/769134,open,55,769134,2026-06-09,2026-12-09,,
Anti-social behaviour in social housing: Review police response and enforcement,https://petition.parliament.uk/petitions/769136,open,531,769136,2026-06-08,2026-12-08,,
Change how people can qualify for carers allowance,https://petition.parliament.uk/petitions/769138,open,61,769138,2026-06-05,2026-12-05,,
Review all employment laws relating to unfair treatment in the workplace,https://petition.parliament.uk/petitions/769139,open,18,769139,2026-06-16,2026-12-16,,
Ban multiple interviews for jobs paying under £15p/h & prioritise UC claimants,https://petition.parliament.uk/petitions/769146,open,25,769146,2026-06-04,2026-12-04,,
Make UK aid to Uganda conditional on action against online animal abuse & scams,https://petition.parliament.uk/petitions/769156,open,85,769156,2026-06-05,2026-12-05,,
Fund & require all public venues to have allergy treatments including EpiPens,https://petition.parliament.uk/petitions/769164,open,35,769164,2026-06-11,2026-12-11,,
Remove requirement to be 10-year seizure & medication free for HGV & PSV license,https://petition.parliament.uk/petitions/769165,open,154,769165,2026-06-08,2026-12-08,,
Require ICBs to offer IVF including couples with children from past relationship,https://petition.parliament.uk/petitions/769174,open,86,769174,2026-06-09,2026-12-09,,
Change the definition of the Child Abduction criminal offence,https://petition.parliament.uk/petitions/769175,open,50,769175,2026-06-05,2026-12-05,,
Do not allow polling stations in schools while children are in attendance,https://petition.parliament.uk/petitions/769179,open,32,769179,2026-06-08,2026-12-08,,
Transition to a digital voting system,https://petition.parliament.uk/petitions/769184,open,28,769184,2026-06-05,2026-12-05,,
"Exempt Electric Vehicles with an RRP up to £60,000 from Expensive Car Supplement",https://petition.parliament.uk/petitions/769195,open,15,769195,2026-06-08,2026-12-08,,
Review the Evidence Allowed in Domestic Abuse Investigations,https://petition.parliament.uk/petitions/769199,open,21,769199,2026-06-08,2026-12-08,,
Introduce an immediate ban on the sale and promotion of smart glasses,https://petition.parliament.uk/petitions/769206,open,399,769206,2026-06-09,2026-12-09,,
Reform Hospitality Visa Rules to Protect Rural Tourism and Local Economies,https://petition.parliament.uk/petitions/769216,open,23,769216,2026-06-10,2026-12-10,,
Review the RE curriculum to ensure equal depth in teaching all major religions,https://petition.parliament.uk/petitions/769226,open,742,769226,2026-06-09,2026-12-09,,
"Introduce a £6,285 tax-free allowance for second-job income",https://petition.parliament.uk/petitions/769227,open,45,769227,2026-06-08,2026-12-08,,
Make Public Transport Free For All Students,https://petition.parliament.uk/petitions/769228,open,38,769228,2026-06-05,2026-12-05,,
Regulate veterinary care costs to improve affordability & accessibility,https://petition.parliament.uk/petitions/769255,open,282,769255,2026-06-09,2026-12-09,,
Fund IVF & PGT-SR for all families with genetic conditions,https://petition.parliament.uk/petitions/769277,open,20,769277,2026-06-08,2026-12-08,,
Change the day elections are held to Saturday,https://petition.parliament.uk/petitions/769286,open,69,769286,2026-06-09,2026-12-09,,
Increase penalties for non-payment of child maintenance & strengthen CMS powers,https://petition.parliament.uk/petitions/769288,open,37,769288,2026-06-09,2026-12-09,,
Remove references to Roman Catholics as popish & papist in British legislation,https://petition.parliament.uk/petitions/769301,open,23,769301,2026-06-05,2026-12-05,,
Require every primary school to have a published plan for outdoor free play,https://petition.parliament.uk/petitions/769305,open,2400,769305,2026-06-05,2026-12-05,,
Call for an international investigation into missing Alawite women in Syria,https://petition.parliament.uk/petitions/769317,open,18,769317,2026-06-08,2026-12-08,,
"Fund £20,000 a year (term time) wage for Teaching Assistants",https://petition.parliament.uk/petitions/769319,open,588,769319,2026-06-08,2026-12-08,,
Require disabled toilets on all commercial flights,https://petition.parliament.uk/petitions/769332,open,243,769332,2026-06-08,2026-12-08,,
Make November 11th a bank holiday,https://petition.parliament.uk/petitions/769335,open,34,769335,2026-06-08,2026-12-08,,
Ban the sale of glue traps,https://petition.parliament.uk/petitions/769358,open,225,769358,2026-06-12,2026-12-12,,
Ban the sale and planting of invasive cherry laurel (Prunus laurocerasus),https://petition.parliament.uk/petitions/769392,open,133,769392,2026-06-08,2026-12-08,,
End Section 24 taxation against private individual landlords,https://petition.parliament.uk/petitions/769395,open,80,769395,2026-06-09,2026-12-09,,
Mandate maximum 12 week dental waiting time for SEN children & increase funding,https://petition.parliament.uk/petitions/769397,open,600,769397,2026-06-08,2026-12-08,,
Regulate Social Media Platforms as News Publishers to Prevent Misinformation,https://petition.parliament.uk/petitions/769402,open,1452,769402,2026-06-09,2026-12-09,,
Increase the minimum sentence to life imprisonment for all sexual offences,https://petition.parliament.uk/petitions/769408,open,68,769408,2026-06-09,2026-12-09,,
Reform the local highways maintenance funding formula,https://petition.parliament.uk/petitions/769412,open,26,769412,2026-06-08,2026-12-08,,
Increase funding for Ambulance and A&E services to reduce waiting times,https://petition.parliament.uk/petitions/769419,open,48,769419,2026-06-08,2026-12-08,,
Ban people with criminal records standing for local government or Parliament,https://petition.parliament.uk/petitions/769428,open,69,769428,2026-06-08,2026-12-08,,
Review protections for England’s National Parks from industrial infrastructure,https://petition.parliament.uk/petitions/769457,open,243,769457,2026-06-08,2026-12-08,,
Immediately pause Pathfinder Courts roll-out to hold independent public inquiry,https://petition.parliament.uk/petitions/769459,open,389,769459,2026-06-08,2026-12-08,,
Ensure equal access to online ticket booking for disabled people,https://petition.parliament.uk/petitions/769463,open,121,769463,2026-06-09,2026-12-09,,
Make failure to report a child’s disclosure of abuse or harm a criminal offence,https://petition.parliament.uk/petitions/769469,open,77,769469,2026-06-12,2026-12-12,,
Make those convicted for domestic abuse ineligible for early release,https://petition.parliament.uk/petitions/769478,open,581,769478,2026-06-10,2026-12-10,,
Review NHS PTSD diagnosis and treatment pathways,https://petition.parliament.uk/petitions/769482,open,24,769482,2026-06-11,2026-12-11,,
Statutory mental health early intervention framework for children & young people,https://petition.parliament.uk/petitions/769486,open,239,769486,2026-06-18,2026-12-18,,
Require social medias to have an opt-out for short-form scrollable content,https://petition.parliament.uk/petitions/769507,open,33,769507,2026-06-08,2026-12-08,,
Ensure provision of emergency stoma kits in supermarkets and shopping centres,https://petition.parliament.uk/petitions/769547,open,489,769547,2026-06-08,2026-12-08,,
Referendum on English Independence,https://petition.parliament.uk/petitions/769555,open,208,769555,2026-06-09,2026-12-09,,
Review laws on burglary and increase penalties,https://petition.parliament.uk/petitions/769580,open,59,769580,2026-06-10,2026-12-10,,
Stop DWP additional spouse payments in overseas-registered polygamous marriages,https://petition.parliament.uk/petitions/769583,open,140,769583,2026-06-09,2026-12-09,,
End the mandatory fortification of white flour with folic acid immediately,https://petition.parliament.uk/petitions/769589,open,17014,769589,2026-06-08,2026-12-08,,
Appoint a Guardian ad Litem for every child under 18 at first point of arrest,https://petition.parliament.uk/petitions/769593,open,33,769593,2026-06-16,2026-12-16,,
Retain Disabled Students’ Allowance (DSA) assistive technology funding,https://petition.parliament.uk/petitions/769597,open,144,769597,2026-06-08,2026-12-08,,
"Create a government-owned, free software for Making Tax Digital (MTD)",https://petition.parliament.uk/petitions/769610,open,600,769610,2026-06-08,2026-12-08,,
Provide lifelong vet care and financial support for retired service animals,https://petition.parliament.uk/petitions/769616,open,12197,769616,2026-06-12,2026-12-12,,
Keep the presumption of parental involvement & review fairness in family courts,https://petition.parliament.uk/petitions/769618,open,32,769618,2026-06-19,2026-12-19,,
Fund targeted care package to support children with SEND during hospitalisation,https://petition.parliament.uk/petitions/769636,open,23,769636,2026-06-09,2026-12-09,,
Reverse NHS England's decision to make its code repositories closed-source.,https://petition.parliament.uk/petitions/769638,open,103,769638,2026-06-10,2026-12-10,,
Fully fund specialist glasses for visually impaired children,https://petition.parliament.uk/petitions/769645,open,1642,769645,2026-06-09,2026-12-09,,
Review state pension system to reflect lifetime workload and job intensity,https://petition.parliament.uk/petitions/769682,open,31,769682,2026-06-17,2026-12-17,,
Seek exemption from the EU Entry Exit System for haulage drivers,https://petition.parliament.uk/petitions/769695,open,70,769695,2026-06-19,2026-12-19,,
Strengthen planning & heritage protections for historic church buildings,https://petition.parliament.uk/petitions/769698,open,116,769698,2026-06-11,2026-12-11,,
Ban adoption & the removal of children from their birth parents,https://petition.parliament.uk/petitions/769748,open,40,769748,2026-06-11,2026-12-11,,
Do not extend the BBC licence fee to streaming services,https://petition.parliament.uk/petitions/769762,open,99,769762,2026-06-11,2026-12-11,,
Require audio recordings of supervised contact sessions in family court,https://petition.parliament.uk/petitions/769771,open,20,769771,2026-06-15,2026-12-15,,
Hold a referendum on abolishing the Scottish Parliament & Government,https://petition.parliament.uk/petitions/769805,open,1527,769805,2026-06-12,2026-12-12,,
Abolish the requirement for spousal consent from the Gender Recognition Act 2004,https://petition.parliament.uk/petitions/769817,open,28,769817,2026-06-15,2026-12-15,,
Make pet-sitting apps request an Animal Activities Licence for pet boarding,https://petition.parliament.uk/petitions/769818,open,23,769818,2026-06-17,2026-12-17,,
Ban balloon releases,https://petition.parliament.uk/petitions/769850,open,59,769850,2026-06-11,2026-12-11,,
"Review support, protection and timeframes for victims in sexual assault cases",https://petition.parliament.uk/petitions/769862,open,71,769862,2026-06-15,2026-12-15,,
Require & fund more safe housing & mental health support for released prisoners,https://petition.parliament.uk/petitions/769882,open,54,769882,2026-06-11,2026-12-11,,
"Require all alcohol in shops to be stored in a closed cabinet, like cigarettes",https://petition.parliament.uk/petitions/769888,open,39,769888,2026-06-16,2026-12-16,,
Fund more school holiday clubs for children of working parents aged 5+,https://petition.parliament.uk/petitions/769898,open,26,769898,2026-06-11,2026-12-11,,
Repeal the Online Safety Act and fund the enforcement of preexisting laws,https://petition.parliament.uk/petitions/769907,open,68,769907,2026-06-25,2026-12-25,,
Review use of plea deals in domestic violence and abuse cases,https://petition.parliament.uk/petitions/769919,open,56,769919,2026-06-15,2026-12-15,,
Review the social impact of the reduction of voluntary sector funding,https://petition.parliament.uk/petitions/769930,open,95,769930,2026-06-19,2026-12-19,,
Require parties to reimburse by-election costs caused by voluntary resignations,https://petition.parliament.uk/petitions/769943,open,47,769943,2026-06-17,2026-12-17,,
Mandate testing of women and babies for group b streptococcus,https://petition.parliament.uk/petitions/769955,open,31,769955,2026-06-11,2026-12-11,,
Fund legal aid for all SEN parents to take SEN Teams to court for loss of job,https://petition.parliament.uk/petitions/769970,open,15,769970,2026-06-15,2026-12-15,,
Make water companies statutory consultees in housing development planning,https://petition.parliament.uk/petitions/769979,open,601,769979,2026-06-11,2026-12-11,,
Ban enriched and colony cages for hens,https://petition.parliament.uk/petitions/769984,open,33,769984,2026-06-19,2026-12-19,,
Introduce mandatory licensing for professional carers in England,https://petition.parliament.uk/petitions/769986,open,22,769986,2026-06-12,2026-12-12,,
Require all diversity training in employment settings to cover ADHD,https://petition.parliament.uk/petitions/769989,open,49,769989,2026-06-15,2026-12-15,,
"Ban animal testing, require use of alternative testing and invest more in this",https://petition.parliament.uk/petitions/769993,open,49,769993,2026-06-22,2026-12-22,,
Require Rapeseed Oil to be listed as an allergen on food packaging,https://petition.parliament.uk/petitions/770007,open,21,770007,2026-06-17,2026-12-17,,
Review the requirements for permission to take children on holiday ,https://petition.parliament.uk/petitions/770009,open,12,770009,2026-06-25,2026-12-25,,
Create a SEN Commission to inspect and enforce disability support in education,https://petition.parliament.uk/petitions/770025,open,20,770025,2026-06-17,2026-12-17,,
Legally restrict charges after death by care homes & assisted living providers,https://petition.parliament.uk/petitions/770056,open,65,770056,2026-06-17,2026-12-17,,
Ensure protected wellbeing days for employees in addition to annual & sick leave,https://petition.parliament.uk/petitions/770069,open,18,770069,2026-06-17,2026-12-17,,
Require all schools to have at least 70 minutes of outdoor break time per day,https://petition.parliament.uk/petitions/770072,open,99,770072,2026-06-15,2026-12-15,,
Require criminal trial juries to provide reasons using a verdict questionnaire,https://petition.parliament.uk/petitions/770073,open,142,770073,2026-06-18,2026-12-18,,
Mandatory Device Wiping for Convicted Revenge Porn and Domestic Abuse Offenders,https://petition.parliament.uk/petitions/770086,open,60,770086,2026-06-16,2026-12-16,,
Increase allowances for foster carers to match the minimum wage,https://petition.parliament.uk/petitions/770094,open,74,770094,2026-06-12,2026-12-12,,
Amend the British Museum Act 1963 to Allow Repatriation to All Nations,https://petition.parliament.uk/petitions/770097,open,49,770097,2026-06-15,2026-12-15,,
"Make Makaton Training Mandatory In Care, Education & Extracurricular Settings",https://petition.parliament.uk/petitions/770107,open,201,770107,2026-06-15,2026-12-15,,
Automatic extension for Non- Molestation order when it is breached,https://petition.parliament.uk/petitions/770114,open,1018,770114,2026-06-15,2026-12-15,,
Make air ambulances free from fuel duty and VAT on fuel,https://petition.parliament.uk/petitions/770131,open,58,770131,2026-06-15,2026-12-15,,
Establish a Review into NHS post-operative monitoring procedures,https://petition.parliament.uk/petitions/770138,open,68,770138,2026-06-15,2026-12-15,,
Amend the Nursery Milk Scheme to fund alternatives for children with allergies,https://petition.parliament.uk/petitions/770139,open,28,770139,2026-06-15,2026-12-15,,
Formally recognise the killings of Bengali people in 1971 as genocide.,https://petition.parliament.uk/petitions/770155,open,551,770155,2026-06-24,2026-12-24,,
Review BMI Use in NHS Treatment Decisions,https://petition.parliament.uk/petitions/770169,open,80,770169,2026-06-15,2026-12-15,,
Ban hormone and endocrine disruptors from all menstrual products,https://petition.parliament.uk/petitions/770178,open,28,770178,2026-06-15,2026-12-15,,
Introduce weekend access to death certification for burials,https://petition.parliament.uk/petitions/770199,open,8728,770199,2026-06-18,2026-12-18,,
Ban on sale of disposable BBQs,https://petition.parliament.uk/petitions/770200,open,156,770200,2026-06-15,2026-12-15,,
Ban pet-owner discrimination during the tenancy application process,https://petition.parliament.uk/petitions/770201,open,22,770201,2026-06-15,2026-12-15,,
Ban animal farming for meat & dairy purposes and release animals into the wild,https://petition.parliament.uk/petitions/770204,open,36,770204,2026-06-16,2026-12-16,,
Extend legal regulation of the teaching profession to teaching assistants ,https://petition.parliament.uk/petitions/770208,open,241,770208,2026-06-15,2026-12-15,,
Amend Administration of Estates Act 1925 to include long term fostered children,https://petition.parliament.uk/petitions/770211,open,7,770211,2026-06-29,2026-12-29,,
Review regulation of animal boarding and licensing conditions,https://petition.parliament.uk/petitions/770225,open,54,770225,2026-06-19,2026-12-19,,
Ban meat and dairy advertising,https://petition.parliament.uk/petitions/770258,open,806,770258,2026-06-17,2026-12-17,,
Allow people with Coeliac Disease into the UK Armed Forces,https://petition.parliament.uk/petitions/770287,open,14,770287,2026-06-22,2026-12-22,,
Require NHS to offer base line X-rays for children born with a limb difference,https://petition.parliament.uk/petitions/770298,open,2640,770298,2026-06-16,2026-12-16,,
Make all manufactured gluten-free foods VAT-free & help reduce their cost,https://petition.parliament.uk/petitions/770300,open,1944,770300,2026-06-17,2026-12-17,,
Cut FLR(FP) waiting times for people with British children or British partners,https://petition.parliament.uk/petitions/770308,open,166,770308,2026-06-16,2026-12-16,,
Introduce a Mental Health Duty Law,https://petition.parliament.uk/petitions/770313,open,133,770313,2026-06-17,2026-12-17,,
Require those selling a property to provide a survey instead of the buyer,https://petition.parliament.uk/petitions/770314,open,19,770314,2026-06-26,2026-12-26,,
"Ban all fuel refined from Russian crude oil now, full transparency on origins",https://petition.parliament.uk/petitions/770316,open,26,770316,2026-06-26,2026-12-26,,
Launch a public inquiry into the failures of HS2,https://petition.parliament.uk/petitions/770323,open,145,770323,2026-06-17,2026-12-17,,
Ban the sale of vapes within a 1km radius of schools,https://petition.parliament.uk/petitions/770331,open,288,770331,2026-06-17,2026-12-17,,
Reverse the decision to weaken planned oil sanctions on Russia,https://petition.parliament.uk/petitions/770345,open,109,770345,2026-06-17,2026-12-17,,
Review funding for social prescribing to tackle the UK's loneliness epidemic,https://petition.parliament.uk/petitions/770350,open,36,770350,2026-06-19,2026-12-19,,
Create a legally enforceable maximum working temperature,https://petition.parliament.uk/petitions/770354,open,5309,770354,2026-06-16,2026-12-16,,
Ban smoking around bus stops (for at least 9 metres),https://petition.parliament.uk/petitions/770359,open,30,770359,2026-06-18,2026-12-18,,
"Laws relating to children must use ""must"" not ""should""",https://petition.parliament.uk/petitions/770364,open,43,770364,2026-06-17,2026-12-17,,
Reduce VAT on road fuel during the ongoing oil price uncertainty,https://petition.parliament.uk/petitions/770375,open,25,770375,2026-06-17,2026-12-17,,
Fund a dedicated family support team for all missing children cases,https://petition.parliament.uk/petitions/770392,open,402,770392,2026-06-23,2026-12-23,,
Require all secondary teachers to pass the same exams their students sit,https://petition.parliament.uk/petitions/770395,open,37,770395,2026-06-19,2026-12-19,,
Standardise NHS prescription support for coeliacs,https://petition.parliament.uk/petitions/770397,open,125,770397,2026-06-19,2026-12-19,,
"Ban carrying religious, cultural & ceremonial bladed & pointed items in public",https://petition.parliament.uk/petitions/770412,open,734,770412,2026-06-17,2026-12-17,,
Ban textual based large audience social media platforms,https://petition.parliament.uk/petitions/770414,open,11,770414,2026-06-19,2026-12-19,,
Review evictions of care home residents,https://petition.parliament.uk/petitions/770425,open,23,770425,2026-06-18,2026-12-18,,
Require the NHS to offer full body (head to toe) MRI scans for cancer patients,https://petition.parliament.uk/petitions/770430,open,94,770430,2026-06-16,2026-12-16,,
Require all retailers to follow Sunday Trading Hours during Bank Holidays,https://petition.parliament.uk/petitions/770440,open,22,770440,2026-06-19,2026-12-19,,
Review CMS Payments To Ensure Fairness For Paying Parents and Children,https://petition.parliament.uk/petitions/770444,open,41,770444,2026-06-17,2026-12-17,,
Fund the installation and maintenance of litter cameras on highways,https://petition.parliament.uk/petitions/770463,open,92,770463,2026-06-17,2026-12-17,,
Mandate timebound reasonable adjustments and introduce appeals body,https://petition.parliament.uk/petitions/770476,open,50,770476,2026-06-18,2026-12-18,,
Fund and implement A Universal Basic Income (UBI),https://petition.parliament.uk/petitions/770490,open,41,770490,2026-06-19,2026-12-19,,
Cap fares for wheelchair-accessible taxis and fund improved access,https://petition.parliament.uk/petitions/770498,open,42,770498,2026-06-18,2026-12-18,,
Make consent training mandatory at all universities,https://petition.parliament.uk/petitions/770500,open,31,770500,2026-06-22,2026-12-22,,
Mandate neuro-competence for workplace managers,https://petition.parliament.uk/petitions/770503,open,60,770503,2026-06-18,2026-12-18,,
Mandate that local authorities provide community spaces for everyone,https://petition.parliament.uk/petitions/770513,open,16,770513,2026-06-24,2026-12-24,,
Require all domestic abuse family court cases to include a Fact Finding hearing,https://petition.parliament.uk/petitions/770524,open,35,770524,2026-06-18,2026-12-18,,
Disapprove the draft Equality Act 2010 guidance laid on 21 May 2026,https://petition.parliament.uk/petitions/770527,open,16045,770527,2026-06-19,2026-12-19,,
Ban councils from having prayers as part of formal meetings,https://petition.parliament.uk/petitions/770529,open,56,770529,2026-06-19,2026-12-19,,
End the use of the term child prostitution in official documents and UK Laws,https://petition.parliament.uk/petitions/770532,open,2824,770532,2026-06-22,2026-12-22,,
Fund childcare for working parents immediately after maternity leave ends,https://petition.parliament.uk/petitions/770536,open,45,770536,2026-06-22,2026-12-22,,
Mandatory Custodial Sentence for Sexual Violence with a Weapon at any Age,https://petition.parliament.uk/petitions/770538,open,72,770538,2026-06-19,2026-12-19,,
Introduce National Driving Safety Rules for Licensed Taxi Drivers,https://petition.parliament.uk/petitions/770545,open,48,770545,2026-06-18,2026-12-18,,
"Legalise spray, tasers & airguns for self-defence & require businesses hold them",https://petition.parliament.uk/petitions/770571,open,367,770571,2026-06-19,2026-12-19,,
"Strengthen UK animal welfare laws on breeding, sales, and cruelty bans for life",https://petition.parliament.uk/petitions/770607,open,28,770607,2026-06-23,2026-12-23,,
Review Emergency Veterinary Care for Birds and Exotic Pets in the UK,https://petition.parliament.uk/petitions/770608,open,12,770608,2026-06-23,2026-12-23,,
"Review impact of scrapping LISA for disabled savers, retain equivalent option",https://petition.parliament.uk/petitions/770640,open,15,770640,2026-06-22,2026-12-22,,
Polluter levy on companies whose products make up most litter,https://petition.parliament.uk/petitions/770642,open,196,770642,2026-06-22,2026-12-22,,
Review protection for survivors of post-separation domestic abuse,https://petition.parliament.uk/petitions/770654,open,165,770654,2026-06-22,2026-12-22,,
Regulate Foot Health Practitioners to require supervision by HCPC podiatrists.,https://petition.parliament.uk/petitions/770656,open,522,770656,2026-06-19,2026-12-19,,
Require freeholders to allow fixed AC with external units in leasehold flats,https://petition.parliament.uk/petitions/770729,open,549,770729,2026-06-22,2026-12-22,,
Negotiate visa-free stays over 90 days for Britons in Spain,https://petition.parliament.uk/petitions/770754,open,5169,770754,2026-06-19,2026-12-19,,
Require outdoor venues to ban dog access in extreme hot weather,https://petition.parliament.uk/petitions/770773,open,53,770773,2026-06-22,2026-12-22,,
"Make keeping horses tethered with no shade, food or drink a specific offence",https://petition.parliament.uk/petitions/770784,open,405,770784,2026-06-25,2026-12-25,,
Conduct a review into women's confidence in Judicial handling of Rape,https://petition.parliament.uk/petitions/770790,open,72,770790,2026-06-23,2026-12-23,,
Require NHS autism diagnoses to include assessment of level of support needed,https://petition.parliament.uk/petitions/770800,open,94,770800,2026-06-22,2026-12-22,,
Increase Passenger Carrying Vehicle GVW limits to accommodate air conditioning,https://petition.parliament.uk/petitions/770810,open,56,770810,2026-06-23,2026-12-23,,
Review and refund overcharged UK Student and Child Student visa fees,https://petition.parliament.uk/petitions/770812,open,263,770812,2026-06-19,2026-12-19,,
Introduce national heatwave resilience strategy & legal protections,https://petition.parliament.uk/petitions/770813,open,434,770813,2026-06-22,2026-12-22,,
Reform UK Bail Law: Require Passport Surrender for Serious Criminal Charges,https://petition.parliament.uk/petitions/770818,open,2116,770818,2026-06-22,2026-12-22,,
Remove VAT from all children’s swimming lessons,https://petition.parliament.uk/petitions/770825,open,26,770825,2026-06-23,2026-12-23,,
Set up no catch marine reserves in 30% of the UK seas & EEZ by May 2027,https://petition.parliament.uk/petitions/770831,open,52,770831,2026-06-26,2026-12-26,,
Restore continuous hard shoulders on smart motorways ,https://petition.parliament.uk/petitions/770832,open,81,770832,2026-06-23,2026-12-23,,
Ban routine overbooking on UK flights,https://petition.parliament.uk/petitions/770853,open,25,770853,2026-06-24,2026-12-24,,
Make insurance optional for every driver in the UK,https://petition.parliament.uk/petitions/770863,open,12,770863,2026-06-22,2026-12-22,,
Review access to NHS treatment for Retrograde Cricopharyngeal Dysfunction ,https://petition.parliament.uk/petitions/770872,open,680,770872,2026-06-22,2026-12-22,,
Fund research into Post-Sepsis Syndrome to recognise its long term impact ,https://petition.parliament.uk/petitions/770876,open,55,770876,2026-06-25,2026-12-25,,
Require NHS hospitals to provide discharge support for sepsis survivors,https://petition.parliament.uk/petitions/770877,open,81,770877,2026-06-25,2026-12-25,,
Legislate to require hidden disability training in all public services,https://petition.parliament.uk/petitions/770883,open,22,770883,2026-06-26,2026-12-26,,
Fund free access to all swimming pools during a heatwave,https://petition.parliament.uk/petitions/770896,open,31,770896,2026-06-26,2026-12-26,,
Make Nut labelling more Visible on food packaging,https://petition.parliament.uk/petitions/770905,open,25,770905,2026-06-25,2026-12-25,,
Ban the playing of AI generated music in shops and commercial premises,https://petition.parliament.uk/petitions/770919,open,20,770919,2026-06-26,2026-12-26,,
Mandate availability of basic water safety equipment at all open water locations,https://petition.parliament.uk/petitions/770924,open,21,770924,2026-06-25,2026-12-25,,
Review existing laws and rules to ensure asylum seekers can access transplants,https://petition.parliament.uk/petitions/770928,open,32,770928,2026-06-26,2026-12-26,,
Require labelling of natural rubber latex used in food packaging,https://petition.parliament.uk/petitions/770929,open,133,770929,2026-06-22,2026-12-22,,
Make it the law for every town to have a lido.,https://petition.parliament.uk/petitions/770953,open,9,770953,2026-06-25,2026-12-25,,
Ban the sale and use of high-frequency and ultrasonic animal deterrents,https://petition.parliament.uk/petitions/770963,open,84,770963,2026-06-25,2026-12-25,,
Lower the State Pension age to free up jobs for young adults,https://petition.parliament.uk/petitions/770977,open,41,770977,2026-06-25,2026-12-25,,
Introduce a Statutory Right to Independent Legal Review for Bereaved Families,https://petition.parliament.uk/petitions/770988,open,100,770988,2026-06-25,2026-12-25,,
"Cap service charge on retirement village properties during resale period.
",https://petition.parliament.uk/petitions/770990,open,12,770990,2026-06-25,2026-12-25,,
Youth-only referendum on all decisions directly targeting those aged 11-18,https://petition.parliament.uk/petitions/770992,open,17,770992,2026-06-26,2026-12-26,,
Fund expansion of apprenticeships and entry level jobs,https://petition.parliament.uk/petitions/770995,open,26,770995,2026-06-25,2026-12-25,,
Require Local Authorities to Quantify EHCP Hours,https://petition.parliament.uk/petitions/770999,open,15,770999,2026-06-25,2026-12-25,,
Require HGV Parking for New-Build Industrial Estates at planning stage,https://petition.parliament.uk/petitions/771005,open,113,771005,2026-06-23,2026-12-23,,
Fund increased capacity at SEN schools,https://petition.parliament.uk/petitions/771029,open,50,771029,2026-06-25,2026-12-25,,
More funding for Lipoedema and Lymphoedema care on the NHS,https://petition.parliament.uk/petitions/771033,open,22,771033,2026-06-25,2026-12-25,,
Require warnings for social media content about open water swimming,https://petition.parliament.uk/petitions/771042,open,30,771042,2026-06-26,2026-12-26,,
Conduct a review into the treatment of white people by the police ,https://petition.parliament.uk/petitions/771043,open,179,771043,2026-06-25,2026-12-25,,
Require menus to be available in hard copy,https://petition.parliament.uk/petitions/771052,open,25,771052,2026-06-24,2026-12-24,,
Introduce Mortgage Interest Tax Relief & Help First-Time Buyers Keep Their Homes,https://petition.parliament.uk/petitions/771070,open,17,771070,2026-06-25,2026-12-25,,
Reverse application of 20% VAT to independent schools,https://petition.parliament.uk/petitions/771085,open,274,771085,2026-06-25,2026-12-25,,
Require monitoring & response within 72 hrs to children at risk due to bullying,https://petition.parliament.uk/petitions/771099,open,76,771099,2026-06-26,2026-12-26,,
Start negotiations now to Rejoin the EU,https://petition.parliament.uk/petitions/771102,open,1589,771102,2026-06-24,2026-12-24,,
Review accessibility of driving tests for people with SEN,https://petition.parliament.uk/petitions/771108,open,12,771108,2026-06-29,2026-12-29,,
Amend section 19 of the Education Act 1996 to include up to 18 year olds,https://petition.parliament.uk/petitions/771110,open,54,771110,2026-06-25,2026-12-25,,
Review digital exclusion in NHS GP practices and produce national guidelines,https://petition.parliament.uk/petitions/771117,open,196,771117,2026-06-26,2026-12-26,,
Exclude Commission & Incentive-based Pay from National Minimum Wage Calculations,https://petition.parliament.uk/petitions/771138,open,20,771138,2026-06-26,2026-12-26,,
Fund research on the symptoms of Gilbert’s Syndrome,https://petition.parliament.uk/petitions/771145,open,210,771145,2026-06-26,2026-12-26,,
Provide more funding to support GPs,https://petition.parliament.uk/petitions/771159,open,23,771159,2026-06-25,2026-12-25,,
Set Up Statutory Independent Advocates for Bereaved Families Of Homicide Victims,https://petition.parliament.uk/petitions/771166,open,95,771166,2026-06-25,2026-12-25,,
Create a legal right for families to request copies of CCTV of homicide victims ,https://petition.parliament.uk/petitions/771169,open,157,771169,2026-06-25,2026-12-25,,
"Fund awareness, care and treatment of Stiff Person Syndrome",https://petition.parliament.uk/petitions/771171,open,227,771171,2026-06-26,2026-12-26,,
Establish an independent Veterinary Ombudsman for pet owners,https://petition.parliament.uk/petitions/771177,open,60,771177,2026-06-25,2026-12-25,,
Ban the public display of drug paraphernalia in shop windows,https://petition.parliament.uk/petitions/771179,open,26,771179,2026-06-26,2026-12-26,,
Reinstate the Local defence Volunteers across the United Kingdom,https://petition.parliament.uk/petitions/771215,open,18,771215,2026-06-25,2026-12-25,,
Mandate working a/c and heating systems on all new public transport vehicles,https://petition.parliament.uk/petitions/771285,open,937,771285,2026-06-26,2026-12-26,,
Add fish-eating birds to Schedule 2.1 of the Wildlife and Countryside Act 1981,https://petition.parliament.uk/petitions/771307,open,3100,771307,2026-06-26,2026-12-26,,
"Require people who run over cats to stop and to report it, and impose fine",https://petition.parliament.uk/petitions/771354,open,30,771354,2026-06-26,2026-12-26,,
