petition_id,PCON24CD,constituency_name,signature_count
729440,E14001063,Aldershot,250
729440,E14001064,Aldridge-Brownhills,216
729440,E14001065,Altrincham and Sale West,249
729440,E14001066,Amber Valley,207
729440,E14001067,Arundel and South Downs,245
729440,E14001068,Ashfield,160
729440,E14001069,Ashford,152
729440,E14001070,Ashton-under-Lyne,127
729440,E14001071,Aylesbury,297
729440,E14001072,Banbury,304
729440,E14001073,Barking,56
729440,E14001074,Barnsley North,154
729440,E14001075,Barnsley South,90
729440,E14001076,Barrow and Furness,125
729440,E14001077,Basildon and Billericay,161
729440,E14001078,Basingstoke,290
729440,E14001079,Bassetlaw,232
729440,E14001080,Bath,229
729440,E14001081,Battersea,86
729440,E14001082,Beaconsfield,178
729440,E14001083,Beckenham and Penge,315
729440,E14001084,Bedford,167
729440,E14001085,Bermondsey and Old Southwark,73
729440,E14001086,Bethnal Green and Stepney,56
729440,E14001087,Beverley and Holderness,195
729440,E14001088,Bexhill and Battle,165
729440,E14001089,Bexleyheath and Crayford,196
729440,E14001090,Bicester and Woodstock,366
729440,E14001091,Birkenhead,158
729440,E14001092,Birmingham Edgbaston,112
729440,E14001093,Birmingham Erdington,128
729440,E14001094,Birmingham Hall Green and Moseley,106
729440,E14001095,Birmingham Hodge Hill and Solihull North,94
729440,E14001096,Birmingham Ladywood,30
729440,E14001097,Birmingham Northfield,153
729440,E14001098,Birmingham Perry Barr,43
729440,E14001099,Birmingham Selly Oak,232
729440,E14001100,Birmingham Yardley,95
729440,E14001101,Bishop Auckland,148
729440,E14001102,Blackburn,77
729440,E14001103,Blackley and Middleton South,82
729440,E14001104,Blackpool North and Fleetwood,97
729440,E14001105,Blackpool South,98
729440,E14001106,Blaydon and Consett,181
729440,E14001107,Blyth and Ashington,102
729440,E14001108,Bognor Regis and Littlehampton,175
729440,E14001109,Bolsover,172
729440,E14001110,Bolton North East,155
729440,E14001111,Bolton South and Walkden,94
729440,E14001112,Bolton West,155
729440,E14001113,Bootle,143
729440,E14001114,Boston and Skegness,127
729440,E14001115,Bournemouth East,215
729440,E14001116,Bournemouth West,157
729440,E14001117,Bracknell,251
729440,E14001118,Bradford East,119
729440,E14001119,Bradford South,142
729440,E14001120,Bradford West,67
729440,E14001121,Braintree,245
729440,E14001122,Brent East,67
729440,E14001123,Brent West,38
729440,E14001124,Brentford and Isleworth,181
729440,E14001125,Brentwood and Ongar,266
729440,E14001126,Bridgwater,135
729440,E14001127,Bridlington and The Wolds,98
729440,E14001128,Brigg and Immingham,157
729440,E14001129,Brighton Kemptown and Peacehaven,155
729440,E14001130,Brighton Pavilion,285
729440,E14001131,Bristol Central,150
729440,E14001132,Bristol East,404
729440,E14001133,Bristol North East,277
729440,E14001134,Bristol North West,236
729440,E14001135,Bristol South,258
729440,E14001136,Broadland and Fakenham,234
729440,E14001137,Bromley and Biggin Hill,193
729440,E14001138,Bromsgrove,331
729440,E14001139,Broxbourne,206
729440,E14001140,Broxtowe,186
729440,E14001141,Buckingham and Bletchley,172
729440,E14001142,Burnley,115
729440,E14001143,Burton and Uttoxeter,201
729440,E14001144,Bury North,217
729440,E14001145,Bury South,202
729440,E14001146,Bury St Edmunds and Stowmarket,262
729440,E14001147,Calder Valley,246
729440,E14001148,Camborne and Redruth,267
729440,E14001149,Cambridge,176
729440,E14001150,Cannock Chase,221
729440,E14001151,Canterbury,170
729440,E14001152,Carlisle,130
729440,E14001153,Carshalton and Wallington,169
729440,E14001154,Castle Point,148
729440,E14001155,Central Devon,239
729440,E14001156,Central Suffolk and North Ipswich,242
729440,E14001157,Chatham and Aylesford,163
729440,E14001158,Cheadle,282
729440,E14001159,Chelmsford,246
729440,E14001160,Chelsea and Fulham,64
729440,E14001161,Cheltenham,212
729440,E14001162,Chesham and Amersham,263
729440,E14001163,Chester North and Neston,196
729440,E14001164,Chester South and Eddisbury,231
729440,E14001165,Chesterfield,160
729440,E14001166,Chichester,226
729440,E14001167,Chingford and Woodford Green,239
729440,E14001168,Chippenham,265
729440,E14001169,Chipping Barnet,210
729440,E14001170,Chorley,266
729440,E14001171,Christchurch,205
729440,E14001172,Cities of London and Westminster,58
729440,E14001173,City of Durham,139
729440,E14001174,Clacton,111
729440,E14001175,Clapham and Brixton Hill,88
729440,E14001176,Colchester,243
729440,E14001177,Colne Valley,234
729440,E14001178,Congleton,234
729440,E14001179,Corby and East Northamptonshire,267
729440,E14001180,Coventry East,100
729440,E14001181,Coventry North West,240
729440,E14001182,Coventry South,190
729440,E14001183,Cramlington and Killingworth,179
729440,E14001184,Crawley,182
729440,E14001185,Crewe and Nantwich,147
729440,E14001186,Croydon East,109
729440,E14001187,Croydon South,169
729440,E14001188,Croydon West,105
729440,E14001189,Dagenham and Rainham,87
729440,E14001190,Darlington,135
729440,E14001191,Dartford,222
729440,E14001192,Daventry,326
729440,E14001193,Derby North,172
729440,E14001194,Derby South,93
729440,E14001195,Derbyshire Dales,184
729440,E14001196,Dewsbury and Batley,88
729440,E14001197,Didcot and Wantage,326
729440,E14001198,Doncaster Central,157
729440,E14001199,Doncaster East and the Isle of Axholme,138
729440,E14001200,Doncaster North,120
729440,E14001201,Dorking and Horley,265
729440,E14001202,Dover and Deal,168
729440,E14001203,Droitwich and Evesham,225
729440,E14001204,Dudley,166
729440,E14001205,Dulwich and West Norwood,187
729440,E14001206,Dunstable and Leighton Buzzard,289
729440,E14001207,Ealing Central and Acton,143
729440,E14001208,Ealing North,94
729440,E14001209,Ealing Southall,107
729440,E14001210,Earley and Woodley,185
729440,E14001211,Easington,71
729440,E14001212,East Grinstead and Uckfield,231
729440,E14001213,East Ham,45
729440,E14001214,East Hampshire,227
729440,E14001215,East Surrey,260
729440,E14001216,East Thanet,215
729440,E14001217,East Wiltshire,256
729440,E14001218,East Worthing and Shoreham,270
729440,E14001219,Eastbourne,176
729440,E14001220,Eastleigh,215
729440,E14001221,Edmonton and Winchmore Hill,107
729440,E14001222,Ellesmere Port and Bromborough,175
729440,E14001223,Eltham and Chislehurst,181
729440,E14001224,Ely and East Cambridgeshire,285
729440,E14001225,Enfield North,174
729440,E14001226,Epping Forest,198
729440,E14001227,Epsom and Ewell,301
729440,E14001228,Erewash,179
729440,E14001229,Erith and Thamesmead,126
729440,E14001230,Esher and Walton,301
729440,E14001231,Exeter,214
729440,E14001232,Exmouth and Exeter East,261
729440,E14001233,Fareham and Waterlooville,176
729440,E14001234,Farnham and Bordon,286
729440,E14001235,Faversham and Mid Kent,245
729440,E14001236,Feltham and Heston,81
729440,E14001237,Filton and Bradley Stoke,230
729440,E14001238,Finchley and Golders Green,125
729440,E14001239,Folkestone and Hythe,197
729440,E14001240,Forest of Dean,265
729440,E14001241,Frome and East Somerset,289
729440,E14001242,Fylde,141
729440,E14001243,Gainsborough,218
729440,E14001244,Gateshead Central and Whickham,133
729440,E14001245,Gedling,313
729440,E14001246,Gillingham and Rainham,168
729440,E14001247,Glastonbury and Somerton,182
729440,E14001248,Gloucester,193
729440,E14001249,Godalming and Ash,269
729440,E14001250,Goole and Pocklington,258
729440,E14001251,Gorton and Denton,135
729440,E14001252,Gosport,126
729440,E14001253,Grantham and Bourne,195
729440,E14001254,Gravesham,175
729440,E14001255,Great Grimsby and Cleethorpes,108
729440,E14001256,Great Yarmouth,120
729440,E14001257,Greenwich and Woolwich,118
729440,E14001258,Guildford,183
729440,E14001259,Hackney North and Stoke Newington,185
729440,E14001260,Hackney South and Shoreditch,119
729440,E14001261,Halesowen,190
729440,E14001262,Halifax,172
729440,E14001263,Hamble Valley,286
729440,E14001264,Hammersmith and Chiswick,86
729440,E14001265,Hampstead and Highgate,85
729440,E14001266,"Harborough, Oadby and Wigston",246
729440,E14001267,Harlow,201
729440,E14001268,Harpenden and Berkhamsted,294
729440,E14001269,Harrogate and Knaresborough,272
729440,E14001270,Harrow East,48
729440,E14001271,Harrow West,73
729440,E14001272,Hartlepool,131
729440,E14001273,Harwich and North Essex,253
729440,E14001274,Hastings and Rye,203
729440,E14001275,Havant,135
729440,E14001276,Hayes and Harlington,43
729440,E14001277,Hazel Grove,279
729440,E14001278,Hemel Hempstead,251
729440,E14001279,Hendon,72
729440,E14001280,Henley and Thame,266
729440,E14001281,Hereford and South Herefordshire,207
729440,E14001282,Herne Bay and Sandwich,152
729440,E14001283,Hertford and Stortford,369
729440,E14001284,Hertsmere,146
729440,E14001285,Hexham,162
729440,E14001286,Heywood and Middleton North,110
729440,E14001287,High Peak,161
729440,E14001288,Hinckley and Bosworth,219
729440,E14001289,Hitchin,394
729440,E14001290,Holborn and St Pancras,60
729440,E14001291,Honiton and Sidmouth,212
729440,E14001292,Hornchurch and Upminster,154
729440,E14001293,Hornsey and Friern Barnet,223
729440,E14001294,Horsham,341
729440,E14001295,Houghton and Sunderland South,118
729440,E14001296,Hove and Portslade,348
729440,E14001297,Huddersfield,110
729440,E14001298,Huntingdon,312
729440,E14001299,Hyndburn,114
729440,E14001300,Ilford North,63
729440,E14001301,Ilford South,46
729440,E14001302,Ipswich,209
729440,E14001303,Isle of Wight East,78
729440,E14001304,Isle of Wight West,121
729440,E14001305,Islington North,130
729440,E14001306,Islington South and Finsbury,101
729440,E14001307,Jarrow and Gateshead East,88
729440,E14001308,Keighley and Ilkley,170
729440,E14001309,Kenilworth and Southam,294
729440,E14001310,Kensington and Bayswater,59
729440,E14001311,Kettering,233
729440,E14001312,Kingston and Surbiton,285
729440,E14001313,Kingston upon Hull East,128
729440,E14001314,Kingston upon Hull North and Cottingham,210
729440,E14001315,Kingston upon Hull West and Haltemprice,168
729440,E14001316,Kingswinford and South Staffordshire,442
729440,E14001317,Knowsley,149
729440,E14001318,Lancaster and Wyre,170
729440,E14001319,Leeds Central and Headingley,159
729440,E14001320,Leeds East,165
729440,E14001321,Leeds North East,342
729440,E14001322,Leeds North West,356
729440,E14001323,Leeds South,68
729440,E14001324,Leeds South West and Morley,219
729440,E14001325,Leeds West and Pudsey,248
729440,E14001326,Leicester East,44
729440,E14001327,Leicester South,88
729440,E14001328,Leicester West,95
729440,E14001329,Leigh and Atherton,177
729440,E14001330,Lewes,265
729440,E14001331,Lewisham East,153
729440,E14001332,Lewisham North,133
729440,E14001333,Lewisham West and East Dulwich,210
729440,E14001334,Leyton and Wanstead,221
729440,E14001335,Lichfield,378
729440,E14001336,Lincoln,215
729440,E14001337,Liverpool Garston,240
729440,E14001338,Liverpool Riverside,117
729440,E14001339,Liverpool Walton,121
729440,E14001340,Liverpool Wavertree,219
729440,E14001341,Liverpool West Derby,170
729440,E14001342,Loughborough,256
729440,E14001343,Louth and Horncastle,147
729440,E14001344,Lowestoft,145
729440,E14001345,Luton North,96
729440,E14001346,Luton South and South Bedfordshire,90
729440,E14001347,Macclesfield,244
729440,E14001348,Maidenhead,234
729440,E14001349,Maidstone and Malling,222
729440,E14001350,Makerfield,161
729440,E14001351,Maldon,216
729440,E14001352,Manchester Central,79
729440,E14001353,Manchester Rusholme,36
729440,E14001354,Manchester Withington,177
729440,E14001355,Mansfield,169
729440,E14001356,Melksham and Devizes,211
729440,E14001357,Melton and Syston,197
729440,E14001358,Meriden and Solihull East,200
729440,E14001359,Mid Bedfordshire,295
729440,E14001360,Mid Buckinghamshire,276
729440,E14001361,Mid Cheshire,176
729440,E14001362,Mid Derbyshire,283
729440,E14001363,Mid Dorset and North Poole,256
729440,E14001364,Mid Leicestershire,251
729440,E14001365,Mid Norfolk,172
729440,E14001366,Mid Sussex,289
729440,E14001367,Middlesbrough and Thornaby East,82
729440,E14001368,Middlesbrough South and East Cleveland,129
729440,E14001369,Milton Keynes Central,139
729440,E14001370,Milton Keynes North,208
729440,E14001371,Mitcham and Morden,169
729440,E14001372,Morecambe and Lunesdale,156
729440,E14001373,New Forest East,232
729440,E14001374,New Forest West,144
729440,E14001375,Newark,242
729440,E14001376,Newbury,248
729440,E14001377,Newcastle upon Tyne Central and West,73
729440,E14001378,Newcastle upon Tyne East and Wallsend,140
729440,E14001379,Newcastle upon Tyne North,169
729440,E14001380,Newcastle-under-Lyme,155
729440,E14001381,Newton Abbot,258
729440,E14001382,Newton Aycliffe and Spennymoor,142
729440,E14001383,Normanton and Hemsworth,170
729440,E14001384,North Bedfordshire,304
729440,E14001385,North Cornwall,197
729440,E14001386,North Cotswolds,288
729440,E14001387,North Devon,148
729440,E14001388,North Dorset,223
729440,E14001389,North Durham,103
729440,E14001390,North East Cambridgeshire,166
729440,E14001391,North East Derbyshire,210
729440,E14001392,North East Hampshire,348
729440,E14001393,North East Hertfordshire,318
729440,E14001394,North East Somerset and Hanham,296
729440,E14001395,North Herefordshire,202
729440,E14001396,North Norfolk,117
729440,E14001397,North Northumberland,142
729440,E14001398,North Shropshire,162
729440,E14001399,North Somerset,325
729440,E14001400,North Warwickshire and Bedworth,174
729440,E14001401,North West Cambridgeshire,218
729440,E14001402,North West Essex,309
729440,E14001403,North West Hampshire,270
729440,E14001404,North West Leicestershire,265
729440,E14001405,North West Norfolk,131
729440,E14001406,Northampton North,204
729440,E14001407,Northampton South,209
729440,E14001408,Norwich North,173
729440,E14001409,Norwich South,139
729440,E14001410,Nottingham East,145
729440,E14001411,Nottingham North and Kimberley,128
729440,E14001412,Nottingham South,112
729440,E14001413,Nuneaton,142
729440,E14001414,Old Bexley and Sidcup,244
729440,E14001415,Oldham East and Saddleworth,165
729440,E14001416,"Oldham West, Chadderton and Royton",124
729440,E14001417,Orpington,180
729440,E14001418,Ossett and Denby Dale,215
729440,E14001419,Oxford East,165
729440,E14001420,Oxford West and Abingdon,196
729440,E14001421,Peckham,61
729440,E14001422,Pendle and Clitheroe,194
729440,E14001423,Penistone and Stocksbridge,228
729440,E14001424,Penrith and Solway,198
729440,E14001425,Peterborough,118
729440,E14001426,Plymouth Moor View,157
729440,E14001427,Plymouth Sutton and Devonport,185
729440,E14001428,"Pontefract, Castleford and Knottingley",155
729440,E14001429,Poole,194
729440,E14001430,Poplar and Limehouse,86
729440,E14001431,Portsmouth North,147
729440,E14001432,Portsmouth South,153
729440,E14001433,Preston,113
729440,E14001434,Putney,158
729440,E14001435,Queen's Park and Maida Vale,66
729440,E14001436,Rawmarsh and Conisbrough,143
729440,E14001437,Rayleigh and Wickford,208
729440,E14001438,Reading Central,154
729440,E14001439,Reading West and Mid Berkshire,222
729440,E14001440,Redcar,102
729440,E14001441,Redditch,242
729440,E14001442,Reigate,271
729440,E14001443,Ribble Valley,248
729440,E14001444,Richmond and Northallerton,145
729440,E14001445,Richmond Park,209
729440,E14001446,Rochdale,141
729440,E14001447,Rochester and Strood,186
729440,E14001448,Romford,130
729440,E14001449,Romsey and Southampton North,212
729440,E14001450,Rossendale and Darwen,208
729440,E14001451,Rother Valley,159
729440,E14001452,Rotherham,130
729440,E14001453,Rugby,224
729440,E14001454,"Ruislip, Northwood and Pinner",125
729440,E14001455,Runcorn and Helsby,149
729440,E14001456,Runnymede and Weybridge,253
729440,E14001457,Rushcliffe,293
729440,E14001458,Rutland and Stamford,193
729440,E14001459,Salford,116
729440,E14001460,Salisbury,194
729440,E14001461,Scarborough and Whitby,168
729440,E14001462,Scunthorpe,121
729440,E14001463,Sefton Central,250
729440,E14001464,Selby,278
729440,E14001465,Sevenoaks,204
729440,E14001466,Sheffield Brightside and Hillsborough,152
729440,E14001467,Sheffield Central,173
729440,E14001468,Sheffield Hallam,344
729440,E14001469,Sheffield Heeley,264
729440,E14001470,Sheffield South East,147
729440,E14001471,Sherwood Forest,247
729440,E14001472,Shipley,305
729440,E14001473,Shrewsbury,245
729440,E14001474,Sittingbourne and Sheppey,128
729440,E14001475,Skipton and Ripon,213
729440,E14001476,Sleaford and North Hykeham,223
729440,E14001477,Slough,86
729440,E14001478,Smethwick,156
729440,E14001479,Solihull West and Shirley,220
729440,E14001480,South Basildon and East Thurrock,147
729440,E14001481,South Cambridgeshire,305
729440,E14001482,South Cotswolds,219
729440,E14001483,South Derbyshire,232
729440,E14001484,South Devon,235
729440,E14001485,South Dorset,203
729440,E14001486,South East Cornwall,148
729440,E14001487,South Holland and The Deepings,138
729440,E14001488,South Leicestershire,303
729440,E14001489,South Norfolk,256
729440,E14001490,South Northamptonshire,351
729440,E14001491,South Ribble,239
729440,E14001492,South Shields,127
729440,E14001493,South Shropshire,248
729440,E14001494,South Suffolk,239
729440,E14001495,South West Devon,389
729440,E14001496,South West Hertfordshire,182
729440,E14001497,South West Norfolk,166
729440,E14001498,South West Wiltshire,234
729440,E14001499,Southampton Itchen,148
729440,E14001500,Southampton Test,117
729440,E14001501,Southend East and Rochford,145
729440,E14001502,Southend West and Leigh,224
729440,E14001503,Southgate and Wood Green,181
729440,E14001504,Southport,198
729440,E14001505,Spelthorne,200
729440,E14001506,Spen Valley,251
729440,E14001507,St Albans,218
729440,E14001508,St Austell and Newquay,183
729440,E14001509,St Helens North,189
729440,E14001510,St Helens South and Whiston,157
729440,E14001511,St Ives,224
729440,E14001512,St Neots and Mid Cambridgeshire,289
729440,E14001513,Stafford,208
729440,E14001514,Staffordshire Moorlands,153
729440,E14001515,Stalybridge and Hyde,144
729440,E14001516,Stevenage,184
729440,E14001517,Stockport,278
729440,E14001518,Stockton North,151
729440,E14001519,Stockton West,214
729440,E14001520,Stoke-on-Trent Central,91
729440,E14001521,Stoke-on-Trent North,105
729440,E14001522,Stoke-on-Trent South,104
729440,E14001523,"Stone, Great Wyrley and Penkridge",296
729440,E14001524,Stourbridge,215
729440,E14001525,Stratford and Bow,119
729440,E14001526,Stratford-on-Avon,248
729440,E14001527,Streatham and Croydon North,194
729440,E14001528,Stretford and Urmston,246
729440,E14001529,Stroud,331
729440,E14001530,Suffolk Coastal,176
729440,E14001531,Sunderland Central,113
729440,E14001532,Surrey Heath,220
729440,E14001533,Sussex Weald,266
729440,E14001534,Sutton and Cheam,181
729440,E14001535,Sutton Coldfield,222
729440,E14001536,Swindon North,276
729440,E14001537,Swindon South,188
729440,E14001538,Tamworth,222
729440,E14001539,Tatton,260
729440,E14001540,Taunton and Wellington,187
729440,E14001541,Telford,206
729440,E14001542,Tewkesbury,239
729440,E14001543,The Wrekin,261
729440,E14001544,Thirsk and Malton,173
729440,E14001545,Thornbury and Yate,283
729440,E14001546,Thurrock,107
729440,E14001547,Tipton and Wednesbury,65
729440,E14001548,Tiverton and Minehead,129
729440,E14001549,Tonbridge,236
729440,E14001550,Tooting,157
729440,E14001551,Torbay,180
729440,E14001552,Torridge and Tavistock,179
729440,E14001553,Tottenham,149
729440,E14001554,Truro and Falmouth,290
729440,E14001555,Tunbridge Wells,448
729440,E14001556,Twickenham,343
729440,E14001557,Tynemouth,250
729440,E14001558,Uxbridge and South Ruislip,139
729440,E14001559,Vauxhall and Camberwell Green,52
729440,E14001560,Wakefield and Rothwell,210
729440,E14001561,Wallasey,141
729440,E14001562,Walsall and Bloxwich,81
729440,E14001563,Walthamstow,324
729440,E14001564,Warrington North,137
729440,E14001565,Warrington South,228
729440,E14001566,Warwick and Leamington,289
729440,E14001567,Washington and Gateshead South,93
729440,E14001568,Watford,132
729440,E14001569,Waveney Valley,194
729440,E14001570,Weald of Kent,239
729440,E14001571,Wellingborough and Rushden,196
729440,E14001572,Wells and Mendip Hills,268
729440,E14001573,Welwyn Hatfield,269
729440,E14001574,West Bromwich,88
729440,E14001575,West Dorset,200
729440,E14001576,West Ham and Beckton,64
729440,E14001577,West Lancashire,226
729440,E14001578,West Suffolk,289
729440,E14001579,West Worcestershire,277
729440,E14001580,Westmorland and Lonsdale,211
729440,E14001581,Weston-super-Mare,215
729440,E14001582,Wetherby and Easingwold,261
729440,E14001583,Whitehaven and Workington,138
729440,E14001584,Widnes and Halewood,197
729440,E14001585,Wigan,172
729440,E14001586,Wimbledon,208
729440,E14001587,Winchester,276
729440,E14001588,Windsor,138
729440,E14001589,Wirral West,195
729440,E14001590,Witham,251
729440,E14001591,Witney,312
729440,E14001592,Woking,201
729440,E14001593,Wokingham,257
729440,E14001594,Wolverhampton North East,223
729440,E14001595,Wolverhampton South East,124
729440,E14001596,Wolverhampton West,251
729440,E14001597,Worcester,273
729440,E14001598,Worsley and Eccles,250
729440,E14001599,Worthing West,235
729440,E14001600,Wycombe,210
729440,E14001601,Wyre Forest,195
729440,E14001602,Wythenshawe and Sale East,212
729440,E14001603,Yeovil,209
729440,E14001604,York Central,216
729440,E14001605,York Outer,236
729440,N05000001,Belfast East,18
729440,N05000002,Belfast North,6
729440,N05000003,Belfast South and Mid Down,17
729440,N05000004,Belfast West,6
729440,N05000005,East Antrim,16
729440,N05000006,East Londonderry,13
729440,N05000007,Fermanagh and South Tyrone,9
729440,N05000008,Foyle,21
729440,N05000009,Lagan Valley,18
729440,N05000010,Mid Ulster,8
729440,N05000011,Newry and Armagh,16
729440,N05000012,North Antrim,14
729440,N05000013,North Down,17
729440,N05000014,South Antrim,14
729440,N05000015,South Down,24
729440,N05000016,Strangford,11
729440,N05000017,Upper Bann,11
729440,N05000018,West Tyrone,14
729440,S14000021,East Renfrewshire,12
729440,S14000027,Na h-Eileanan an Iar,2
729440,S14000045,Midlothian,13
729440,S14000048,North Ayrshire and Arran,5
729440,S14000051,Orkney and Shetland,1
729440,S14000060,Aberdeen North,5
729440,S14000061,Aberdeen South,10
729440,S14000062,Aberdeenshire North and Moray East,6
729440,S14000063,Airdrie and Shotts,5
729440,S14000064,Alloa and Grangemouth,3
729440,S14000065,Angus and Perthshire Glens,11
729440,S14000066,Arbroath and Broughty Ferry,11
729440,S14000067,"Argyll, Bute and South Lochaber",14
729440,S14000068,Bathgate and Linlithgow,7
729440,S14000069,"Caithness, Sutherland and Easter Ross",9
729440,S14000070,Coatbridge and Bellshill,4
729440,S14000071,Cowdenbeath and Kirkcaldy,8
729440,S14000072,Cumbernauld and Kirkintilloch,1
729440,S14000073,Dumfries and Galloway,13
729440,S14000074,"Dumfriesshire, Clydesdale and Tweeddale",12
729440,S14000075,Dundee Central,5
729440,S14000076,Dunfermline and Dollar,4
729440,S14000077,East Kilbride and Strathaven,9
729440,S14000078,Edinburgh East and Musselburgh,10
729440,S14000079,Edinburgh North and Leith,16
729440,S14000080,Edinburgh South,17
729440,S14000081,Edinburgh South West,15
729440,S14000082,Edinburgh West,12
729440,S14000083,Falkirk,2
729440,S14000084,Glasgow East,6
729440,S14000085,Glasgow North,6
729440,S14000086,Glasgow North East,3
729440,S14000087,Glasgow South,15
729440,S14000088,Glasgow South West,6
729440,S14000089,Glasgow West,8
729440,S14000090,Glenrothes and Mid Fife,10
729440,S14000091,Gordon and Buchan,6
729440,S14000092,Hamilton and Clyde Valley,10
729440,S14000093,Inverclyde and Renfrewshire West,11
729440,S14000094,"Inverness, Skye and West Ross-shire",14
729440,S14000095,Livingston,8
729440,S14000096,Lothian East,14
729440,S14000097,Mid Dunbartonshire,11
729440,S14000098,"Moray West, Nairn and Strathspey",15
729440,S14000099,"Motherwell, Wishaw and Carluke",9
729440,S14000100,North East Fife,11
729440,S14000101,Paisley and Renfrewshire North,9
729440,S14000102,Paisley and Renfrewshire South,6
729440,S14000103,Perth and Kinross-shire,10
729440,S14000104,Rutherglen,7
729440,S14000105,Stirling and Strathallan,13
729440,S14000106,West Dunbartonshire,6
729440,S14000107,"Ayr, Carrick and Cumnock",10
729440,S14000108,"Berwickshire, Roxburgh and Selkirk",14
729440,S14000109,Central Ayrshire,5
729440,S14000110,Kilmarnock and Loudoun,6
729440,S14000111,West Aberdeenshire and Kincardine,7
729440,W07000081,Aberafan Maesteg,14
729440,W07000082,Alyn and Deeside,64
729440,W07000083,Bangor Aberconwy,31
729440,W07000084,Blaenau Gwent and Rhymney,14
729440,W07000085,"Brecon, Radnor and Cwm Tawe",50
729440,W07000086,Bridgend,33
729440,W07000087,Caerfyrddin,17
729440,W07000088,Caerphilly,24
729440,W07000089,Cardiff East,30
729440,W07000090,Cardiff North,50
729440,W07000091,Cardiff South and Penarth,31
729440,W07000092,Cardiff West,43
729440,W07000093,Ceredigion Preseli,32
729440,W07000094,Clwyd East,43
729440,W07000095,Clwyd North,50
729440,W07000096,Dwyfor Meirionnydd,22
729440,W07000097,Gower,40
729440,W07000098,Llanelli,22
729440,W07000099,Merthyr Tydfil and Aberdare,26
729440,W07000100,Mid and South Pembrokeshire,35
729440,W07000101,Monmouthshire,100
729440,W07000102,Montgomeryshire and Glyndŵr,54
729440,W07000103,Neath and Swansea East,19
729440,W07000104,Newport East,37
729440,W07000105,Newport West and Islwyn,24
729440,W07000106,Pontypridd,27
729440,W07000107,Rhondda and Ogmore,8
729440,W07000108,Swansea West,21
729440,W07000109,Torfaen,25
729440,W07000110,Vale of Glamorgan,28
729440,W07000111,Wrexham,52
729440,W07000112,Ynys Môn,18
730194,E14001063,Aldershot,5187
730194,E14001064,Aldridge-Brownhills,4415
730194,E14001065,Altrincham and Sale West,3702
730194,E14001066,Amber Valley,5048
730194,E14001067,Arundel and South Downs,4660
730194,E14001068,Ashfield,5266
730194,E14001069,Ashford,5172
730194,E14001070,Ashton-under-Lyne,4905
730194,E14001071,Aylesbury,4632
730194,E14001072,Banbury,4430
730194,E14001073,Barking,3868
730194,E14001074,Barnsley North,5548
730194,E14001075,Barnsley South,5469
730194,E14001076,Barrow and Furness,5228
730194,E14001077,Basildon and Billericay,5900
730194,E14001078,Basingstoke,5048
730194,E14001079,Bassetlaw,5445
730194,E14001080,Bath,3501
730194,E14001081,Battersea,3034
730194,E14001082,Beaconsfield,3798
730194,E14001083,Beckenham and Penge,3974
730194,E14001084,Bedford,3862
730194,E14001085,Bermondsey and Old Southwark,3334
730194,E14001086,Bethnal Green and Stepney,3547
730194,E14001087,Beverley and Holderness,4790
730194,E14001088,Bexhill and Battle,4950
730194,E14001089,Bexleyheath and Crayford,4363
730194,E14001090,Bicester and Woodstock,3957
730194,E14001091,Birkenhead,5854
730194,E14001092,Birmingham Edgbaston,3293
730194,E14001093,Birmingham Erdington,4886
730194,E14001094,Birmingham Hall Green and Moseley,2939
730194,E14001095,Birmingham Hodge Hill and Solihull North,4244
730194,E14001096,Birmingham Ladywood,3237
730194,E14001097,Birmingham Northfield,5057
730194,E14001098,Birmingham Perry Barr,3163
730194,E14001099,Birmingham Selly Oak,3584
730194,E14001100,Birmingham Yardley,3767
730194,E14001101,Bishop Auckland,4817
730194,E14001102,Blackburn,4124
730194,E14001103,Blackley and Middleton South,4535
730194,E14001104,Blackpool North and Fleetwood,5542
730194,E14001105,Blackpool South,5750
730194,E14001106,Blaydon and Consett,5081
730194,E14001107,Blyth and Ashington,5406
730194,E14001108,Bognor Regis and Littlehampton,5330
730194,E14001109,Bolsover,5778
730194,E14001110,Bolton North East,5141
730194,E14001111,Bolton South and Walkden,5037
730194,E14001112,Bolton West,4900
730194,E14001113,Bootle,5300
730194,E14001114,Boston and Skegness,5501
730194,E14001115,Bournemouth East,5206
730194,E14001116,Bournemouth West,5313
730194,E14001117,Bracknell,4654
730194,E14001118,Bradford East,3946
730194,E14001119,Bradford South,4432
730194,E14001120,Bradford West,3067
730194,E14001121,Braintree,5985
730194,E14001122,Brent East,3217
730194,E14001123,Brent West,2421
730194,E14001124,Brentford and Isleworth,3344
730194,E14001125,Brentwood and Ongar,5785
730194,E14001126,Bridgwater,5328
730194,E14001127,Bridlington and The Wolds,5159
730194,E14001128,Brigg and Immingham,5455
730194,E14001129,Brighton Kemptown and Peacehaven,5106
730194,E14001130,Brighton Pavilion,5296
730194,E14001131,Bristol Central,3262
730194,E14001132,Bristol East,5150
730194,E14001133,Bristol North East,4424
730194,E14001134,Bristol North West,4172
730194,E14001135,Bristol South,5313
730194,E14001136,Broadland and Fakenham,4494
730194,E14001137,Bromley and Biggin Hill,4278
730194,E14001138,Bromsgrove,4673
730194,E14001139,Broxbourne,5429
730194,E14001140,Broxtowe,4331
730194,E14001141,Buckingham and Bletchley,4372
730194,E14001142,Burnley,6240
730194,E14001143,Burton and Uttoxeter,4880
730194,E14001144,Bury North,4714
730194,E14001145,Bury South,4522
730194,E14001146,Bury St Edmunds and Stowmarket,4757
730194,E14001147,Calder Valley,5590
730194,E14001148,Camborne and Redruth,5988
730194,E14001149,Cambridge,3224
730194,E14001150,Cannock Chase,5207
730194,E14001151,Canterbury,4176
730194,E14001152,Carlisle,5766
730194,E14001153,Carshalton and Wallington,4254
730194,E14001154,Castle Point,5745
730194,E14001155,Central Devon,5277
730194,E14001156,Central Suffolk and North Ipswich,4241
730194,E14001157,Chatham and Aylesford,5357
730194,E14001158,Cheadle,3857
730194,E14001159,Chelmsford,4819
730194,E14001160,Chelsea and Fulham,3747
730194,E14001161,Cheltenham,3972
730194,E14001162,Chesham and Amersham,3472
730194,E14001163,Chester North and Neston,4202
730194,E14001164,Chester South and Eddisbury,4369
730194,E14001165,Chesterfield,4680
730194,E14001166,Chichester,4995
730194,E14001167,Chingford and Woodford Green,4236
730194,E14001168,Chippenham,4566
730194,E14001169,Chipping Barnet,3646
730194,E14001170,Chorley,5468
730194,E14001171,Christchurch,4668
730194,E14001172,Cities of London and Westminster,4034
730194,E14001173,City of Durham,3810
730194,E14001174,Clacton,6002
730194,E14001175,Clapham and Brixton Hill,2945
730194,E14001176,Colchester,5040
730194,E14001177,Colne Valley,4537
730194,E14001178,Congleton,4791
730194,E14001179,Corby and East Northamptonshire,5660
730194,E14001180,Coventry East,4164
730194,E14001181,Coventry North West,4712
730194,E14001182,Coventry South,3699
730194,E14001183,Cramlington and Killingworth,5142
730194,E14001184,Crawley,5158
730194,E14001185,Crewe and Nantwich,5308
730194,E14001186,Croydon East,3990
730194,E14001187,Croydon South,3529
730194,E14001188,Croydon West,3267
730194,E14001189,Dagenham and Rainham,4507
730194,E14001190,Darlington,5100
730194,E14001191,Dartford,4932
730194,E14001192,Daventry,5358
730194,E14001193,Derby North,4450
730194,E14001194,Derby South,4248
730194,E14001195,Derbyshire Dales,4382
730194,E14001196,Dewsbury and Batley,3571
730194,E14001197,Didcot and Wantage,4572
730194,E14001198,Doncaster Central,5020
730194,E14001199,Doncaster East and the Isle of Axholme,5059
730194,E14001200,Doncaster North,5301
730194,E14001201,Dorking and Horley,4494
730194,E14001202,Dover and Deal,5570
730194,E14001203,Droitwich and Evesham,4416
730194,E14001204,Dudley,4716
730194,E14001205,Dulwich and West Norwood,3200
730194,E14001206,Dunstable and Leighton Buzzard,5255
730194,E14001207,Ealing Central and Acton,3764
730194,E14001208,Ealing North,3202
730194,E14001209,Ealing Southall,2592
730194,E14001210,Earley and Woodley,3322
730194,E14001211,Easington,5425
730194,E14001212,East Grinstead and Uckfield,5271
730194,E14001213,East Ham,2363
730194,E14001214,East Hampshire,4019
730194,E14001215,East Surrey,4606
730194,E14001216,East Thanet,5577
730194,E14001217,East Wiltshire,4476
730194,E14001218,East Worthing and Shoreham,5035
730194,E14001219,Eastbourne,5187
730194,E14001220,Eastleigh,4049
730194,E14001221,Edmonton and Winchmore Hill,3134
730194,E14001222,Ellesmere Port and Bromborough,5396
730194,E14001223,Eltham and Chislehurst,4755
730194,E14001224,Ely and East Cambridgeshire,4503
730194,E14001225,Enfield North,3944
730194,E14001226,Epping Forest,5690
730194,E14001227,Epsom and Ewell,3897
730194,E14001228,Erewash,5175
730194,E14001229,Erith and Thamesmead,4373
730194,E14001230,Esher and Walton,3623
730194,E14001231,Exeter,3856
730194,E14001232,Exmouth and Exeter East,4587
730194,E14001233,Fareham and Waterlooville,5386
730194,E14001234,Farnham and Bordon,4090
730194,E14001235,Faversham and Mid Kent,5218
730194,E14001236,Feltham and Heston,3281
730194,E14001237,Filton and Bradley Stoke,4317
730194,E14001238,Finchley and Golders Green,3194
730194,E14001239,Folkestone and Hythe,4939
730194,E14001240,Forest of Dean,4500
730194,E14001241,Frome and East Somerset,4496
730194,E14001242,Fylde,5174
730194,E14001243,Gainsborough,5087
730194,E14001244,Gateshead Central and Whickham,4381
730194,E14001245,Gedling,4684
730194,E14001246,Gillingham and Rainham,4904
730194,E14001247,Glastonbury and Somerton,5025
730194,E14001248,Gloucester,5028
730194,E14001249,Godalming and Ash,3931
730194,E14001250,Goole and Pocklington,5119
730194,E14001251,Gorton and Denton,4343
730194,E14001252,Gosport,5093
730194,E14001253,Grantham and Bourne,4957
730194,E14001254,Gravesham,4785
730194,E14001255,Great Grimsby and Cleethorpes,6102
730194,E14001256,Great Yarmouth,5660
730194,E14001257,Greenwich and Woolwich,3435
730194,E14001258,Guildford,3425
730194,E14001259,Hackney North and Stoke Newington,3298
730194,E14001260,Hackney South and Shoreditch,3424
730194,E14001261,Halesowen,4371
730194,E14001262,Halifax,5161
730194,E14001263,Hamble Valley,5144
730194,E14001264,Hammersmith and Chiswick,3436
730194,E14001265,Hampstead and Highgate,3133
730194,E14001266,"Harborough, Oadby and Wigston",3887
730194,E14001267,Harlow,5743
730194,E14001268,Harpenden and Berkhamsted,3411
730194,E14001269,Harrogate and Knaresborough,4192
730194,E14001270,Harrow East,2556
730194,E14001271,Harrow West,2496
730194,E14001272,Hartlepool,5986
730194,E14001273,Harwich and North Essex,4923
730194,E14001274,Hastings and Rye,6029
730194,E14001275,Havant,5215
730194,E14001276,Hayes and Harlington,2944
730194,E14001277,Hazel Grove,5033
730194,E14001278,Hemel Hempstead,5051
730194,E14001279,Hendon,3160
730194,E14001280,Henley and Thame,3794
730194,E14001281,Hereford and South Herefordshire,4851
730194,E14001282,Herne Bay and Sandwich,5348
730194,E14001283,Hertford and Stortford,4894
730194,E14001284,Hertsmere,4224
730194,E14001285,Hexham,4510
730194,E14001286,Heywood and Middleton North,5143
730194,E14001287,High Peak,5073
730194,E14001288,Hinckley and Bosworth,5246
730194,E14001289,Hitchin,4412
730194,E14001290,Holborn and St Pancras,3494
730194,E14001291,Honiton and Sidmouth,4452
730194,E14001292,Hornchurch and Upminster,5301
730194,E14001293,Hornsey and Friern Barnet,3300
730194,E14001294,Horsham,4714
730194,E14001295,Houghton and Sunderland South,6082
730194,E14001296,Hove and Portslade,4834
730194,E14001297,Huddersfield,4230
730194,E14001298,Huntingdon,4730
730194,E14001299,Hyndburn,5182
730194,E14001300,Ilford North,3006
730194,E14001301,Ilford South,2594
730194,E14001302,Ipswich,4596
730194,E14001303,Isle of Wight East,4037
730194,E14001304,Isle of Wight West,3610
730194,E14001305,Islington North,3483
730194,E14001306,Islington South and Finsbury,3920
730194,E14001307,Jarrow and Gateshead East,5316
730194,E14001308,Keighley and Ilkley,4439
730194,E14001309,Kenilworth and Southam,4073
730194,E14001310,Kensington and Bayswater,3769
730194,E14001311,Kettering,5131
730194,E14001312,Kingston and Surbiton,3708
730194,E14001313,Kingston upon Hull East,5456
730194,E14001314,Kingston upon Hull North and Cottingham,5282
730194,E14001315,Kingston upon Hull West and Haltemprice,5663
730194,E14001316,Kingswinford and South Staffordshire,4328
730194,E14001317,Knowsley,5380
730194,E14001318,Lancaster and Wyre,4287
730194,E14001319,Leeds Central and Headingley,3218
730194,E14001320,Leeds East,4621
730194,E14001321,Leeds North East,3115
730194,E14001322,Leeds North West,3805
730194,E14001323,Leeds South,4644
730194,E14001324,Leeds South West and Morley,4995
730194,E14001325,Leeds West and Pudsey,4440
730194,E14001326,Leicester East,2280
730194,E14001327,Leicester South,2988
730194,E14001328,Leicester West,4301
730194,E14001329,Leigh and Atherton,5901
730194,E14001330,Lewes,4927
730194,E14001331,Lewisham East,3843
730194,E14001332,Lewisham North,3664
730194,E14001333,Lewisham West and East Dulwich,3098
730194,E14001334,Leyton and Wanstead,3324
730194,E14001335,Lichfield,4540
730194,E14001336,Lincoln,4884
730194,E14001337,Liverpool Garston,4974
730194,E14001338,Liverpool Riverside,5139
730194,E14001339,Liverpool Walton,5496
730194,E14001340,Liverpool Wavertree,4046
730194,E14001341,Liverpool West Derby,5099
730194,E14001342,Loughborough,3942
730194,E14001343,Louth and Horncastle,5794
730194,E14001344,Lowestoft,4886
730194,E14001345,Luton North,3402
730194,E14001346,Luton South and South Bedfordshire,3551
730194,E14001347,Macclesfield,4599
730194,E14001348,Maidenhead,4094
730194,E14001349,Maidstone and Malling,5152
730194,E14001350,Makerfield,5678
730194,E14001351,Maldon,6087
730194,E14001352,Manchester Central,5139
730194,E14001353,Manchester Rusholme,2792
730194,E14001354,Manchester Withington,2908
730194,E14001355,Mansfield,5221
730194,E14001356,Melksham and Devizes,4224
730194,E14001357,Melton and Syston,4433
730194,E14001358,Meriden and Solihull East,4578
730194,E14001359,Mid Bedfordshire,4610
730194,E14001360,Mid Buckinghamshire,3922
730194,E14001361,Mid Cheshire,4854
730194,E14001362,Mid Derbyshire,4093
730194,E14001363,Mid Dorset and North Poole,4937
730194,E14001364,Mid Leicestershire,4416
730194,E14001365,Mid Norfolk,4901
730194,E14001366,Mid Sussex,4250
730194,E14001367,Middlesbrough and Thornaby East,4671
730194,E14001368,Middlesbrough South and East Cleveland,4890
730194,E14001369,Milton Keynes Central,4702
730194,E14001370,Milton Keynes North,4260
730194,E14001371,Mitcham and Morden,3698
730194,E14001372,Morecambe and Lunesdale,4985
730194,E14001373,New Forest East,4621
730194,E14001374,New Forest West,3964
730194,E14001375,Newark,5355
730194,E14001376,Newbury,3958
730194,E14001377,Newcastle upon Tyne Central and West,4797
730194,E14001378,Newcastle upon Tyne East and Wallsend,5139
730194,E14001379,Newcastle upon Tyne North,3739
730194,E14001380,Newcastle-under-Lyme,4760
730194,E14001381,Newton Abbot,5031
730194,E14001382,Newton Aycliffe and Spennymoor,5129
730194,E14001383,Normanton and Hemsworth,5878
730194,E14001384,North Bedfordshire,4876
730194,E14001385,North Cornwall,5943
730194,E14001386,North Cotswolds,4279
730194,E14001387,North Devon,5419
730194,E14001388,North Dorset,4621
730194,E14001389,North Durham,4861
730194,E14001390,North East Cambridgeshire,5303
730194,E14001391,North East Derbyshire,4563
730194,E14001392,North East Hampshire,4270
730194,E14001393,North East Hertfordshire,4881
730194,E14001394,North East Somerset and Hanham,4456
730194,E14001395,North Herefordshire,4521
730194,E14001396,North Norfolk,4303
730194,E14001397,North Northumberland,4547
730194,E14001398,North Shropshire,5293
730194,E14001399,North Somerset,3831
730194,E14001400,North Warwickshire and Bedworth,5126
730194,E14001401,North West Cambridgeshire,5165
730194,E14001402,North West Essex,5270
730194,E14001403,North West Hampshire,4933
730194,E14001404,North West Leicestershire,5229
730194,E14001405,North West Norfolk,4962
730194,E14001406,Northampton North,5050
730194,E14001407,Northampton South,4503
730194,E14001408,Norwich North,4903
730194,E14001409,Norwich South,4798
730194,E14001410,Nottingham East,3851
730194,E14001411,Nottingham North and Kimberley,4341
730194,E14001412,Nottingham South,3484
730194,E14001413,Nuneaton,4912
730194,E14001414,Old Bexley and Sidcup,4958
730194,E14001415,Oldham East and Saddleworth,4863
730194,E14001416,"Oldham West, Chadderton and Royton",4443
730194,E14001417,Orpington,4242
730194,E14001418,Ossett and Denby Dale,4714
730194,E14001419,Oxford East,3049
730194,E14001420,Oxford West and Abingdon,2797
730194,E14001421,Peckham,2935
730194,E14001422,Pendle and Clitheroe,5730
730194,E14001423,Penistone and Stocksbridge,4489
730194,E14001424,Penrith and Solway,4838
730194,E14001425,Peterborough,4450
730194,E14001426,Plymouth Moor View,5642
730194,E14001427,Plymouth Sutton and Devonport,5737
730194,E14001428,"Pontefract, Castleford and Knottingley",5550
730194,E14001429,Poole,4999
730194,E14001430,Poplar and Limehouse,4077
730194,E14001431,Portsmouth North,5432
730194,E14001432,Portsmouth South,4511
730194,E14001433,Preston,4639
730194,E14001434,Putney,3245
730194,E14001435,Queen's Park and Maida Vale,3260
730194,E14001436,Rawmarsh and Conisbrough,4860
730194,E14001437,Rayleigh and Wickford,5976
730194,E14001438,Reading Central,3518
730194,E14001439,Reading West and Mid Berkshire,3805
730194,E14001440,Redcar,5360
730194,E14001441,Redditch,5184
730194,E14001442,Reigate,4252
730194,E14001443,Ribble Valley,5092
730194,E14001444,Richmond and Northallerton,4441
730194,E14001445,Richmond Park,3175
730194,E14001446,Rochdale,4076
730194,E14001447,Rochester and Strood,5350
730194,E14001448,Romford,4961
730194,E14001449,Romsey and Southampton North,3833
730194,E14001450,Rossendale and Darwen,6317
730194,E14001451,Rother Valley,4574
730194,E14001452,Rotherham,4650
730194,E14001453,Rugby,4924
730194,E14001454,"Ruislip, Northwood and Pinner",2814
730194,E14001455,Runcorn and Helsby,5439
730194,E14001456,Runnymede and Weybridge,4242
730194,E14001457,Rushcliffe,3873
730194,E14001458,Rutland and Stamford,3893
730194,E14001459,Salford,5503
730194,E14001460,Salisbury,3946
730194,E14001461,Scarborough and Whitby,5308
730194,E14001462,Scunthorpe,4811
730194,E14001463,Sefton Central,4442
730194,E14001464,Selby,5160
730194,E14001465,Sevenoaks,4858
730194,E14001466,Sheffield Brightside and Hillsborough,4265
730194,E14001467,Sheffield Central,2519
730194,E14001468,Sheffield Hallam,2957
730194,E14001469,Sheffield Heeley,4349
730194,E14001470,Sheffield South East,4448
730194,E14001471,Sherwood Forest,5343
730194,E14001472,Shipley,4528
730194,E14001473,Shrewsbury,4905
730194,E14001474,Sittingbourne and Sheppey,5605
730194,E14001475,Skipton and Ripon,4704
730194,E14001476,Sleaford and North Hykeham,4834
730194,E14001477,Slough,3186
730194,E14001478,Smethwick,3690
730194,E14001479,Solihull West and Shirley,3724
730194,E14001480,South Basildon and East Thurrock,5743
730194,E14001481,South Cambridgeshire,3515
730194,E14001482,South Cotswolds,3801
730194,E14001483,South Derbyshire,4684
730194,E14001484,South Devon,5054
730194,E14001485,South Dorset,5191
730194,E14001486,South East Cornwall,5596
730194,E14001487,South Holland and The Deepings,5816
730194,E14001488,South Leicestershire,4858
730194,E14001489,South Norfolk,4360
730194,E14001490,South Northamptonshire,4859
730194,E14001491,South Ribble,4896
730194,E14001492,South Shields,5270
730194,E14001493,South Shropshire,4917
730194,E14001494,South Suffolk,4650
730194,E14001495,South West Devon,5072
730194,E14001496,South West Hertfordshire,4173
730194,E14001497,South West Norfolk,5508
730194,E14001498,South West Wiltshire,4954
730194,E14001499,Southampton Itchen,5330
730194,E14001500,Southampton Test,4345
730194,E14001501,Southend East and Rochford,5528
730194,E14001502,Southend West and Leigh,5581
730194,E14001503,Southgate and Wood Green,3949
730194,E14001504,Southport,5238
730194,E14001505,Spelthorne,4297
730194,E14001506,Spen Valley,4694
730194,E14001507,St Albans,3352
730194,E14001508,St Austell and Newquay,6193
730194,E14001509,St Helens North,5192
730194,E14001510,St Helens South and Whiston,5110
730194,E14001511,St Ives,5539
730194,E14001512,St Neots and Mid Cambridgeshire,4187
730194,E14001513,Stafford,4460
730194,E14001514,Staffordshire Moorlands,4729
730194,E14001515,Stalybridge and Hyde,5325
730194,E14001516,Stevenage,4888
730194,E14001517,Stockport,4942
730194,E14001518,Stockton North,4724
730194,E14001519,Stockton West,4634
730194,E14001520,Stoke-on-Trent Central,5052
730194,E14001521,Stoke-on-Trent North,5127
730194,E14001522,Stoke-on-Trent South,4479
730194,E14001523,"Stone, Great Wyrley and Penkridge",4483
730194,E14001524,Stourbridge,4314
730194,E14001525,Stratford and Bow,3454
730194,E14001526,Stratford-on-Avon,4343
730194,E14001527,Streatham and Croydon North,3391
730194,E14001528,Stretford and Urmston,4755
730194,E14001529,Stroud,4891
730194,E14001530,Suffolk Coastal,4314
730194,E14001531,Sunderland Central,5107
730194,E14001532,Surrey Heath,4130
730194,E14001533,Sussex Weald,5117
730194,E14001534,Sutton and Cheam,3528
730194,E14001535,Sutton Coldfield,4006
730194,E14001536,Swindon North,4805
730194,E14001537,Swindon South,4617
730194,E14001538,Tamworth,5870
730194,E14001539,Tatton,4338
730194,E14001540,Taunton and Wellington,4720
730194,E14001541,Telford,5710
730194,E14001542,Tewkesbury,4233
730194,E14001543,The Wrekin,5081
730194,E14001544,Thirsk and Malton,4758
730194,E14001545,Thornbury and Yate,4506
730194,E14001546,Thurrock,5394
730194,E14001547,Tipton and Wednesbury,4482
730194,E14001548,Tiverton and Minehead,4595
730194,E14001549,Tonbridge,4388
730194,E14001550,Tooting,2871
730194,E14001551,Torbay,6108
730194,E14001552,Torridge and Tavistock,5253
730194,E14001553,Tottenham,3645
730194,E14001554,Truro and Falmouth,5005
730194,E14001555,Tunbridge Wells,4407
730194,E14001556,Twickenham,3219
730194,E14001557,Tynemouth,4516
730194,E14001558,Uxbridge and South Ruislip,3984
730194,E14001559,Vauxhall and Camberwell Green,2946
730194,E14001560,Wakefield and Rothwell,5165
730194,E14001561,Wallasey,5587
730194,E14001562,Walsall and Bloxwich,4137
730194,E14001563,Walthamstow,3390
730194,E14001564,Warrington North,5381
730194,E14001565,Warrington South,5124
730194,E14001566,Warwick and Leamington,3727
730194,E14001567,Washington and Gateshead South,5261
730194,E14001568,Watford,3725
730194,E14001569,Waveney Valley,4462
730194,E14001570,Weald of Kent,4883
730194,E14001571,Wellingborough and Rushden,5173
730194,E14001572,Wells and Mendip Hills,4516
730194,E14001573,Welwyn Hatfield,4977
730194,E14001574,West Bromwich,3911
730194,E14001575,West Dorset,4171
730194,E14001576,West Ham and Beckton,3738
730194,E14001577,West Lancashire,5171
730194,E14001578,West Suffolk,5101
730194,E14001579,West Worcestershire,4629
730194,E14001580,Westmorland and Lonsdale,4296
730194,E14001581,Weston-super-Mare,5271
730194,E14001582,Wetherby and Easingwold,3759
730194,E14001583,Whitehaven and Workington,5792
730194,E14001584,Widnes and Halewood,5331
730194,E14001585,Wigan,5796
730194,E14001586,Wimbledon,2994
730194,E14001587,Winchester,3715
730194,E14001588,Windsor,3746
730194,E14001589,Wirral West,4112
730194,E14001590,Witham,5676
730194,E14001591,Witney,4293
730194,E14001592,Woking,3665
730194,E14001593,Wokingham,3591
730194,E14001594,Wolverhampton North East,4321
730194,E14001595,Wolverhampton South East,4384
730194,E14001596,Wolverhampton West,4013
730194,E14001597,Worcester,4251
730194,E14001598,Worsley and Eccles,5717
730194,E14001599,Worthing West,5116
730194,E14001600,Wycombe,3764
730194,E14001601,Wyre Forest,5469
730194,E14001602,Wythenshawe and Sale East,5121
730194,E14001603,Yeovil,5047
730194,E14001604,York Central,4148
730194,E14001605,York Outer,3723
730194,N05000001,Belfast East,4622
730194,N05000002,Belfast North,4272
730194,N05000003,Belfast South and Mid Down,2951
730194,N05000004,Belfast West,3105
730194,N05000005,East Antrim,5055
730194,N05000006,East Londonderry,3791
730194,N05000007,Fermanagh and South Tyrone,3992
730194,N05000008,Foyle,2538
730194,N05000009,Lagan Valley,4984
730194,N05000010,Mid Ulster,3290
730194,N05000011,Newry and Armagh,4025
730194,N05000012,North Antrim,4885
730194,N05000013,North Down,4744
730194,N05000014,South Antrim,4667
730194,N05000015,South Down,4503
730194,N05000016,Strangford,4388
730194,N05000017,Upper Bann,7208
730194,N05000018,West Tyrone,2660
730194,S14000021,East Renfrewshire,3032
730194,S14000027,Na h-Eileanan an Iar,1226
730194,S14000045,Midlothian,3868
730194,S14000048,North Ayrshire and Arran,4304
730194,S14000051,Orkney and Shetland,2097
730194,S14000060,Aberdeen North,4430
730194,S14000061,Aberdeen South,4344
730194,S14000062,Aberdeenshire North and Moray East,5175
730194,S14000063,Airdrie and Shotts,3917
730194,S14000064,Alloa and Grangemouth,4138
730194,S14000065,Angus and Perthshire Glens,4304
730194,S14000066,Arbroath and Broughty Ferry,4357
730194,S14000067,"Argyll, Bute and South Lochaber",4432
730194,S14000068,Bathgate and Linlithgow,3918
730194,S14000069,"Caithness, Sutherland and Easter Ross",4885
730194,S14000070,Coatbridge and Bellshill,3953
730194,S14000071,Cowdenbeath and Kirkcaldy,4157
730194,S14000072,Cumbernauld and Kirkintilloch,3745
730194,S14000073,Dumfries and Galloway,4146
730194,S14000074,"Dumfriesshire, Clydesdale and Tweeddale",3724
730194,S14000075,Dundee Central,4419
730194,S14000076,Dunfermline and Dollar,3977
730194,S14000077,East Kilbride and Strathaven,4083
730194,S14000078,Edinburgh East and Musselburgh,3981
730194,S14000079,Edinburgh North and Leith,4009
730194,S14000080,Edinburgh South,2881
730194,S14000081,Edinburgh South West,3253
730194,S14000082,Edinburgh West,3296
730194,S14000083,Falkirk,4916
730194,S14000084,Glasgow East,3910
730194,S14000085,Glasgow North,3712
730194,S14000086,Glasgow North East,4281
730194,S14000087,Glasgow South,3499
730194,S14000088,Glasgow South West,3665
730194,S14000089,Glasgow West,3610
730194,S14000090,Glenrothes and Mid Fife,4464
730194,S14000091,Gordon and Buchan,4238
730194,S14000092,Hamilton and Clyde Valley,4031
730194,S14000093,Inverclyde and Renfrewshire West,3561
730194,S14000094,"Inverness, Skye and West Ross-shire",5090
730194,S14000095,Livingston,4240
730194,S14000096,Lothian East,3608
730194,S14000097,Mid Dunbartonshire,3031
730194,S14000098,"Moray West, Nairn and Strathspey",4604
730194,S14000099,"Motherwell, Wishaw and Carluke",3717
730194,S14000100,North East Fife,3431
730194,S14000101,Paisley and Renfrewshire North,4015
730194,S14000102,Paisley and Renfrewshire South,3850
730194,S14000103,Perth and Kinross-shire,4105
730194,S14000104,Rutherglen,3687
730194,S14000105,Stirling and Strathallan,3845
730194,S14000106,West Dunbartonshire,4474
730194,S14000107,"Ayr, Carrick and Cumnock",4165
730194,S14000108,"Berwickshire, Roxburgh and Selkirk",4095
730194,S14000109,Central Ayrshire,4026
730194,S14000110,Kilmarnock and Loudoun,4404
730194,S14000111,West Aberdeenshire and Kincardine,4338
730194,W07000081,Aberafan Maesteg,4840
730194,W07000082,Alyn and Deeside,6159
730194,W07000083,Bangor Aberconwy,4664
730194,W07000084,Blaenau Gwent and Rhymney,4911
730194,W07000085,"Brecon, Radnor and Cwm Tawe",4607
730194,W07000086,Bridgend,4713
730194,W07000087,Caerfyrddin,5232
730194,W07000088,Caerphilly,5031
730194,W07000089,Cardiff East,3919
730194,W07000090,Cardiff North,3590
730194,W07000091,Cardiff South and Penarth,3612
730194,W07000092,Cardiff West,3959
730194,W07000093,Ceredigion Preseli,5507
730194,W07000094,Clwyd East,5607
730194,W07000095,Clwyd North,5502
730194,W07000096,Dwyfor Meirionnydd,4358
730194,W07000097,Gower,4991
730194,W07000098,Llanelli,5288
730194,W07000099,Merthyr Tydfil and Aberdare,4889
730194,W07000100,Mid and South Pembrokeshire,5543
730194,W07000101,Monmouthshire,4334
730194,W07000102,Montgomeryshire and Glyndŵr,5507
730194,W07000103,Neath and Swansea East,5285
730194,W07000104,Newport East,5150
730194,W07000105,Newport West and Islwyn,4845
730194,W07000106,Pontypridd,4906
730194,W07000107,Rhondda and Ogmore,5380
730194,W07000108,Swansea West,4885
730194,W07000109,Torfaen,4836
730194,W07000110,Vale of Glamorgan,4840
730194,W07000111,Wrexham,4917
730194,W07000112,Ynys Môn,3494
730605,E14001063,Aldershot,440
730605,E14001064,Aldridge-Brownhills,490
730605,E14001065,Altrincham and Sale West,375
730605,E14001066,Amber Valley,453
730605,E14001067,Arundel and South Downs,401
730605,E14001068,Ashfield,542
730605,E14001069,Ashford,504
730605,E14001070,Ashton-under-Lyne,449
730605,E14001071,Aylesbury,372
730605,E14001072,Banbury,365
730605,E14001073,Barking,196
730605,E14001074,Barnsley North,555
730605,E14001075,Barnsley South,546
730605,E14001076,Barrow and Furness,742
730605,E14001077,Basildon and Billericay,519
730605,E14001078,Basingstoke,420
730605,E14001079,Bassetlaw,624
730605,E14001080,Bath,204
730605,E14001081,Battersea,148
730605,E14001082,Beaconsfield,331
730605,E14001083,Beckenham and Penge,236
730605,E14001084,Bedford,230
730605,E14001085,Bermondsey and Old Southwark,158
730605,E14001086,Bethnal Green and Stepney,106
730605,E14001087,Beverley and Holderness,515
730605,E14001088,Bexhill and Battle,444
730605,E14001089,Bexleyheath and Crayford,385
730605,E14001090,Bicester and Woodstock,316
730605,E14001091,Birkenhead,494
730605,E14001092,Birmingham Edgbaston,239
730605,E14001093,Birmingham Erdington,405
730605,E14001094,Birmingham Hall Green and Moseley,124
730605,E14001095,Birmingham Hodge Hill and Solihull North,339
730605,E14001096,Birmingham Ladywood,106
730605,E14001097,Birmingham Northfield,393
730605,E14001098,Birmingham Perry Barr,106
730605,E14001099,Birmingham Selly Oak,260
730605,E14001100,Birmingham Yardley,263
730605,E14001101,Bishop Auckland,580
730605,E14001102,Blackburn,309
730605,E14001103,Blackley and Middleton South,406
730605,E14001104,Blackpool North and Fleetwood,680
730605,E14001105,Blackpool South,592
730605,E14001106,Blaydon and Consett,605
730605,E14001107,Blyth and Ashington,671
730605,E14001108,Bognor Regis and Littlehampton,480
730605,E14001109,Bolsover,598
730605,E14001110,Bolton North East,528
730605,E14001111,Bolton South and Walkden,429
730605,E14001112,Bolton West,512
730605,E14001113,Bootle,439
730605,E14001114,Boston and Skegness,534
730605,E14001115,Bournemouth East,457
730605,E14001116,Bournemouth West,451
730605,E14001117,Bracknell,384
730605,E14001118,Bradford East,330
730605,E14001119,Bradford South,480
730605,E14001120,Bradford West,187
730605,E14001121,Braintree,600
730605,E14001122,Brent East,92
730605,E14001123,Brent West,89
730605,E14001124,Brentford and Isleworth,202
730605,E14001125,Brentwood and Ongar,636
730605,E14001126,Bridgwater,459
730605,E14001127,Bridlington and The Wolds,598
730605,E14001128,Brigg and Immingham,549
730605,E14001129,Brighton Kemptown and Peacehaven,305
730605,E14001130,Brighton Pavilion,223
730605,E14001131,Bristol Central,101
730605,E14001132,Bristol East,266
730605,E14001133,Bristol North East,278
730605,E14001134,Bristol North West,284
730605,E14001135,Bristol South,377
730605,E14001136,Broadland and Fakenham,504
730605,E14001137,Bromley and Biggin Hill,310
730605,E14001138,Bromsgrove,441
730605,E14001139,Broxbourne,460
730605,E14001140,Broxtowe,370
730605,E14001141,Buckingham and Bletchley,381
730605,E14001142,Burnley,570
730605,E14001143,Burton and Uttoxeter,420
730605,E14001144,Bury North,501
730605,E14001145,Bury South,390
730605,E14001146,Bury St Edmunds and Stowmarket,433
730605,E14001147,Calder Valley,527
730605,E14001148,Camborne and Redruth,412
730605,E14001149,Cambridge,163
730605,E14001150,Cannock Chase,573
730605,E14001151,Canterbury,328
730605,E14001152,Carlisle,614
730605,E14001153,Carshalton and Wallington,327
730605,E14001154,Castle Point,647
730605,E14001155,Central Devon,422
730605,E14001156,Central Suffolk and North Ipswich,401
730605,E14001157,Chatham and Aylesford,439
730605,E14001158,Cheadle,375
730605,E14001159,Chelmsford,472
730605,E14001160,Chelsea and Fulham,239
730605,E14001161,Cheltenham,346
730605,E14001162,Chesham and Amersham,302
730605,E14001163,Chester North and Neston,332
730605,E14001164,Chester South and Eddisbury,370
730605,E14001165,Chesterfield,417
730605,E14001166,Chichester,459
730605,E14001167,Chingford and Woodford Green,311
730605,E14001168,Chippenham,351
730605,E14001169,Chipping Barnet,190
730605,E14001170,Chorley,525
730605,E14001171,Christchurch,464
730605,E14001172,Cities of London and Westminster,249
730605,E14001173,City of Durham,422
730605,E14001174,Clacton,648
730605,E14001175,Clapham and Brixton Hill,78
730605,E14001176,Colchester,430
730605,E14001177,Colne Valley,481
730605,E14001178,Congleton,470
730605,E14001179,Corby and East Northamptonshire,467
730605,E14001180,Coventry East,323
730605,E14001181,Coventry North West,387
730605,E14001182,Coventry South,296
730605,E14001183,Cramlington and Killingworth,567
730605,E14001184,Crawley,412
730605,E14001185,Crewe and Nantwich,521
730605,E14001186,Croydon East,238
730605,E14001187,Croydon South,257
730605,E14001188,Croydon West,117
730605,E14001189,Dagenham and Rainham,355
730605,E14001190,Darlington,520
730605,E14001191,Dartford,420
730605,E14001192,Daventry,520
730605,E14001193,Derby North,377
730605,E14001194,Derby South,348
730605,E14001195,Derbyshire Dales,397
730605,E14001196,Dewsbury and Batley,351
730605,E14001197,Didcot and Wantage,344
730605,E14001198,Doncaster Central,504
730605,E14001199,Doncaster East and the Isle of Axholme,605
730605,E14001200,Doncaster North,567
730605,E14001201,Dorking and Horley,352
730605,E14001202,Dover and Deal,489
730605,E14001203,Droitwich and Evesham,430
730605,E14001204,Dudley,398
730605,E14001205,Dulwich and West Norwood,105
730605,E14001206,Dunstable and Leighton Buzzard,409
730605,E14001207,Ealing Central and Acton,180
730605,E14001208,Ealing North,143
730605,E14001209,Ealing Southall,103
730605,E14001210,Earley and Woodley,247
730605,E14001211,Easington,619
730605,E14001212,East Grinstead and Uckfield,421
730605,E14001213,East Ham,52
730605,E14001214,East Hampshire,385
730605,E14001215,East Surrey,377
730605,E14001216,East Thanet,475
730605,E14001217,East Wiltshire,414
730605,E14001218,East Worthing and Shoreham,407
730605,E14001219,Eastbourne,410
730605,E14001220,Eastleigh,394
730605,E14001221,Edmonton and Winchmore Hill,117
730605,E14001222,Ellesmere Port and Bromborough,517
730605,E14001223,Eltham and Chislehurst,344
730605,E14001224,Ely and East Cambridgeshire,377
730605,E14001225,Enfield North,238
730605,E14001226,Epping Forest,560
730605,E14001227,Epsom and Ewell,312
730605,E14001228,Erewash,524
730605,E14001229,Erith and Thamesmead,254
730605,E14001230,Esher and Walton,285
730605,E14001231,Exeter,336
730605,E14001232,Exmouth and Exeter East,444
730605,E14001233,Fareham and Waterlooville,554
730605,E14001234,Farnham and Bordon,348
730605,E14001235,Faversham and Mid Kent,446
730605,E14001236,Feltham and Heston,186
730605,E14001237,Filton and Bradley Stoke,326
730605,E14001238,Finchley and Golders Green,142
730605,E14001239,Folkestone and Hythe,462
730605,E14001240,Forest of Dean,399
730605,E14001241,Frome and East Somerset,307
730605,E14001242,Fylde,638
730605,E14001243,Gainsborough,491
730605,E14001244,Gateshead Central and Whickham,512
730605,E14001245,Gedling,407
730605,E14001246,Gillingham and Rainham,421
730605,E14001247,Glastonbury and Somerton,388
730605,E14001248,Gloucester,344
730605,E14001249,Godalming and Ash,327
730605,E14001250,Goole and Pocklington,529
730605,E14001251,Gorton and Denton,362
730605,E14001252,Gosport,544
730605,E14001253,Grantham and Bourne,501
730605,E14001254,Gravesham,385
730605,E14001255,Great Grimsby and Cleethorpes,561
730605,E14001256,Great Yarmouth,1295
730605,E14001257,Greenwich and Woolwich,157
730605,E14001258,Guildford,263
730605,E14001259,Hackney North and Stoke Newington,75
730605,E14001260,Hackney South and Shoreditch,104
730605,E14001261,Halesowen,393
730605,E14001262,Halifax,480
730605,E14001263,Hamble Valley,500
730605,E14001264,Hammersmith and Chiswick,173
730605,E14001265,Hampstead and Highgate,152
730605,E14001266,"Harborough, Oadby and Wigston",342
730605,E14001267,Harlow,565
730605,E14001268,Harpenden and Berkhamsted,296
730605,E14001269,Harrogate and Knaresborough,414
730605,E14001270,Harrow East,132
730605,E14001271,Harrow West,121
730605,E14001272,Hartlepool,649
730605,E14001273,Harwich and North Essex,501
730605,E14001274,Hastings and Rye,426
730605,E14001275,Havant,553
730605,E14001276,Hayes and Harlington,164
730605,E14001277,Hazel Grove,547
730605,E14001278,Hemel Hempstead,396
730605,E14001279,Hendon,161
730605,E14001280,Henley and Thame,304
730605,E14001281,Hereford and South Herefordshire,399
730605,E14001282,Herne Bay and Sandwich,522
730605,E14001283,Hertford and Stortford,450
730605,E14001284,Hertsmere,332
730605,E14001285,Hexham,533
730605,E14001286,Heywood and Middleton North,731
730605,E14001287,High Peak,517
730605,E14001288,Hinckley and Bosworth,466
730605,E14001289,Hitchin,387
730605,E14001290,Holborn and St Pancras,152
730605,E14001291,Honiton and Sidmouth,379
730605,E14001292,Hornchurch and Upminster,527
730605,E14001293,Hornsey and Friern Barnet,94
730605,E14001294,Horsham,384
730605,E14001295,Houghton and Sunderland South,812
730605,E14001296,Hove and Portslade,223
730605,E14001297,Huddersfield,354
730605,E14001298,Huntingdon,433
730605,E14001299,Hyndburn,496
730605,E14001300,Ilford North,152
730605,E14001301,Ilford South,103
730605,E14001302,Ipswich,335
730605,E14001303,Isle of Wight East,389
730605,E14001304,Isle of Wight West,356
730605,E14001305,Islington North,122
730605,E14001306,Islington South and Finsbury,203
730605,E14001307,Jarrow and Gateshead East,653
730605,E14001308,Keighley and Ilkley,487
730605,E14001309,Kenilworth and Southam,394
730605,E14001310,Kensington and Bayswater,195
730605,E14001311,Kettering,450
730605,E14001312,Kingston and Surbiton,233
730605,E14001313,Kingston upon Hull East,481
730605,E14001314,Kingston upon Hull North and Cottingham,495
730605,E14001315,Kingston upon Hull West and Haltemprice,566
730605,E14001316,Kingswinford and South Staffordshire,429
730605,E14001317,Knowsley,400
730605,E14001318,Lancaster and Wyre,543
730605,E14001319,Leeds Central and Headingley,172
730605,E14001320,Leeds East,483
730605,E14001321,Leeds North East,230
730605,E14001322,Leeds North West,423
730605,E14001323,Leeds South,446
730605,E14001324,Leeds South West and Morley,623
730605,E14001325,Leeds West and Pudsey,453
730605,E14001326,Leicester East,121
730605,E14001327,Leicester South,147
730605,E14001328,Leicester West,289
730605,E14001329,Leigh and Atherton,639
730605,E14001330,Lewes,391
730605,E14001331,Lewisham East,141
730605,E14001332,Lewisham North,107
730605,E14001333,Lewisham West and East Dulwich,87
730605,E14001334,Leyton and Wanstead,140
730605,E14001335,Lichfield,461
730605,E14001336,Lincoln,443
730605,E14001337,Liverpool Garston,410
730605,E14001338,Liverpool Riverside,294
730605,E14001339,Liverpool Walton,427
730605,E14001340,Liverpool Wavertree,261
730605,E14001341,Liverpool West Derby,392
730605,E14001342,Loughborough,315
730605,E14001343,Louth and Horncastle,592
730605,E14001344,Lowestoft,609
730605,E14001345,Luton North,208
730605,E14001346,Luton South and South Bedfordshire,224
730605,E14001347,Macclesfield,362
730605,E14001348,Maidenhead,323
730605,E14001349,Maidstone and Malling,435
730605,E14001350,Makerfield,598
730605,E14001351,Maldon,609
730605,E14001352,Manchester Central,393
730605,E14001353,Manchester Rusholme,92
730605,E14001354,Manchester Withington,154
730605,E14001355,Mansfield,456
730605,E14001356,Melksham and Devizes,348
730605,E14001357,Melton and Syston,425
730605,E14001358,Meriden and Solihull East,476
730605,E14001359,Mid Bedfordshire,371
730605,E14001360,Mid Buckinghamshire,353
730605,E14001361,Mid Cheshire,483
730605,E14001362,Mid Derbyshire,424
730605,E14001363,Mid Dorset and North Poole,473
730605,E14001364,Mid Leicestershire,403
730605,E14001365,Mid Norfolk,480
730605,E14001366,Mid Sussex,346
730605,E14001367,Middlesbrough and Thornaby East,565
730605,E14001368,Middlesbrough South and East Cleveland,732
730605,E14001369,Milton Keynes Central,342
730605,E14001370,Milton Keynes North,405
730605,E14001371,Mitcham and Morden,180
730605,E14001372,Morecambe and Lunesdale,630
730605,E14001373,New Forest East,491
730605,E14001374,New Forest West,401
730605,E14001375,Newark,514
730605,E14001376,Newbury,373
730605,E14001377,Newcastle upon Tyne Central and West,633
730605,E14001378,Newcastle upon Tyne East and Wallsend,558
730605,E14001379,Newcastle upon Tyne North,405
730605,E14001380,Newcastle-under-Lyme,448
730605,E14001381,Newton Abbot,437
730605,E14001382,Newton Aycliffe and Spennymoor,602
730605,E14001383,Normanton and Hemsworth,645
730605,E14001384,North Bedfordshire,462
730605,E14001385,North Cornwall,465
730605,E14001386,North Cotswolds,347
730605,E14001387,North Devon,485
730605,E14001388,North Dorset,437
730605,E14001389,North Durham,581
730605,E14001390,North East Cambridgeshire,517
730605,E14001391,North East Derbyshire,502
730605,E14001392,North East Hampshire,431
730605,E14001393,North East Hertfordshire,446
730605,E14001394,North East Somerset and Hanham,383
730605,E14001395,North Herefordshire,420
730605,E14001396,North Norfolk,499
730605,E14001397,North Northumberland,529
730605,E14001398,North Shropshire,520
730605,E14001399,North Somerset,316
730605,E14001400,North Warwickshire and Bedworth,544
730605,E14001401,North West Cambridgeshire,476
730605,E14001402,North West Essex,565
730605,E14001403,North West Hampshire,413
730605,E14001404,North West Leicestershire,485
730605,E14001405,North West Norfolk,434
730605,E14001406,Northampton North,358
730605,E14001407,Northampton South,349
730605,E14001408,Norwich North,474
730605,E14001409,Norwich South,353
730605,E14001410,Nottingham East,179
730605,E14001411,Nottingham North and Kimberley,300
730605,E14001412,Nottingham South,263
730605,E14001413,Nuneaton,451
730605,E14001414,Old Bexley and Sidcup,417
730605,E14001415,Oldham East and Saddleworth,697
730605,E14001416,"Oldham West, Chadderton and Royton",540
730605,E14001417,Orpington,358
730605,E14001418,Ossett and Denby Dale,558
730605,E14001419,Oxford East,166
730605,E14001420,Oxford West and Abingdon,219
730605,E14001421,Peckham,92
730605,E14001422,Pendle and Clitheroe,568
730605,E14001423,Penistone and Stocksbridge,554
730605,E14001424,Penrith and Solway,497
730605,E14001425,Peterborough,315
730605,E14001426,Plymouth Moor View,549
730605,E14001427,Plymouth Sutton and Devonport,497
730605,E14001428,"Pontefract, Castleford and Knottingley",544
730605,E14001429,Poole,431
730605,E14001430,Poplar and Limehouse,206
730605,E14001431,Portsmouth North,605
730605,E14001432,Portsmouth South,403
730605,E14001433,Preston,385
730605,E14001434,Putney,194
730605,E14001435,Queen's Park and Maida Vale,116
730605,E14001436,Rawmarsh and Conisbrough,530
730605,E14001437,Rayleigh and Wickford,640
730605,E14001438,Reading Central,215
730605,E14001439,Reading West and Mid Berkshire,311
730605,E14001440,Redcar,770
730605,E14001441,Redditch,446
730605,E14001442,Reigate,379
730605,E14001443,Ribble Valley,558
730605,E14001444,Richmond and Northallerton,540
730605,E14001445,Richmond Park,211
730605,E14001446,Rochdale,772
730605,E14001447,Rochester and Strood,463
730605,E14001448,Romford,483
730605,E14001449,Romsey and Southampton North,399
730605,E14001450,Rossendale and Darwen,745
730605,E14001451,Rother Valley,579
730605,E14001452,Rotherham,510
730605,E14001453,Rugby,441
730605,E14001454,"Ruislip, Northwood and Pinner",247
730605,E14001455,Runcorn and Helsby,465
730605,E14001456,Runnymede and Weybridge,370
730605,E14001457,Rushcliffe,357
730605,E14001458,Rutland and Stamford,392
730605,E14001459,Salford,411
730605,E14001460,Salisbury,380
730605,E14001461,Scarborough and Whitby,524
730605,E14001462,Scunthorpe,496
730605,E14001463,Sefton Central,402
730605,E14001464,Selby,584
730605,E14001465,Sevenoaks,404
730605,E14001466,Sheffield Brightside and Hillsborough,355
730605,E14001467,Sheffield Central,122
730605,E14001468,Sheffield Hallam,252
730605,E14001469,Sheffield Heeley,359
730605,E14001470,Sheffield South East,429
730605,E14001471,Sherwood Forest,484
730605,E14001472,Shipley,495
730605,E14001473,Shrewsbury,404
730605,E14001474,Sittingbourne and Sheppey,491
730605,E14001475,Skipton and Ripon,525
730605,E14001476,Sleaford and North Hykeham,483
730605,E14001477,Slough,171
730605,E14001478,Smethwick,250
730605,E14001479,Solihull West and Shirley,363
730605,E14001480,South Basildon and East Thurrock,601
730605,E14001481,South Cambridgeshire,309
730605,E14001482,South Cotswolds,325
730605,E14001483,South Derbyshire,485
730605,E14001484,South Devon,413
730605,E14001485,South Dorset,497
730605,E14001486,South East Cornwall,541
730605,E14001487,South Holland and The Deepings,543
730605,E14001488,South Leicestershire,455
730605,E14001489,South Norfolk,447
730605,E14001490,South Northamptonshire,417
730605,E14001491,South Ribble,496
730605,E14001492,South Shields,618
730605,E14001493,South Shropshire,500
730605,E14001494,South Suffolk,476
730605,E14001495,South West Devon,535
730605,E14001496,South West Hertfordshire,397
730605,E14001497,South West Norfolk,573
730605,E14001498,South West Wiltshire,355
730605,E14001499,Southampton Itchen,491
730605,E14001500,Southampton Test,378
730605,E14001501,Southend East and Rochford,528
730605,E14001502,Southend West and Leigh,548
730605,E14001503,Southgate and Wood Green,144
730605,E14001504,Southport,493
730605,E14001505,Spelthorne,413
730605,E14001506,Spen Valley,655
730605,E14001507,St Albans,259
730605,E14001508,St Austell and Newquay,496
730605,E14001509,St Helens North,481
730605,E14001510,St Helens South and Whiston,410
730605,E14001511,St Ives,405
730605,E14001512,St Neots and Mid Cambridgeshire,360
730605,E14001513,Stafford,409
730605,E14001514,Staffordshire Moorlands,433
730605,E14001515,Stalybridge and Hyde,538
730605,E14001516,Stevenage,382
730605,E14001517,Stockport,402
730605,E14001518,Stockton North,536
730605,E14001519,Stockton West,653
730605,E14001520,Stoke-on-Trent Central,416
730605,E14001521,Stoke-on-Trent North,462
730605,E14001522,Stoke-on-Trent South,396
730605,E14001523,"Stone, Great Wyrley and Penkridge",484
730605,E14001524,Stourbridge,374
730605,E14001525,Stratford and Bow,104
730605,E14001526,Stratford-on-Avon,412
730605,E14001527,Streatham and Croydon North,103
730605,E14001528,Stretford and Urmston,382
730605,E14001529,Stroud,388
730605,E14001530,Suffolk Coastal,410
730605,E14001531,Sunderland Central,706
730605,E14001532,Surrey Heath,353
730605,E14001533,Sussex Weald,419
730605,E14001534,Sutton and Cheam,289
730605,E14001535,Sutton Coldfield,404
730605,E14001536,Swindon North,373
730605,E14001537,Swindon South,381
730605,E14001538,Tamworth,592
730605,E14001539,Tatton,434
730605,E14001540,Taunton and Wellington,428
730605,E14001541,Telford,472
730605,E14001542,Tewkesbury,363
730605,E14001543,The Wrekin,491
730605,E14001544,Thirsk and Malton,521
730605,E14001545,Thornbury and Yate,433
730605,E14001546,Thurrock,421
730605,E14001547,Tipton and Wednesbury,366
730605,E14001548,Tiverton and Minehead,423
730605,E14001549,Tonbridge,400
730605,E14001550,Tooting,137
730605,E14001551,Torbay,545
730605,E14001552,Torridge and Tavistock,461
730605,E14001553,Tottenham,75
730605,E14001554,Truro and Falmouth,389
730605,E14001555,Tunbridge Wells,368
730605,E14001556,Twickenham,230
730605,E14001557,Tynemouth,522
730605,E14001558,Uxbridge and South Ruislip,367
730605,E14001559,Vauxhall and Camberwell Green,105
730605,E14001560,Wakefield and Rothwell,533
730605,E14001561,Wallasey,494
730605,E14001562,Walsall and Bloxwich,329
730605,E14001563,Walthamstow,88
730605,E14001564,Warrington North,467
730605,E14001565,Warrington South,445
730605,E14001566,Warwick and Leamington,346
730605,E14001567,Washington and Gateshead South,735
730605,E14001568,Watford,270
730605,E14001569,Waveney Valley,487
730605,E14001570,Weald of Kent,456
730605,E14001571,Wellingborough and Rushden,393
730605,E14001572,Wells and Mendip Hills,319
730605,E14001573,Welwyn Hatfield,319
730605,E14001574,West Bromwich,270
730605,E14001575,West Dorset,385
730605,E14001576,West Ham and Beckton,152
730605,E14001577,West Lancashire,459
730605,E14001578,West Suffolk,501
730605,E14001579,West Worcestershire,401
730605,E14001580,Westmorland and Lonsdale,416
730605,E14001581,Weston-super-Mare,466
730605,E14001582,Wetherby and Easingwold,420
730605,E14001583,Whitehaven and Workington,734
730605,E14001584,Widnes and Halewood,522
730605,E14001585,Wigan,559
730605,E14001586,Wimbledon,167
730605,E14001587,Winchester,316
730605,E14001588,Windsor,307
730605,E14001589,Wirral West,380
730605,E14001590,Witham,533
730605,E14001591,Witney,373
730605,E14001592,Woking,292
730605,E14001593,Wokingham,293
730605,E14001594,Wolverhampton North East,340
730605,E14001595,Wolverhampton South East,343
730605,E14001596,Wolverhampton West,262
730605,E14001597,Worcester,332
730605,E14001598,Worsley and Eccles,496
730605,E14001599,Worthing West,366
730605,E14001600,Wycombe,239
730605,E14001601,Wyre Forest,500
730605,E14001602,Wythenshawe and Sale East,399
730605,E14001603,Yeovil,471
730605,E14001604,York Central,323
730605,E14001605,York Outer,335
730605,N05000001,Belfast East,414
730605,N05000002,Belfast North,327
730605,N05000003,Belfast South and Mid Down,231
730605,N05000004,Belfast West,241
730605,N05000005,East Antrim,455
730605,N05000006,East Londonderry,221
730605,N05000007,Fermanagh and South Tyrone,157
730605,N05000008,Foyle,122
730605,N05000009,Lagan Valley,339
730605,N05000010,Mid Ulster,153
730605,N05000011,Newry and Armagh,173
730605,N05000012,North Antrim,338
730605,N05000013,North Down,424
730605,N05000014,South Antrim,328
730605,N05000015,South Down,154
730605,N05000016,Strangford,346
730605,N05000017,Upper Bann,322
730605,N05000018,West Tyrone,107
730605,S14000021,East Renfrewshire,239
730605,S14000027,Na h-Eileanan an Iar,102
730605,S14000045,Midlothian,266
730605,S14000048,North Ayrshire and Arran,363
730605,S14000051,Orkney and Shetland,131
730605,S14000060,Aberdeen North,394
730605,S14000061,Aberdeen South,330
730605,S14000062,Aberdeenshire North and Moray East,448
730605,S14000063,Airdrie and Shotts,335
730605,S14000064,Alloa and Grangemouth,351
730605,S14000065,Angus and Perthshire Glens,362
730605,S14000066,Arbroath and Broughty Ferry,355
730605,S14000067,"Argyll, Bute and South Lochaber",337
730605,S14000068,Bathgate and Linlithgow,351
730605,S14000069,"Caithness, Sutherland and Easter Ross",386
730605,S14000070,Coatbridge and Bellshill,330
730605,S14000071,Cowdenbeath and Kirkcaldy,326
730605,S14000072,Cumbernauld and Kirkintilloch,335
730605,S14000073,Dumfries and Galloway,383
730605,S14000074,"Dumfriesshire, Clydesdale and Tweeddale",291
730605,S14000075,Dundee Central,293
730605,S14000076,Dunfermline and Dollar,278
730605,S14000077,East Kilbride and Strathaven,360
730605,S14000078,Edinburgh East and Musselburgh,184
730605,S14000079,Edinburgh North and Leith,205
730605,S14000080,Edinburgh South,156
730605,S14000081,Edinburgh South West,186
730605,S14000082,Edinburgh West,236
730605,S14000083,Falkirk,477
730605,S14000084,Glasgow East,306
730605,S14000085,Glasgow North,255
730605,S14000086,Glasgow North East,365
730605,S14000087,Glasgow South,221
730605,S14000088,Glasgow South West,270
730605,S14000089,Glasgow West,269
730605,S14000090,Glenrothes and Mid Fife,326
730605,S14000091,Gordon and Buchan,328
730605,S14000092,Hamilton and Clyde Valley,376
730605,S14000093,Inverclyde and Renfrewshire West,345
730605,S14000094,"Inverness, Skye and West Ross-shire",357
730605,S14000095,Livingston,350
730605,S14000096,Lothian East,258
730605,S14000097,Mid Dunbartonshire,281
730605,S14000098,"Moray West, Nairn and Strathspey",347
730605,S14000099,"Motherwell, Wishaw and Carluke",356
730605,S14000100,North East Fife,259
730605,S14000101,Paisley and Renfrewshire North,337
730605,S14000102,Paisley and Renfrewshire South,313
730605,S14000103,Perth and Kinross-shire,302
730605,S14000104,Rutherglen,330
730605,S14000105,Stirling and Strathallan,312
730605,S14000106,West Dunbartonshire,336
730605,S14000107,"Ayr, Carrick and Cumnock",370
730605,S14000108,"Berwickshire, Roxburgh and Selkirk",329
730605,S14000109,Central Ayrshire,351
730605,S14000110,Kilmarnock and Loudoun,379
730605,S14000111,West Aberdeenshire and Kincardine,332
730605,W07000081,Aberafan Maesteg,385
730605,W07000082,Alyn and Deeside,509
730605,W07000083,Bangor Aberconwy,390
730605,W07000084,Blaenau Gwent and Rhymney,557
730605,W07000085,"Brecon, Radnor and Cwm Tawe",427
730605,W07000086,Bridgend,463
730605,W07000087,Caerfyrddin,465
730605,W07000088,Caerphilly,455
730605,W07000089,Cardiff East,268
730605,W07000090,Cardiff North,296
730605,W07000091,Cardiff South and Penarth,210
730605,W07000092,Cardiff West,290
730605,W07000093,Ceredigion Preseli,378
730605,W07000094,Clwyd East,495
730605,W07000095,Clwyd North,497
730605,W07000096,Dwyfor Meirionnydd,342
730605,W07000097,Gower,448
730605,W07000098,Llanelli,489
730605,W07000099,Merthyr Tydfil and Aberdare,436
730605,W07000100,Mid and South Pembrokeshire,448
730605,W07000101,Monmouthshire,422
730605,W07000102,Montgomeryshire and Glyndŵr,455
730605,W07000103,Neath and Swansea East,464
730605,W07000104,Newport East,418
730605,W07000105,Newport West and Islwyn,466
730605,W07000106,Pontypridd,460
730605,W07000107,Rhondda and Ogmore,528
730605,W07000108,Swansea West,382
730605,W07000109,Torfaen,425
730605,W07000110,Vale of Glamorgan,447
730605,W07000111,Wrexham,411
730605,W07000112,Ynys Môn,315
732559,E14001063,Aldershot,214
732559,E14001064,Aldridge-Brownhills,328
732559,E14001065,Altrincham and Sale West,368
732559,E14001066,Amber Valley,400
732559,E14001067,Arundel and South Downs,323
732559,E14001068,Ashfield,450
732559,E14001069,Ashford,195
732559,E14001070,Ashton-under-Lyne,337
732559,E14001071,Aylesbury,330
732559,E14001072,Banbury,163
732559,E14001073,Barking,102
732559,E14001074,Barnsley North,494
732559,E14001075,Barnsley South,510
732559,E14001076,Barrow and Furness,304
732559,E14001077,Basildon and Billericay,282
732559,E14001078,Basingstoke,247
732559,E14001079,Bassetlaw,426
732559,E14001080,Bath,179
732559,E14001081,Battersea,59
732559,E14001082,Beaconsfield,425
732559,E14001083,Beckenham and Penge,180
732559,E14001084,Bedford,224
732559,E14001085,Bermondsey and Old Southwark,77
732559,E14001086,Bethnal Green and Stepney,77
732559,E14001087,Beverley and Holderness,435
732559,E14001088,Bexhill and Battle,409
732559,E14001089,Bexleyheath and Crayford,219
732559,E14001090,Bicester and Woodstock,197
732559,E14001091,Birkenhead,426
732559,E14001092,Birmingham Edgbaston,214
732559,E14001093,Birmingham Erdington,193
732559,E14001094,Birmingham Hall Green and Moseley,99
732559,E14001095,Birmingham Hodge Hill and Solihull North,175
732559,E14001096,Birmingham Ladywood,56
732559,E14001097,Birmingham Northfield,287
732559,E14001098,Birmingham Perry Barr,60
732559,E14001099,Birmingham Selly Oak,236
732559,E14001100,Birmingham Yardley,236
732559,E14001101,Bishop Auckland,335
732559,E14001102,Blackburn,214
732559,E14001103,Blackley and Middleton South,307
732559,E14001104,Blackpool North and Fleetwood,525
732559,E14001105,Blackpool South,513
732559,E14001106,Blaydon and Consett,312
732559,E14001107,Blyth and Ashington,536
732559,E14001108,Bognor Regis and Littlehampton,209
732559,E14001109,Bolsover,523
732559,E14001110,Bolton North East,493
732559,E14001111,Bolton South and Walkden,373
732559,E14001112,Bolton West,496
732559,E14001113,Bootle,490
732559,E14001114,Boston and Skegness,266
732559,E14001115,Bournemouth East,275
732559,E14001116,Bournemouth West,229
732559,E14001117,Bracknell,270
732559,E14001118,Bradford East,286
732559,E14001119,Bradford South,310
732559,E14001120,Bradford West,164
732559,E14001121,Braintree,286
732559,E14001122,Brent East,75
732559,E14001123,Brent West,100
732559,E14001124,Brentford and Isleworth,184
732559,E14001125,Brentwood and Ongar,232
732559,E14001126,Bridgwater,243
732559,E14001127,Bridlington and The Wolds,709
732559,E14001128,Brigg and Immingham,471
732559,E14001129,Brighton Kemptown and Peacehaven,241
732559,E14001130,Brighton Pavilion,210
732559,E14001131,Bristol Central,103
732559,E14001132,Bristol East,264
732559,E14001133,Bristol North East,300
732559,E14001134,Bristol North West,228
732559,E14001135,Bristol South,223
732559,E14001136,Broadland and Fakenham,287
732559,E14001137,Bromley and Biggin Hill,222
732559,E14001138,Bromsgrove,297
732559,E14001139,Broxbourne,296
732559,E14001140,Broxtowe,356
732559,E14001141,Buckingham and Bletchley,212
732559,E14001142,Burnley,374
732559,E14001143,Burton and Uttoxeter,288
732559,E14001144,Bury North,479
732559,E14001145,Bury South,514
732559,E14001146,Bury St Edmunds and Stowmarket,215
732559,E14001147,Calder Valley,466
732559,E14001148,Camborne and Redruth,224
732559,E14001149,Cambridge,86
732559,E14001150,Cannock Chase,420
732559,E14001151,Canterbury,170
732559,E14001152,Carlisle,470
732559,E14001153,Carshalton and Wallington,154
732559,E14001154,Castle Point,378
732559,E14001155,Central Devon,286
732559,E14001156,Central Suffolk and North Ipswich,219
732559,E14001157,Chatham and Aylesford,234
732559,E14001158,Cheadle,371
732559,E14001159,Chelmsford,302
732559,E14001160,Chelsea and Fulham,71
732559,E14001161,Cheltenham,271
732559,E14001162,Chesham and Amersham,263
732559,E14001163,Chester North and Neston,346
732559,E14001164,Chester South and Eddisbury,292
732559,E14001165,Chesterfield,410
732559,E14001166,Chichester,238
732559,E14001167,Chingford and Woodford Green,168
732559,E14001168,Chippenham,330
732559,E14001169,Chipping Barnet,190
732559,E14001170,Chorley,469
732559,E14001171,Christchurch,269
732559,E14001172,Cities of London and Westminster,60
732559,E14001173,City of Durham,220
732559,E14001174,Clacton,332
732559,E14001175,Clapham and Brixton Hill,81
732559,E14001176,Colchester,247
732559,E14001177,Colne Valley,328
732559,E14001178,Congleton,464
732559,E14001179,Corby and East Northamptonshire,224
732559,E14001180,Coventry East,214
732559,E14001181,Coventry North West,277
732559,E14001182,Coventry South,199
732559,E14001183,Cramlington and Killingworth,477
732559,E14001184,Crawley,268
732559,E14001185,Crewe and Nantwich,395
732559,E14001186,Croydon East,187
732559,E14001187,Croydon South,196
732559,E14001188,Croydon West,69
732559,E14001189,Dagenham and Rainham,125
732559,E14001190,Darlington,365
732559,E14001191,Dartford,257
732559,E14001192,Daventry,326
732559,E14001193,Derby North,268
732559,E14001194,Derby South,303
732559,E14001195,Derbyshire Dales,288
732559,E14001196,Dewsbury and Batley,227
732559,E14001197,Didcot and Wantage,262
732559,E14001198,Doncaster Central,370
732559,E14001199,Doncaster East and the Isle of Axholme,502
732559,E14001200,Doncaster North,368
732559,E14001201,Dorking and Horley,239
732559,E14001202,Dover and Deal,264
732559,E14001203,Droitwich and Evesham,285
732559,E14001204,Dudley,294
732559,E14001205,Dulwich and West Norwood,132
732559,E14001206,Dunstable and Leighton Buzzard,402
732559,E14001207,Ealing Central and Acton,132
732559,E14001208,Ealing North,275
732559,E14001209,Ealing Southall,122
732559,E14001210,Earley and Woodley,409
732559,E14001211,Easington,334
732559,E14001212,East Grinstead and Uckfield,293
732559,E14001213,East Ham,49
732559,E14001214,East Hampshire,230
732559,E14001215,East Surrey,334
732559,E14001216,East Thanet,209
732559,E14001217,East Wiltshire,222
732559,E14001218,East Worthing and Shoreham,341
732559,E14001219,Eastbourne,231
732559,E14001220,Eastleigh,307
732559,E14001221,Edmonton and Winchmore Hill,94
732559,E14001222,Ellesmere Port and Bromborough,455
732559,E14001223,Eltham and Chislehurst,188
732559,E14001224,Ely and East Cambridgeshire,247
732559,E14001225,Enfield North,114
732559,E14001226,Epping Forest,291
732559,E14001227,Epsom and Ewell,239
732559,E14001228,Erewash,402
732559,E14001229,Erith and Thamesmead,131
732559,E14001230,Esher and Walton,222
732559,E14001231,Exeter,206
732559,E14001232,Exmouth and Exeter East,237
732559,E14001233,Fareham and Waterlooville,418
732559,E14001234,Farnham and Bordon,293
732559,E14001235,Faversham and Mid Kent,233
732559,E14001236,Feltham and Heston,167
732559,E14001237,Filton and Bradley Stoke,297
732559,E14001238,Finchley and Golders Green,103
732559,E14001239,Folkestone and Hythe,175
732559,E14001240,Forest of Dean,285
732559,E14001241,Frome and East Somerset,353
732559,E14001242,Fylde,501
732559,E14001243,Gainsborough,375
732559,E14001244,Gateshead Central and Whickham,332
732559,E14001245,Gedling,515
732559,E14001246,Gillingham and Rainham,227
732559,E14001247,Glastonbury and Somerton,341
732559,E14001248,Gloucester,370
732559,E14001249,Godalming and Ash,200
732559,E14001250,Goole and Pocklington,531
732559,E14001251,Gorton and Denton,273
732559,E14001252,Gosport,365
732559,E14001253,Grantham and Bourne,342
732559,E14001254,Gravesham,223
732559,E14001255,Great Grimsby and Cleethorpes,454
732559,E14001256,Great Yarmouth,308
732559,E14001257,Greenwich and Woolwich,88
732559,E14001258,Guildford,248
732559,E14001259,Hackney North and Stoke Newington,142
732559,E14001260,Hackney South and Shoreditch,94
732559,E14001261,Halesowen,281
732559,E14001262,Halifax,401
732559,E14001263,Hamble Valley,336
732559,E14001264,Hammersmith and Chiswick,120
732559,E14001265,Hampstead and Highgate,122
732559,E14001266,"Harborough, Oadby and Wigston",307
732559,E14001267,Harlow,445
732559,E14001268,Harpenden and Berkhamsted,231
732559,E14001269,Harrogate and Knaresborough,354
732559,E14001270,Harrow East,126
732559,E14001271,Harrow West,163
732559,E14001272,Hartlepool,353
732559,E14001273,Harwich and North Essex,243
732559,E14001274,Hastings and Rye,423
732559,E14001275,Havant,378
732559,E14001276,Hayes and Harlington,186
732559,E14001277,Hazel Grove,475
732559,E14001278,Hemel Hempstead,293
732559,E14001279,Hendon,83
732559,E14001280,Henley and Thame,229
732559,E14001281,Hereford and South Herefordshire,193
732559,E14001282,Herne Bay and Sandwich,212
732559,E14001283,Hertford and Stortford,242
732559,E14001284,Hertsmere,246
732559,E14001285,Hexham,319
732559,E14001286,Heywood and Middleton North,640
732559,E14001287,High Peak,380
732559,E14001288,Hinckley and Bosworth,367
732559,E14001289,Hitchin,292
732559,E14001290,Holborn and St Pancras,69
732559,E14001291,Honiton and Sidmouth,197
732559,E14001292,Hornchurch and Upminster,211
732559,E14001293,Hornsey and Friern Barnet,213
732559,E14001294,Horsham,335
732559,E14001295,Houghton and Sunderland South,408
732559,E14001296,Hove and Portslade,295
732559,E14001297,Huddersfield,323
732559,E14001298,Huntingdon,255
732559,E14001299,Hyndburn,357
732559,E14001300,Ilford North,102
732559,E14001301,Ilford South,40
732559,E14001302,Ipswich,250
732559,E14001303,Isle of Wight East,225
732559,E14001304,Isle of Wight West,228
732559,E14001305,Islington North,126
732559,E14001306,Islington South and Finsbury,99
732559,E14001307,Jarrow and Gateshead East,403
732559,E14001308,Keighley and Ilkley,459
732559,E14001309,Kenilworth and Southam,212
732559,E14001310,Kensington and Bayswater,68
732559,E14001311,Kettering,300
732559,E14001312,Kingston and Surbiton,194
732559,E14001313,Kingston upon Hull East,431
732559,E14001314,Kingston upon Hull North and Cottingham,596
732559,E14001315,Kingston upon Hull West and Haltemprice,429
732559,E14001316,Kingswinford and South Staffordshire,306
732559,E14001317,Knowsley,304
732559,E14001318,Lancaster and Wyre,509
732559,E14001319,Leeds Central and Headingley,222
732559,E14001320,Leeds East,361
732559,E14001321,Leeds North East,495
732559,E14001322,Leeds North West,695
732559,E14001323,Leeds South,321
732559,E14001324,Leeds South West and Morley,549
732559,E14001325,Leeds West and Pudsey,408
732559,E14001326,Leicester East,132
732559,E14001327,Leicester South,155
732559,E14001328,Leicester West,278
732559,E14001329,Leigh and Atherton,471
732559,E14001330,Lewes,237
732559,E14001331,Lewisham East,172
732559,E14001332,Lewisham North,85
732559,E14001333,Lewisham West and East Dulwich,138
732559,E14001334,Leyton and Wanstead,233
732559,E14001335,Lichfield,299
732559,E14001336,Lincoln,352
732559,E14001337,Liverpool Garston,413
732559,E14001338,Liverpool Riverside,217
732559,E14001339,Liverpool Walton,293
732559,E14001340,Liverpool Wavertree,305
732559,E14001341,Liverpool West Derby,329
732559,E14001342,Loughborough,348
732559,E14001343,Louth and Horncastle,309
732559,E14001344,Lowestoft,454
732559,E14001345,Luton North,233
732559,E14001346,Luton South and South Bedfordshire,247
732559,E14001347,Macclesfield,377
732559,E14001348,Maidenhead,425
732559,E14001349,Maidstone and Malling,211
732559,E14001350,Makerfield,433
732559,E14001351,Maldon,549
732559,E14001352,Manchester Central,243
732559,E14001353,Manchester Rusholme,104
732559,E14001354,Manchester Withington,212
732559,E14001355,Mansfield,398
732559,E14001356,Melksham and Devizes,257
732559,E14001357,Melton and Syston,355
732559,E14001358,Meriden and Solihull East,319
732559,E14001359,Mid Bedfordshire,272
732559,E14001360,Mid Buckinghamshire,258
732559,E14001361,Mid Cheshire,390
732559,E14001362,Mid Derbyshire,343
732559,E14001363,Mid Dorset and North Poole,258
732559,E14001364,Mid Leicestershire,344
732559,E14001365,Mid Norfolk,220
732559,E14001366,Mid Sussex,571
732559,E14001367,Middlesbrough and Thornaby East,222
732559,E14001368,Middlesbrough South and East Cleveland,371
732559,E14001369,Milton Keynes Central,188
732559,E14001370,Milton Keynes North,197
732559,E14001371,Mitcham and Morden,151
732559,E14001372,Morecambe and Lunesdale,746
732559,E14001373,New Forest East,342
732559,E14001374,New Forest West,235
732559,E14001375,Newark,447
732559,E14001376,Newbury,239
732559,E14001377,Newcastle upon Tyne Central and West,380
732559,E14001378,Newcastle upon Tyne East and Wallsend,607
732559,E14001379,Newcastle upon Tyne North,375
732559,E14001380,Newcastle-under-Lyme,320
732559,E14001381,Newton Abbot,271
732559,E14001382,Newton Aycliffe and Spennymoor,334
732559,E14001383,Normanton and Hemsworth,488
732559,E14001384,North Bedfordshire,339
732559,E14001385,North Cornwall,173
732559,E14001386,North Cotswolds,266
732559,E14001387,North Devon,236
732559,E14001388,North Dorset,221
732559,E14001389,North Durham,376
732559,E14001390,North East Cambridgeshire,247
732559,E14001391,North East Derbyshire,431
732559,E14001392,North East Hampshire,230
732559,E14001393,North East Hertfordshire,261
732559,E14001394,North East Somerset and Hanham,305
732559,E14001395,North Herefordshire,221
732559,E14001396,North Norfolk,215
732559,E14001397,North Northumberland,283
732559,E14001398,North Shropshire,241
732559,E14001399,North Somerset,235
732559,E14001400,North Warwickshire and Bedworth,341
732559,E14001401,North West Cambridgeshire,285
732559,E14001402,North West Essex,325
732559,E14001403,North West Hampshire,262
732559,E14001404,North West Leicestershire,326
732559,E14001405,North West Norfolk,252
732559,E14001406,Northampton North,232
732559,E14001407,Northampton South,294
732559,E14001408,Norwich North,297
732559,E14001409,Norwich South,257
732559,E14001410,Nottingham East,276
732559,E14001411,Nottingham North and Kimberley,422
732559,E14001412,Nottingham South,249
732559,E14001413,Nuneaton,284
732559,E14001414,Old Bexley and Sidcup,245
732559,E14001415,Oldham East and Saddleworth,356
732559,E14001416,"Oldham West, Chadderton and Royton",323
732559,E14001417,Orpington,247
732559,E14001418,Ossett and Denby Dale,348
732559,E14001419,Oxford East,106
732559,E14001420,Oxford West and Abingdon,165
732559,E14001421,Peckham,55
732559,E14001422,Pendle and Clitheroe,438
732559,E14001423,Penistone and Stocksbridge,367
732559,E14001424,Penrith and Solway,404
732559,E14001425,Peterborough,230
732559,E14001426,Plymouth Moor View,525
732559,E14001427,Plymouth Sutton and Devonport,420
732559,E14001428,"Pontefract, Castleford and Knottingley",543
732559,E14001429,Poole,202
732559,E14001430,Poplar and Limehouse,135
732559,E14001431,Portsmouth North,331
732559,E14001432,Portsmouth South,228
732559,E14001433,Preston,444
732559,E14001434,Putney,97
732559,E14001435,Queen's Park and Maida Vale,48
732559,E14001436,Rawmarsh and Conisbrough,389
732559,E14001437,Rayleigh and Wickford,411
732559,E14001438,Reading Central,212
732559,E14001439,Reading West and Mid Berkshire,251
732559,E14001440,Redcar,356
732559,E14001441,Redditch,286
732559,E14001442,Reigate,216
732559,E14001443,Ribble Valley,397
732559,E14001444,Richmond and Northallerton,251
732559,E14001445,Richmond Park,165
732559,E14001446,Rochdale,809
732559,E14001447,Rochester and Strood,225
732559,E14001448,Romford,191
732559,E14001449,Romsey and Southampton North,292
732559,E14001450,Rossendale and Darwen,535
732559,E14001451,Rother Valley,470
732559,E14001452,Rotherham,383
732559,E14001453,Rugby,284
732559,E14001454,"Ruislip, Northwood and Pinner",212
732559,E14001455,Runcorn and Helsby,430
732559,E14001456,Runnymede and Weybridge,245
732559,E14001457,Rushcliffe,334
732559,E14001458,Rutland and Stamford,187
732559,E14001459,Salford,336
732559,E14001460,Salisbury,187
732559,E14001461,Scarborough and Whitby,864
732559,E14001462,Scunthorpe,503
732559,E14001463,Sefton Central,556
732559,E14001464,Selby,507
732559,E14001465,Sevenoaks,310
732559,E14001466,Sheffield Brightside and Hillsborough,363
732559,E14001467,Sheffield Central,189
732559,E14001468,Sheffield Hallam,259
732559,E14001469,Sheffield Heeley,347
732559,E14001470,Sheffield South East,414
732559,E14001471,Sherwood Forest,629
732559,E14001472,Shipley,505
732559,E14001473,Shrewsbury,229
732559,E14001474,Sittingbourne and Sheppey,252
732559,E14001475,Skipton and Ripon,356
732559,E14001476,Sleaford and North Hykeham,285
732559,E14001477,Slough,418
732559,E14001478,Smethwick,270
732559,E14001479,Solihull West and Shirley,245
732559,E14001480,South Basildon and East Thurrock,356
732559,E14001481,South Cambridgeshire,185
732559,E14001482,South Cotswolds,179
732559,E14001483,South Derbyshire,307
732559,E14001484,South Devon,234
732559,E14001485,South Dorset,218
732559,E14001486,South East Cornwall,252
732559,E14001487,South Holland and The Deepings,658
732559,E14001488,South Leicestershire,359
732559,E14001489,South Norfolk,252
732559,E14001490,South Northamptonshire,228
732559,E14001491,South Ribble,411
732559,E14001492,South Shields,441
732559,E14001493,South Shropshire,201
732559,E14001494,South Suffolk,231
732559,E14001495,South West Devon,453
732559,E14001496,South West Hertfordshire,277
732559,E14001497,South West Norfolk,229
732559,E14001498,South West Wiltshire,325
732559,E14001499,Southampton Itchen,245
732559,E14001500,Southampton Test,238
732559,E14001501,Southend East and Rochford,305
732559,E14001502,Southend West and Leigh,382
732559,E14001503,Southgate and Wood Green,178
732559,E14001504,Southport,401
732559,E14001505,Spelthorne,249
732559,E14001506,Spen Valley,425
732559,E14001507,St Albans,264
732559,E14001508,St Austell and Newquay,207
732559,E14001509,St Helens North,451
732559,E14001510,St Helens South and Whiston,311
732559,E14001511,St Ives,195
732559,E14001512,St Neots and Mid Cambridgeshire,241
732559,E14001513,Stafford,354
732559,E14001514,Staffordshire Moorlands,303
732559,E14001515,Stalybridge and Hyde,468
732559,E14001516,Stevenage,237
732559,E14001517,Stockport,421
732559,E14001518,Stockton North,325
732559,E14001519,Stockton West,348
732559,E14001520,Stoke-on-Trent Central,370
732559,E14001521,Stoke-on-Trent North,425
732559,E14001522,Stoke-on-Trent South,346
732559,E14001523,"Stone, Great Wyrley and Penkridge",338
732559,E14001524,Stourbridge,284
732559,E14001525,Stratford and Bow,119
732559,E14001526,Stratford-on-Avon,212
732559,E14001527,Streatham and Croydon North,90
732559,E14001528,Stretford and Urmston,364
732559,E14001529,Stroud,220
732559,E14001530,Suffolk Coastal,204
732559,E14001531,Sunderland Central,376
732559,E14001532,Surrey Heath,269
732559,E14001533,Sussex Weald,247
732559,E14001534,Sutton and Cheam,155
732559,E14001535,Sutton Coldfield,256
732559,E14001536,Swindon North,333
732559,E14001537,Swindon South,284
732559,E14001538,Tamworth,309
732559,E14001539,Tatton,362
732559,E14001540,Taunton and Wellington,256
732559,E14001541,Telford,305
732559,E14001542,Tewkesbury,415
732559,E14001543,The Wrekin,292
732559,E14001544,Thirsk and Malton,378
732559,E14001545,Thornbury and Yate,362
732559,E14001546,Thurrock,230
732559,E14001547,Tipton and Wednesbury,263
732559,E14001548,Tiverton and Minehead,217
732559,E14001549,Tonbridge,249
732559,E14001550,Tooting,99
732559,E14001551,Torbay,294
732559,E14001552,Torridge and Tavistock,213
732559,E14001553,Tottenham,74
732559,E14001554,Truro and Falmouth,152
732559,E14001555,Tunbridge Wells,299
732559,E14001556,Twickenham,223
732559,E14001557,Tynemouth,524
732559,E14001558,Uxbridge and South Ruislip,270
732559,E14001559,Vauxhall and Camberwell Green,69
732559,E14001560,Wakefield and Rothwell,481
732559,E14001561,Wallasey,453
732559,E14001562,Walsall and Bloxwich,182
732559,E14001563,Walthamstow,191
732559,E14001564,Warrington North,323
732559,E14001565,Warrington South,421
732559,E14001566,Warwick and Leamington,229
732559,E14001567,Washington and Gateshead South,383
732559,E14001568,Watford,227
732559,E14001569,Waveney Valley,241
732559,E14001570,Weald of Kent,285
732559,E14001571,Wellingborough and Rushden,285
732559,E14001572,Wells and Mendip Hills,281
732559,E14001573,Welwyn Hatfield,311
732559,E14001574,West Bromwich,209
732559,E14001575,West Dorset,228
732559,E14001576,West Ham and Beckton,79
732559,E14001577,West Lancashire,447
732559,E14001578,West Suffolk,248
732559,E14001579,West Worcestershire,244
732559,E14001580,Westmorland and Lonsdale,304
732559,E14001581,Weston-super-Mare,287
732559,E14001582,Wetherby and Easingwold,324
732559,E14001583,Whitehaven and Workington,587
732559,E14001584,Widnes and Halewood,370
732559,E14001585,Wigan,365
732559,E14001586,Wimbledon,182
732559,E14001587,Winchester,206
732559,E14001588,Windsor,393
732559,E14001589,Wirral West,450
732559,E14001590,Witham,370
732559,E14001591,Witney,237
732559,E14001592,Woking,209
732559,E14001593,Wokingham,400
732559,E14001594,Wolverhampton North East,270
732559,E14001595,Wolverhampton South East,218
732559,E14001596,Wolverhampton West,264
732559,E14001597,Worcester,246
732559,E14001598,Worsley and Eccles,397
732559,E14001599,Worthing West,271
732559,E14001600,Wycombe,223
732559,E14001601,Wyre Forest,348
732559,E14001602,Wythenshawe and Sale East,383
732559,E14001603,Yeovil,290
732559,E14001604,York Central,345
732559,E14001605,York Outer,407
732559,N05000001,Belfast East,46
732559,N05000002,Belfast North,43
732559,N05000003,Belfast South and Mid Down,39
732559,N05000004,Belfast West,32
732559,N05000005,East Antrim,62
732559,N05000006,East Londonderry,26
732559,N05000007,Fermanagh and South Tyrone,34
732559,N05000008,Foyle,21
732559,N05000009,Lagan Valley,54
732559,N05000010,Mid Ulster,27
732559,N05000011,Newry and Armagh,41
732559,N05000012,North Antrim,51
732559,N05000013,North Down,54
732559,N05000014,South Antrim,50
732559,N05000015,South Down,64
732559,N05000016,Strangford,76
732559,N05000017,Upper Bann,41
732559,N05000018,West Tyrone,21
732559,S14000021,East Renfrewshire,247
732559,S14000027,Na h-Eileanan an Iar,23
732559,S14000045,Midlothian,254
732559,S14000048,North Ayrshire and Arran,174
732559,S14000051,Orkney and Shetland,42
732559,S14000060,Aberdeen North,238
732559,S14000061,Aberdeen South,257
732559,S14000062,Aberdeenshire North and Moray East,154
732559,S14000063,Airdrie and Shotts,180
732559,S14000064,Alloa and Grangemouth,218
732559,S14000065,Angus and Perthshire Glens,252
732559,S14000066,Arbroath and Broughty Ferry,256
732559,S14000067,"Argyll, Bute and South Lochaber",187
732559,S14000068,Bathgate and Linlithgow,196
732559,S14000069,"Caithness, Sutherland and Easter Ross",113
732559,S14000070,Coatbridge and Bellshill,207
732559,S14000071,Cowdenbeath and Kirkcaldy,247
732559,S14000072,Cumbernauld and Kirkintilloch,237
732559,S14000073,Dumfries and Galloway,167
732559,S14000074,"Dumfriesshire, Clydesdale and Tweeddale",214
732559,S14000075,Dundee Central,245
732559,S14000076,Dunfermline and Dollar,216
732559,S14000077,East Kilbride and Strathaven,290
732559,S14000078,Edinburgh East and Musselburgh,157
732559,S14000079,Edinburgh North and Leith,117
732559,S14000080,Edinburgh South,125
732559,S14000081,Edinburgh South West,95
732559,S14000082,Edinburgh West,183
732559,S14000083,Falkirk,183
732559,S14000084,Glasgow East,225
732559,S14000085,Glasgow North,186
732559,S14000086,Glasgow North East,188
732559,S14000087,Glasgow South,283
732559,S14000088,Glasgow South West,217
732559,S14000089,Glasgow West,246
732559,S14000090,Glenrothes and Mid Fife,258
732559,S14000091,Gordon and Buchan,171
732559,S14000092,Hamilton and Clyde Valley,242
732559,S14000093,Inverclyde and Renfrewshire West,162
732559,S14000094,"Inverness, Skye and West Ross-shire",158
732559,S14000095,Livingston,252
732559,S14000096,Lothian East,206
732559,S14000097,Mid Dunbartonshire,349
732559,S14000098,"Moray West, Nairn and Strathspey",151
732559,S14000099,"Motherwell, Wishaw and Carluke",205
732559,S14000100,North East Fife,162
732559,S14000101,Paisley and Renfrewshire North,295
732559,S14000102,Paisley and Renfrewshire South,283
732559,S14000103,Perth and Kinross-shire,389
732559,S14000104,Rutherglen,245
732559,S14000105,Stirling and Strathallan,152
732559,S14000106,West Dunbartonshire,432
732559,S14000107,"Ayr, Carrick and Cumnock",217
732559,S14000108,"Berwickshire, Roxburgh and Selkirk",151
732559,S14000109,Central Ayrshire,160
732559,S14000110,Kilmarnock and Loudoun,193
732559,S14000111,West Aberdeenshire and Kincardine,228
732559,W07000081,Aberafan Maesteg,390
732559,W07000082,Alyn and Deeside,435
732559,W07000083,Bangor Aberconwy,337
732559,W07000084,Blaenau Gwent and Rhymney,374
732559,W07000085,"Brecon, Radnor and Cwm Tawe",205
732559,W07000086,Bridgend,316
732559,W07000087,Caerfyrddin,249
732559,W07000088,Caerphilly,430
732559,W07000089,Cardiff East,254
732559,W07000090,Cardiff North,332
732559,W07000091,Cardiff South and Penarth,272
732559,W07000092,Cardiff West,306
732559,W07000093,Ceredigion Preseli,217
732559,W07000094,Clwyd East,377
732559,W07000095,Clwyd North,316
732559,W07000096,Dwyfor Meirionnydd,209
732559,W07000097,Gower,366
732559,W07000098,Llanelli,397
732559,W07000099,Merthyr Tydfil and Aberdare,383
732559,W07000100,Mid and South Pembrokeshire,201
732559,W07000101,Monmouthshire,371
732559,W07000102,Montgomeryshire and Glyndŵr,249
732559,W07000103,Neath and Swansea East,306
732559,W07000104,Newport East,325
732559,W07000105,Newport West and Islwyn,411
732559,W07000106,Pontypridd,394
732559,W07000107,Rhondda and Ogmore,279
732559,W07000108,Swansea West,373
732559,W07000109,Torfaen,802
732559,W07000110,Vale of Glamorgan,346
732559,W07000111,Wrexham,310
732559,W07000112,Ynys Môn,209
737105,E14001063,Aldershot,1222
737105,E14001064,Aldridge-Brownhills,1285
737105,E14001065,Altrincham and Sale West,910
737105,E14001066,Amber Valley,1335
737105,E14001067,Arundel and South Downs,998
737105,E14001068,Ashfield,1289
737105,E14001069,Ashford,1251
737105,E14001070,Ashton-under-Lyne,1170
737105,E14001071,Aylesbury,980
737105,E14001072,Banbury,891
737105,E14001073,Barking,535
737105,E14001074,Barnsley North,1476
737105,E14001075,Barnsley South,1386
737105,E14001076,Barrow and Furness,1550
737105,E14001077,Basildon and Billericay,1517
737105,E14001078,Basingstoke,1158
737105,E14001079,Bassetlaw,1489
737105,E14001080,Bath,474
737105,E14001081,Battersea,389
737105,E14001082,Beaconsfield,930
737105,E14001083,Beckenham and Penge,633
737105,E14001084,Bedford,607
737105,E14001085,Bermondsey and Old Southwark,476
737105,E14001086,Bethnal Green and Stepney,287
737105,E14001087,Beverley and Holderness,1312
737105,E14001088,Bexhill and Battle,1241
737105,E14001089,Bexleyheath and Crayford,1114
737105,E14001090,Bicester and Woodstock,817
737105,E14001091,Birkenhead,1334
737105,E14001092,Birmingham Edgbaston,567
737105,E14001093,Birmingham Erdington,1048
737105,E14001094,Birmingham Hall Green and Moseley,282
737105,E14001095,Birmingham Hodge Hill and Solihull North,867
737105,E14001096,Birmingham Ladywood,263
737105,E14001097,Birmingham Northfield,1138
737105,E14001098,Birmingham Perry Barr,286
737105,E14001099,Birmingham Selly Oak,669
737105,E14001100,Birmingham Yardley,654
737105,E14001101,Bishop Auckland,1388
737105,E14001102,Blackburn,790
737105,E14001103,Blackley and Middleton South,949
737105,E14001104,Blackpool North and Fleetwood,1702
737105,E14001105,Blackpool South,1542
737105,E14001106,Blaydon and Consett,1441
737105,E14001107,Blyth and Ashington,1732
737105,E14001108,Bognor Regis and Littlehampton,1296
737105,E14001109,Bolsover,1514
737105,E14001110,Bolton North East,1341
737105,E14001111,Bolton South and Walkden,1181
737105,E14001112,Bolton West,1282
737105,E14001113,Bootle,1080
737105,E14001114,Boston and Skegness,1468
737105,E14001115,Bournemouth East,1046
737105,E14001116,Bournemouth West,1168
737105,E14001117,Bracknell,1030
737105,E14001118,Bradford East,771
737105,E14001119,Bradford South,1028
737105,E14001120,Bradford West,393
737105,E14001121,Braintree,1614
737105,E14001122,Brent East,266
737105,E14001123,Brent West,207
737105,E14001124,Brentford and Isleworth,489
737105,E14001125,Brentwood and Ongar,1644
737105,E14001126,Bridgwater,1349
737105,E14001127,Bridlington and The Wolds,1500
737105,E14001128,Brigg and Immingham,1386
737105,E14001129,Brighton Kemptown and Peacehaven,877
737105,E14001130,Brighton Pavilion,513
737105,E14001131,Bristol Central,234
737105,E14001132,Bristol East,713
737105,E14001133,Bristol North East,699
737105,E14001134,Bristol North West,687
737105,E14001135,Bristol South,1025
737105,E14001136,Broadland and Fakenham,1418
737105,E14001137,Bromley and Biggin Hill,842
737105,E14001138,Bromsgrove,1160
737105,E14001139,Broxbourne,1266
737105,E14001140,Broxtowe,962
737105,E14001141,Buckingham and Bletchley,918
737105,E14001142,Burnley,1569
737105,E14001143,Burton and Uttoxeter,1170
737105,E14001144,Bury North,1226
737105,E14001145,Bury South,984
737105,E14001146,Bury St Edmunds and Stowmarket,1121
737105,E14001147,Calder Valley,1246
737105,E14001148,Camborne and Redruth,1111
737105,E14001149,Cambridge,430
737105,E14001150,Cannock Chase,1493
737105,E14001151,Canterbury,932
737105,E14001152,Carlisle,2396
737105,E14001153,Carshalton and Wallington,932
737105,E14001154,Castle Point,1783
737105,E14001155,Central Devon,1001
737105,E14001156,Central Suffolk and North Ipswich,1072
737105,E14001157,Chatham and Aylesford,1216
737105,E14001158,Cheadle,854
737105,E14001159,Chelmsford,1138
737105,E14001160,Chelsea and Fulham,610
737105,E14001161,Cheltenham,720
737105,E14001162,Chesham and Amersham,812
737105,E14001163,Chester North and Neston,830
737105,E14001164,Chester South and Eddisbury,1087
737105,E14001165,Chesterfield,1105
737105,E14001166,Chichester,1219
737105,E14001167,Chingford and Woodford Green,714
737105,E14001168,Chippenham,901
737105,E14001169,Chipping Barnet,530
737105,E14001170,Chorley,1495
737105,E14001171,Christchurch,1190
737105,E14001172,Cities of London and Westminster,604
737105,E14001173,City of Durham,1095
737105,E14001174,Clacton,1749
737105,E14001175,Clapham and Brixton Hill,227
737105,E14001176,Colchester,1091
737105,E14001177,Colne Valley,1095
737105,E14001178,Congleton,1150
737105,E14001179,Corby and East Northamptonshire,1245
737105,E14001180,Coventry East,793
737105,E14001181,Coventry North West,1028
737105,E14001182,Coventry South,720
737105,E14001183,Cramlington and Killingworth,1552
737105,E14001184,Crawley,1241
737105,E14001185,Crewe and Nantwich,1296
737105,E14001186,Croydon East,593
737105,E14001187,Croydon South,575
737105,E14001188,Croydon West,276
737105,E14001189,Dagenham and Rainham,942
737105,E14001190,Darlington,1436
737105,E14001191,Dartford,1282
737105,E14001192,Daventry,1339
737105,E14001193,Derby North,1009
737105,E14001194,Derby South,860
737105,E14001195,Derbyshire Dales,960
737105,E14001196,Dewsbury and Batley,877
737105,E14001197,Didcot and Wantage,942
737105,E14001198,Doncaster Central,1253
737105,E14001199,Doncaster East and the Isle of Axholme,1504
737105,E14001200,Doncaster North,1632
737105,E14001201,Dorking and Horley,990
737105,E14001202,Dover and Deal,1398
737105,E14001203,Droitwich and Evesham,1166
737105,E14001204,Dudley,1037
737105,E14001205,Dulwich and West Norwood,236
737105,E14001206,Dunstable and Leighton Buzzard,1180
737105,E14001207,Ealing Central and Acton,458
737105,E14001208,Ealing North,428
737105,E14001209,Ealing Southall,251
737105,E14001210,Earley and Woodley,711
737105,E14001211,Easington,1602
737105,E14001212,East Grinstead and Uckfield,1266
737105,E14001213,East Ham,141
737105,E14001214,East Hampshire,891
737105,E14001215,East Surrey,1059
737105,E14001216,East Thanet,1269
737105,E14001217,East Wiltshire,1101
737105,E14001218,East Worthing and Shoreham,953
737105,E14001219,Eastbourne,1124
737105,E14001220,Eastleigh,1075
737105,E14001221,Edmonton and Winchmore Hill,303
737105,E14001222,Ellesmere Port and Bromborough,1409
737105,E14001223,Eltham and Chislehurst,979
737105,E14001224,Ely and East Cambridgeshire,934
737105,E14001225,Enfield North,495
737105,E14001226,Epping Forest,1478
737105,E14001227,Epsom and Ewell,815
737105,E14001228,Erewash,1315
737105,E14001229,Erith and Thamesmead,689
737105,E14001230,Esher and Walton,807
737105,E14001231,Exeter,712
737105,E14001232,Exmouth and Exeter East,1103
737105,E14001233,Fareham and Waterlooville,1391
737105,E14001234,Farnham and Bordon,864
737105,E14001235,Faversham and Mid Kent,1303
737105,E14001236,Feltham and Heston,572
737105,E14001237,Filton and Bradley Stoke,843
737105,E14001238,Finchley and Golders Green,392
737105,E14001239,Folkestone and Hythe,1239
737105,E14001240,Forest of Dean,1042
737105,E14001241,Frome and East Somerset,811
737105,E14001242,Fylde,1465
737105,E14001243,Gainsborough,1373
737105,E14001244,Gateshead Central and Whickham,1265
737105,E14001245,Gedling,1023
737105,E14001246,Gillingham and Rainham,1088
737105,E14001247,Glastonbury and Somerton,904
737105,E14001248,Gloucester,937
737105,E14001249,Godalming and Ash,790
737105,E14001250,Goole and Pocklington,1373
737105,E14001251,Gorton and Denton,868
737105,E14001252,Gosport,1281
737105,E14001253,Grantham and Bourne,1196
737105,E14001254,Gravesham,1160
737105,E14001255,Great Grimsby and Cleethorpes,1463
737105,E14001256,Great Yarmouth,3975
737105,E14001257,Greenwich and Woolwich,429
737105,E14001258,Guildford,593
737105,E14001259,Hackney North and Stoke Newington,173
737105,E14001260,Hackney South and Shoreditch,230
737105,E14001261,Halesowen,1074
737105,E14001262,Halifax,1188
737105,E14001263,Hamble Valley,1315
737105,E14001264,Hammersmith and Chiswick,427
737105,E14001265,Hampstead and Highgate,343
737105,E14001266,"Harborough, Oadby and Wigston",778
737105,E14001267,Harlow,1407
737105,E14001268,Harpenden and Berkhamsted,751
737105,E14001269,Harrogate and Knaresborough,978
737105,E14001270,Harrow East,302
737105,E14001271,Harrow West,325
737105,E14001272,Hartlepool,1649
737105,E14001273,Harwich and North Essex,1316
737105,E14001274,Hastings and Rye,1092
737105,E14001275,Havant,1348
737105,E14001276,Hayes and Harlington,670
737105,E14001277,Hazel Grove,1183
737105,E14001278,Hemel Hempstead,996
737105,E14001279,Hendon,416
737105,E14001280,Henley and Thame,780
737105,E14001281,Hereford and South Herefordshire,1055
737105,E14001282,Herne Bay and Sandwich,1435
737105,E14001283,Hertford and Stortford,1055
737105,E14001284,Hertsmere,937
737105,E14001285,Hexham,1237
737105,E14001286,Heywood and Middleton North,1359
737105,E14001287,High Peak,1270
737105,E14001288,Hinckley and Bosworth,1280
737105,E14001289,Hitchin,947
737105,E14001290,Holborn and St Pancras,389
737105,E14001291,Honiton and Sidmouth,932
737105,E14001292,Hornchurch and Upminster,1392
737105,E14001293,Hornsey and Friern Barnet,252
737105,E14001294,Horsham,1110
737105,E14001295,Houghton and Sunderland South,2180
737105,E14001296,Hove and Portslade,619
737105,E14001297,Huddersfield,797
737105,E14001298,Huntingdon,1159
737105,E14001299,Hyndburn,1245
737105,E14001300,Ilford North,365
737105,E14001301,Ilford South,231
737105,E14001302,Ipswich,919
737105,E14001303,Isle of Wight East,985
737105,E14001304,Isle of Wight West,842
737105,E14001305,Islington North,326
737105,E14001306,Islington South and Finsbury,602
737105,E14001307,Jarrow and Gateshead East,1574
737105,E14001308,Keighley and Ilkley,1066
737105,E14001309,Kenilworth and Southam,960
737105,E14001310,Kensington and Bayswater,454
737105,E14001311,Kettering,1254
737105,E14001312,Kingston and Surbiton,663
737105,E14001313,Kingston upon Hull East,1490
737105,E14001314,Kingston upon Hull North and Cottingham,1295
737105,E14001315,Kingston upon Hull West and Haltemprice,1514
737105,E14001316,Kingswinford and South Staffordshire,1125
737105,E14001317,Knowsley,1100
737105,E14001318,Lancaster and Wyre,1065
737105,E14001319,Leeds Central and Headingley,373
737105,E14001320,Leeds East,1091
737105,E14001321,Leeds North East,467
737105,E14001322,Leeds North West,919
737105,E14001323,Leeds South,1074
737105,E14001324,Leeds South West and Morley,1346
737105,E14001325,Leeds West and Pudsey,992
737105,E14001326,Leicester East,299
737105,E14001327,Leicester South,336
737105,E14001328,Leicester West,741
737105,E14001329,Leigh and Atherton,1667
737105,E14001330,Lewes,1041
737105,E14001331,Lewisham East,425
737105,E14001332,Lewisham North,293
737105,E14001333,Lewisham West and East Dulwich,251
737105,E14001334,Leyton and Wanstead,357
737105,E14001335,Lichfield,1325
737105,E14001336,Lincoln,1044
737105,E14001337,Liverpool Garston,888
737105,E14001338,Liverpool Riverside,706
737105,E14001339,Liverpool Walton,1159
737105,E14001340,Liverpool Wavertree,614
737105,E14001341,Liverpool West Derby,969
737105,E14001342,Loughborough,873
737105,E14001343,Louth and Horncastle,1397
737105,E14001344,Lowestoft,1695
737105,E14001345,Luton North,562
737105,E14001346,Luton South and South Bedfordshire,634
737105,E14001347,Macclesfield,1012
737105,E14001348,Maidenhead,872
737105,E14001349,Maidstone and Malling,1134
737105,E14001350,Makerfield,1845
737105,E14001351,Maldon,1759
737105,E14001352,Manchester Central,854
737105,E14001353,Manchester Rusholme,189
737105,E14001354,Manchester Withington,340
737105,E14001355,Mansfield,1313
737105,E14001356,Melksham and Devizes,895
737105,E14001357,Melton and Syston,1104
737105,E14001358,Meriden and Solihull East,1164
737105,E14001359,Mid Bedfordshire,1063
737105,E14001360,Mid Buckinghamshire,912
737105,E14001361,Mid Cheshire,1153
737105,E14001362,Mid Derbyshire,1051
737105,E14001363,Mid Dorset and North Poole,1190
737105,E14001364,Mid Leicestershire,1021
737105,E14001365,Mid Norfolk,1398
737105,E14001366,Mid Sussex,923
737105,E14001367,Middlesbrough and Thornaby East,1336
737105,E14001368,Middlesbrough South and East Cleveland,1530
737105,E14001369,Milton Keynes Central,941
737105,E14001370,Milton Keynes North,886
737105,E14001371,Mitcham and Morden,462
737105,E14001372,Morecambe and Lunesdale,1299
737105,E14001373,New Forest East,1246
737105,E14001374,New Forest West,1107
737105,E14001375,Newark,1243
737105,E14001376,Newbury,877
737105,E14001377,Newcastle upon Tyne Central and West,1415
737105,E14001378,Newcastle upon Tyne East and Wallsend,1421
737105,E14001379,Newcastle upon Tyne North,868
737105,E14001380,Newcastle-under-Lyme,1088
737105,E14001381,Newton Abbot,1036
737105,E14001382,Newton Aycliffe and Spennymoor,1542
737105,E14001383,Normanton and Hemsworth,1556
737105,E14001384,North Bedfordshire,1160
737105,E14001385,North Cornwall,1145
737105,E14001386,North Cotswolds,905
737105,E14001387,North Devon,1191
737105,E14001388,North Dorset,1114
737105,E14001389,North Durham,1412
737105,E14001390,North East Cambridgeshire,1393
737105,E14001391,North East Derbyshire,1241
737105,E14001392,North East Hampshire,1009
737105,E14001393,North East Hertfordshire,1189
737105,E14001394,North East Somerset and Hanham,1000
737105,E14001395,North Herefordshire,1033
737105,E14001396,North Norfolk,1282
737105,E14001397,North Northumberland,1345
737105,E14001398,North Shropshire,1254
737105,E14001399,North Somerset,856
737105,E14001400,North Warwickshire and Bedworth,1363
737105,E14001401,North West Cambridgeshire,1290
737105,E14001402,North West Essex,1391
737105,E14001403,North West Hampshire,1140
737105,E14001404,North West Leicestershire,1318
737105,E14001405,North West Norfolk,1272
737105,E14001406,Northampton North,913
737105,E14001407,Northampton South,997
737105,E14001408,Norwich North,1129
737105,E14001409,Norwich South,886
737105,E14001410,Nottingham East,436
737105,E14001411,Nottingham North and Kimberley,787
737105,E14001412,Nottingham South,659
737105,E14001413,Nuneaton,1237
737105,E14001414,Old Bexley and Sidcup,1229
737105,E14001415,Oldham East and Saddleworth,1224
737105,E14001416,"Oldham West, Chadderton and Royton",998
737105,E14001417,Orpington,981
737105,E14001418,Ossett and Denby Dale,1414
737105,E14001419,Oxford East,378
737105,E14001420,Oxford West and Abingdon,501
737105,E14001421,Peckham,231
737105,E14001422,Pendle and Clitheroe,1409
737105,E14001423,Penistone and Stocksbridge,1189
737105,E14001424,Penrith and Solway,1526
737105,E14001425,Peterborough,888
737105,E14001426,Plymouth Moor View,1379
737105,E14001427,Plymouth Sutton and Devonport,1148
737105,E14001428,"Pontefract, Castleford and Knottingley",1494
737105,E14001429,Poole,1178
737105,E14001430,Poplar and Limehouse,547
737105,E14001431,Portsmouth North,1513
737105,E14001432,Portsmouth South,919
737105,E14001433,Preston,989
737105,E14001434,Putney,419
737105,E14001435,Queen's Park and Maida Vale,280
737105,E14001436,Rawmarsh and Conisbrough,1340
737105,E14001437,Rayleigh and Wickford,1731
737105,E14001438,Reading Central,491
737105,E14001439,Reading West and Mid Berkshire,810
737105,E14001440,Redcar,1690
737105,E14001441,Redditch,1152
737105,E14001442,Reigate,1036
737105,E14001443,Ribble Valley,1353
737105,E14001444,Richmond and Northallerton,1284
737105,E14001445,Richmond Park,488
737105,E14001446,Rochdale,963
737105,E14001447,Rochester and Strood,1265
737105,E14001448,Romford,1294
737105,E14001449,Romsey and Southampton North,964
737105,E14001450,Rossendale and Darwen,1588
737105,E14001451,Rother Valley,1274
737105,E14001452,Rotherham,1151
737105,E14001453,Rugby,1149
737105,E14001454,"Ruislip, Northwood and Pinner",731
737105,E14001455,Runcorn and Helsby,1157
737105,E14001456,Runnymede and Weybridge,1013
737105,E14001457,Rushcliffe,839
737105,E14001458,Rutland and Stamford,961
737105,E14001459,Salford,1025
737105,E14001460,Salisbury,867
737105,E14001461,Scarborough and Whitby,1370
737105,E14001462,Scunthorpe,1330
737105,E14001463,Sefton Central,992
737105,E14001464,Selby,1456
737105,E14001465,Sevenoaks,1315
737105,E14001466,Sheffield Brightside and Hillsborough,891
737105,E14001467,Sheffield Central,273
737105,E14001468,Sheffield Hallam,503
737105,E14001469,Sheffield Heeley,814
737105,E14001470,Sheffield South East,1107
737105,E14001471,Sherwood Forest,1316
737105,E14001472,Shipley,1086
737105,E14001473,Shrewsbury,1000
737105,E14001474,Sittingbourne and Sheppey,1465
737105,E14001475,Skipton and Ripon,1223
737105,E14001476,Sleaford and North Hykeham,1217
737105,E14001477,Slough,520
737105,E14001478,Smethwick,664
737105,E14001479,Solihull West and Shirley,933
737105,E14001480,South Basildon and East Thurrock,1589
737105,E14001481,South Cambridgeshire,771
737105,E14001482,South Cotswolds,811
737105,E14001483,South Derbyshire,1226
737105,E14001484,South Devon,1000
737105,E14001485,South Dorset,1309
737105,E14001486,South East Cornwall,1283
737105,E14001487,South Holland and The Deepings,1549
737105,E14001488,South Leicestershire,1182
737105,E14001489,South Norfolk,1194
737105,E14001490,South Northamptonshire,1112
737105,E14001491,South Ribble,1336
737105,E14001492,South Shields,1526
737105,E14001493,South Shropshire,1209
737105,E14001494,South Suffolk,1127
737105,E14001495,South West Devon,1293
737105,E14001496,South West Hertfordshire,962
737105,E14001497,South West Norfolk,1614
737105,E14001498,South West Wiltshire,1017
737105,E14001499,Southampton Itchen,1248
737105,E14001500,Southampton Test,908
737105,E14001501,Southend East and Rochford,1398
737105,E14001502,Southend West and Leigh,1271
737105,E14001503,Southgate and Wood Green,358
737105,E14001504,Southport,1135
737105,E14001505,Spelthorne,1178
737105,E14001506,Spen Valley,1307
737105,E14001507,St Albans,610
737105,E14001508,St Austell and Newquay,1303
737105,E14001509,St Helens North,1375
737105,E14001510,St Helens South and Whiston,1252
737105,E14001511,St Ives,1001
737105,E14001512,St Neots and Mid Cambridgeshire,899
737105,E14001513,Stafford,1105
737105,E14001514,Staffordshire Moorlands,1114
737105,E14001515,Stalybridge and Hyde,1331
737105,E14001516,Stevenage,1065
737105,E14001517,Stockport,967
737105,E14001518,Stockton North,1313
737105,E14001519,Stockton West,1456
737105,E14001520,Stoke-on-Trent Central,1098
737105,E14001521,Stoke-on-Trent North,1289
737105,E14001522,Stoke-on-Trent South,1107
737105,E14001523,"Stone, Great Wyrley and Penkridge",1198
737105,E14001524,Stourbridge,948
737105,E14001525,Stratford and Bow,270
737105,E14001526,Stratford-on-Avon,1011
737105,E14001527,Streatham and Croydon North,250
737105,E14001528,Stretford and Urmston,926
737105,E14001529,Stroud,834
737105,E14001530,Suffolk Coastal,1084
737105,E14001531,Sunderland Central,1663
737105,E14001532,Surrey Heath,967
737105,E14001533,Sussex Weald,1553
737105,E14001534,Sutton and Cheam,730
737105,E14001535,Sutton Coldfield,1056
737105,E14001536,Swindon North,1003
737105,E14001537,Swindon South,958
737105,E14001538,Tamworth,1534
737105,E14001539,Tatton,1023
737105,E14001540,Taunton and Wellington,1117
737105,E14001541,Telford,1376
737105,E14001542,Tewkesbury,885
737105,E14001543,The Wrekin,1328
737105,E14001544,Thirsk and Malton,1190
737105,E14001545,Thornbury and Yate,1153
737105,E14001546,Thurrock,1254
737105,E14001547,Tipton and Wednesbury,1041
737105,E14001548,Tiverton and Minehead,1048
737105,E14001549,Tonbridge,1153
737105,E14001550,Tooting,325
737105,E14001551,Torbay,1359
737105,E14001552,Torridge and Tavistock,1161
737105,E14001553,Tottenham,188
737105,E14001554,Truro and Falmouth,906
737105,E14001555,Tunbridge Wells,1003
737105,E14001556,Twickenham,532
737105,E14001557,Tynemouth,1205
737105,E14001558,Uxbridge and South Ruislip,1076
737105,E14001559,Vauxhall and Camberwell Green,220
737105,E14001560,Wakefield and Rothwell,1346
737105,E14001561,Wallasey,1326
737105,E14001562,Walsall and Bloxwich,948
737105,E14001563,Walthamstow,211
737105,E14001564,Warrington North,1233
737105,E14001565,Warrington South,1135
737105,E14001566,Warwick and Leamington,819
737105,E14001567,Washington and Gateshead South,1600
737105,E14001568,Watford,699
737105,E14001569,Waveney Valley,1209
737105,E14001570,Weald of Kent,1218
737105,E14001571,Wellingborough and Rushden,1127
737105,E14001572,Wells and Mendip Hills,846
737105,E14001573,Welwyn Hatfield,962
737105,E14001574,West Bromwich,699
737105,E14001575,West Dorset,827
737105,E14001576,West Ham and Beckton,360
737105,E14001577,West Lancashire,1158
737105,E14001578,West Suffolk,1304
737105,E14001579,West Worcestershire,1077
737105,E14001580,Westmorland and Lonsdale,981
737105,E14001581,Weston-super-Mare,1234
737105,E14001582,Wetherby and Easingwold,971
737105,E14001583,Whitehaven and Workington,1916
737105,E14001584,Widnes and Halewood,1216
737105,E14001585,Wigan,1756
737105,E14001586,Wimbledon,453
737105,E14001587,Winchester,805
737105,E14001588,Windsor,862
737105,E14001589,Wirral West,1017
737105,E14001590,Witham,1512
737105,E14001591,Witney,928
737105,E14001592,Woking,743
737105,E14001593,Wokingham,860
737105,E14001594,Wolverhampton North East,956
737105,E14001595,Wolverhampton South East,946
737105,E14001596,Wolverhampton West,685
737105,E14001597,Worcester,882
737105,E14001598,Worsley and Eccles,1384
737105,E14001599,Worthing West,1053
737105,E14001600,Wycombe,652
737105,E14001601,Wyre Forest,1199
737105,E14001602,Wythenshawe and Sale East,1081
737105,E14001603,Yeovil,1158
737105,E14001604,York Central,824
737105,E14001605,York Outer,890
737105,N05000001,Belfast East,980
737105,N05000002,Belfast North,817
737105,N05000003,Belfast South and Mid Down,488
737105,N05000004,Belfast West,477
737105,N05000005,East Antrim,1183
737105,N05000006,East Londonderry,649
737105,N05000007,Fermanagh and South Tyrone,362
737105,N05000008,Foyle,313
737105,N05000009,Lagan Valley,811
737105,N05000010,Mid Ulster,360
737105,N05000011,Newry and Armagh,482
737105,N05000012,North Antrim,806
737105,N05000013,North Down,990
737105,N05000014,South Antrim,804
737105,N05000015,South Down,398
737105,N05000016,Strangford,883
737105,N05000017,Upper Bann,1012
737105,N05000018,West Tyrone,276
737105,S14000021,East Renfrewshire,598
737105,S14000027,Na h-Eileanan an Iar,229
737105,S14000045,Midlothian,891
737105,S14000048,North Ayrshire and Arran,1039
737105,S14000051,Orkney and Shetland,340
737105,S14000060,Aberdeen North,1460
737105,S14000061,Aberdeen South,1114
737105,S14000062,Aberdeenshire North and Moray East,1619
737105,S14000063,Airdrie and Shotts,1092
737105,S14000064,Alloa and Grangemouth,985
737105,S14000065,Angus and Perthshire Glens,963
737105,S14000066,Arbroath and Broughty Ferry,1107
737105,S14000067,"Argyll, Bute and South Lochaber",912
737105,S14000068,Bathgate and Linlithgow,982
737105,S14000069,"Caithness, Sutherland and Easter Ross",1101
737105,S14000070,Coatbridge and Bellshill,871
737105,S14000071,Cowdenbeath and Kirkcaldy,932
737105,S14000072,Cumbernauld and Kirkintilloch,863
737105,S14000073,Dumfries and Galloway,1005
737105,S14000074,"Dumfriesshire, Clydesdale and Tweeddale",910
737105,S14000075,Dundee Central,940
737105,S14000076,Dunfermline and Dollar,814
737105,S14000077,East Kilbride and Strathaven,982
737105,S14000078,Edinburgh East and Musselburgh,623
737105,S14000079,Edinburgh North and Leith,595
737105,S14000080,Edinburgh South,480
737105,S14000081,Edinburgh South West,607
737105,S14000082,Edinburgh West,633
737105,S14000083,Falkirk,1176
737105,S14000084,Glasgow East,830
737105,S14000085,Glasgow North,636
737105,S14000086,Glasgow North East,1025
737105,S14000087,Glasgow South,541
737105,S14000088,Glasgow South West,756
737105,S14000089,Glasgow West,716
737105,S14000090,Glenrothes and Mid Fife,1046
737105,S14000091,Gordon and Buchan,1175
737105,S14000092,Hamilton and Clyde Valley,1035
737105,S14000093,Inverclyde and Renfrewshire West,912
737105,S14000094,"Inverness, Skye and West Ross-shire",1149
737105,S14000095,Livingston,1068
737105,S14000096,Lothian East,845
737105,S14000097,Mid Dunbartonshire,688
737105,S14000098,"Moray West, Nairn and Strathspey",1118
737105,S14000099,"Motherwell, Wishaw and Carluke",926
737105,S14000100,North East Fife,698
737105,S14000101,Paisley and Renfrewshire North,1001
737105,S14000102,Paisley and Renfrewshire South,903
737105,S14000103,Perth and Kinross-shire,837
737105,S14000104,Rutherglen,907
737105,S14000105,Stirling and Strathallan,740
737105,S14000106,West Dunbartonshire,999
737105,S14000107,"Ayr, Carrick and Cumnock",1044
737105,S14000108,"Berwickshire, Roxburgh and Selkirk",862
737105,S14000109,Central Ayrshire,978
737105,S14000110,Kilmarnock and Loudoun,1049
737105,S14000111,West Aberdeenshire and Kincardine,1153
737105,W07000081,Aberafan Maesteg,1405
737105,W07000082,Alyn and Deeside,1337
737105,W07000083,Bangor Aberconwy,958
737105,W07000084,Blaenau Gwent and Rhymney,1475
737105,W07000085,"Brecon, Radnor and Cwm Tawe",1050
737105,W07000086,Bridgend,1199
737105,W07000087,Caerfyrddin,1176
737105,W07000088,Caerphilly,1294
737105,W07000089,Cardiff East,670
737105,W07000090,Cardiff North,718
737105,W07000091,Cardiff South and Penarth,538
737105,W07000092,Cardiff West,750
737105,W07000093,Ceredigion Preseli,938
737105,W07000094,Clwyd East,1338
737105,W07000095,Clwyd North,1272
737105,W07000096,Dwyfor Meirionnydd,902
737105,W07000097,Gower,1226
737105,W07000098,Llanelli,1367
737105,W07000099,Merthyr Tydfil and Aberdare,1295
737105,W07000100,Mid and South Pembrokeshire,1186
737105,W07000101,Monmouthshire,955
737105,W07000102,Montgomeryshire and Glyndŵr,1222
737105,W07000103,Neath and Swansea East,1358
737105,W07000104,Newport East,1097
737105,W07000105,Newport West and Islwyn,1242
737105,W07000106,Pontypridd,1167
737105,W07000107,Rhondda and Ogmore,1546
737105,W07000108,Swansea West,1069
737105,W07000109,Torfaen,1327
737105,W07000110,Vale of Glamorgan,1250
737105,W07000111,Wrexham,1069
737105,W07000112,Ynys Môn,829
738192,E14001063,Aldershot,300
738192,E14001064,Aldridge-Brownhills,400
738192,E14001065,Altrincham and Sale West,187
738192,E14001066,Amber Valley,408
738192,E14001067,Arundel and South Downs,346
738192,E14001068,Ashfield,375
738192,E14001069,Ashford,236
738192,E14001070,Ashton-under-Lyne,244
738192,E14001071,Aylesbury,397
738192,E14001072,Banbury,309
738192,E14001073,Barking,124
738192,E14001074,Barnsley North,374
738192,E14001075,Barnsley South,423
738192,E14001076,Barrow and Furness,212
738192,E14001077,Basildon and Billericay,362
738192,E14001078,Basingstoke,238
738192,E14001079,Bassetlaw,434
738192,E14001080,Bath,194
738192,E14001081,Battersea,106
738192,E14001082,Beaconsfield,638
738192,E14001083,Beckenham and Penge,155
738192,E14001084,Bedford,251
738192,E14001085,Bermondsey and Old Southwark,103
738192,E14001086,Bethnal Green and Stepney,89
738192,E14001087,Beverley and Holderness,322
738192,E14001088,Bexhill and Battle,275
738192,E14001089,Bexleyheath and Crayford,248
738192,E14001090,Bicester and Woodstock,275
738192,E14001091,Birkenhead,311
738192,E14001092,Birmingham Edgbaston,196
738192,E14001093,Birmingham Erdington,194
738192,E14001094,Birmingham Hall Green and Moseley,117
738192,E14001095,Birmingham Hodge Hill and Solihull North,180
738192,E14001096,Birmingham Ladywood,54
738192,E14001097,Birmingham Northfield,299
738192,E14001098,Birmingham Perry Barr,73
738192,E14001099,Birmingham Selly Oak,214
738192,E14001100,Birmingham Yardley,153
738192,E14001101,Bishop Auckland,297
738192,E14001102,Blackburn,151
738192,E14001103,Blackley and Middleton South,182
738192,E14001104,Blackpool North and Fleetwood,364
738192,E14001105,Blackpool South,361
738192,E14001106,Blaydon and Consett,267
738192,E14001107,Blyth and Ashington,310
738192,E14001108,Bognor Regis and Littlehampton,224
738192,E14001109,Bolsover,438
738192,E14001110,Bolton North East,306
738192,E14001111,Bolton South and Walkden,268
738192,E14001112,Bolton West,384
738192,E14001113,Bootle,282
738192,E14001114,Boston and Skegness,266
738192,E14001115,Bournemouth East,212
738192,E14001116,Bournemouth West,217
738192,E14001117,Bracknell,479
738192,E14001118,Bradford East,287
738192,E14001119,Bradford South,264
738192,E14001120,Bradford West,153
738192,E14001121,Braintree,413
738192,E14001122,Brent East,130
738192,E14001123,Brent West,220
738192,E14001124,Brentford and Isleworth,370
738192,E14001125,Brentwood and Ongar,383
738192,E14001126,Bridgwater,273
738192,E14001127,Bridlington and The Wolds,340
738192,E14001128,Brigg and Immingham,401
738192,E14001129,Brighton Kemptown and Peacehaven,243
738192,E14001130,Brighton Pavilion,168
738192,E14001131,Bristol Central,95
738192,E14001132,Bristol East,228
738192,E14001133,Bristol North East,265
738192,E14001134,Bristol North West,220
738192,E14001135,Bristol South,206
738192,E14001136,Broadland and Fakenham,690
738192,E14001137,Bromley and Biggin Hill,207
738192,E14001138,Bromsgrove,356
738192,E14001139,Broxbourne,378
738192,E14001140,Broxtowe,301
738192,E14001141,Buckingham and Bletchley,281
738192,E14001142,Burnley,293
738192,E14001143,Burton and Uttoxeter,309
738192,E14001144,Bury North,374
738192,E14001145,Bury South,341
738192,E14001146,Bury St Edmunds and Stowmarket,299
738192,E14001147,Calder Valley,357
738192,E14001148,Camborne and Redruth,264
738192,E14001149,Cambridge,140
738192,E14001150,Cannock Chase,310
738192,E14001151,Canterbury,202
738192,E14001152,Carlisle,339
738192,E14001153,Carshalton and Wallington,295
738192,E14001154,Castle Point,409
738192,E14001155,Central Devon,307
738192,E14001156,Central Suffolk and North Ipswich,342
738192,E14001157,Chatham and Aylesford,277
738192,E14001158,Cheadle,387
738192,E14001159,Chelmsford,429
738192,E14001160,Chelsea and Fulham,77
738192,E14001161,Cheltenham,311
738192,E14001162,Chesham and Amersham,352
738192,E14001163,Chester North and Neston,311
738192,E14001164,Chester South and Eddisbury,321
738192,E14001165,Chesterfield,378
738192,E14001166,Chichester,257
738192,E14001167,Chingford and Woodford Green,268
738192,E14001168,Chippenham,262
738192,E14001169,Chipping Barnet,179
738192,E14001170,Chorley,365
738192,E14001171,Christchurch,281
738192,E14001172,Cities of London and Westminster,78
738192,E14001173,City of Durham,213
738192,E14001174,Clacton,449
738192,E14001175,Clapham and Brixton Hill,63
738192,E14001176,Colchester,269
738192,E14001177,Colne Valley,339
738192,E14001178,Congleton,315
738192,E14001179,Corby and East Northamptonshire,267
738192,E14001180,Coventry East,220
738192,E14001181,Coventry North West,377
738192,E14001182,Coventry South,292
738192,E14001183,Cramlington and Killingworth,324
738192,E14001184,Crawley,283
738192,E14001185,Crewe and Nantwich,317
738192,E14001186,Croydon East,199
738192,E14001187,Croydon South,262
738192,E14001188,Croydon West,75
738192,E14001189,Dagenham and Rainham,199
738192,E14001190,Darlington,281
738192,E14001191,Dartford,226
738192,E14001192,Daventry,444
738192,E14001193,Derby North,269
738192,E14001194,Derby South,266
738192,E14001195,Derbyshire Dales,339
738192,E14001196,Dewsbury and Batley,200
738192,E14001197,Didcot and Wantage,316
738192,E14001198,Doncaster Central,335
738192,E14001199,Doncaster East and the Isle of Axholme,441
738192,E14001200,Doncaster North,284
738192,E14001201,Dorking and Horley,391
738192,E14001202,Dover and Deal,291
738192,E14001203,Droitwich and Evesham,361
738192,E14001204,Dudley,295
738192,E14001205,Dulwich and West Norwood,109
738192,E14001206,Dunstable and Leighton Buzzard,338
738192,E14001207,Ealing Central and Acton,201
738192,E14001208,Ealing North,512
738192,E14001209,Ealing Southall,381
738192,E14001210,Earley and Woodley,384
738192,E14001211,Easington,207
738192,E14001212,East Grinstead and Uckfield,369
738192,E14001213,East Ham,103
738192,E14001214,East Hampshire,337
738192,E14001215,East Surrey,446
738192,E14001216,East Thanet,271
738192,E14001217,East Wiltshire,266
738192,E14001218,East Worthing and Shoreham,285
738192,E14001219,Eastbourne,187
738192,E14001220,Eastleigh,261
738192,E14001221,Edmonton and Winchmore Hill,103
738192,E14001222,Ellesmere Port and Bromborough,484
738192,E14001223,Eltham and Chislehurst,199
738192,E14001224,Ely and East Cambridgeshire,348
738192,E14001225,Enfield North,129
738192,E14001226,Epping Forest,421
738192,E14001227,Epsom and Ewell,274
738192,E14001228,Erewash,310
738192,E14001229,Erith and Thamesmead,156
738192,E14001230,Esher and Walton,308
738192,E14001231,Exeter,171
738192,E14001232,Exmouth and Exeter East,263
738192,E14001233,Fareham and Waterlooville,319
738192,E14001234,Farnham and Bordon,280
738192,E14001235,Faversham and Mid Kent,338
738192,E14001236,Feltham and Heston,291
738192,E14001237,Filton and Bradley Stoke,220
738192,E14001238,Finchley and Golders Green,128
738192,E14001239,Folkestone and Hythe,216
738192,E14001240,Forest of Dean,332
738192,E14001241,Frome and East Somerset,260
738192,E14001242,Fylde,335
738192,E14001243,Gainsborough,349
738192,E14001244,Gateshead Central and Whickham,193
738192,E14001245,Gedling,441
738192,E14001246,Gillingham and Rainham,277
738192,E14001247,Glastonbury and Somerton,296
738192,E14001248,Gloucester,318
738192,E14001249,Godalming and Ash,342
738192,E14001250,Goole and Pocklington,359
738192,E14001251,Gorton and Denton,170
738192,E14001252,Gosport,272
738192,E14001253,Grantham and Bourne,251
738192,E14001254,Gravesham,252
738192,E14001255,Great Grimsby and Cleethorpes,337
738192,E14001256,Great Yarmouth,592
738192,E14001257,Greenwich and Woolwich,123
738192,E14001258,Guildford,256
738192,E14001259,Hackney North and Stoke Newington,86
738192,E14001260,Hackney South and Shoreditch,104
738192,E14001261,Halesowen,292
738192,E14001262,Halifax,329
738192,E14001263,Hamble Valley,304
738192,E14001264,Hammersmith and Chiswick,110
738192,E14001265,Hampstead and Highgate,134
738192,E14001266,"Harborough, Oadby and Wigston",271
738192,E14001267,Harlow,450
738192,E14001268,Harpenden and Berkhamsted,262
738192,E14001269,Harrogate and Knaresborough,347
738192,E14001270,Harrow East,288
738192,E14001271,Harrow West,398
738192,E14001272,Hartlepool,221
738192,E14001273,Harwich and North Essex,352
738192,E14001274,Hastings and Rye,256
738192,E14001275,Havant,262
738192,E14001276,Hayes and Harlington,274
738192,E14001277,Hazel Grove,387
738192,E14001278,Hemel Hempstead,233
738192,E14001279,Hendon,150
738192,E14001280,Henley and Thame,332
738192,E14001281,Hereford and South Herefordshire,277
738192,E14001282,Herne Bay and Sandwich,312
738192,E14001283,Hertford and Stortford,349
738192,E14001284,Hertsmere,311
738192,E14001285,Hexham,322
738192,E14001286,Heywood and Middleton North,283
738192,E14001287,High Peak,329
738192,E14001288,Hinckley and Bosworth,404
738192,E14001289,Hitchin,337
738192,E14001290,Holborn and St Pancras,95
738192,E14001291,Honiton and Sidmouth,221
738192,E14001292,Hornchurch and Upminster,289
738192,E14001293,Hornsey and Friern Barnet,128
738192,E14001294,Horsham,370
738192,E14001295,Houghton and Sunderland South,312
738192,E14001296,Hove and Portslade,197
738192,E14001297,Huddersfield,316
738192,E14001298,Huntingdon,263
738192,E14001299,Hyndburn,231
738192,E14001300,Ilford North,192
738192,E14001301,Ilford South,116
738192,E14001302,Ipswich,283
738192,E14001303,Isle of Wight East,176
738192,E14001304,Isle of Wight West,159
738192,E14001305,Islington North,110
738192,E14001306,Islington South and Finsbury,111
738192,E14001307,Jarrow and Gateshead East,214
738192,E14001308,Keighley and Ilkley,340
738192,E14001309,Kenilworth and Southam,367
738192,E14001310,Kensington and Bayswater,96
738192,E14001311,Kettering,344
738192,E14001312,Kingston and Surbiton,206
738192,E14001313,Kingston upon Hull East,269
738192,E14001314,Kingston upon Hull North and Cottingham,323
738192,E14001315,Kingston upon Hull West and Haltemprice,294
738192,E14001316,Kingswinford and South Staffordshire,362
738192,E14001317,Knowsley,231
738192,E14001318,Lancaster and Wyre,264
738192,E14001319,Leeds Central and Headingley,183
738192,E14001320,Leeds East,359
738192,E14001321,Leeds North East,371
738192,E14001322,Leeds North West,538
738192,E14001323,Leeds South,224
738192,E14001324,Leeds South West and Morley,504
738192,E14001325,Leeds West and Pudsey,362
738192,E14001326,Leicester East,183
738192,E14001327,Leicester South,147
738192,E14001328,Leicester West,266
738192,E14001329,Leigh and Atherton,362
738192,E14001330,Lewes,256
738192,E14001331,Lewisham East,126
738192,E14001332,Lewisham North,105
738192,E14001333,Lewisham West and East Dulwich,114
738192,E14001334,Leyton and Wanstead,153
738192,E14001335,Lichfield,371
738192,E14001336,Lincoln,211
738192,E14001337,Liverpool Garston,265
738192,E14001338,Liverpool Riverside,141
738192,E14001339,Liverpool Walton,233
738192,E14001340,Liverpool Wavertree,158
738192,E14001341,Liverpool West Derby,243
738192,E14001342,Loughborough,283
738192,E14001343,Louth and Horncastle,358
738192,E14001344,Lowestoft,462
738192,E14001345,Luton North,243
738192,E14001346,Luton South and South Bedfordshire,217
738192,E14001347,Macclesfield,284
738192,E14001348,Maidenhead,506
738192,E14001349,Maidstone and Malling,279
738192,E14001350,Makerfield,369
738192,E14001351,Maldon,475
738192,E14001352,Manchester Central,146
738192,E14001353,Manchester Rusholme,79
738192,E14001354,Manchester Withington,161
738192,E14001355,Mansfield,291
738192,E14001356,Melksham and Devizes,282
738192,E14001357,Melton and Syston,393
738192,E14001358,Meriden and Solihull East,246
738192,E14001359,Mid Bedfordshire,431
738192,E14001360,Mid Buckinghamshire,377
738192,E14001361,Mid Cheshire,330
738192,E14001362,Mid Derbyshire,378
738192,E14001363,Mid Dorset and North Poole,300
738192,E14001364,Mid Leicestershire,418
738192,E14001365,Mid Norfolk,586
738192,E14001366,Mid Sussex,264
738192,E14001367,Middlesbrough and Thornaby East,158
738192,E14001368,Middlesbrough South and East Cleveland,311
738192,E14001369,Milton Keynes Central,255
738192,E14001370,Milton Keynes North,250
738192,E14001371,Mitcham and Morden,169
738192,E14001372,Morecambe and Lunesdale,276
738192,E14001373,New Forest East,275
738192,E14001374,New Forest West,324
738192,E14001375,Newark,422
738192,E14001376,Newbury,258
738192,E14001377,Newcastle upon Tyne Central and West,283
738192,E14001378,Newcastle upon Tyne East and Wallsend,222
738192,E14001379,Newcastle upon Tyne North,250
738192,E14001380,Newcastle-under-Lyme,311
738192,E14001381,Newton Abbot,253
738192,E14001382,Newton Aycliffe and Spennymoor,258
738192,E14001383,Normanton and Hemsworth,379
738192,E14001384,North Bedfordshire,412
738192,E14001385,North Cornwall,276
738192,E14001386,North Cotswolds,345
738192,E14001387,North Devon,258
738192,E14001388,North Dorset,307
738192,E14001389,North Durham,308
738192,E14001390,North East Cambridgeshire,289
738192,E14001391,North East Derbyshire,434
738192,E14001392,North East Hampshire,387
738192,E14001393,North East Hertfordshire,393
738192,E14001394,North East Somerset and Hanham,294
738192,E14001395,North Herefordshire,262
738192,E14001396,North Norfolk,587
738192,E14001397,North Northumberland,277
738192,E14001398,North Shropshire,267
738192,E14001399,North Somerset,284
738192,E14001400,North Warwickshire and Bedworth,324
738192,E14001401,North West Cambridgeshire,271
738192,E14001402,North West Essex,401
738192,E14001403,North West Hampshire,310
738192,E14001404,North West Leicestershire,335
738192,E14001405,North West Norfolk,409
738192,E14001406,Northampton North,257
738192,E14001407,Northampton South,305
738192,E14001408,Norwich North,649
738192,E14001409,Norwich South,484
738192,E14001410,Nottingham East,154
738192,E14001411,Nottingham North and Kimberley,269
738192,E14001412,Nottingham South,135
738192,E14001413,Nuneaton,285
738192,E14001414,Old Bexley and Sidcup,268
738192,E14001415,Oldham East and Saddleworth,235
738192,E14001416,"Oldham West, Chadderton and Royton",181
738192,E14001417,Orpington,315
738192,E14001418,Ossett and Denby Dale,308
738192,E14001419,Oxford East,122
738192,E14001420,Oxford West and Abingdon,204
738192,E14001421,Peckham,51
738192,E14001422,Pendle and Clitheroe,278
738192,E14001423,Penistone and Stocksbridge,347
738192,E14001424,Penrith and Solway,316
738192,E14001425,Peterborough,211
738192,E14001426,Plymouth Moor View,233
738192,E14001427,Plymouth Sutton and Devonport,215
738192,E14001428,"Pontefract, Castleford and Knottingley",412
738192,E14001429,Poole,232
738192,E14001430,Poplar and Limehouse,96
738192,E14001431,Portsmouth North,229
738192,E14001432,Portsmouth South,151
738192,E14001433,Preston,201
738192,E14001434,Putney,105
738192,E14001435,Queen's Park and Maida Vale,83
738192,E14001436,Rawmarsh and Conisbrough,334
738192,E14001437,Rayleigh and Wickford,436
738192,E14001438,Reading Central,216
738192,E14001439,Reading West and Mid Berkshire,343
738192,E14001440,Redcar,264
738192,E14001441,Redditch,272
738192,E14001442,Reigate,367
738192,E14001443,Ribble Valley,302
738192,E14001444,Richmond and Northallerton,295
738192,E14001445,Richmond Park,206
738192,E14001446,Rochdale,222
738192,E14001447,Rochester and Strood,268
738192,E14001448,Romford,285
738192,E14001449,Romsey and Southampton North,291
738192,E14001450,Rossendale and Darwen,349
738192,E14001451,Rother Valley,370
738192,E14001452,Rotherham,306
738192,E14001453,Rugby,371
738192,E14001454,"Ruislip, Northwood and Pinner",642
738192,E14001455,Runcorn and Helsby,297
738192,E14001456,Runnymede and Weybridge,373
738192,E14001457,Rushcliffe,284
738192,E14001458,Rutland and Stamford,256
738192,E14001459,Salford,212
738192,E14001460,Salisbury,220
738192,E14001461,Scarborough and Whitby,381
738192,E14001462,Scunthorpe,330
738192,E14001463,Sefton Central,358
738192,E14001464,Selby,444
738192,E14001465,Sevenoaks,349
738192,E14001466,Sheffield Brightside and Hillsborough,293
738192,E14001467,Sheffield Central,136
738192,E14001468,Sheffield Hallam,282
738192,E14001469,Sheffield Heeley,300
738192,E14001470,Sheffield South East,367
738192,E14001471,Sherwood Forest,408
738192,E14001472,Shipley,469
738192,E14001473,Shrewsbury,235
738192,E14001474,Sittingbourne and Sheppey,344
738192,E14001475,Skipton and Ripon,350
738192,E14001476,Sleaford and North Hykeham,271
738192,E14001477,Slough,461
738192,E14001478,Smethwick,258
738192,E14001479,Solihull West and Shirley,340
738192,E14001480,South Basildon and East Thurrock,318
738192,E14001481,South Cambridgeshire,284
738192,E14001482,South Cotswolds,327
738192,E14001483,South Derbyshire,348
738192,E14001484,South Devon,220
738192,E14001485,South Dorset,254
738192,E14001486,South East Cornwall,295
738192,E14001487,South Holland and The Deepings,298
738192,E14001488,South Leicestershire,378
738192,E14001489,South Norfolk,664
738192,E14001490,South Northamptonshire,347
738192,E14001491,South Ribble,426
738192,E14001492,South Shields,282
738192,E14001493,South Shropshire,288
738192,E14001494,South Suffolk,338
738192,E14001495,South West Devon,294
738192,E14001496,South West Hertfordshire,356
738192,E14001497,South West Norfolk,482
738192,E14001498,South West Wiltshire,307
738192,E14001499,Southampton Itchen,232
738192,E14001500,Southampton Test,216
738192,E14001501,Southend East and Rochford,315
738192,E14001502,Southend West and Leigh,364
738192,E14001503,Southgate and Wood Green,121
738192,E14001504,Southport,343
738192,E14001505,Spelthorne,476
738192,E14001506,Spen Valley,332
738192,E14001507,St Albans,199
738192,E14001508,St Austell and Newquay,243
738192,E14001509,St Helens North,323
738192,E14001510,St Helens South and Whiston,258
738192,E14001511,St Ives,230
738192,E14001512,St Neots and Mid Cambridgeshire,221
738192,E14001513,Stafford,306
738192,E14001514,Staffordshire Moorlands,329
738192,E14001515,Stalybridge and Hyde,343
738192,E14001516,Stevenage,235
738192,E14001517,Stockport,308
738192,E14001518,Stockton North,280
738192,E14001519,Stockton West,287
738192,E14001520,Stoke-on-Trent Central,328
738192,E14001521,Stoke-on-Trent North,353
738192,E14001522,Stoke-on-Trent South,374
738192,E14001523,"Stone, Great Wyrley and Penkridge",345
738192,E14001524,Stourbridge,292
738192,E14001525,Stratford and Bow,116
738192,E14001526,Stratford-on-Avon,389
738192,E14001527,Streatham and Croydon North,103
738192,E14001528,Stretford and Urmston,210
738192,E14001529,Stroud,354
738192,E14001530,Suffolk Coastal,326
738192,E14001531,Sunderland Central,243
738192,E14001532,Surrey Heath,320
738192,E14001533,Sussex Weald,292
738192,E14001534,Sutton and Cheam,220
738192,E14001535,Sutton Coldfield,301
738192,E14001536,Swindon North,347
738192,E14001537,Swindon South,300
738192,E14001538,Tamworth,307
738192,E14001539,Tatton,327
738192,E14001540,Taunton and Wellington,241
738192,E14001541,Telford,250
738192,E14001542,Tewkesbury,310
738192,E14001543,The Wrekin,346
738192,E14001544,Thirsk and Malton,335
738192,E14001545,Thornbury and Yate,339
738192,E14001546,Thurrock,221
738192,E14001547,Tipton and Wednesbury,353
738192,E14001548,Tiverton and Minehead,271
738192,E14001549,Tonbridge,362
738192,E14001550,Tooting,97
738192,E14001551,Torbay,224
738192,E14001552,Torridge and Tavistock,303
738192,E14001553,Tottenham,64
738192,E14001554,Truro and Falmouth,186
738192,E14001555,Tunbridge Wells,311
738192,E14001556,Twickenham,387
738192,E14001557,Tynemouth,262
738192,E14001558,Uxbridge and South Ruislip,463
738192,E14001559,Vauxhall and Camberwell Green,47
738192,E14001560,Wakefield and Rothwell,404
738192,E14001561,Wallasey,355
738192,E14001562,Walsall and Bloxwich,197
738192,E14001563,Walthamstow,183
738192,E14001564,Warrington North,311
738192,E14001565,Warrington South,342
738192,E14001566,Warwick and Leamington,325
738192,E14001567,Washington and Gateshead South,304
738192,E14001568,Watford,275
738192,E14001569,Waveney Valley,481
738192,E14001570,Weald of Kent,317
738192,E14001571,Wellingborough and Rushden,363
738192,E14001572,Wells and Mendip Hills,364
738192,E14001573,Welwyn Hatfield,316
738192,E14001574,West Bromwich,324
738192,E14001575,West Dorset,253
738192,E14001576,West Ham and Beckton,115
738192,E14001577,West Lancashire,363
738192,E14001578,West Suffolk,340
738192,E14001579,West Worcestershire,364
738192,E14001580,Westmorland and Lonsdale,255
738192,E14001581,Weston-super-Mare,285
738192,E14001582,Wetherby and Easingwold,375
738192,E14001583,Whitehaven and Workington,431
738192,E14001584,Widnes and Halewood,257
738192,E14001585,Wigan,365
738192,E14001586,Wimbledon,133
738192,E14001587,Winchester,249
738192,E14001588,Windsor,549
738192,E14001589,Wirral West,339
738192,E14001590,Witham,420
738192,E14001591,Witney,295
738192,E14001592,Woking,287
738192,E14001593,Wokingham,379
738192,E14001594,Wolverhampton North East,251
738192,E14001595,Wolverhampton South East,261
738192,E14001596,Wolverhampton West,272
738192,E14001597,Worcester,237
738192,E14001598,Worsley and Eccles,359
738192,E14001599,Worthing West,278
738192,E14001600,Wycombe,275
738192,E14001601,Wyre Forest,371
738192,E14001602,Wythenshawe and Sale East,277
738192,E14001603,Yeovil,254
738192,E14001604,York Central,284
738192,E14001605,York Outer,313
738192,N05000001,Belfast East,110
738192,N05000002,Belfast North,140
738192,N05000003,Belfast South and Mid Down,84
738192,N05000004,Belfast West,69
738192,N05000005,East Antrim,180
738192,N05000006,East Londonderry,58
738192,N05000007,Fermanagh and South Tyrone,43
738192,N05000008,Foyle,33
738192,N05000009,Lagan Valley,132
738192,N05000010,Mid Ulster,52
738192,N05000011,Newry and Armagh,67
738192,N05000012,North Antrim,112
738192,N05000013,North Down,124
738192,N05000014,South Antrim,276
738192,N05000015,South Down,92
738192,N05000016,Strangford,149
738192,N05000017,Upper Bann,123
738192,N05000018,West Tyrone,32
738192,S14000021,East Renfrewshire,135
738192,S14000027,Na h-Eileanan an Iar,27
738192,S14000045,Midlothian,187
738192,S14000048,North Ayrshire and Arran,152
738192,S14000051,Orkney and Shetland,45
738192,S14000060,Aberdeen North,165
738192,S14000061,Aberdeen South,121
738192,S14000062,Aberdeenshire North and Moray East,126
738192,S14000063,Airdrie and Shotts,134
738192,S14000064,Alloa and Grangemouth,137
738192,S14000065,Angus and Perthshire Glens,207
738192,S14000066,Arbroath and Broughty Ferry,139
738192,S14000067,"Argyll, Bute and South Lochaber",173
738192,S14000068,Bathgate and Linlithgow,142
738192,S14000069,"Caithness, Sutherland and Easter Ross",162
738192,S14000070,Coatbridge and Bellshill,129
738192,S14000071,Cowdenbeath and Kirkcaldy,147
738192,S14000072,Cumbernauld and Kirkintilloch,163
738192,S14000073,Dumfries and Galloway,162
738192,S14000074,"Dumfriesshire, Clydesdale and Tweeddale",213
738192,S14000075,Dundee Central,109
738192,S14000076,Dunfermline and Dollar,145
738192,S14000077,East Kilbride and Strathaven,208
738192,S14000078,Edinburgh East and Musselburgh,100
738192,S14000079,Edinburgh North and Leith,111
738192,S14000080,Edinburgh South,87
738192,S14000081,Edinburgh South West,90
738192,S14000082,Edinburgh West,96
738192,S14000083,Falkirk,141
738192,S14000084,Glasgow East,124
738192,S14000085,Glasgow North,140
738192,S14000086,Glasgow North East,122
738192,S14000087,Glasgow South,160
738192,S14000088,Glasgow South West,144
738192,S14000089,Glasgow West,131
738192,S14000090,Glenrothes and Mid Fife,127
738192,S14000091,Gordon and Buchan,134
738192,S14000092,Hamilton and Clyde Valley,147
738192,S14000093,Inverclyde and Renfrewshire West,93
738192,S14000094,"Inverness, Skye and West Ross-shire",140
738192,S14000095,Livingston,156
738192,S14000096,Lothian East,130
738192,S14000097,Mid Dunbartonshire,179
738192,S14000098,"Moray West, Nairn and Strathspey",138
738192,S14000099,"Motherwell, Wishaw and Carluke",144
738192,S14000100,North East Fife,128
738192,S14000101,Paisley and Renfrewshire North,216
738192,S14000102,Paisley and Renfrewshire South,184
738192,S14000103,Perth and Kinross-shire,154
738192,S14000104,Rutherglen,187
738192,S14000105,Stirling and Strathallan,135
738192,S14000106,West Dunbartonshire,231
738192,S14000107,"Ayr, Carrick and Cumnock",125
738192,S14000108,"Berwickshire, Roxburgh and Selkirk",170
738192,S14000109,Central Ayrshire,144
738192,S14000110,Kilmarnock and Loudoun,169
738192,S14000111,West Aberdeenshire and Kincardine,141
738192,W07000081,Aberafan Maesteg,254
738192,W07000082,Alyn and Deeside,364
738192,W07000083,Bangor Aberconwy,232
738192,W07000084,Blaenau Gwent and Rhymney,233
738192,W07000085,"Brecon, Radnor and Cwm Tawe",295
738192,W07000086,Bridgend,230
738192,W07000087,Caerfyrddin,276
738192,W07000088,Caerphilly,297
738192,W07000089,Cardiff East,207
738192,W07000090,Cardiff North,289
738192,W07000091,Cardiff South and Penarth,167
738192,W07000092,Cardiff West,223
738192,W07000093,Ceredigion Preseli,256
738192,W07000094,Clwyd East,345
738192,W07000095,Clwyd North,305
738192,W07000096,Dwyfor Meirionnydd,165
738192,W07000097,Gower,293
738192,W07000098,Llanelli,272
738192,W07000099,Merthyr Tydfil and Aberdare,229
738192,W07000100,Mid and South Pembrokeshire,227
738192,W07000101,Monmouthshire,359
738192,W07000102,Montgomeryshire and Glyndŵr,251
738192,W07000103,Neath and Swansea East,243
738192,W07000104,Newport East,239
738192,W07000105,Newport West and Islwyn,275
738192,W07000106,Pontypridd,260
738192,W07000107,Rhondda and Ogmore,223
738192,W07000108,Swansea West,231
738192,W07000109,Torfaen,327
738192,W07000110,Vale of Glamorgan,307
738192,W07000111,Wrexham,268
738192,W07000112,Ynys Môn,210
744215,E14001063,Aldershot,191
744215,E14001064,Aldridge-Brownhills,83
744215,E14001065,Altrincham and Sale West,214
744215,E14001066,Amber Valley,167
744215,E14001067,Arundel and South Downs,217
744215,E14001068,Ashfield,108
744215,E14001069,Ashford,154
744215,E14001070,Ashton-under-Lyne,109
744215,E14001071,Aylesbury,205
744215,E14001072,Banbury,205
744215,E14001073,Barking,35
744215,E14001074,Barnsley North,133
744215,E14001075,Barnsley South,97
744215,E14001076,Barrow and Furness,189
744215,E14001077,Basildon and Billericay,99
744215,E14001078,Basingstoke,173
744215,E14001079,Bassetlaw,136
744215,E14001080,Bath,345
744215,E14001081,Battersea,157
744215,E14001082,Beaconsfield,159
744215,E14001083,Beckenham and Penge,268
744215,E14001084,Bedford,143
744215,E14001085,Bermondsey and Old Southwark,180
744215,E14001086,Bethnal Green and Stepney,143
744215,E14001087,Beverley and Holderness,189
744215,E14001088,Bexhill and Battle,187
744215,E14001089,Bexleyheath and Crayford,97
744215,E14001090,Bicester and Woodstock,211
744215,E14001091,Birkenhead,165
744215,E14001092,Birmingham Edgbaston,116
744215,E14001093,Birmingham Erdington,93
744215,E14001094,Birmingham Hall Green and Moseley,161
744215,E14001095,Birmingham Hodge Hill and Solihull North,38
744215,E14001096,Birmingham Ladywood,59
744215,E14001097,Birmingham Northfield,134
744215,E14001098,Birmingham Perry Barr,38
744215,E14001099,Birmingham Selly Oak,166
744215,E14001100,Birmingham Yardley,50
744215,E14001101,Bishop Auckland,167
744215,E14001102,Blackburn,56
744215,E14001103,Blackley and Middleton South,99
744215,E14001104,Blackpool North and Fleetwood,147
744215,E14001105,Blackpool South,134
744215,E14001106,Blaydon and Consett,200
744215,E14001107,Blyth and Ashington,151
744215,E14001108,Bognor Regis and Littlehampton,174
744215,E14001109,Bolsover,140
744215,E14001110,Bolton North East,125
744215,E14001111,Bolton South and Walkden,78
744215,E14001112,Bolton West,138
744215,E14001113,Bootle,165
744215,E14001114,Boston and Skegness,124
744215,E14001115,Bournemouth East,188
744215,E14001116,Bournemouth West,167
744215,E14001117,Bracknell,181
744215,E14001118,Bradford East,70
744215,E14001119,Bradford South,86
744215,E14001120,Bradford West,60
744215,E14001121,Braintree,153
744215,E14001122,Brent East,89
744215,E14001123,Brent West,53
744215,E14001124,Brentford and Isleworth,140
744215,E14001125,Brentwood and Ongar,118
744215,E14001126,Bridgwater,118
744215,E14001127,Bridlington and The Wolds,154
744215,E14001128,Brigg and Immingham,130
744215,E14001129,Brighton Kemptown and Peacehaven,297
744215,E14001130,Brighton Pavilion,422
744215,E14001131,Bristol Central,233
744215,E14001132,Bristol East,271
744215,E14001133,Bristol North East,206
744215,E14001134,Bristol North West,228
744215,E14001135,Bristol South,191
744215,E14001136,Broadland and Fakenham,180
744215,E14001137,Bromley and Biggin Hill,173
744215,E14001138,Bromsgrove,173
744215,E14001139,Broxbourne,100
744215,E14001140,Broxtowe,230
744215,E14001141,Buckingham and Bletchley,169
744215,E14001142,Burnley,103
744215,E14001143,Burton and Uttoxeter,129
744215,E14001144,Bury North,154
744215,E14001145,Bury South,181
744215,E14001146,Bury St Edmunds and Stowmarket,174
744215,E14001147,Calder Valley,257
744215,E14001148,Camborne and Redruth,206
744215,E14001149,Cambridge,350
744215,E14001150,Cannock Chase,107
744215,E14001151,Canterbury,282
744215,E14001152,Carlisle,171
744215,E14001153,Carshalton and Wallington,145
744215,E14001154,Castle Point,86
744215,E14001155,Central Devon,280
744215,E14001156,Central Suffolk and North Ipswich,138
744215,E14001157,Chatham and Aylesford,129
744215,E14001158,Cheadle,223
744215,E14001159,Chelmsford,160
744215,E14001160,Chelsea and Fulham,127
744215,E14001161,Cheltenham,282
744215,E14001162,Chesham and Amersham,187
744215,E14001163,Chester North and Neston,234
744215,E14001164,Chester South and Eddisbury,213
744215,E14001165,Chesterfield,168
744215,E14001166,Chichester,203
744215,E14001167,Chingford and Woodford Green,132
744215,E14001168,Chippenham,203
744215,E14001169,Chipping Barnet,172
744215,E14001170,Chorley,183
744215,E14001171,Christchurch,143
744215,E14001172,Cities of London and Westminster,177
744215,E14001173,City of Durham,238
744215,E14001174,Clacton,128
744215,E14001175,Clapham and Brixton Hill,178
744215,E14001176,Colchester,205
744215,E14001177,Colne Valley,220
744215,E14001178,Congleton,204
744215,E14001179,Corby and East Northamptonshire,177
744215,E14001180,Coventry East,59
744215,E14001181,Coventry North West,142
744215,E14001182,Coventry South,132
744215,E14001183,Cramlington and Killingworth,163
744215,E14001184,Crawley,145
744215,E14001185,Crewe and Nantwich,190
744215,E14001186,Croydon East,130
744215,E14001187,Croydon South,166
744215,E14001188,Croydon West,100
744215,E14001189,Dagenham and Rainham,58
744215,E14001190,Darlington,168
744215,E14001191,Dartford,110
744215,E14001192,Daventry,208
744215,E14001193,Derby North,152
744215,E14001194,Derby South,88
744215,E14001195,Derbyshire Dales,227
744215,E14001196,Dewsbury and Batley,64
744215,E14001197,Didcot and Wantage,258
744215,E14001198,Doncaster Central,136
744215,E14001199,Doncaster East and the Isle of Axholme,109
744215,E14001200,Doncaster North,133
744215,E14001201,Dorking and Horley,208
744215,E14001202,Dover and Deal,201
744215,E14001203,Droitwich and Evesham,199
744215,E14001204,Dudley,74
744215,E14001205,Dulwich and West Norwood,206
744215,E14001206,Dunstable and Leighton Buzzard,183
744215,E14001207,Ealing Central and Acton,196
744215,E14001208,Ealing North,93
744215,E14001209,Ealing Southall,129
744215,E14001210,Earley and Woodley,149
744215,E14001211,Easington,100
744215,E14001212,East Grinstead and Uckfield,223
744215,E14001213,East Ham,57
744215,E14001214,East Hampshire,221
744215,E14001215,East Surrey,171
744215,E14001216,East Thanet,228
744215,E14001217,East Wiltshire,185
744215,E14001218,East Worthing and Shoreham,240
744215,E14001219,Eastbourne,194
744215,E14001220,Eastleigh,185
744215,E14001221,Edmonton and Winchmore Hill,71
744215,E14001222,Ellesmere Port and Bromborough,132
744215,E14001223,Eltham and Chislehurst,184
744215,E14001224,Ely and East Cambridgeshire,271
744215,E14001225,Enfield North,89
744215,E14001226,Epping Forest,129
744215,E14001227,Epsom and Ewell,207
744215,E14001228,Erewash,142
744215,E14001229,Erith and Thamesmead,114
744215,E14001230,Esher and Walton,244
744215,E14001231,Exeter,288
744215,E14001232,Exmouth and Exeter East,228
744215,E14001233,Fareham and Waterlooville,153
744215,E14001234,Farnham and Bordon,253
744215,E14001235,Faversham and Mid Kent,238
744215,E14001236,Feltham and Heston,57
744215,E14001237,Filton and Bradley Stoke,200
744215,E14001238,Finchley and Golders Green,147
744215,E14001239,Folkestone and Hythe,183
744215,E14001240,Forest of Dean,209
744215,E14001241,Frome and East Somerset,236
744215,E14001242,Fylde,208
744215,E14001243,Gainsborough,202
744215,E14001244,Gateshead Central and Whickham,174
744215,E14001245,Gedling,206
744215,E14001246,Gillingham and Rainham,112
744215,E14001247,Glastonbury and Somerton,182
744215,E14001248,Gloucester,177
744215,E14001249,Godalming and Ash,177
744215,E14001250,Goole and Pocklington,197
744215,E14001251,Gorton and Denton,119
744215,E14001252,Gosport,168
744215,E14001253,Grantham and Bourne,185
744215,E14001254,Gravesham,98
744215,E14001255,Great Grimsby and Cleethorpes,105
744215,E14001256,Great Yarmouth,112
744215,E14001257,Greenwich and Woolwich,208
744215,E14001258,Guildford,182
744215,E14001259,Hackney North and Stoke Newington,159
744215,E14001260,Hackney South and Shoreditch,157
744215,E14001261,Halesowen,67
744215,E14001262,Halifax,130
744215,E14001263,Hamble Valley,204
744215,E14001264,Hammersmith and Chiswick,212
744215,E14001265,Hampstead and Highgate,206
744215,E14001266,"Harborough, Oadby and Wigston",170
744215,E14001267,Harlow,114
744215,E14001268,Harpenden and Berkhamsted,237
744215,E14001269,Harrogate and Knaresborough,233
744215,E14001270,Harrow East,39
744215,E14001271,Harrow West,89
744215,E14001272,Hartlepool,120
744215,E14001273,Harwich and North Essex,199
744215,E14001274,Hastings and Rye,307
744215,E14001275,Havant,124
744215,E14001276,Hayes and Harlington,47
744215,E14001277,Hazel Grove,186
744215,E14001278,Hemel Hempstead,144
744215,E14001279,Hendon,82
744215,E14001280,Henley and Thame,211
744215,E14001281,Hereford and South Herefordshire,192
744215,E14001282,Herne Bay and Sandwich,188
744215,E14001283,Hertford and Stortford,257
744215,E14001284,Hertsmere,103
744215,E14001285,Hexham,250
744215,E14001286,Heywood and Middleton North,94
744215,E14001287,High Peak,293
744215,E14001288,Hinckley and Bosworth,144
744215,E14001289,Hitchin,225
744215,E14001290,Holborn and St Pancras,178
744215,E14001291,Honiton and Sidmouth,218
744215,E14001292,Hornchurch and Upminster,105
744215,E14001293,Hornsey and Friern Barnet,259
744215,E14001294,Horsham,218
744215,E14001295,Houghton and Sunderland South,141
744215,E14001296,Hove and Portslade,360
744215,E14001297,Huddersfield,128
744215,E14001298,Huntingdon,203
744215,E14001299,Hyndburn,103
744215,E14001300,Ilford North,53
744215,E14001301,Ilford South,49
744215,E14001302,Ipswich,186
744215,E14001303,Isle of Wight East,137
744215,E14001304,Isle of Wight West,135
744215,E14001305,Islington North,254
744215,E14001306,Islington South and Finsbury,189
744215,E14001307,Jarrow and Gateshead East,137
744215,E14001308,Keighley and Ilkley,218
744215,E14001309,Kenilworth and Southam,218
744215,E14001310,Kensington and Bayswater,172
744215,E14001311,Kettering,127
744215,E14001312,Kingston and Surbiton,264
744215,E14001313,Kingston upon Hull East,111
744215,E14001314,Kingston upon Hull North and Cottingham,186
744215,E14001315,Kingston upon Hull West and Haltemprice,125
744215,E14001316,Kingswinford and South Staffordshire,104
744215,E14001317,Knowsley,131
744215,E14001318,Lancaster and Wyre,192
744215,E14001319,Leeds Central and Headingley,166
744215,E14001320,Leeds East,134
744215,E14001321,Leeds North East,235
744215,E14001322,Leeds North West,226
744215,E14001323,Leeds South,101
744215,E14001324,Leeds South West and Morley,166
744215,E14001325,Leeds West and Pudsey,175
744215,E14001326,Leicester East,29
744215,E14001327,Leicester South,126
744215,E14001328,Leicester West,123
744215,E14001329,Leigh and Atherton,143
744215,E14001330,Lewes,282
744215,E14001331,Lewisham East,156
744215,E14001332,Lewisham North,205
744215,E14001333,Lewisham West and East Dulwich,255
744215,E14001334,Leyton and Wanstead,194
744215,E14001335,Lichfield,171
744215,E14001336,Lincoln,231
744215,E14001337,Liverpool Garston,219
744215,E14001338,Liverpool Riverside,157
744215,E14001339,Liverpool Walton,128
744215,E14001340,Liverpool Wavertree,257
744215,E14001341,Liverpool West Derby,152
744215,E14001342,Loughborough,151
744215,E14001343,Louth and Horncastle,155
744215,E14001344,Lowestoft,133
744215,E14001345,Luton North,63
744215,E14001346,Luton South and South Bedfordshire,89
744215,E14001347,Macclesfield,222
744215,E14001348,Maidenhead,196
744215,E14001349,Maidstone and Malling,187
744215,E14001350,Makerfield,143
744215,E14001351,Maldon,133
744215,E14001352,Manchester Central,152
744215,E14001353,Manchester Rusholme,119
744215,E14001354,Manchester Withington,271
744215,E14001355,Mansfield,123
744215,E14001356,Melksham and Devizes,233
744215,E14001357,Melton and Syston,148
744215,E14001358,Meriden and Solihull East,123
744215,E14001359,Mid Bedfordshire,156
744215,E14001360,Mid Buckinghamshire,178
744215,E14001361,Mid Cheshire,162
744215,E14001362,Mid Derbyshire,209
744215,E14001363,Mid Dorset and North Poole,178
744215,E14001364,Mid Leicestershire,138
744215,E14001365,Mid Norfolk,160
744215,E14001366,Mid Sussex,242
744215,E14001367,Middlesbrough and Thornaby East,98
744215,E14001368,Middlesbrough South and East Cleveland,128
744215,E14001369,Milton Keynes Central,199
744215,E14001370,Milton Keynes North,203
744215,E14001371,Mitcham and Morden,132
744215,E14001372,Morecambe and Lunesdale,168
744215,E14001373,New Forest East,163
744215,E14001374,New Forest West,127
744215,E14001375,Newark,208
744215,E14001376,Newbury,219
744215,E14001377,Newcastle upon Tyne Central and West,114
744215,E14001378,Newcastle upon Tyne East and Wallsend,206
744215,E14001379,Newcastle upon Tyne North,269
744215,E14001380,Newcastle-under-Lyme,154
744215,E14001381,Newton Abbot,214
744215,E14001382,Newton Aycliffe and Spennymoor,169
744215,E14001383,Normanton and Hemsworth,113
744215,E14001384,North Bedfordshire,179
744215,E14001385,North Cornwall,199
744215,E14001386,North Cotswolds,220
744215,E14001387,North Devon,221
744215,E14001388,North Dorset,176
744215,E14001389,North Durham,188
744215,E14001390,North East Cambridgeshire,94
744215,E14001391,North East Derbyshire,146
744215,E14001392,North East Hampshire,222
744215,E14001393,North East Hertfordshire,228
744215,E14001394,North East Somerset and Hanham,201
744215,E14001395,North Herefordshire,224
744215,E14001396,North Norfolk,190
744215,E14001397,North Northumberland,235
744215,E14001398,North Shropshire,199
744215,E14001399,North Somerset,246
744215,E14001400,North Warwickshire and Bedworth,113
744215,E14001401,North West Cambridgeshire,146
744215,E14001402,North West Essex,221
744215,E14001403,North West Hampshire,168
744215,E14001404,North West Leicestershire,164
744215,E14001405,North West Norfolk,134
744215,E14001406,Northampton North,166
744215,E14001407,Northampton South,141
744215,E14001408,Norwich North,189
744215,E14001409,Norwich South,278
744215,E14001410,Nottingham East,205
744215,E14001411,Nottingham North and Kimberley,109
744215,E14001412,Nottingham South,115
744215,E14001413,Nuneaton,141
744215,E14001414,Old Bexley and Sidcup,128
744215,E14001415,Oldham East and Saddleworth,122
744215,E14001416,"Oldham West, Chadderton and Royton",83
744215,E14001417,Orpington,145
744215,E14001418,Ossett and Denby Dale,163
744215,E14001419,Oxford East,235
744215,E14001420,Oxford West and Abingdon,265
744215,E14001421,Peckham,119
744215,E14001422,Pendle and Clitheroe,148
744215,E14001423,Penistone and Stocksbridge,143
744215,E14001424,Penrith and Solway,205
744215,E14001425,Peterborough,127
744215,E14001426,Plymouth Moor View,124
744215,E14001427,Plymouth Sutton and Devonport,252
744215,E14001428,"Pontefract, Castleford and Knottingley",126
744215,E14001429,Poole,158
744215,E14001430,Poplar and Limehouse,169
744215,E14001431,Portsmouth North,180
744215,E14001432,Portsmouth South,213
744215,E14001433,Preston,136
744215,E14001434,Putney,194
744215,E14001435,Queen's Park and Maida Vale,160
744215,E14001436,Rawmarsh and Conisbrough,127
744215,E14001437,Rayleigh and Wickford,108
744215,E14001438,Reading Central,219
744215,E14001439,Reading West and Mid Berkshire,197
744215,E14001440,Redcar,151
744215,E14001441,Redditch,111
744215,E14001442,Reigate,209
744215,E14001443,Ribble Valley,200
744215,E14001444,Richmond and Northallerton,180
744215,E14001445,Richmond Park,266
744215,E14001446,Rochdale,79
744215,E14001447,Rochester and Strood,136
744215,E14001448,Romford,99
744215,E14001449,Romsey and Southampton North,192
744215,E14001450,Rossendale and Darwen,152
744215,E14001451,Rother Valley,126
744215,E14001452,Rotherham,104
744215,E14001453,Rugby,158
744215,E14001454,"Ruislip, Northwood and Pinner",133
744215,E14001455,Runcorn and Helsby,199
744215,E14001456,Runnymede and Weybridge,178
744215,E14001457,Rushcliffe,263
744215,E14001458,Rutland and Stamford,149
744215,E14001459,Salford,171
744215,E14001460,Salisbury,231
744215,E14001461,Scarborough and Whitby,184
744215,E14001462,Scunthorpe,123
744215,E14001463,Sefton Central,211
744215,E14001464,Selby,188
744215,E14001465,Sevenoaks,187
744215,E14001466,Sheffield Brightside and Hillsborough,121
744215,E14001467,Sheffield Central,250
744215,E14001468,Sheffield Hallam,322
744215,E14001469,Sheffield Heeley,217
744215,E14001470,Sheffield South East,128
744215,E14001471,Sherwood Forest,156
744215,E14001472,Shipley,245
744215,E14001473,Shrewsbury,247
744215,E14001474,Sittingbourne and Sheppey,122
744215,E14001475,Skipton and Ripon,241
744215,E14001476,Sleaford and North Hykeham,189
744215,E14001477,Slough,63
744215,E14001478,Smethwick,81
744215,E14001479,Solihull West and Shirley,101
744215,E14001480,South Basildon and East Thurrock,92
744215,E14001481,South Cambridgeshire,277
744215,E14001482,South Cotswolds,199
744215,E14001483,South Derbyshire,140
744215,E14001484,South Devon,247
744215,E14001485,South Dorset,225
744215,E14001486,South East Cornwall,244
744215,E14001487,South Holland and The Deepings,141
744215,E14001488,South Leicestershire,166
744215,E14001489,South Norfolk,192
744215,E14001490,South Northamptonshire,192
744215,E14001491,South Ribble,181
744215,E14001492,South Shields,147
744215,E14001493,South Shropshire,232
744215,E14001494,South Suffolk,168
744215,E14001495,South West Devon,190
744215,E14001496,South West Hertfordshire,153
744215,E14001497,South West Norfolk,132
744215,E14001498,South West Wiltshire,167
744215,E14001499,Southampton Itchen,178
744215,E14001500,Southampton Test,160
744215,E14001501,Southend East and Rochford,138
744215,E14001502,Southend West and Leigh,149
744215,E14001503,Southgate and Wood Green,154
744215,E14001504,Southport,194
744215,E14001505,Spelthorne,142
744215,E14001506,Spen Valley,117
744215,E14001507,St Albans,229
744215,E14001508,St Austell and Newquay,162
744215,E14001509,St Helens North,162
744215,E14001510,St Helens South and Whiston,160
744215,E14001511,St Ives,239
744215,E14001512,St Neots and Mid Cambridgeshire,290
744215,E14001513,Stafford,166
744215,E14001514,Staffordshire Moorlands,170
744215,E14001515,Stalybridge and Hyde,136
744215,E14001516,Stevenage,130
744215,E14001517,Stockport,224
744215,E14001518,Stockton North,127
744215,E14001519,Stockton West,184
744215,E14001520,Stoke-on-Trent Central,134
744215,E14001521,Stoke-on-Trent North,116
744215,E14001522,Stoke-on-Trent South,126
744215,E14001523,"Stone, Great Wyrley and Penkridge",131
744215,E14001524,Stourbridge,102
744215,E14001525,Stratford and Bow,168
744215,E14001526,Stratford-on-Avon,217
744215,E14001527,Streatham and Croydon North,193
744215,E14001528,Stretford and Urmston,169
744215,E14001529,Stroud,301
744215,E14001530,Suffolk Coastal,189
744215,E14001531,Sunderland Central,182
744215,E14001532,Surrey Heath,170
744215,E14001533,Sussex Weald,214
744215,E14001534,Sutton and Cheam,132
744215,E14001535,Sutton Coldfield,141
744215,E14001536,Swindon North,144
744215,E14001537,Swindon South,199
744215,E14001538,Tamworth,117
744215,E14001539,Tatton,207
744215,E14001540,Taunton and Wellington,185
744215,E14001541,Telford,163
744215,E14001542,Tewkesbury,208
744215,E14001543,The Wrekin,176
744215,E14001544,Thirsk and Malton,158
744215,E14001545,Thornbury and Yate,202
744215,E14001546,Thurrock,57
744215,E14001547,Tipton and Wednesbury,37
744215,E14001548,Tiverton and Minehead,202
744215,E14001549,Tonbridge,192
744215,E14001550,Tooting,210
744215,E14001551,Torbay,161
744215,E14001552,Torridge and Tavistock,217
744215,E14001553,Tottenham,138
744215,E14001554,Truro and Falmouth,231
744215,E14001555,Tunbridge Wells,239
744215,E14001556,Twickenham,295
744215,E14001557,Tynemouth,268
744215,E14001558,Uxbridge and South Ruislip,135
744215,E14001559,Vauxhall and Camberwell Green,166
744215,E14001560,Wakefield and Rothwell,156
744215,E14001561,Wallasey,204
744215,E14001562,Walsall and Bloxwich,57
744215,E14001563,Walthamstow,204
744215,E14001564,Warrington North,153
744215,E14001565,Warrington South,199
744215,E14001566,Warwick and Leamington,238
744215,E14001567,Washington and Gateshead South,110
744215,E14001568,Watford,120
744215,E14001569,Waveney Valley,197
744215,E14001570,Weald of Kent,200
744215,E14001571,Wellingborough and Rushden,145
744215,E14001572,Wells and Mendip Hills,247
744215,E14001573,Welwyn Hatfield,181
744215,E14001574,West Bromwich,41
744215,E14001575,West Dorset,247
744215,E14001576,West Ham and Beckton,78
744215,E14001577,West Lancashire,168
744215,E14001578,West Suffolk,167
744215,E14001579,West Worcestershire,256
744215,E14001580,Westmorland and Lonsdale,208
744215,E14001581,Weston-super-Mare,186
744215,E14001582,Wetherby and Easingwold,182
744215,E14001583,Whitehaven and Workington,146
744215,E14001584,Widnes and Halewood,144
744215,E14001585,Wigan,162
744215,E14001586,Wimbledon,209
744215,E14001587,Winchester,245
744215,E14001588,Windsor,169
744215,E14001589,Wirral West,246
744215,E14001590,Witham,158
744215,E14001591,Witney,187
744215,E14001592,Woking,203
744215,E14001593,Wokingham,228
744215,E14001594,Wolverhampton North East,67
744215,E14001595,Wolverhampton South East,45
744215,E14001596,Wolverhampton West,114
744215,E14001597,Worcester,199
744215,E14001598,Worsley and Eccles,187
744215,E14001599,Worthing West,226
744215,E14001600,Wycombe,151
744215,E14001601,Wyre Forest,145
744215,E14001602,Wythenshawe and Sale East,170
744215,E14001603,Yeovil,172
744215,E14001604,York Central,305
744215,E14001605,York Outer,231
744215,N05000001,Belfast East,93
744215,N05000002,Belfast North,57
744215,N05000003,Belfast South and Mid Down,110
744215,N05000004,Belfast West,34
744215,N05000005,East Antrim,54
744215,N05000006,East Londonderry,46
744215,N05000007,Fermanagh and South Tyrone,32
744215,N05000008,Foyle,40
744215,N05000009,Lagan Valley,67
744215,N05000010,Mid Ulster,22
744215,N05000011,Newry and Armagh,29
744215,N05000012,North Antrim,33
744215,N05000013,North Down,106
744215,N05000014,South Antrim,57
744215,N05000015,South Down,49
744215,N05000016,Strangford,52
744215,N05000017,Upper Bann,29
744215,N05000018,West Tyrone,33
744215,S14000021,East Renfrewshire,152
744215,S14000027,Na h-Eileanan an Iar,37
744215,S14000045,Midlothian,134
744215,S14000048,North Ayrshire and Arran,129
744215,S14000051,Orkney and Shetland,100
744215,S14000060,Aberdeen North,128
744215,S14000061,Aberdeen South,160
744215,S14000062,Aberdeenshire North and Moray East,94
744215,S14000063,Airdrie and Shotts,57
744215,S14000064,Alloa and Grangemouth,145
744215,S14000065,Angus and Perthshire Glens,167
744215,S14000066,Arbroath and Broughty Ferry,133
744215,S14000067,"Argyll, Bute and South Lochaber",227
744215,S14000068,Bathgate and Linlithgow,153
744215,S14000069,"Caithness, Sutherland and Easter Ross",195
744215,S14000070,Coatbridge and Bellshill,82
744215,S14000071,Cowdenbeath and Kirkcaldy,151
744215,S14000072,Cumbernauld and Kirkintilloch,123
744215,S14000073,Dumfries and Galloway,170
744215,S14000074,"Dumfriesshire, Clydesdale and Tweeddale",180
744215,S14000075,Dundee Central,140
744215,S14000076,Dunfermline and Dollar,173
744215,S14000077,East Kilbride and Strathaven,108
744215,S14000078,Edinburgh East and Musselburgh,217
744215,S14000079,Edinburgh North and Leith,295
744215,S14000080,Edinburgh South,240
744215,S14000081,Edinburgh South West,169
744215,S14000082,Edinburgh West,219
744215,S14000083,Falkirk,111
744215,S14000084,Glasgow East,93
744215,S14000085,Glasgow North,166
744215,S14000086,Glasgow North East,93
744215,S14000087,Glasgow South,147
744215,S14000088,Glasgow South West,117
744215,S14000089,Glasgow West,170
744215,S14000090,Glenrothes and Mid Fife,91
744215,S14000091,Gordon and Buchan,136
744215,S14000092,Hamilton and Clyde Valley,97
744215,S14000093,Inverclyde and Renfrewshire West,114
744215,S14000094,"Inverness, Skye and West Ross-shire",168
744215,S14000095,Livingston,149
744215,S14000096,Lothian East,205
744215,S14000097,Mid Dunbartonshire,168
744215,S14000098,"Moray West, Nairn and Strathspey",158
744215,S14000099,"Motherwell, Wishaw and Carluke",89
744215,S14000100,North East Fife,199
744215,S14000101,Paisley and Renfrewshire North,104
744215,S14000102,Paisley and Renfrewshire South,136
744215,S14000103,Perth and Kinross-shire,197
744215,S14000104,Rutherglen,117
744215,S14000105,Stirling and Strathallan,205
744215,S14000106,West Dunbartonshire,92
744215,S14000107,"Ayr, Carrick and Cumnock",112
744215,S14000108,"Berwickshire, Roxburgh and Selkirk",232
744215,S14000109,Central Ayrshire,100
744215,S14000110,Kilmarnock and Loudoun,104
744215,S14000111,West Aberdeenshire and Kincardine,163
744215,W07000081,Aberafan Maesteg,182
744215,W07000082,Alyn and Deeside,212
744215,W07000083,Bangor Aberconwy,328
744215,W07000084,Blaenau Gwent and Rhymney,148
744215,W07000085,"Brecon, Radnor and Cwm Tawe",299
744215,W07000086,Bridgend,197
744215,W07000087,Caerfyrddin,308
744215,W07000088,Caerphilly,250
744215,W07000089,Cardiff East,265
744215,W07000090,Cardiff North,333
744215,W07000091,Cardiff South and Penarth,315
744215,W07000092,Cardiff West,386
744215,W07000093,Ceredigion Preseli,445
744215,W07000094,Clwyd East,259
744215,W07000095,Clwyd North,216
744215,W07000096,Dwyfor Meirionnydd,444
744215,W07000097,Gower,324
744215,W07000098,Llanelli,246
744215,W07000099,Merthyr Tydfil and Aberdare,208
744215,W07000100,Mid and South Pembrokeshire,251
744215,W07000101,Monmouthshire,295
744215,W07000102,Montgomeryshire and Glyndŵr,274
744215,W07000103,Neath and Swansea East,191
744215,W07000104,Newport East,179
744215,W07000105,Newport West and Islwyn,211
744215,W07000106,Pontypridd,237
744215,W07000107,Rhondda and Ogmore,186
744215,W07000108,Swansea West,248
744215,W07000109,Torfaen,155
744215,W07000110,Vale of Glamorgan,258
744215,W07000111,Wrexham,192
744215,W07000112,Ynys Môn,212
746363,E14001063,Aldershot,539
746363,E14001064,Aldridge-Brownhills,108
746363,E14001065,Altrincham and Sale West,238
746363,E14001066,Amber Valley,108
746363,E14001067,Arundel and South Downs,54
746363,E14001068,Ashfield,213
746363,E14001069,Ashford,426
746363,E14001070,Ashton-under-Lyne,429
746363,E14001071,Aylesbury,491
746363,E14001072,Banbury,298
746363,E14001073,Barking,2076
746363,E14001074,Barnsley North,158
746363,E14001075,Barnsley South,210
746363,E14001076,Barrow and Furness,95
746363,E14001077,Basildon and Billericay,269
746363,E14001078,Basingstoke,423
746363,E14001079,Bassetlaw,241
746363,E14001080,Bath,167
746363,E14001081,Battersea,138
746363,E14001082,Beaconsfield,172
746363,E14001083,Beckenham and Penge,219
746363,E14001084,Bedford,730
746363,E14001085,Bermondsey and Old Southwark,205
746363,E14001086,Bethnal Green and Stepney,1468
746363,E14001087,Beverley and Holderness,51
746363,E14001088,Bexhill and Battle,151
746363,E14001089,Bexleyheath and Crayford,375
746363,E14001090,Bicester and Woodstock,230
746363,E14001091,Birkenhead,356
746363,E14001092,Birmingham Edgbaston,763
746363,E14001093,Birmingham Erdington,722
746363,E14001094,Birmingham Hall Green and Moseley,976
746363,E14001095,Birmingham Hodge Hill and Solihull North,650
746363,E14001096,Birmingham Ladywood,1694
746363,E14001097,Birmingham Northfield,317
746363,E14001098,Birmingham Perry Barr,1223
746363,E14001099,Birmingham Selly Oak,369
746363,E14001100,Birmingham Yardley,969
746363,E14001101,Bishop Auckland,44
746363,E14001102,Blackburn,743
746363,E14001103,Blackley and Middleton South,747
746363,E14001104,Blackpool North and Fleetwood,73
746363,E14001105,Blackpool South,403
746363,E14001106,Blaydon and Consett,56
746363,E14001107,Blyth and Ashington,182
746363,E14001108,Bognor Regis and Littlehampton,224
746363,E14001109,Bolsover,129
746363,E14001110,Bolton North East,783
746363,E14001111,Bolton South and Walkden,968
746363,E14001112,Bolton West,291
746363,E14001113,Bootle,220
746363,E14001114,Boston and Skegness,216
746363,E14001115,Bournemouth East,507
746363,E14001116,Bournemouth West,578
746363,E14001117,Bracknell,258
746363,E14001118,Bradford East,766
746363,E14001119,Bradford South,412
746363,E14001120,Bradford West,1026
746363,E14001121,Braintree,199
746363,E14001122,Brent East,918
746363,E14001123,Brent West,2455
746363,E14001124,Brentford and Isleworth,1358
746363,E14001125,Brentwood and Ongar,190
746363,E14001126,Bridgwater,223
746363,E14001127,Bridlington and The Wolds,71
746363,E14001128,Brigg and Immingham,35
746363,E14001129,Brighton Kemptown and Peacehaven,203
746363,E14001130,Brighton Pavilion,316
746363,E14001131,Bristol Central,168
746363,E14001132,Bristol East,435
746363,E14001133,Bristol North East,530
746363,E14001134,Bristol North West,407
746363,E14001135,Bristol South,257
746363,E14001136,Broadland and Fakenham,69
746363,E14001137,Bromley and Biggin Hill,189
746363,E14001138,Bromsgrove,51
746363,E14001139,Broxbourne,272
746363,E14001140,Broxtowe,183
746363,E14001141,Buckingham and Bletchley,393
746363,E14001142,Burnley,392
746363,E14001143,Burton and Uttoxeter,369
746363,E14001144,Bury North,272
746363,E14001145,Bury South,291
746363,E14001146,Bury St Edmunds and Stowmarket,215
746363,E14001147,Calder Valley,43
746363,E14001148,Camborne and Redruth,237
746363,E14001149,Cambridge,566
746363,E14001150,Cannock Chase,99
746363,E14001151,Canterbury,366
746363,E14001152,Carlisle,198
746363,E14001153,Carshalton and Wallington,403
746363,E14001154,Castle Point,93
746363,E14001155,Central Devon,79
746363,E14001156,Central Suffolk and North Ipswich,105
746363,E14001157,Chatham and Aylesford,307
746363,E14001158,Cheadle,182
746363,E14001159,Chelmsford,531
746363,E14001160,Chelsea and Fulham,132
746363,E14001161,Cheltenham,448
746363,E14001162,Chesham and Amersham,151
746363,E14001163,Chester North and Neston,306
746363,E14001164,Chester South and Eddisbury,70
746363,E14001165,Chesterfield,231
746363,E14001166,Chichester,160
746363,E14001167,Chingford and Woodford Green,273
746363,E14001168,Chippenham,115
746363,E14001169,Chipping Barnet,364
746363,E14001170,Chorley,112
746363,E14001171,Christchurch,64
746363,E14001172,Cities of London and Westminster,233
746363,E14001173,City of Durham,135
746363,E14001174,Clacton,240
746363,E14001175,Clapham and Brixton Hill,123
746363,E14001176,Colchester,772
746363,E14001177,Colne Valley,70
746363,E14001178,Congleton,65
746363,E14001179,Corby and East Northamptonshire,190
746363,E14001180,Coventry East,1052
746363,E14001181,Coventry North West,714
746363,E14001182,Coventry South,1404
746363,E14001183,Cramlington and Killingworth,88
746363,E14001184,Crawley,827
746363,E14001185,Crewe and Nantwich,327
746363,E14001186,Croydon East,437
746363,E14001187,Croydon South,361
746363,E14001188,Croydon West,1519
746363,E14001189,Dagenham and Rainham,1188
746363,E14001190,Darlington,243
746363,E14001191,Dartford,452
746363,E14001192,Daventry,114
746363,E14001193,Derby North,588
746363,E14001194,Derby South,1140
746363,E14001195,Derbyshire Dales,28
746363,E14001196,Dewsbury and Batley,427
746363,E14001197,Didcot and Wantage,267
746363,E14001198,Doncaster Central,519
746363,E14001199,Doncaster East and the Isle of Axholme,109
746363,E14001200,Doncaster North,136
746363,E14001201,Dorking and Horley,177
746363,E14001202,Dover and Deal,265
746363,E14001203,Droitwich and Evesham,230
746363,E14001204,Dudley,428
746363,E14001205,Dulwich and West Norwood,182
746363,E14001206,Dunstable and Leighton Buzzard,392
746363,E14001207,Ealing Central and Acton,504
746363,E14001208,Ealing North,985
746363,E14001209,Ealing Southall,1613
746363,E14001210,Earley and Woodley,457
746363,E14001211,Easington,77
746363,E14001212,East Grinstead and Uckfield,157
746363,E14001213,East Ham,3345
746363,E14001214,East Hampshire,142
746363,E14001215,East Surrey,137
746363,E14001216,East Thanet,326
746363,E14001217,East Wiltshire,134
746363,E14001218,East Worthing and Shoreham,189
746363,E14001219,Eastbourne,525
746363,E14001220,Eastleigh,156
746363,E14001221,Edmonton and Winchmore Hill,546
746363,E14001222,Ellesmere Port and Bromborough,163
746363,E14001223,Eltham and Chislehurst,339
746363,E14001224,Ely and East Cambridgeshire,279
746363,E14001225,Enfield North,640
746363,E14001226,Epping Forest,189
746363,E14001227,Epsom and Ewell,258
746363,E14001228,Erewash,168
746363,E14001229,Erith and Thamesmead,1112
746363,E14001230,Esher and Walton,168
746363,E14001231,Exeter,365
746363,E14001232,Exmouth and Exeter East,180
746363,E14001233,Fareham and Waterlooville,132
746363,E14001234,Farnham and Bordon,173
746363,E14001235,Faversham and Mid Kent,100
746363,E14001236,Feltham and Heston,1779
746363,E14001237,Filton and Bradley Stoke,542
746363,E14001238,Finchley and Golders Green,502
746363,E14001239,Folkestone and Hythe,294
746363,E14001240,Forest of Dean,63
746363,E14001241,Frome and East Somerset,90
746363,E14001242,Fylde,70
746363,E14001243,Gainsborough,108
746363,E14001244,Gateshead Central and Whickham,366
746363,E14001245,Gedling,250
746363,E14001246,Gillingham and Rainham,452
746363,E14001247,Glastonbury and Somerton,92
746363,E14001248,Gloucester,809
746363,E14001249,Godalming and Ash,153
746363,E14001250,Goole and Pocklington,84
746363,E14001251,Gorton and Denton,1155
746363,E14001252,Gosport,128
746363,E14001253,Grantham and Bourne,202
746363,E14001254,Gravesham,496
746363,E14001255,Great Grimsby and Cleethorpes,172
746363,E14001256,Great Yarmouth,183
746363,E14001257,Greenwich and Woolwich,483
746363,E14001258,Guildford,274
746363,E14001259,Hackney North and Stoke Newington,239
746363,E14001260,Hackney South and Shoreditch,277
746363,E14001261,Halesowen,237
746363,E14001262,Halifax,273
746363,E14001263,Hamble Valley,86
746363,E14001264,Hammersmith and Chiswick,232
746363,E14001265,Hampstead and Highgate,144
746363,E14001266,"Harborough, Oadby and Wigston",300
746363,E14001267,Harlow,429
746363,E14001268,Harpenden and Berkhamsted,69
746363,E14001269,Harrogate and Knaresborough,160
746363,E14001270,Harrow East,1897
746363,E14001271,Harrow West,2470
746363,E14001272,Hartlepool,124
746363,E14001273,Harwich and North Essex,150
746363,E14001274,Hastings and Rye,264
746363,E14001275,Havant,153
746363,E14001276,Hayes and Harlington,2004
746363,E14001277,Hazel Grove,129
746363,E14001278,Hemel Hempstead,340
746363,E14001279,Hendon,855
746363,E14001280,Henley and Thame,72
746363,E14001281,Hereford and South Herefordshire,208
746363,E14001282,Herne Bay and Sandwich,162
746363,E14001283,Hertford and Stortford,349
746363,E14001284,Hertsmere,259
746363,E14001285,Hexham,41
746363,E14001286,Heywood and Middleton North,385
746363,E14001287,High Peak,39
746363,E14001288,Hinckley and Bosworth,111
746363,E14001289,Hitchin,145
746363,E14001290,Holborn and St Pancras,266
746363,E14001291,Honiton and Sidmouth,180
746363,E14001292,Hornchurch and Upminster,243
746363,E14001293,Hornsey and Friern Barnet,242
746363,E14001294,Horsham,223
746363,E14001295,Houghton and Sunderland South,115
746363,E14001296,Hove and Portslade,262
746363,E14001297,Huddersfield,731
746363,E14001298,Huntingdon,309
746363,E14001299,Hyndburn,287
746363,E14001300,Ilford North,1531
746363,E14001301,Ilford South,2698
746363,E14001302,Ipswich,718
746363,E14001303,Isle of Wight East,108
746363,E14001304,Isle of Wight West,101
746363,E14001305,Islington North,180
746363,E14001306,Islington South and Finsbury,154
746363,E14001307,Jarrow and Gateshead East,152
746363,E14001308,Keighley and Ilkley,185
746363,E14001309,Kenilworth and Southam,107
746363,E14001310,Kensington and Bayswater,178
746363,E14001311,Kettering,367
746363,E14001312,Kingston and Surbiton,457
746363,E14001313,Kingston upon Hull East,261
746363,E14001314,Kingston upon Hull North and Cottingham,569
746363,E14001315,Kingston upon Hull West and Haltemprice,251
746363,E14001316,Kingswinford and South Staffordshire,34
746363,E14001317,Knowsley,144
746363,E14001318,Lancaster and Wyre,190
746363,E14001319,Leeds Central and Headingley,600
746363,E14001320,Leeds East,522
746363,E14001321,Leeds North East,285
746363,E14001322,Leeds North West,71
746363,E14001323,Leeds South,850
746363,E14001324,Leeds South West and Morley,192
746363,E14001325,Leeds West and Pudsey,286
746363,E14001326,Leicester East,1598
746363,E14001327,Leicester South,1424
746363,E14001328,Leicester West,1284
746363,E14001329,Leigh and Atherton,288
746363,E14001330,Lewes,139
746363,E14001331,Lewisham East,375
746363,E14001332,Lewisham North,340
746363,E14001333,Lewisham West and East Dulwich,189
746363,E14001334,Leyton and Wanstead,673
746363,E14001335,Lichfield,44
746363,E14001336,Lincoln,564
746363,E14001337,Liverpool Garston,100
746363,E14001338,Liverpool Riverside,731
746363,E14001339,Liverpool Walton,323
746363,E14001340,Liverpool Wavertree,609
746363,E14001341,Liverpool West Derby,371
746363,E14001342,Loughborough,280
746363,E14001343,Louth and Horncastle,41
746363,E14001344,Lowestoft,102
746363,E14001345,Luton North,1108
746363,E14001346,Luton South and South Bedfordshire,2271
746363,E14001347,Macclesfield,159
746363,E14001348,Maidenhead,314
746363,E14001349,Maidstone and Malling,458
746363,E14001350,Makerfield,124
746363,E14001351,Maldon,57
746363,E14001352,Manchester Central,825
746363,E14001353,Manchester Rusholme,1123
746363,E14001354,Manchester Withington,303
746363,E14001355,Mansfield,344
746363,E14001356,Melksham and Devizes,63
746363,E14001357,Melton and Syston,189
746363,E14001358,Meriden and Solihull East,158
746363,E14001359,Mid Bedfordshire,97
746363,E14001360,Mid Buckinghamshire,77
746363,E14001361,Mid Cheshire,131
746363,E14001362,Mid Derbyshire,71
746363,E14001363,Mid Dorset and North Poole,75
746363,E14001364,Mid Leicestershire,220
746363,E14001365,Mid Norfolk,124
746363,E14001366,Mid Sussex,222
746363,E14001367,Middlesbrough and Thornaby East,964
746363,E14001368,Middlesbrough South and East Cleveland,106
746363,E14001369,Milton Keynes Central,907
746363,E14001370,Milton Keynes North,471
746363,E14001371,Mitcham and Morden,792
746363,E14001372,Morecambe and Lunesdale,137
746363,E14001373,New Forest East,76
746363,E14001374,New Forest West,211
746363,E14001375,Newark,170
746363,E14001376,Newbury,260
746363,E14001377,Newcastle upon Tyne Central and West,840
746363,E14001378,Newcastle upon Tyne East and Wallsend,313
746363,E14001379,Newcastle upon Tyne North,204
746363,E14001380,Newcastle-under-Lyme,265
746363,E14001381,Newton Abbot,110
746363,E14001382,Newton Aycliffe and Spennymoor,58
746363,E14001383,Normanton and Hemsworth,99
746363,E14001384,North Bedfordshire,117
746363,E14001385,North Cornwall,100
746363,E14001386,North Cotswolds,95
746363,E14001387,North Devon,186
746363,E14001388,North Dorset,103
746363,E14001389,North Durham,87
746363,E14001390,North East Cambridgeshire,291
746363,E14001391,North East Derbyshire,89
746363,E14001392,North East Hampshire,94
746363,E14001393,North East Hertfordshire,141
746363,E14001394,North East Somerset and Hanham,135
746363,E14001395,North Herefordshire,78
746363,E14001396,North Norfolk,84
746363,E14001397,North Northumberland,44
746363,E14001398,North Shropshire,109
746363,E14001399,North Somerset,125
746363,E14001400,North Warwickshire and Bedworth,147
746363,E14001401,North West Cambridgeshire,516
746363,E14001402,North West Essex,160
746363,E14001403,North West Hampshire,198
746363,E14001404,North West Leicestershire,95
746363,E14001405,North West Norfolk,176
746363,E14001406,Northampton North,1196
746363,E14001407,Northampton South,435
746363,E14001408,Norwich North,285
746363,E14001409,Norwich South,575
746363,E14001410,Nottingham East,1134
746363,E14001411,Nottingham North and Kimberley,658
746363,E14001412,Nottingham South,527
746363,E14001413,Nuneaton,221
746363,E14001414,Old Bexley and Sidcup,327
746363,E14001415,Oldham East and Saddleworth,393
746363,E14001416,"Oldham West, Chadderton and Royton",697
746363,E14001417,Orpington,177
746363,E14001418,Ossett and Denby Dale,122
746363,E14001419,Oxford East,637
746363,E14001420,Oxford West and Abingdon,223
746363,E14001421,Peckham,243
746363,E14001422,Pendle and Clitheroe,196
746363,E14001423,Penistone and Stocksbridge,65
746363,E14001424,Penrith and Solway,76
746363,E14001425,Peterborough,1002
746363,E14001426,Plymouth Moor View,143
746363,E14001427,Plymouth Sutton and Devonport,573
746363,E14001428,"Pontefract, Castleford and Knottingley",146
746363,E14001429,Poole,312
746363,E14001430,Poplar and Limehouse,1147
746363,E14001431,Portsmouth North,363
746363,E14001432,Portsmouth South,758
746363,E14001433,Preston,1589
746363,E14001434,Putney,284
746363,E14001435,Queen's Park and Maida Vale,332
746363,E14001436,Rawmarsh and Conisbrough,77
746363,E14001437,Rayleigh and Wickford,52
746363,E14001438,Reading Central,1035
746363,E14001439,Reading West and Mid Berkshire,188
746363,E14001440,Redcar,126
746363,E14001441,Redditch,231
746363,E14001442,Reigate,348
746363,E14001443,Ribble Valley,156
746363,E14001444,Richmond and Northallerton,51
746363,E14001445,Richmond Park,202
746363,E14001446,Rochdale,504
746363,E14001447,Rochester and Strood,242
746363,E14001448,Romford,555
746363,E14001449,Romsey and Southampton North,184
746363,E14001450,Rossendale and Darwen,133
746363,E14001451,Rother Valley,71
746363,E14001452,Rotherham,360
746363,E14001453,Rugby,356
746363,E14001454,"Ruislip, Northwood and Pinner",507
746363,E14001455,Runcorn and Helsby,80
746363,E14001456,Runnymede and Weybridge,262
746363,E14001457,Rushcliffe,133
746363,E14001458,Rutland and Stamford,103
746363,E14001459,Salford,794
746363,E14001460,Salisbury,178
746363,E14001461,Scarborough and Whitby,131
746363,E14001462,Scunthorpe,217
746363,E14001463,Sefton Central,38
746363,E14001464,Selby,78
746363,E14001465,Sevenoaks,82
746363,E14001466,Sheffield Brightside and Hillsborough,535
746363,E14001467,Sheffield Central,728
746363,E14001468,Sheffield Hallam,62
746363,E14001469,Sheffield Heeley,385
746363,E14001470,Sheffield South East,290
746363,E14001471,Sherwood Forest,148
746363,E14001472,Shipley,70
746363,E14001473,Shrewsbury,179
746363,E14001474,Sittingbourne and Sheppey,162
746363,E14001475,Skipton and Ripon,85
746363,E14001476,Sleaford and North Hykeham,80
746363,E14001477,Slough,1813
746363,E14001478,Smethwick,1151
746363,E14001479,Solihull West and Shirley,177
746363,E14001480,South Basildon and East Thurrock,239
746363,E14001481,South Cambridgeshire,240
746363,E14001482,South Cotswolds,87
746363,E14001483,South Derbyshire,122
746363,E14001484,South Devon,43
746363,E14001485,South Dorset,239
746363,E14001486,South East Cornwall,71
746363,E14001487,South Holland and The Deepings,251
746363,E14001488,South Leicestershire,94
746363,E14001489,South Norfolk,172
746363,E14001490,South Northamptonshire,78
746363,E14001491,South Ribble,54
746363,E14001492,South Shields,152
746363,E14001493,South Shropshire,65
746363,E14001494,South Suffolk,100
746363,E14001495,South West Devon,42
746363,E14001496,South West Hertfordshire,223
746363,E14001497,South West Norfolk,77
746363,E14001498,South West Wiltshire,137
746363,E14001499,Southampton Itchen,546
746363,E14001500,Southampton Test,990
746363,E14001501,Southend East and Rochford,431
746363,E14001502,Southend West and Leigh,263
746363,E14001503,Southgate and Wood Green,595
746363,E14001504,Southport,165
746363,E14001505,Spelthorne,467
746363,E14001506,Spen Valley,97
746363,E14001507,St Albans,185
746363,E14001508,St Austell and Newquay,112
746363,E14001509,St Helens North,131
746363,E14001510,St Helens South and Whiston,197
746363,E14001511,St Ives,54
746363,E14001512,St Neots and Mid Cambridgeshire,293
746363,E14001513,Stafford,206
746363,E14001514,Staffordshire Moorlands,56
746363,E14001515,Stalybridge and Hyde,183
746363,E14001516,Stevenage,399
746363,E14001517,Stockport,419
746363,E14001518,Stockton North,282
746363,E14001519,Stockton West,59
746363,E14001520,Stoke-on-Trent Central,1059
746363,E14001521,Stoke-on-Trent North,395
746363,E14001522,Stoke-on-Trent South,234
746363,E14001523,"Stone, Great Wyrley and Penkridge",45
746363,E14001524,Stourbridge,257
746363,E14001525,Stratford and Bow,1680
746363,E14001526,Stratford-on-Avon,124
746363,E14001527,Streatham and Croydon North,533
746363,E14001528,Stretford and Urmston,331
746363,E14001529,Stroud,81
746363,E14001530,Suffolk Coastal,100
746363,E14001531,Sunderland Central,512
746363,E14001532,Surrey Heath,253
746363,E14001533,Sussex Weald,99
746363,E14001534,Sutton and Cheam,529
746363,E14001535,Sutton Coldfield,119
746363,E14001536,Swindon North,332
746363,E14001537,Swindon South,648
746363,E14001538,Tamworth,90
746363,E14001539,Tatton,132
746363,E14001540,Taunton and Wellington,507
746363,E14001541,Telford,282
746363,E14001542,Tewkesbury,201
746363,E14001543,The Wrekin,212
746363,E14001544,Thirsk and Malton,74
746363,E14001545,Thornbury and Yate,124
746363,E14001546,Thurrock,560
746363,E14001547,Tipton and Wednesbury,666
746363,E14001548,Tiverton and Minehead,83
746363,E14001549,Tonbridge,166
746363,E14001550,Tooting,330
746363,E14001551,Torbay,438
746363,E14001552,Torridge and Tavistock,84
746363,E14001553,Tottenham,460
746363,E14001554,Truro and Falmouth,148
746363,E14001555,Tunbridge Wells,290
746363,E14001556,Twickenham,239
746363,E14001557,Tynemouth,83
746363,E14001558,Uxbridge and South Ruislip,813
746363,E14001559,Vauxhall and Camberwell Green,167
746363,E14001560,Wakefield and Rothwell,335
746363,E14001561,Wallasey,170
746363,E14001562,Walsall and Bloxwich,1046
746363,E14001563,Walthamstow,631
746363,E14001564,Warrington North,183
746363,E14001565,Warrington South,259
746363,E14001566,Warwick and Leamington,412
746363,E14001567,Washington and Gateshead South,117
746363,E14001568,Watford,818
746363,E14001569,Waveney Valley,68
746363,E14001570,Weald of Kent,75
746363,E14001571,Wellingborough and Rushden,423
746363,E14001572,Wells and Mendip Hills,79
746363,E14001573,Welwyn Hatfield,720
746363,E14001574,West Bromwich,980
746363,E14001575,West Dorset,109
746363,E14001576,West Ham and Beckton,1484
746363,E14001577,West Lancashire,50
746363,E14001578,West Suffolk,239
746363,E14001579,West Worcestershire,114
746363,E14001580,Westmorland and Lonsdale,122
746363,E14001581,Weston-super-Mare,371
746363,E14001582,Wetherby and Easingwold,49
746363,E14001583,Whitehaven and Workington,128
746363,E14001584,Widnes and Halewood,96
746363,E14001585,Wigan,206
746363,E14001586,Wimbledon,297
746363,E14001587,Winchester,116
746363,E14001588,Windsor,369
746363,E14001589,Wirral West,36
746363,E14001590,Witham,120
746363,E14001591,Witney,296
746363,E14001592,Woking,431
746363,E14001593,Wokingham,160
746363,E14001594,Wolverhampton North East,590
746363,E14001595,Wolverhampton South East,854
746363,E14001596,Wolverhampton West,922
746363,E14001597,Worcester,443
746363,E14001598,Worsley and Eccles,273
746363,E14001599,Worthing West,244
746363,E14001600,Wycombe,546
746363,E14001601,Wyre Forest,130
746363,E14001602,Wythenshawe and Sale East,445
746363,E14001603,Yeovil,308
746363,E14001604,York Central,272
746363,E14001605,York Outer,95
746363,N05000001,Belfast East,331
746363,N05000002,Belfast North,316
746363,N05000003,Belfast South and Mid Down,548
746363,N05000004,Belfast West,197
746363,N05000005,East Antrim,79
746363,N05000006,East Londonderry,79
746363,N05000007,Fermanagh and South Tyrone,132
746363,N05000008,Foyle,89
746363,N05000009,Lagan Valley,71
746363,N05000010,Mid Ulster,107
746363,N05000011,Newry and Armagh,52
746363,N05000012,North Antrim,93
746363,N05000013,North Down,126
746363,N05000014,South Antrim,181
746363,N05000015,South Down,115
746363,N05000016,Strangford,75
746363,N05000017,Upper Bann,123
746363,N05000018,West Tyrone,84
746363,S14000021,East Renfrewshire,135
746363,S14000027,Na h-Eileanan an Iar,5
746363,S14000045,Midlothian,153
746363,S14000048,North Ayrshire and Arran,48
746363,S14000051,Orkney and Shetland,11
746363,S14000060,Aberdeen North,335
746363,S14000061,Aberdeen South,489
746363,S14000062,Aberdeenshire North and Moray East,47
746363,S14000063,Airdrie and Shotts,148
746363,S14000064,Alloa and Grangemouth,146
746363,S14000065,Angus and Perthshire Glens,85
746363,S14000066,Arbroath and Broughty Ferry,71
746363,S14000067,"Argyll, Bute and South Lochaber",93
746363,S14000068,Bathgate and Linlithgow,150
746363,S14000069,"Caithness, Sutherland and Easter Ross",44
746363,S14000070,Coatbridge and Bellshill,112
746363,S14000071,Cowdenbeath and Kirkcaldy,201
746363,S14000072,Cumbernauld and Kirkintilloch,124
746363,S14000073,Dumfries and Galloway,65
746363,S14000074,"Dumfriesshire, Clydesdale and Tweeddale",61
746363,S14000075,Dundee Central,507
746363,S14000076,Dunfermline and Dollar,178
746363,S14000077,East Kilbride and Strathaven,199
746363,S14000078,Edinburgh East and Musselburgh,457
746363,S14000079,Edinburgh North and Leith,616
746363,S14000080,Edinburgh South,317
746363,S14000081,Edinburgh South West,603
746363,S14000082,Edinburgh West,360
746363,S14000083,Falkirk,239
746363,S14000084,Glasgow East,621
746363,S14000085,Glasgow North,577
746363,S14000086,Glasgow North East,511
746363,S14000087,Glasgow South,389
746363,S14000088,Glasgow South West,666
746363,S14000089,Glasgow West,378
746363,S14000090,Glenrothes and Mid Fife,148
746363,S14000091,Gordon and Buchan,15
746363,S14000092,Hamilton and Clyde Valley,225
746363,S14000093,Inverclyde and Renfrewshire West,119
746363,S14000094,"Inverness, Skye and West Ross-shire",205
746363,S14000095,Livingston,342
746363,S14000096,Lothian East,92
746363,S14000097,Mid Dunbartonshire,76
746363,S14000098,"Moray West, Nairn and Strathspey",63
746363,S14000099,"Motherwell, Wishaw and Carluke",208
746363,S14000100,North East Fife,36
746363,S14000101,Paisley and Renfrewshire North,292
746363,S14000102,Paisley and Renfrewshire South,276
746363,S14000103,Perth and Kinross-shire,333
746363,S14000104,Rutherglen,237
746363,S14000105,Stirling and Strathallan,154
746363,S14000106,West Dunbartonshire,129
746363,S14000107,"Ayr, Carrick and Cumnock",102
746363,S14000108,"Berwickshire, Roxburgh and Selkirk",95
746363,S14000109,Central Ayrshire,40
746363,S14000110,Kilmarnock and Loudoun,63
746363,S14000111,West Aberdeenshire and Kincardine,37
746363,W07000081,Aberafan Maesteg,68
746363,W07000082,Alyn and Deeside,137
746363,W07000083,Bangor Aberconwy,279
746363,W07000084,Blaenau Gwent and Rhymney,100
746363,W07000085,"Brecon, Radnor and Cwm Tawe",85
746363,W07000086,Bridgend,72
746363,W07000087,Caerfyrddin,108
746363,W07000088,Caerphilly,75
746363,W07000089,Cardiff East,684
746363,W07000090,Cardiff North,227
746363,W07000091,Cardiff South and Penarth,657
746363,W07000092,Cardiff West,422
746363,W07000093,Ceredigion Preseli,70
746363,W07000094,Clwyd East,56
746363,W07000095,Clwyd North,191
746363,W07000096,Dwyfor Meirionnydd,62
746363,W07000097,Gower,119
746363,W07000098,Llanelli,80
746363,W07000099,Merthyr Tydfil and Aberdare,104
746363,W07000100,Mid and South Pembrokeshire,164
746363,W07000101,Monmouthshire,78
746363,W07000102,Montgomeryshire and Glyndŵr,88
746363,W07000103,Neath and Swansea East,157
746363,W07000104,Newport East,667
746363,W07000105,Newport West and Islwyn,145
746363,W07000106,Pontypridd,214
746363,W07000107,Rhondda and Ogmore,101
746363,W07000108,Swansea West,652
746363,W07000109,Torfaen,91
746363,W07000110,Vale of Glamorgan,104
746363,W07000111,Wrexham,292
746363,W07000112,Ynys Môn,30
747234,E14001063,Aldershot,332
747234,E14001064,Aldridge-Brownhills,239
747234,E14001065,Altrincham and Sale West,132
747234,E14001066,Amber Valley,255
747234,E14001067,Arundel and South Downs,272
747234,E14001068,Ashfield,263
747234,E14001069,Ashford,229
747234,E14001070,Ashton-under-Lyne,259
747234,E14001071,Aylesbury,181
747234,E14001072,Banbury,200
747234,E14001073,Barking,106
747234,E14001074,Barnsley North,309
747234,E14001075,Barnsley South,273
747234,E14001076,Barrow and Furness,319
747234,E14001077,Basildon and Billericay,508
747234,E14001078,Basingstoke,242
747234,E14001079,Bassetlaw,271
747234,E14001080,Bath,109
747234,E14001081,Battersea,63
747234,E14001082,Beaconsfield,160
747234,E14001083,Beckenham and Penge,132
747234,E14001084,Bedford,124
747234,E14001085,Bermondsey and Old Southwark,83
747234,E14001086,Bethnal Green and Stepney,41
747234,E14001087,Beverley and Holderness,319
747234,E14001088,Bexhill and Battle,345
747234,E14001089,Bexleyheath and Crayford,187
747234,E14001090,Bicester and Woodstock,149
747234,E14001091,Birkenhead,223
747234,E14001092,Birmingham Edgbaston,103
747234,E14001093,Birmingham Erdington,186
747234,E14001094,Birmingham Hall Green and Moseley,46
747234,E14001095,Birmingham Hodge Hill and Solihull North,154
747234,E14001096,Birmingham Ladywood,36
747234,E14001097,Birmingham Northfield,201
747234,E14001098,Birmingham Perry Barr,42
747234,E14001099,Birmingham Selly Oak,130
747234,E14001100,Birmingham Yardley,101
747234,E14001101,Bishop Auckland,285
747234,E14001102,Blackburn,131
747234,E14001103,Blackley and Middleton South,190
747234,E14001104,Blackpool North and Fleetwood,323
747234,E14001105,Blackpool South,276
747234,E14001106,Blaydon and Consett,330
747234,E14001107,Blyth and Ashington,307
747234,E14001108,Bognor Regis and Littlehampton,326
747234,E14001109,Bolsover,298
747234,E14001110,Bolton North East,250
747234,E14001111,Bolton South and Walkden,216
747234,E14001112,Bolton West,296
747234,E14001113,Bootle,157
747234,E14001114,Boston and Skegness,363
747234,E14001115,Bournemouth East,167
747234,E14001116,Bournemouth West,183
747234,E14001117,Bracknell,237
747234,E14001118,Bradford East,135
747234,E14001119,Bradford South,198
747234,E14001120,Bradford West,73
747234,E14001121,Braintree,463
747234,E14001122,Brent East,43
747234,E14001123,Brent West,28
747234,E14001124,Brentford and Isleworth,105
747234,E14001125,Brentwood and Ongar,406
747234,E14001126,Bridgwater,231
747234,E14001127,Bridlington and The Wolds,293
747234,E14001128,Brigg and Immingham,341
747234,E14001129,Brighton Kemptown and Peacehaven,176
747234,E14001130,Brighton Pavilion,103
747234,E14001131,Bristol Central,32
747234,E14001132,Bristol East,129
747234,E14001133,Bristol North East,124
747234,E14001134,Bristol North West,117
747234,E14001135,Bristol South,159
747234,E14001136,Broadland and Fakenham,330
747234,E14001137,Bromley and Biggin Hill,200
747234,E14001138,Bromsgrove,215
747234,E14001139,Broxbourne,215
747234,E14001140,Broxtowe,191
747234,E14001141,Buckingham and Bletchley,205
747234,E14001142,Burnley,253
747234,E14001143,Burton and Uttoxeter,239
747234,E14001144,Bury North,258
747234,E14001145,Bury South,191
747234,E14001146,Bury St Edmunds and Stowmarket,315
747234,E14001147,Calder Valley,300
747234,E14001148,Camborne and Redruth,290
747234,E14001149,Cambridge,68
747234,E14001150,Cannock Chase,287
747234,E14001151,Canterbury,155
747234,E14001152,Carlisle,316
747234,E14001153,Carshalton and Wallington,178
747234,E14001154,Castle Point,565
747234,E14001155,Central Devon,251
747234,E14001156,Central Suffolk and North Ipswich,260
747234,E14001157,Chatham and Aylesford,245
747234,E14001158,Cheadle,208
747234,E14001159,Chelmsford,284
747234,E14001160,Chelsea and Fulham,80
747234,E14001161,Cheltenham,117
747234,E14001162,Chesham and Amersham,122
747234,E14001163,Chester North and Neston,156
747234,E14001164,Chester South and Eddisbury,196
747234,E14001165,Chesterfield,186
747234,E14001166,Chichester,335
747234,E14001167,Chingford and Woodford Green,146
747234,E14001168,Chippenham,192
747234,E14001169,Chipping Barnet,84
747234,E14001170,Chorley,259
747234,E14001171,Christchurch,256
747234,E14001172,Cities of London and Westminster,85
747234,E14001173,City of Durham,194
747234,E14001174,Clacton,584
747234,E14001175,Clapham and Brixton Hill,24
747234,E14001176,Colchester,296
747234,E14001177,Colne Valley,231
747234,E14001178,Congleton,270
747234,E14001179,Corby and East Northamptonshire,221
747234,E14001180,Coventry East,156
747234,E14001181,Coventry North West,177
747234,E14001182,Coventry South,135
747234,E14001183,Cramlington and Killingworth,270
747234,E14001184,Crawley,297
747234,E14001185,Crewe and Nantwich,259
747234,E14001186,Croydon East,111
747234,E14001187,Croydon South,126
747234,E14001188,Croydon West,45
747234,E14001189,Dagenham and Rainham,206
747234,E14001190,Darlington,271
747234,E14001191,Dartford,152
747234,E14001192,Daventry,257
747234,E14001193,Derby North,163
747234,E14001194,Derby South,157
747234,E14001195,Derbyshire Dales,192
747234,E14001196,Dewsbury and Batley,192
747234,E14001197,Didcot and Wantage,177
747234,E14001198,Doncaster Central,229
747234,E14001199,Doncaster East and the Isle of Axholme,278
747234,E14001200,Doncaster North,288
747234,E14001201,Dorking and Horley,217
747234,E14001202,Dover and Deal,272
747234,E14001203,Droitwich and Evesham,230
747234,E14001204,Dudley,243
747234,E14001205,Dulwich and West Norwood,47
747234,E14001206,Dunstable and Leighton Buzzard,214
747234,E14001207,Ealing Central and Acton,60
747234,E14001208,Ealing North,73
747234,E14001209,Ealing Southall,26
747234,E14001210,Earley and Woodley,110
747234,E14001211,Easington,279
747234,E14001212,East Grinstead and Uckfield,356
747234,E14001213,East Ham,21
747234,E14001214,East Hampshire,258
747234,E14001215,East Surrey,221
747234,E14001216,East Thanet,237
747234,E14001217,East Wiltshire,237
747234,E14001218,East Worthing and Shoreham,283
747234,E14001219,Eastbourne,269
747234,E14001220,Eastleigh,199
747234,E14001221,Edmonton and Winchmore Hill,68
747234,E14001222,Ellesmere Port and Bromborough,189
747234,E14001223,Eltham and Chislehurst,171
747234,E14001224,Ely and East Cambridgeshire,214
747234,E14001225,Enfield North,113
747234,E14001226,Epping Forest,297
747234,E14001227,Epsom and Ewell,152
747234,E14001228,Erewash,242
747234,E14001229,Erith and Thamesmead,135
747234,E14001230,Esher and Walton,151
747234,E14001231,Exeter,144
747234,E14001232,Exmouth and Exeter East,257
747234,E14001233,Fareham and Waterlooville,418
747234,E14001234,Farnham and Bordon,242
747234,E14001235,Faversham and Mid Kent,227
747234,E14001236,Feltham and Heston,89
747234,E14001237,Filton and Bradley Stoke,177
747234,E14001238,Finchley and Golders Green,87
747234,E14001239,Folkestone and Hythe,256
747234,E14001240,Forest of Dean,217
747234,E14001241,Frome and East Somerset,170
747234,E14001242,Fylde,313
747234,E14001243,Gainsborough,314
747234,E14001244,Gateshead Central and Whickham,260
747234,E14001245,Gedling,213
747234,E14001246,Gillingham and Rainham,249
747234,E14001247,Glastonbury and Somerton,212
747234,E14001248,Gloucester,174
747234,E14001249,Godalming and Ash,169
747234,E14001250,Goole and Pocklington,277
747234,E14001251,Gorton and Denton,145
747234,E14001252,Gosport,452
747234,E14001253,Grantham and Bourne,264
747234,E14001254,Gravesham,234
747234,E14001255,Great Grimsby and Cleethorpes,308
747234,E14001256,Great Yarmouth,455
747234,E14001257,Greenwich and Woolwich,62
747234,E14001258,Guildford,115
747234,E14001259,Hackney North and Stoke Newington,22
747234,E14001260,Hackney South and Shoreditch,43
747234,E14001261,Halesowen,213
747234,E14001262,Halifax,280
747234,E14001263,Hamble Valley,290
747234,E14001264,Hammersmith and Chiswick,62
747234,E14001265,Hampstead and Highgate,62
747234,E14001266,"Harborough, Oadby and Wigston",171
747234,E14001267,Harlow,326
747234,E14001268,Harpenden and Berkhamsted,135
747234,E14001269,Harrogate and Knaresborough,167
747234,E14001270,Harrow East,44
747234,E14001271,Harrow West,41
747234,E14001272,Hartlepool,300
747234,E14001273,Harwich and North Essex,418
747234,E14001274,Hastings and Rye,299
747234,E14001275,Havant,407
747234,E14001276,Hayes and Harlington,83
747234,E14001277,Hazel Grove,262
747234,E14001278,Hemel Hempstead,187
747234,E14001279,Hendon,60
747234,E14001280,Henley and Thame,149
747234,E14001281,Hereford and South Herefordshire,196
747234,E14001282,Herne Bay and Sandwich,276
747234,E14001283,Hertford and Stortford,220
747234,E14001284,Hertsmere,146
747234,E14001285,Hexham,249
747234,E14001286,Heywood and Middleton North,254
747234,E14001287,High Peak,221
747234,E14001288,Hinckley and Bosworth,271
747234,E14001289,Hitchin,204
747234,E14001290,Holborn and St Pancras,57
747234,E14001291,Honiton and Sidmouth,214
747234,E14001292,Hornchurch and Upminster,312
747234,E14001293,Hornsey and Friern Barnet,48
747234,E14001294,Horsham,257
747234,E14001295,Houghton and Sunderland South,369
747234,E14001296,Hove and Portslade,109
747234,E14001297,Huddersfield,180
747234,E14001298,Huntingdon,229
747234,E14001299,Hyndburn,226
747234,E14001300,Ilford North,72
747234,E14001301,Ilford South,36
747234,E14001302,Ipswich,224
747234,E14001303,Isle of Wight East,232
747234,E14001304,Isle of Wight West,221
747234,E14001305,Islington North,55
747234,E14001306,Islington South and Finsbury,97
747234,E14001307,Jarrow and Gateshead East,271
747234,E14001308,Keighley and Ilkley,214
747234,E14001309,Kenilworth and Southam,193
747234,E14001310,Kensington and Bayswater,77
747234,E14001311,Kettering,254
747234,E14001312,Kingston and Surbiton,90
747234,E14001313,Kingston upon Hull East,212
747234,E14001314,Kingston upon Hull North and Cottingham,247
747234,E14001315,Kingston upon Hull West and Haltemprice,256
747234,E14001316,Kingswinford and South Staffordshire,246
747234,E14001317,Knowsley,150
747234,E14001318,Lancaster and Wyre,193
747234,E14001319,Leeds Central and Headingley,53
747234,E14001320,Leeds East,227
747234,E14001321,Leeds North East,97
747234,E14001322,Leeds North West,186
747234,E14001323,Leeds South,170
747234,E14001324,Leeds South West and Morley,262
747234,E14001325,Leeds West and Pudsey,192
747234,E14001326,Leicester East,50
747234,E14001327,Leicester South,53
747234,E14001328,Leicester West,126
747234,E14001329,Leigh and Atherton,348
747234,E14001330,Lewes,297
747234,E14001331,Lewisham East,62
747234,E14001332,Lewisham North,35
747234,E14001333,Lewisham West and East Dulwich,42
747234,E14001334,Leyton and Wanstead,58
747234,E14001335,Lichfield,238
747234,E14001336,Lincoln,217
747234,E14001337,Liverpool Garston,150
747234,E14001338,Liverpool Riverside,83
747234,E14001339,Liverpool Walton,140
747234,E14001340,Liverpool Wavertree,84
747234,E14001341,Liverpool West Derby,145
747234,E14001342,Loughborough,154
747234,E14001343,Louth and Horncastle,358
747234,E14001344,Lowestoft,317
747234,E14001345,Luton North,89
747234,E14001346,Luton South and South Bedfordshire,113
747234,E14001347,Macclesfield,213
747234,E14001348,Maidenhead,171
747234,E14001349,Maidstone and Malling,250
747234,E14001350,Makerfield,347
747234,E14001351,Maldon,496
747234,E14001352,Manchester Central,143
747234,E14001353,Manchester Rusholme,23
747234,E14001354,Manchester Withington,52
747234,E14001355,Mansfield,279
747234,E14001356,Melksham and Devizes,180
747234,E14001357,Melton and Syston,227
747234,E14001358,Meriden and Solihull East,223
747234,E14001359,Mid Bedfordshire,205
747234,E14001360,Mid Buckinghamshire,178
747234,E14001361,Mid Cheshire,236
747234,E14001362,Mid Derbyshire,202
747234,E14001363,Mid Dorset and North Poole,274
747234,E14001364,Mid Leicestershire,199
747234,E14001365,Mid Norfolk,355
747234,E14001366,Mid Sussex,186
747234,E14001367,Middlesbrough and Thornaby East,180
747234,E14001368,Middlesbrough South and East Cleveland,291
747234,E14001369,Milton Keynes Central,176
747234,E14001370,Milton Keynes North,208
747234,E14001371,Mitcham and Morden,90
747234,E14001372,Morecambe and Lunesdale,239
747234,E14001373,New Forest East,281
747234,E14001374,New Forest West,297
747234,E14001375,Newark,244
747234,E14001376,Newbury,179
747234,E14001377,Newcastle upon Tyne Central and West,194
747234,E14001378,Newcastle upon Tyne East and Wallsend,242
747234,E14001379,Newcastle upon Tyne North,166
747234,E14001380,Newcastle-under-Lyme,223
747234,E14001381,Newton Abbot,341
747234,E14001382,Newton Aycliffe and Spennymoor,294
747234,E14001383,Normanton and Hemsworth,316
747234,E14001384,North Bedfordshire,215
747234,E14001385,North Cornwall,271
747234,E14001386,North Cotswolds,149
747234,E14001387,North Devon,268
747234,E14001388,North Dorset,260
747234,E14001389,North Durham,269
747234,E14001390,North East Cambridgeshire,327
747234,E14001391,North East Derbyshire,265
747234,E14001392,North East Hampshire,284
747234,E14001393,North East Hertfordshire,220
747234,E14001394,North East Somerset and Hanham,225
747234,E14001395,North Herefordshire,234
747234,E14001396,North Norfolk,394
747234,E14001397,North Northumberland,268
747234,E14001398,North Shropshire,298
747234,E14001399,North Somerset,220
747234,E14001400,North Warwickshire and Bedworth,299
747234,E14001401,North West Cambridgeshire,207
747234,E14001402,North West Essex,358
747234,E14001403,North West Hampshire,252
747234,E14001404,North West Leicestershire,251
747234,E14001405,North West Norfolk,323
747234,E14001406,Northampton North,166
747234,E14001407,Northampton South,185
747234,E14001408,Norwich North,315
747234,E14001409,Norwich South,181
747234,E14001410,Nottingham East,101
747234,E14001411,Nottingham North and Kimberley,175
747234,E14001412,Nottingham South,111
747234,E14001413,Nuneaton,223
747234,E14001414,Old Bexley and Sidcup,220
747234,E14001415,Oldham East and Saddleworth,255
747234,E14001416,"Oldham West, Chadderton and Royton",188
747234,E14001417,Orpington,231
747234,E14001418,Ossett and Denby Dale,282
747234,E14001419,Oxford East,47
747234,E14001420,Oxford West and Abingdon,106
747234,E14001421,Peckham,43
747234,E14001422,Pendle and Clitheroe,250
747234,E14001423,Penistone and Stocksbridge,272
747234,E14001424,Penrith and Solway,267
747234,E14001425,Peterborough,162
747234,E14001426,Plymouth Moor View,251
747234,E14001427,Plymouth Sutton and Devonport,235
747234,E14001428,"Pontefract, Castleford and Knottingley",270
747234,E14001429,Poole,194
747234,E14001430,Poplar and Limehouse,79
747234,E14001431,Portsmouth North,308
747234,E14001432,Portsmouth South,208
747234,E14001433,Preston,166
747234,E14001434,Putney,82
747234,E14001435,Queen's Park and Maida Vale,34
747234,E14001436,Rawmarsh and Conisbrough,279
747234,E14001437,Rayleigh and Wickford,493
747234,E14001438,Reading Central,65
747234,E14001439,Reading West and Mid Berkshire,160
747234,E14001440,Redcar,351
747234,E14001441,Redditch,210
747234,E14001442,Reigate,217
747234,E14001443,Ribble Valley,274
747234,E14001444,Richmond and Northallerton,313
747234,E14001445,Richmond Park,104
747234,E14001446,Rochdale,205
747234,E14001447,Rochester and Strood,270
747234,E14001448,Romford,274
747234,E14001449,Romsey and Southampton North,192
747234,E14001450,Rossendale and Darwen,311
747234,E14001451,Rother Valley,274
747234,E14001452,Rotherham,227
747234,E14001453,Rugby,224
747234,E14001454,"Ruislip, Northwood and Pinner",114
747234,E14001455,Runcorn and Helsby,223
747234,E14001456,Runnymede and Weybridge,211
747234,E14001457,Rushcliffe,191
747234,E14001458,Rutland and Stamford,202
747234,E14001459,Salford,153
747234,E14001460,Salisbury,161
747234,E14001461,Scarborough and Whitby,263
747234,E14001462,Scunthorpe,253
747234,E14001463,Sefton Central,188
747234,E14001464,Selby,312
747234,E14001465,Sevenoaks,216
747234,E14001466,Sheffield Brightside and Hillsborough,148
747234,E14001467,Sheffield Central,54
747234,E14001468,Sheffield Hallam,92
747234,E14001469,Sheffield Heeley,170
747234,E14001470,Sheffield South East,264
747234,E14001471,Sherwood Forest,270
747234,E14001472,Shipley,206
747234,E14001473,Shrewsbury,180
747234,E14001474,Sittingbourne and Sheppey,282
747234,E14001475,Skipton and Ripon,238
747234,E14001476,Sleaford and North Hykeham,276
747234,E14001477,Slough,83
747234,E14001478,Smethwick,124
747234,E14001479,Solihull West and Shirley,181
747234,E14001480,South Basildon and East Thurrock,476
747234,E14001481,South Cambridgeshire,190
747234,E14001482,South Cotswolds,168
747234,E14001483,South Derbyshire,273
747234,E14001484,South Devon,237
747234,E14001485,South Dorset,307
747234,E14001486,South East Cornwall,257
747234,E14001487,South Holland and The Deepings,344
747234,E14001488,South Leicestershire,227
747234,E14001489,South Norfolk,321
747234,E14001490,South Northamptonshire,220
747234,E14001491,South Ribble,284
747234,E14001492,South Shields,326
747234,E14001493,South Shropshire,250
747234,E14001494,South Suffolk,328
747234,E14001495,South West Devon,293
747234,E14001496,South West Hertfordshire,151
747234,E14001497,South West Norfolk,445
747234,E14001498,South West Wiltshire,230
747234,E14001499,Southampton Itchen,243
747234,E14001500,Southampton Test,167
747234,E14001501,Southend East and Rochford,429
747234,E14001502,Southend West and Leigh,351
747234,E14001503,Southgate and Wood Green,62
747234,E14001504,Southport,268
747234,E14001505,Spelthorne,178
747234,E14001506,Spen Valley,262
747234,E14001507,St Albans,112
747234,E14001508,St Austell and Newquay,288
747234,E14001509,St Helens North,272
747234,E14001510,St Helens South and Whiston,221
747234,E14001511,St Ives,216
747234,E14001512,St Neots and Mid Cambridgeshire,179
747234,E14001513,Stafford,213
747234,E14001514,Staffordshire Moorlands,237
747234,E14001515,Stalybridge and Hyde,286
747234,E14001516,Stevenage,167
747234,E14001517,Stockport,170
747234,E14001518,Stockton North,271
747234,E14001519,Stockton West,259
747234,E14001520,Stoke-on-Trent Central,165
747234,E14001521,Stoke-on-Trent North,245
747234,E14001522,Stoke-on-Trent South,226
747234,E14001523,"Stone, Great Wyrley and Penkridge",246
747234,E14001524,Stourbridge,219
747234,E14001525,Stratford and Bow,39
747234,E14001526,Stratford-on-Avon,211
747234,E14001527,Streatham and Croydon North,55
747234,E14001528,Stretford and Urmston,174
747234,E14001529,Stroud,191
747234,E14001530,Suffolk Coastal,299
747234,E14001531,Sunderland Central,312
747234,E14001532,Surrey Heath,188
747234,E14001533,Sussex Weald,443
747234,E14001534,Sutton and Cheam,143
747234,E14001535,Sutton Coldfield,233
747234,E14001536,Swindon North,198
747234,E14001537,Swindon South,230
747234,E14001538,Tamworth,281
747234,E14001539,Tatton,208
747234,E14001540,Taunton and Wellington,222
747234,E14001541,Telford,233
747234,E14001542,Tewkesbury,184
747234,E14001543,The Wrekin,194
747234,E14001544,Thirsk and Malton,256
747234,E14001545,Thornbury and Yate,228
747234,E14001546,Thurrock,286
747234,E14001547,Tipton and Wednesbury,195
747234,E14001548,Tiverton and Minehead,221
747234,E14001549,Tonbridge,190
747234,E14001550,Tooting,50
747234,E14001551,Torbay,327
747234,E14001552,Torridge and Tavistock,296
747234,E14001553,Tottenham,20
747234,E14001554,Truro and Falmouth,164
747234,E14001555,Tunbridge Wells,183
747234,E14001556,Twickenham,102
747234,E14001557,Tynemouth,228
747234,E14001558,Uxbridge and South Ruislip,144
747234,E14001559,Vauxhall and Camberwell Green,36
747234,E14001560,Wakefield and Rothwell,269
747234,E14001561,Wallasey,210
747234,E14001562,Walsall and Bloxwich,154
747234,E14001563,Walthamstow,32
747234,E14001564,Warrington North,280
747234,E14001565,Warrington South,243
747234,E14001566,Warwick and Leamington,130
747234,E14001567,Washington and Gateshead South,319
747234,E14001568,Watford,100
747234,E14001569,Waveney Valley,287
747234,E14001570,Weald of Kent,246
747234,E14001571,Wellingborough and Rushden,220
747234,E14001572,Wells and Mendip Hills,223
747234,E14001573,Welwyn Hatfield,147
747234,E14001574,West Bromwich,135
747234,E14001575,West Dorset,220
747234,E14001576,West Ham and Beckton,55
747234,E14001577,West Lancashire,216
747234,E14001578,West Suffolk,317
747234,E14001579,West Worcestershire,246
747234,E14001580,Westmorland and Lonsdale,211
747234,E14001581,Weston-super-Mare,261
747234,E14001582,Wetherby and Easingwold,212
747234,E14001583,Whitehaven and Workington,309
747234,E14001584,Widnes and Halewood,170
747234,E14001585,Wigan,321
747234,E14001586,Wimbledon,83
747234,E14001587,Winchester,198
747234,E14001588,Windsor,156
747234,E14001589,Wirral West,187
747234,E14001590,Witham,396
747234,E14001591,Witney,165
747234,E14001592,Woking,156
747234,E14001593,Wokingham,214
747234,E14001594,Wolverhampton North East,195
747234,E14001595,Wolverhampton South East,194
747234,E14001596,Wolverhampton West,129
747234,E14001597,Worcester,154
747234,E14001598,Worsley and Eccles,249
747234,E14001599,Worthing West,329
747234,E14001600,Wycombe,120
747234,E14001601,Wyre Forest,225
747234,E14001602,Wythenshawe and Sale East,193
747234,E14001603,Yeovil,238
747234,E14001604,York Central,152
747234,E14001605,York Outer,172
747234,N05000001,Belfast East,69
747234,N05000002,Belfast North,78
747234,N05000003,Belfast South and Mid Down,43
747234,N05000004,Belfast West,34
747234,N05000005,East Antrim,112
747234,N05000006,East Londonderry,58
747234,N05000007,Fermanagh and South Tyrone,32
747234,N05000008,Foyle,16
747234,N05000009,Lagan Valley,67
747234,N05000010,Mid Ulster,27
747234,N05000011,Newry and Armagh,36
747234,N05000012,North Antrim,59
747234,N05000013,North Down,93
747234,N05000014,South Antrim,69
747234,N05000015,South Down,31
747234,N05000016,Strangford,89
747234,N05000017,Upper Bann,61
747234,N05000018,West Tyrone,23
747234,S14000021,East Renfrewshire,55
747234,S14000027,Na h-Eileanan an Iar,34
747234,S14000045,Midlothian,65
747234,S14000048,North Ayrshire and Arran,117
747234,S14000051,Orkney and Shetland,45
747234,S14000060,Aberdeen North,127
747234,S14000061,Aberdeen South,100
747234,S14000062,Aberdeenshire North and Moray East,165
747234,S14000063,Airdrie and Shotts,73
747234,S14000064,Alloa and Grangemouth,99
747234,S14000065,Angus and Perthshire Glens,119
747234,S14000066,Arbroath and Broughty Ferry,125
747234,S14000067,"Argyll, Bute and South Lochaber",119
747234,S14000068,Bathgate and Linlithgow,106
747234,S14000069,"Caithness, Sutherland and Easter Ross",128
747234,S14000070,Coatbridge and Bellshill,91
747234,S14000071,Cowdenbeath and Kirkcaldy,68
747234,S14000072,Cumbernauld and Kirkintilloch,74
747234,S14000073,Dumfries and Galloway,138
747234,S14000074,"Dumfriesshire, Clydesdale and Tweeddale",97
747234,S14000075,Dundee Central,80
747234,S14000076,Dunfermline and Dollar,68
747234,S14000077,East Kilbride and Strathaven,90
747234,S14000078,Edinburgh East and Musselburgh,58
747234,S14000079,Edinburgh North and Leith,43
747234,S14000080,Edinburgh South,35
747234,S14000081,Edinburgh South West,50
747234,S14000082,Edinburgh West,51
747234,S14000083,Falkirk,126
747234,S14000084,Glasgow East,64
747234,S14000085,Glasgow North,54
747234,S14000086,Glasgow North East,82
747234,S14000087,Glasgow South,36
747234,S14000088,Glasgow South West,60
747234,S14000089,Glasgow West,83
747234,S14000090,Glenrothes and Mid Fife,106
747234,S14000091,Gordon and Buchan,115
747234,S14000092,Hamilton and Clyde Valley,87
747234,S14000093,Inverclyde and Renfrewshire West,89
747234,S14000094,"Inverness, Skye and West Ross-shire",100
747234,S14000095,Livingston,100
747234,S14000096,Lothian East,83
747234,S14000097,Mid Dunbartonshire,79
747234,S14000098,"Moray West, Nairn and Strathspey",94
747234,S14000099,"Motherwell, Wishaw and Carluke",64
747234,S14000100,North East Fife,101
747234,S14000101,Paisley and Renfrewshire North,68
747234,S14000102,Paisley and Renfrewshire South,68
747234,S14000103,Perth and Kinross-shire,89
747234,S14000104,Rutherglen,82
747234,S14000105,Stirling and Strathallan,80
747234,S14000106,West Dunbartonshire,75
747234,S14000107,"Ayr, Carrick and Cumnock",115
747234,S14000108,"Berwickshire, Roxburgh and Selkirk",109
747234,S14000109,Central Ayrshire,96
747234,S14000110,Kilmarnock and Loudoun,89
747234,S14000111,West Aberdeenshire and Kincardine,103
747234,W07000081,Aberafan Maesteg,171
747234,W07000082,Alyn and Deeside,294
747234,W07000083,Bangor Aberconwy,206
747234,W07000084,Blaenau Gwent and Rhymney,201
747234,W07000085,"Brecon, Radnor and Cwm Tawe",211
747234,W07000086,Bridgend,241
747234,W07000087,Caerfyrddin,272
747234,W07000088,Caerphilly,188
747234,W07000089,Cardiff East,122
747234,W07000090,Cardiff North,191
747234,W07000091,Cardiff South and Penarth,101
747234,W07000092,Cardiff West,129
747234,W07000093,Ceredigion Preseli,233
747234,W07000094,Clwyd East,353
747234,W07000095,Clwyd North,270
747234,W07000096,Dwyfor Meirionnydd,169
747234,W07000097,Gower,203
747234,W07000098,Llanelli,279
747234,W07000099,Merthyr Tydfil and Aberdare,187
747234,W07000100,Mid and South Pembrokeshire,243
747234,W07000101,Monmouthshire,210
747234,W07000102,Montgomeryshire and Glyndŵr,213
747234,W07000103,Neath and Swansea East,188
747234,W07000104,Newport East,214
747234,W07000105,Newport West and Islwyn,228
747234,W07000106,Pontypridd,215
747234,W07000107,Rhondda and Ogmore,226
747234,W07000108,Swansea West,183
747234,W07000109,Torfaen,212
747234,W07000110,Vale of Glamorgan,246
747234,W07000111,Wrexham,203
747234,W07000112,Ynys Môn,178
750236,E14001063,Aldershot,154
750236,E14001064,Aldridge-Brownhills,85
750236,E14001065,Altrincham and Sale West,79
750236,E14001066,Amber Valley,228
750236,E14001067,Arundel and South Downs,725
750236,E14001068,Ashfield,148
750236,E14001069,Ashford,225
750236,E14001070,Ashton-under-Lyne,44
750236,E14001071,Aylesbury,181
750236,E14001072,Banbury,407
750236,E14001073,Barking,20
750236,E14001074,Barnsley North,193
750236,E14001075,Barnsley South,164
750236,E14001076,Barrow and Furness,199
750236,E14001077,Basildon and Billericay,133
750236,E14001078,Basingstoke,192
750236,E14001079,Bassetlaw,258
750236,E14001080,Bath,115
750236,E14001081,Battersea,208
750236,E14001082,Beaconsfield,168
750236,E14001083,Beckenham and Penge,36
750236,E14001084,Bedford,50
750236,E14001085,Bermondsey and Old Southwark,38
750236,E14001086,Bethnal Green and Stepney,11
750236,E14001087,Beverley and Holderness,295
750236,E14001088,Bexhill and Battle,426
750236,E14001089,Bexleyheath and Crayford,48
750236,E14001090,Bicester and Woodstock,319
750236,E14001091,Birkenhead,52
750236,E14001092,Birmingham Edgbaston,35
750236,E14001093,Birmingham Erdington,37
750236,E14001094,Birmingham Hall Green and Moseley,23
750236,E14001095,Birmingham Hodge Hill and Solihull North,35
750236,E14001096,Birmingham Ladywood,15
750236,E14001097,Birmingham Northfield,56
750236,E14001098,Birmingham Perry Barr,11
750236,E14001099,Birmingham Selly Oak,31
750236,E14001100,Birmingham Yardley,29
750236,E14001101,Bishop Auckland,312
750236,E14001102,Blackburn,31
750236,E14001103,Blackley and Middleton South,20
750236,E14001104,Blackpool North and Fleetwood,70
750236,E14001105,Blackpool South,64
750236,E14001106,Blaydon and Consett,168
750236,E14001107,Blyth and Ashington,163
750236,E14001108,Bognor Regis and Littlehampton,146
750236,E14001109,Bolsover,279
750236,E14001110,Bolton North East,76
750236,E14001111,Bolton South and Walkden,46
750236,E14001112,Bolton West,75
750236,E14001113,Bootle,27
750236,E14001114,Boston and Skegness,256
750236,E14001115,Bournemouth East,53
750236,E14001116,Bournemouth West,71
750236,E14001117,Bracknell,114
750236,E14001118,Bradford East,27
750236,E14001119,Bradford South,57
750236,E14001120,Bradford West,26
750236,E14001121,Braintree,432
750236,E14001122,Brent East,23
750236,E14001123,Brent West,15
750236,E14001124,Brentford and Isleworth,29
750236,E14001125,Brentwood and Ongar,225
750236,E14001126,Bridgwater,232
750236,E14001127,Bridlington and The Wolds,304
750236,E14001128,Brigg and Immingham,269
750236,E14001129,Brighton Kemptown and Peacehaven,87
750236,E14001130,Brighton Pavilion,40
750236,E14001131,Bristol Central,44
750236,E14001132,Bristol East,58
750236,E14001133,Bristol North East,54
750236,E14001134,Bristol North West,69
750236,E14001135,Bristol South,76
750236,E14001136,Broadland and Fakenham,453
750236,E14001137,Bromley and Biggin Hill,81
750236,E14001138,Bromsgrove,193
750236,E14001139,Broxbourne,93
750236,E14001140,Broxtowe,88
750236,E14001141,Buckingham and Bletchley,298
750236,E14001142,Burnley,89
750236,E14001143,Burton and Uttoxeter,278
750236,E14001144,Bury North,85
750236,E14001145,Bury South,52
750236,E14001146,Bury St Edmunds and Stowmarket,343
750236,E14001147,Calder Valley,173
750236,E14001148,Camborne and Redruth,176
750236,E14001149,Cambridge,67
750236,E14001150,Cannock Chase,170
750236,E14001151,Canterbury,144
750236,E14001152,Carlisle,306
750236,E14001153,Carshalton and Wallington,67
750236,E14001154,Castle Point,166
750236,E14001155,Central Devon,517
750236,E14001156,Central Suffolk and North Ipswich,412
750236,E14001157,Chatham and Aylesford,100
750236,E14001158,Cheadle,51
750236,E14001159,Chelmsford,146
750236,E14001160,Chelsea and Fulham,366
750236,E14001161,Cheltenham,147
750236,E14001162,Chesham and Amersham,193
750236,E14001163,Chester North and Neston,142
750236,E14001164,Chester South and Eddisbury,370
750236,E14001165,Chesterfield,171
750236,E14001166,Chichester,276
750236,E14001167,Chingford and Woodford Green,49
750236,E14001168,Chippenham,331
750236,E14001169,Chipping Barnet,83
750236,E14001170,Chorley,186
750236,E14001171,Christchurch,167
750236,E14001172,Cities of London and Westminster,188
750236,E14001173,City of Durham,120
750236,E14001174,Clacton,192
750236,E14001175,Clapham and Brixton Hill,85
750236,E14001176,Colchester,129
750236,E14001177,Colne Valley,198
750236,E14001178,Congleton,291
750236,E14001179,Corby and East Northamptonshire,305
750236,E14001180,Coventry East,53
750236,E14001181,Coventry North West,74
750236,E14001182,Coventry South,42
750236,E14001183,Cramlington and Killingworth,129
750236,E14001184,Crawley,89
750236,E14001185,Crewe and Nantwich,142
750236,E14001186,Croydon East,40
750236,E14001187,Croydon South,54
750236,E14001188,Croydon West,17
750236,E14001189,Dagenham and Rainham,54
750236,E14001190,Darlington,130
750236,E14001191,Dartford,73
750236,E14001192,Daventry,518
750236,E14001193,Derby North,102
750236,E14001194,Derby South,72
750236,E14001195,Derbyshire Dales,470
750236,E14001196,Dewsbury and Batley,86
750236,E14001197,Didcot and Wantage,356
750236,E14001198,Doncaster Central,134
750236,E14001199,Doncaster East and the Isle of Axholme,268
750236,E14001200,Doncaster North,216
750236,E14001201,Dorking and Horley,261
750236,E14001202,Dover and Deal,175
750236,E14001203,Droitwich and Evesham,356
750236,E14001204,Dudley,86
750236,E14001205,Dulwich and West Norwood,29
750236,E14001206,Dunstable and Leighton Buzzard,166
750236,E14001207,Ealing Central and Acton,53
750236,E14001208,Ealing North,25
750236,E14001209,Ealing Southall,18
750236,E14001210,Earley and Woodley,104
750236,E14001211,Easington,163
750236,E14001212,East Grinstead and Uckfield,393
750236,E14001213,East Ham,6
750236,E14001214,East Hampshire,497
750236,E14001215,East Surrey,277
750236,E14001216,East Thanet,81
750236,E14001217,East Wiltshire,639
750236,E14001218,East Worthing and Shoreham,101
750236,E14001219,Eastbourne,78
750236,E14001220,Eastleigh,134
750236,E14001221,Edmonton and Winchmore Hill,33
750236,E14001222,Ellesmere Port and Bromborough,90
750236,E14001223,Eltham and Chislehurst,67
750236,E14001224,Ely and East Cambridgeshire,410
750236,E14001225,Enfield North,52
750236,E14001226,Epping Forest,115
750236,E14001227,Epsom and Ewell,117
750236,E14001228,Erewash,141
750236,E14001229,Erith and Thamesmead,18
750236,E14001230,Esher and Walton,103
750236,E14001231,Exeter,53
750236,E14001232,Exmouth and Exeter East,180
750236,E14001233,Fareham and Waterlooville,189
750236,E14001234,Farnham and Bordon,344
750236,E14001235,Faversham and Mid Kent,240
750236,E14001236,Feltham and Heston,25
750236,E14001237,Filton and Bradley Stoke,96
750236,E14001238,Finchley and Golders Green,27
750236,E14001239,Folkestone and Hythe,146
750236,E14001240,Forest of Dean,448
750236,E14001241,Frome and East Somerset,368
750236,E14001242,Fylde,224
750236,E14001243,Gainsborough,392
750236,E14001244,Gateshead Central and Whickham,47
750236,E14001245,Gedling,83
750236,E14001246,Gillingham and Rainham,107
750236,E14001247,Glastonbury and Somerton,396
750236,E14001248,Gloucester,115
750236,E14001249,Godalming and Ash,404
750236,E14001250,Goole and Pocklington,371
750236,E14001251,Gorton and Denton,18
750236,E14001252,Gosport,87
750236,E14001253,Grantham and Bourne,387
750236,E14001254,Gravesham,135
750236,E14001255,Great Grimsby and Cleethorpes,60
750236,E14001256,Great Yarmouth,179
750236,E14001257,Greenwich and Woolwich,27
750236,E14001258,Guildford,188
750236,E14001259,Hackney North and Stoke Newington,11
750236,E14001260,Hackney South and Shoreditch,15
750236,E14001261,Halesowen,122
750236,E14001262,Halifax,109
750236,E14001263,Hamble Valley,192
750236,E14001264,Hammersmith and Chiswick,129
750236,E14001265,Hampstead and Highgate,57
750236,E14001266,"Harborough, Oadby and Wigston",173
750236,E14001267,Harlow,160
750236,E14001268,Harpenden and Berkhamsted,236
750236,E14001269,Harrogate and Knaresborough,210
750236,E14001270,Harrow East,16
750236,E14001271,Harrow West,24
750236,E14001272,Hartlepool,91
750236,E14001273,Harwich and North Essex,372
750236,E14001274,Hastings and Rye,165
750236,E14001275,Havant,130
750236,E14001276,Hayes and Harlington,27
750236,E14001277,Hazel Grove,81
750236,E14001278,Hemel Hempstead,123
750236,E14001279,Hendon,28
750236,E14001280,Henley and Thame,439
750236,E14001281,Hereford and South Herefordshire,400
750236,E14001282,Herne Bay and Sandwich,167
750236,E14001283,Hertford and Stortford,207
750236,E14001284,Hertsmere,94
750236,E14001285,Hexham,425
750236,E14001286,Heywood and Middleton North,61
750236,E14001287,High Peak,214
750236,E14001288,Hinckley and Bosworth,250
750236,E14001289,Hitchin,241
750236,E14001290,Holborn and St Pancras,27
750236,E14001291,Honiton and Sidmouth,333
750236,E14001292,Hornchurch and Upminster,77
750236,E14001293,Hornsey and Friern Barnet,27
750236,E14001294,Horsham,360
750236,E14001295,Houghton and Sunderland South,113
750236,E14001296,Hove and Portslade,56
750236,E14001297,Huddersfield,104
750236,E14001298,Huntingdon,300
750236,E14001299,Hyndburn,111
750236,E14001300,Ilford North,32
750236,E14001301,Ilford South,9
750236,E14001302,Ipswich,113
750236,E14001303,Isle of Wight East,121
750236,E14001304,Isle of Wight West,219
750236,E14001305,Islington North,16
750236,E14001306,Islington South and Finsbury,57
750236,E14001307,Jarrow and Gateshead East,58
750236,E14001308,Keighley and Ilkley,168
750236,E14001309,Kenilworth and Southam,415
750236,E14001310,Kensington and Bayswater,283
750236,E14001311,Kettering,229
750236,E14001312,Kingston and Surbiton,63
750236,E14001313,Kingston upon Hull East,56
750236,E14001314,Kingston upon Hull North and Cottingham,61
750236,E14001315,Kingston upon Hull West and Haltemprice,81
750236,E14001316,Kingswinford and South Staffordshire,164
750236,E14001317,Knowsley,51
750236,E14001318,Lancaster and Wyre,296
750236,E14001319,Leeds Central and Headingley,23
750236,E14001320,Leeds East,88
750236,E14001321,Leeds North East,50
750236,E14001322,Leeds North West,116
750236,E14001323,Leeds South,42
750236,E14001324,Leeds South West and Morley,86
750236,E14001325,Leeds West and Pudsey,57
750236,E14001326,Leicester East,24
750236,E14001327,Leicester South,17
750236,E14001328,Leicester West,36
750236,E14001329,Leigh and Atherton,83
750236,E14001330,Lewes,203
750236,E14001331,Lewisham East,22
750236,E14001332,Lewisham North,14
750236,E14001333,Lewisham West and East Dulwich,34
750236,E14001334,Leyton and Wanstead,31
750236,E14001335,Lichfield,256
750236,E14001336,Lincoln,116
750236,E14001337,Liverpool Garston,41
750236,E14001338,Liverpool Riverside,12
750236,E14001339,Liverpool Walton,13
750236,E14001340,Liverpool Wavertree,13
750236,E14001341,Liverpool West Derby,14
750236,E14001342,Loughborough,165
750236,E14001343,Louth and Horncastle,409
750236,E14001344,Lowestoft,143
750236,E14001345,Luton North,41
750236,E14001346,Luton South and South Bedfordshire,90
750236,E14001347,Macclesfield,204
750236,E14001348,Maidenhead,227
750236,E14001349,Maidstone and Malling,107
750236,E14001350,Makerfield,117
750236,E14001351,Maldon,376
750236,E14001352,Manchester Central,16
750236,E14001353,Manchester Rusholme,7
750236,E14001354,Manchester Withington,28
750236,E14001355,Mansfield,141
750236,E14001356,Melksham and Devizes,400
750236,E14001357,Melton and Syston,358
750236,E14001358,Meriden and Solihull East,140
750236,E14001359,Mid Bedfordshire,261
750236,E14001360,Mid Buckinghamshire,414
750236,E14001361,Mid Cheshire,174
750236,E14001362,Mid Derbyshire,201
750236,E14001363,Mid Dorset and North Poole,242
750236,E14001364,Mid Leicestershire,172
750236,E14001365,Mid Norfolk,553
750236,E14001366,Mid Sussex,194
750236,E14001367,Middlesbrough and Thornaby East,52
750236,E14001368,Middlesbrough South and East Cleveland,171
750236,E14001369,Milton Keynes Central,86
750236,E14001370,Milton Keynes North,168
750236,E14001371,Mitcham and Morden,40
750236,E14001372,Morecambe and Lunesdale,355
750236,E14001373,New Forest East,274
750236,E14001374,New Forest West,320
750236,E14001375,Newark,392
750236,E14001376,Newbury,402
750236,E14001377,Newcastle upon Tyne Central and West,70
750236,E14001378,Newcastle upon Tyne East and Wallsend,45
750236,E14001379,Newcastle upon Tyne North,69
750236,E14001380,Newcastle-under-Lyme,144
750236,E14001381,Newton Abbot,177
750236,E14001382,Newton Aycliffe and Spennymoor,162
750236,E14001383,Normanton and Hemsworth,193
750236,E14001384,North Bedfordshire,372
750236,E14001385,North Cornwall,336
750236,E14001386,North Cotswolds,639
750236,E14001387,North Devon,391
750236,E14001388,North Dorset,565
750236,E14001389,North Durham,176
750236,E14001390,North East Cambridgeshire,294
750236,E14001391,North East Derbyshire,269
750236,E14001392,North East Hampshire,359
750236,E14001393,North East Hertfordshire,348
750236,E14001394,North East Somerset and Hanham,193
750236,E14001395,North Herefordshire,630
750236,E14001396,North Norfolk,408
750236,E14001397,North Northumberland,445
750236,E14001398,North Shropshire,525
750236,E14001399,North Somerset,182
750236,E14001400,North Warwickshire and Bedworth,217
750236,E14001401,North West Cambridgeshire,213
750236,E14001402,North West Essex,474
750236,E14001403,North West Hampshire,540
750236,E14001404,North West Leicestershire,277
750236,E14001405,North West Norfolk,405
750236,E14001406,Northampton North,64
750236,E14001407,Northampton South,113
750236,E14001408,Norwich North,96
750236,E14001409,Norwich South,73
750236,E14001410,Nottingham East,25
750236,E14001411,Nottingham North and Kimberley,57
750236,E14001412,Nottingham South,24
750236,E14001413,Nuneaton,126
750236,E14001414,Old Bexley and Sidcup,45
750236,E14001415,Oldham East and Saddleworth,93
750236,E14001416,"Oldham West, Chadderton and Royton",45
750236,E14001417,Orpington,111
750236,E14001418,Ossett and Denby Dale,203
750236,E14001419,Oxford East,38
750236,E14001420,Oxford West and Abingdon,115
750236,E14001421,Peckham,19
750236,E14001422,Pendle and Clitheroe,182
750236,E14001423,Penistone and Stocksbridge,206
750236,E14001424,Penrith and Solway,406
750236,E14001425,Peterborough,83
750236,E14001426,Plymouth Moor View,80
750236,E14001427,Plymouth Sutton and Devonport,61
750236,E14001428,"Pontefract, Castleford and Knottingley",125
750236,E14001429,Poole,122
750236,E14001430,Poplar and Limehouse,24
750236,E14001431,Portsmouth North,77
750236,E14001432,Portsmouth South,45
750236,E14001433,Preston,79
750236,E14001434,Putney,162
750236,E14001435,Queen's Park and Maida Vale,58
750236,E14001436,Rawmarsh and Conisbrough,151
750236,E14001437,Rayleigh and Wickford,168
750236,E14001438,Reading Central,56
750236,E14001439,Reading West and Mid Berkshire,294
750236,E14001440,Redcar,113
750236,E14001441,Redditch,197
750236,E14001442,Reigate,160
750236,E14001443,Ribble Valley,336
750236,E14001444,Richmond and Northallerton,555
750236,E14001445,Richmond Park,121
750236,E14001446,Rochdale,54
750236,E14001447,Rochester and Strood,163
750236,E14001448,Romford,88
750236,E14001449,Romsey and Southampton North,448
750236,E14001450,Rossendale and Darwen,135
750236,E14001451,Rother Valley,156
750236,E14001452,Rotherham,94
750236,E14001453,Rugby,184
750236,E14001454,"Ruislip, Northwood and Pinner",72
750236,E14001455,Runcorn and Helsby,145
750236,E14001456,Runnymede and Weybridge,153
750236,E14001457,Rushcliffe,184
750236,E14001458,Rutland and Stamford,466
750236,E14001459,Salford,27
750236,E14001460,Salisbury,467
750236,E14001461,Scarborough and Whitby,251
750236,E14001462,Scunthorpe,169
750236,E14001463,Sefton Central,79
750236,E14001464,Selby,323
750236,E14001465,Sevenoaks,278
750236,E14001466,Sheffield Brightside and Hillsborough,60
750236,E14001467,Sheffield Central,23
750236,E14001468,Sheffield Hallam,125
750236,E14001469,Sheffield Heeley,49
750236,E14001470,Sheffield South East,80
750236,E14001471,Sherwood Forest,252
750236,E14001472,Shipley,151
750236,E14001473,Shrewsbury,217
750236,E14001474,Sittingbourne and Sheppey,211
750236,E14001475,Skipton and Ripon,596
750236,E14001476,Sleaford and North Hykeham,262
750236,E14001477,Slough,42
750236,E14001478,Smethwick,38
750236,E14001479,Solihull West and Shirley,72
750236,E14001480,South Basildon and East Thurrock,121
750236,E14001481,South Cambridgeshire,334
750236,E14001482,South Cotswolds,611
750236,E14001483,South Derbyshire,292
750236,E14001484,South Devon,251
750236,E14001485,South Dorset,243
750236,E14001486,South East Cornwall,319
750236,E14001487,South Holland and The Deepings,399
750236,E14001488,South Leicestershire,284
750236,E14001489,South Norfolk,366
750236,E14001490,South Northamptonshire,540
750236,E14001491,South Ribble,277
750236,E14001492,South Shields,49
750236,E14001493,South Shropshire,707
750236,E14001494,South Suffolk,488
750236,E14001495,South West Devon,224
750236,E14001496,South West Hertfordshire,104
750236,E14001497,South West Norfolk,501
750236,E14001498,South West Wiltshire,392
750236,E14001499,Southampton Itchen,77
750236,E14001500,Southampton Test,53
750236,E14001501,Southend East and Rochford,145
750236,E14001502,Southend West and Leigh,95
750236,E14001503,Southgate and Wood Green,29
750236,E14001504,Southport,185
750236,E14001505,Spelthorne,80
750236,E14001506,Spen Valley,124
750236,E14001507,St Albans,97
750236,E14001508,St Austell and Newquay,182
750236,E14001509,St Helens North,109
750236,E14001510,St Helens South and Whiston,66
750236,E14001511,St Ives,226
750236,E14001512,St Neots and Mid Cambridgeshire,228
750236,E14001513,Stafford,285
750236,E14001514,Staffordshire Moorlands,258
750236,E14001515,Stalybridge and Hyde,96
750236,E14001516,Stevenage,122
750236,E14001517,Stockport,42
750236,E14001518,Stockton North,89
750236,E14001519,Stockton West,152
750236,E14001520,Stoke-on-Trent Central,47
750236,E14001521,Stoke-on-Trent North,92
750236,E14001522,Stoke-on-Trent South,157
750236,E14001523,"Stone, Great Wyrley and Penkridge",284
750236,E14001524,Stourbridge,107
750236,E14001525,Stratford and Bow,9
750236,E14001526,Stratford-on-Avon,464
750236,E14001527,Streatham and Croydon North,48
750236,E14001528,Stretford and Urmston,51
750236,E14001529,Stroud,317
750236,E14001530,Suffolk Coastal,378
750236,E14001531,Sunderland Central,62
750236,E14001532,Surrey Heath,235
750236,E14001533,Sussex Weald,444
750236,E14001534,Sutton and Cheam,50
750236,E14001535,Sutton Coldfield,86
750236,E14001536,Swindon North,152
750236,E14001537,Swindon South,111
750236,E14001538,Tamworth,178
750236,E14001539,Tatton,202
750236,E14001540,Taunton and Wellington,219
750236,E14001541,Telford,96
750236,E14001542,Tewkesbury,326
750236,E14001543,The Wrekin,279
750236,E14001544,Thirsk and Malton,682
750236,E14001545,Thornbury and Yate,282
750236,E14001546,Thurrock,94
750236,E14001547,Tipton and Wednesbury,50
750236,E14001548,Tiverton and Minehead,575
750236,E14001549,Tonbridge,292
750236,E14001550,Tooting,144
750236,E14001551,Torbay,76
750236,E14001552,Torridge and Tavistock,388
750236,E14001553,Tottenham,7
750236,E14001554,Truro and Falmouth,265
750236,E14001555,Tunbridge Wells,303
750236,E14001556,Twickenham,75
750236,E14001557,Tynemouth,51
750236,E14001558,Uxbridge and South Ruislip,70
750236,E14001559,Vauxhall and Camberwell Green,49
750236,E14001560,Wakefield and Rothwell,89
750236,E14001561,Wallasey,71
750236,E14001562,Walsall and Bloxwich,32
750236,E14001563,Walthamstow,27
750236,E14001564,Warrington North,99
750236,E14001565,Warrington South,95
750236,E14001566,Warwick and Leamington,101
750236,E14001567,Washington and Gateshead South,70
750236,E14001568,Watford,41
750236,E14001569,Waveney Valley,577
750236,E14001570,Weald of Kent,489
750236,E14001571,Wellingborough and Rushden,154
750236,E14001572,Wells and Mendip Hills,358
750236,E14001573,Welwyn Hatfield,142
750236,E14001574,West Bromwich,30
750236,E14001575,West Dorset,470
750236,E14001576,West Ham and Beckton,18
750236,E14001577,West Lancashire,163
750236,E14001578,West Suffolk,461
750236,E14001579,West Worcestershire,478
750236,E14001580,Westmorland and Lonsdale,350
750236,E14001581,Weston-super-Mare,148
750236,E14001582,Wetherby and Easingwold,474
750236,E14001583,Whitehaven and Workington,227
750236,E14001584,Widnes and Halewood,88
750236,E14001585,Wigan,116
750236,E14001586,Wimbledon,120
750236,E14001587,Winchester,431
750236,E14001588,Windsor,128
750236,E14001589,Wirral West,107
750236,E14001590,Witham,415
750236,E14001591,Witney,421
750236,E14001592,Woking,126
750236,E14001593,Wokingham,188
750236,E14001594,Wolverhampton North East,55
750236,E14001595,Wolverhampton South East,55
750236,E14001596,Wolverhampton West,51
750236,E14001597,Worcester,115
750236,E14001598,Worsley and Eccles,66
750236,E14001599,Worthing West,144
750236,E14001600,Wycombe,187
750236,E14001601,Wyre Forest,237
750236,E14001602,Wythenshawe and Sale East,31
750236,E14001603,Yeovil,354
750236,E14001604,York Central,68
750236,E14001605,York Outer,167
750236,N05000001,Belfast East,13
750236,N05000002,Belfast North,9
750236,N05000003,Belfast South and Mid Down,11
750236,N05000004,Belfast West,3
750236,N05000005,East Antrim,32
750236,N05000006,East Londonderry,32
750236,N05000007,Fermanagh and South Tyrone,20
750236,N05000008,Foyle,8
750236,N05000009,Lagan Valley,28
750236,N05000010,Mid Ulster,12
750236,N05000011,Newry and Armagh,31
750236,N05000012,North Antrim,34
750236,N05000013,North Down,24
750236,N05000014,South Antrim,19
750236,N05000015,South Down,21
750236,N05000016,Strangford,42
750236,N05000017,Upper Bann,37
750236,N05000018,West Tyrone,25
750236,S14000021,East Renfrewshire,50
750236,S14000027,Na h-Eileanan an Iar,49
750236,S14000045,Midlothian,115
750236,S14000048,North Ayrshire and Arran,83
750236,S14000051,Orkney and Shetland,162
750236,S14000060,Aberdeen North,71
750236,S14000061,Aberdeen South,122
750236,S14000062,Aberdeenshire North and Moray East,201
750236,S14000063,Airdrie and Shotts,64
750236,S14000064,Alloa and Grangemouth,96
750236,S14000065,Angus and Perthshire Glens,523
750236,S14000066,Arbroath and Broughty Ferry,137
750236,S14000067,"Argyll, Bute and South Lochaber",300
750236,S14000068,Bathgate and Linlithgow,132
750236,S14000069,"Caithness, Sutherland and Easter Ross",406
750236,S14000070,Coatbridge and Bellshill,29
750236,S14000071,Cowdenbeath and Kirkcaldy,64
750236,S14000072,Cumbernauld and Kirkintilloch,54
750236,S14000073,Dumfries and Galloway,326
750236,S14000074,"Dumfriesshire, Clydesdale and Tweeddale",424
750236,S14000075,Dundee Central,35
750236,S14000076,Dunfermline and Dollar,108
750236,S14000077,East Kilbride and Strathaven,50
750236,S14000078,Edinburgh East and Musselburgh,33
750236,S14000079,Edinburgh North and Leith,78
750236,S14000080,Edinburgh South,65
750236,S14000081,Edinburgh South West,54
750236,S14000082,Edinburgh West,92
750236,S14000083,Falkirk,81
750236,S14000084,Glasgow East,10
750236,S14000085,Glasgow North,13
750236,S14000086,Glasgow North East,15
750236,S14000087,Glasgow South,13
750236,S14000088,Glasgow South West,11
750236,S14000089,Glasgow West,21
750236,S14000090,Glenrothes and Mid Fife,89
750236,S14000091,Gordon and Buchan,326
750236,S14000092,Hamilton and Clyde Valley,95
750236,S14000093,Inverclyde and Renfrewshire West,40
750236,S14000094,"Inverness, Skye and West Ross-shire",273
750236,S14000095,Livingston,91
750236,S14000096,Lothian East,226
750236,S14000097,Mid Dunbartonshire,73
750236,S14000098,"Moray West, Nairn and Strathspey",365
750236,S14000099,"Motherwell, Wishaw and Carluke",71
750236,S14000100,North East Fife,220
750236,S14000101,Paisley and Renfrewshire North,29
750236,S14000102,Paisley and Renfrewshire South,56
750236,S14000103,Perth and Kinross-shire,268
750236,S14000104,Rutherglen,28
750236,S14000105,Stirling and Strathallan,232
750236,S14000106,West Dunbartonshire,80
750236,S14000107,"Ayr, Carrick and Cumnock",128
750236,S14000108,"Berwickshire, Roxburgh and Selkirk",376
750236,S14000109,Central Ayrshire,69
750236,S14000110,Kilmarnock and Loudoun,97
750236,S14000111,West Aberdeenshire and Kincardine,348
750236,W07000081,Aberafan Maesteg,89
750236,W07000082,Alyn and Deeside,210
750236,W07000083,Bangor Aberconwy,244
750236,W07000084,Blaenau Gwent and Rhymney,108
750236,W07000085,"Brecon, Radnor and Cwm Tawe",342
750236,W07000086,Bridgend,126
750236,W07000087,Caerfyrddin,315
750236,W07000088,Caerphilly,108
750236,W07000089,Cardiff East,49
750236,W07000090,Cardiff North,54
750236,W07000091,Cardiff South and Penarth,40
750236,W07000092,Cardiff West,63
750236,W07000093,Ceredigion Preseli,259
750236,W07000094,Clwyd East,296
750236,W07000095,Clwyd North,170
750236,W07000096,Dwyfor Meirionnydd,273
750236,W07000097,Gower,149
750236,W07000098,Llanelli,143
750236,W07000099,Merthyr Tydfil and Aberdare,77
750236,W07000100,Mid and South Pembrokeshire,252
750236,W07000101,Monmouthshire,361
750236,W07000102,Montgomeryshire and Glyndŵr,422
750236,W07000103,Neath and Swansea East,108
750236,W07000104,Newport East,104
750236,W07000105,Newport West and Islwyn,105
750236,W07000106,Pontypridd,117
750236,W07000107,Rhondda and Ogmore,75
750236,W07000108,Swansea West,65
750236,W07000109,Torfaen,154
750236,W07000110,Vale of Glamorgan,146
750236,W07000111,Wrexham,212
750236,W07000112,Ynys Môn,224
702845,E14001063,Aldershot,163
702845,E14001064,Aldridge-Brownhills,240
702845,E14001065,Altrincham and Sale West,228
702845,E14001066,Amber Valley,248
702845,E14001067,Arundel and South Downs,116
702845,E14001068,Ashfield,190
702845,E14001069,Ashford,152
702845,E14001070,Ashton-under-Lyne,275
702845,E14001071,Aylesbury,158
702845,E14001072,Banbury,136
702845,E14001073,Barking,52
702845,E14001074,Barnsley North,208
702845,E14001075,Barnsley South,211
702845,E14001076,Barrow and Furness,213
702845,E14001077,Basildon and Billericay,172
702845,E14001078,Basingstoke,197
702845,E14001079,Bassetlaw,180
702845,E14001080,Bath,182
702845,E14001081,Battersea,28
702845,E14001082,Beaconsfield,123
702845,E14001083,Beckenham and Penge,66
702845,E14001084,Bedford,148
702845,E14001085,Bermondsey and Old Southwark,46
702845,E14001086,Bethnal Green and Stepney,31
702845,E14001087,Beverley and Holderness,215
702845,E14001088,Bexhill and Battle,179
702845,E14001089,Bexleyheath and Crayford,77
702845,E14001090,Bicester and Woodstock,195
702845,E14001091,Birkenhead,67
702845,E14001092,Birmingham Edgbaston,259
702845,E14001093,Birmingham Erdington,327
702845,E14001094,Birmingham Hall Green and Moseley,205
702845,E14001095,Birmingham Hodge Hill and Solihull North,199
702845,E14001096,Birmingham Ladywood,164
702845,E14001097,Birmingham Northfield,349
702845,E14001098,Birmingham Perry Barr,217
702845,E14001099,Birmingham Selly Oak,285
702845,E14001100,Birmingham Yardley,202
702845,E14001101,Bishop Auckland,221
702845,E14001102,Blackburn,226
702845,E14001103,Blackley and Middleton South,284
702845,E14001104,Blackpool North and Fleetwood,403
702845,E14001105,Blackpool South,408
702845,E14001106,Blaydon and Consett,356
702845,E14001107,Blyth and Ashington,390
702845,E14001108,Bognor Regis and Littlehampton,223
702845,E14001109,Bolsover,182
702845,E14001110,Bolton North East,297
702845,E14001111,Bolton South and Walkden,269
702845,E14001112,Bolton West,322
702845,E14001113,Bootle,77
702845,E14001114,Boston and Skegness,239
702845,E14001115,Bournemouth East,207
702845,E14001116,Bournemouth West,205
702845,E14001117,Bracknell,192
702845,E14001118,Bradford East,176
702845,E14001119,Bradford South,199
702845,E14001120,Bradford West,87
702845,E14001121,Braintree,146
702845,E14001122,Brent East,54
702845,E14001123,Brent West,67
702845,E14001124,Brentford and Isleworth,72
702845,E14001125,Brentwood and Ongar,139
702845,E14001126,Bridgwater,163
702845,E14001127,Bridlington and The Wolds,270
702845,E14001128,Brigg and Immingham,206
702845,E14001129,Brighton Kemptown and Peacehaven,363
702845,E14001130,Brighton Pavilion,252
702845,E14001131,Bristol Central,106
702845,E14001132,Bristol East,238
702845,E14001133,Bristol North East,214
702845,E14001134,Bristol North West,231
702845,E14001135,Bristol South,238
702845,E14001136,Broadland and Fakenham,162
702845,E14001137,Bromley and Biggin Hill,45
702845,E14001138,Bromsgrove,165
702845,E14001139,Broxbourne,143
702845,E14001140,Broxtowe,308
702845,E14001141,Buckingham and Bletchley,125
702845,E14001142,Burnley,340
702845,E14001143,Burton and Uttoxeter,212
702845,E14001144,Bury North,311
702845,E14001145,Bury South,274
702845,E14001146,Bury St Edmunds and Stowmarket,128
702845,E14001147,Calder Valley,321
702845,E14001148,Camborne and Redruth,245
702845,E14001149,Cambridge,147
702845,E14001150,Cannock Chase,133
702845,E14001151,Canterbury,179
702845,E14001152,Carlisle,229
702845,E14001153,Carshalton and Wallington,57
702845,E14001154,Castle Point,177
702845,E14001155,Central Devon,201
702845,E14001156,Central Suffolk and North Ipswich,142
702845,E14001157,Chatham and Aylesford,173
702845,E14001158,Cheadle,193
702845,E14001159,Chelmsford,176
702845,E14001160,Chelsea and Fulham,44
702845,E14001161,Cheltenham,207
702845,E14001162,Chesham and Amersham,107
702845,E14001163,Chester North and Neston,289
702845,E14001164,Chester South and Eddisbury,168
702845,E14001165,Chesterfield,202
702845,E14001166,Chichester,211
702845,E14001167,Chingford and Woodford Green,52
702845,E14001168,Chippenham,198
702845,E14001169,Chipping Barnet,52
702845,E14001170,Chorley,318
702845,E14001171,Christchurch,173
702845,E14001172,Cities of London and Westminster,48
702845,E14001173,City of Durham,210
702845,E14001174,Clacton,210
702845,E14001175,Clapham and Brixton Hill,29
702845,E14001176,Colchester,192
702845,E14001177,Colne Valley,238
702845,E14001178,Congleton,168
702845,E14001179,Corby and East Northamptonshire,147
702845,E14001180,Coventry East,214
702845,E14001181,Coventry North West,244
702845,E14001182,Coventry South,194
702845,E14001183,Cramlington and Killingworth,420
702845,E14001184,Crawley,232
702845,E14001185,Crewe and Nantwich,240
702845,E14001186,Croydon East,73
702845,E14001187,Croydon South,72
702845,E14001188,Croydon West,64
702845,E14001189,Dagenham and Rainham,47
702845,E14001190,Darlington,252
702845,E14001191,Dartford,143
702845,E14001192,Daventry,160
702845,E14001193,Derby North,244
702845,E14001194,Derby South,204
702845,E14001195,Derbyshire Dales,169
702845,E14001196,Dewsbury and Batley,149
702845,E14001197,Didcot and Wantage,196
702845,E14001198,Doncaster Central,192
702845,E14001199,Doncaster East and the Isle of Axholme,151
702845,E14001200,Doncaster North,167
702845,E14001201,Dorking and Horley,142
702845,E14001202,Dover and Deal,258
702845,E14001203,Droitwich and Evesham,156
702845,E14001204,Dudley,173
702845,E14001205,Dulwich and West Norwood,36
702845,E14001206,Dunstable and Leighton Buzzard,269
702845,E14001207,Ealing Central and Acton,55
702845,E14001208,Ealing North,68
702845,E14001209,Ealing Southall,70
702845,E14001210,Earley and Woodley,175
702845,E14001211,Easington,264
702845,E14001212,East Grinstead and Uckfield,133
702845,E14001213,East Ham,51
702845,E14001214,East Hampshire,126
702845,E14001215,East Surrey,151
702845,E14001216,East Thanet,303
702845,E14001217,East Wiltshire,150
702845,E14001218,East Worthing and Shoreham,268
702845,E14001219,Eastbourne,266
702845,E14001220,Eastleigh,140
702845,E14001221,Edmonton and Winchmore Hill,42
702845,E14001222,Ellesmere Port and Bromborough,231
702845,E14001223,Eltham and Chislehurst,45
702845,E14001224,Ely and East Cambridgeshire,127
702845,E14001225,Enfield North,55
702845,E14001226,Epping Forest,118
702845,E14001227,Epsom and Ewell,182
702845,E14001228,Erewash,256
702845,E14001229,Erith and Thamesmead,73
702845,E14001230,Esher and Walton,157
702845,E14001231,Exeter,252
702845,E14001232,Exmouth and Exeter East,285
702845,E14001233,Fareham and Waterlooville,219
702845,E14001234,Farnham and Bordon,103
702845,E14001235,Faversham and Mid Kent,179
702845,E14001236,Feltham and Heston,80
702845,E14001237,Filton and Bradley Stoke,280
702845,E14001238,Finchley and Golders Green,68
702845,E14001239,Folkestone and Hythe,211
702845,E14001240,Forest of Dean,166
702845,E14001241,Frome and East Somerset,150
702845,E14001242,Fylde,428
702845,E14001243,Gainsborough,245
702845,E14001244,Gateshead Central and Whickham,396
702845,E14001245,Gedling,357
702845,E14001246,Gillingham and Rainham,163
702845,E14001247,Glastonbury and Somerton,136
702845,E14001248,Gloucester,291
702845,E14001249,Godalming and Ash,140
702845,E14001250,Goole and Pocklington,175
702845,E14001251,Gorton and Denton,230
702845,E14001252,Gosport,256
702845,E14001253,Grantham and Bourne,187
702845,E14001254,Gravesham,138
702845,E14001255,Great Grimsby and Cleethorpes,231
702845,E14001256,Great Yarmouth,212
702845,E14001257,Greenwich and Woolwich,41
702845,E14001258,Guildford,147
702845,E14001259,Hackney North and Stoke Newington,39
702845,E14001260,Hackney South and Shoreditch,45
702845,E14001261,Halesowen,214
702845,E14001262,Halifax,262
702845,E14001263,Hamble Valley,184
702845,E14001264,Hammersmith and Chiswick,41
702845,E14001265,Hampstead and Highgate,37
702845,E14001266,"Harborough, Oadby and Wigston",193
702845,E14001267,Harlow,135
702845,E14001268,Harpenden and Berkhamsted,80
702845,E14001269,Harrogate and Knaresborough,226
702845,E14001270,Harrow East,59
702845,E14001271,Harrow West,62
702845,E14001272,Hartlepool,182
702845,E14001273,Harwich and North Essex,170
702845,E14001274,Hastings and Rye,232
702845,E14001275,Havant,170
702845,E14001276,Hayes and Harlington,85
702845,E14001277,Hazel Grove,273
702845,E14001278,Hemel Hempstead,140
702845,E14001279,Hendon,60
702845,E14001280,Henley and Thame,111
702845,E14001281,Hereford and South Herefordshire,156
702845,E14001282,Herne Bay and Sandwich,275
702845,E14001283,Hertford and Stortford,118
702845,E14001284,Hertsmere,150
702845,E14001285,Hexham,303
702845,E14001286,Heywood and Middleton North,221
702845,E14001287,High Peak,205
702845,E14001288,Hinckley and Bosworth,148
702845,E14001289,Hitchin,138
702845,E14001290,Holborn and St Pancras,42
702845,E14001291,Honiton and Sidmouth,261
702845,E14001292,Hornchurch and Upminster,51
702845,E14001293,Hornsey and Friern Barnet,57
702845,E14001294,Horsham,160
702845,E14001295,Houghton and Sunderland South,320
702845,E14001296,Hove and Portslade,276
702845,E14001297,Huddersfield,258
702845,E14001298,Huntingdon,189
702845,E14001299,Hyndburn,267
702845,E14001300,Ilford North,73
702845,E14001301,Ilford South,55
702845,E14001302,Ipswich,165
702845,E14001303,Isle of Wight East,279
702845,E14001304,Isle of Wight West,212
702845,E14001305,Islington North,48
702845,E14001306,Islington South and Finsbury,58
702845,E14001307,Jarrow and Gateshead East,403
702845,E14001308,Keighley and Ilkley,220
702845,E14001309,Kenilworth and Southam,143
702845,E14001310,Kensington and Bayswater,31
702845,E14001311,Kettering,159
702845,E14001312,Kingston and Surbiton,73
702845,E14001313,Kingston upon Hull East,278
702845,E14001314,Kingston upon Hull North and Cottingham,255
702845,E14001315,Kingston upon Hull West and Haltemprice,263
702845,E14001316,Kingswinford and South Staffordshire,167
702845,E14001317,Knowsley,51
702845,E14001318,Lancaster and Wyre,326
702845,E14001319,Leeds Central and Headingley,101
702845,E14001320,Leeds East,244
702845,E14001321,Leeds North East,194
702845,E14001322,Leeds North West,198
702845,E14001323,Leeds South,253
702845,E14001324,Leeds South West and Morley,221
702845,E14001325,Leeds West and Pudsey,218
702845,E14001326,Leicester East,218
702845,E14001327,Leicester South,176
702845,E14001328,Leicester West,237
702845,E14001329,Leigh and Atherton,268
702845,E14001330,Lewes,254
702845,E14001331,Lewisham East,56
702845,E14001332,Lewisham North,62
702845,E14001333,Lewisham West and East Dulwich,48
702845,E14001334,Leyton and Wanstead,43
702845,E14001335,Lichfield,192
702845,E14001336,Lincoln,309
702845,E14001337,Liverpool Garston,66
702845,E14001338,Liverpool Riverside,61
702845,E14001339,Liverpool Walton,62
702845,E14001340,Liverpool Wavertree,47
702845,E14001341,Liverpool West Derby,56
702845,E14001342,Loughborough,121
702845,E14001343,Louth and Horncastle,250
702845,E14001344,Lowestoft,241
702845,E14001345,Luton North,226
702845,E14001346,Luton South and South Bedfordshire,158
702845,E14001347,Macclesfield,190
702845,E14001348,Maidenhead,122
702845,E14001349,Maidstone and Malling,163
702845,E14001350,Makerfield,276
702845,E14001351,Maldon,154
702845,E14001352,Manchester Central,253
702845,E14001353,Manchester Rusholme,144
702845,E14001354,Manchester Withington,192
702845,E14001355,Mansfield,241
702845,E14001356,Melksham and Devizes,189
702845,E14001357,Melton and Syston,167
702845,E14001358,Meriden and Solihull East,222
702845,E14001359,Mid Bedfordshire,157
702845,E14001360,Mid Buckinghamshire,128
702845,E14001361,Mid Cheshire,142
702845,E14001362,Mid Derbyshire,255
702845,E14001363,Mid Dorset and North Poole,201
702845,E14001364,Mid Leicestershire,185
702845,E14001365,Mid Norfolk,158
702845,E14001366,Mid Sussex,134
702845,E14001367,Middlesbrough and Thornaby East,258
702845,E14001368,Middlesbrough South and East Cleveland,242
702845,E14001369,Milton Keynes Central,146
702845,E14001370,Milton Keynes North,139
702845,E14001371,Mitcham and Morden,51
702845,E14001372,Morecambe and Lunesdale,327
702845,E14001373,New Forest East,165
702845,E14001374,New Forest West,118
702845,E14001375,Newark,236
702845,E14001376,Newbury,113
702845,E14001377,Newcastle upon Tyne Central and West,418
702845,E14001378,Newcastle upon Tyne East and Wallsend,451
702845,E14001379,Newcastle upon Tyne North,373
702845,E14001380,Newcastle-under-Lyme,184
702845,E14001381,Newton Abbot,323
702845,E14001382,Newton Aycliffe and Spennymoor,264
702845,E14001383,Normanton and Hemsworth,179
702845,E14001384,North Bedfordshire,133
702845,E14001385,North Cornwall,177
702845,E14001386,North Cotswolds,198
702845,E14001387,North Devon,264
702845,E14001388,North Dorset,124
702845,E14001389,North Durham,361
702845,E14001390,North East Cambridgeshire,126
702845,E14001391,North East Derbyshire,178
702845,E14001392,North East Hampshire,99
702845,E14001393,North East Hertfordshire,113
702845,E14001394,North East Somerset and Hanham,194
702845,E14001395,North Herefordshire,119
702845,E14001396,North Norfolk,162
702845,E14001397,North Northumberland,246
702845,E14001398,North Shropshire,155
702845,E14001399,North Somerset,207
702845,E14001400,North Warwickshire and Bedworth,192
702845,E14001401,North West Cambridgeshire,145
702845,E14001402,North West Essex,99
702845,E14001403,North West Hampshire,165
702845,E14001404,North West Leicestershire,174
702845,E14001405,North West Norfolk,191
702845,E14001406,Northampton North,199
702845,E14001407,Northampton South,149
702845,E14001408,Norwich North,221
702845,E14001409,Norwich South,171
702845,E14001410,Nottingham East,232
702845,E14001411,Nottingham North and Kimberley,271
702845,E14001412,Nottingham South,212
702845,E14001413,Nuneaton,175
702845,E14001414,Old Bexley and Sidcup,63
702845,E14001415,Oldham East and Saddleworth,237
702845,E14001416,"Oldham West, Chadderton and Royton",234
702845,E14001417,Orpington,57
702845,E14001418,Ossett and Denby Dale,194
702845,E14001419,Oxford East,173
702845,E14001420,Oxford West and Abingdon,159
702845,E14001421,Peckham,41
702845,E14001422,Pendle and Clitheroe,302
702845,E14001423,Penistone and Stocksbridge,184
702845,E14001424,Penrith and Solway,260
702845,E14001425,Peterborough,180
702845,E14001426,Plymouth Moor View,420
702845,E14001427,Plymouth Sutton and Devonport,359
702845,E14001428,"Pontefract, Castleford and Knottingley",226
702845,E14001429,Poole,212
702845,E14001430,Poplar and Limehouse,30
702845,E14001431,Portsmouth North,308
702845,E14001432,Portsmouth South,214
702845,E14001433,Preston,365
702845,E14001434,Putney,40
702845,E14001435,Queen's Park and Maida Vale,44
702845,E14001436,Rawmarsh and Conisbrough,179
702845,E14001437,Rayleigh and Wickford,179
702845,E14001438,Reading Central,164
702845,E14001439,Reading West and Mid Berkshire,156
702845,E14001440,Redcar,283
702845,E14001441,Redditch,132
702845,E14001442,Reigate,161
702845,E14001443,Ribble Valley,395
702845,E14001444,Richmond and Northallerton,140
702845,E14001445,Richmond Park,31
702845,E14001446,Rochdale,177
702845,E14001447,Rochester and Strood,170
702845,E14001448,Romford,58
702845,E14001449,Romsey and Southampton North,126
702845,E14001450,Rossendale and Darwen,352
702845,E14001451,Rother Valley,177
702845,E14001452,Rotherham,209
702845,E14001453,Rugby,181
702845,E14001454,"Ruislip, Northwood and Pinner",58
702845,E14001455,Runcorn and Helsby,235
702845,E14001456,Runnymede and Weybridge,139
702845,E14001457,Rushcliffe,252
702845,E14001458,Rutland and Stamford,138
702845,E14001459,Salford,320
702845,E14001460,Salisbury,163
702845,E14001461,Scarborough and Whitby,301
702845,E14001462,Scunthorpe,204
702845,E14001463,Sefton Central,80
702845,E14001464,Selby,232
702845,E14001465,Sevenoaks,109
702845,E14001466,Sheffield Brightside and Hillsborough,221
702845,E14001467,Sheffield Central,112
702845,E14001468,Sheffield Hallam,204
702845,E14001469,Sheffield Heeley,276
702845,E14001470,Sheffield South East,282
702845,E14001471,Sherwood Forest,238
702845,E14001472,Shipley,249
702845,E14001473,Shrewsbury,222
702845,E14001474,Sittingbourne and Sheppey,122
702845,E14001475,Skipton and Ripon,211
702845,E14001476,Sleaford and North Hykeham,242
702845,E14001477,Slough,238
702845,E14001478,Smethwick,203
702845,E14001479,Solihull West and Shirley,252
702845,E14001480,South Basildon and East Thurrock,148
702845,E14001481,South Cambridgeshire,139
702845,E14001482,South Cotswolds,124
702845,E14001483,South Derbyshire,195
702845,E14001484,South Devon,289
702845,E14001485,South Dorset,328
702845,E14001486,South East Cornwall,251
702845,E14001487,South Holland and The Deepings,149
702845,E14001488,South Leicestershire,167
702845,E14001489,South Norfolk,140
702845,E14001490,South Northamptonshire,136
702845,E14001491,South Ribble,431
702845,E14001492,South Shields,363
702845,E14001493,South Shropshire,160
702845,E14001494,South Suffolk,111
702845,E14001495,South West Devon,361
702845,E14001496,South West Hertfordshire,146
702845,E14001497,South West Norfolk,150
702845,E14001498,South West Wiltshire,149
702845,E14001499,Southampton Itchen,185
702845,E14001500,Southampton Test,180
702845,E14001501,Southend East and Rochford,171
702845,E14001502,Southend West and Leigh,179
702845,E14001503,Southgate and Wood Green,57
702845,E14001504,Southport,178
702845,E14001505,Spelthorne,188
702845,E14001506,Spen Valley,219
702845,E14001507,St Albans,129
702845,E14001508,St Austell and Newquay,247
702845,E14001509,St Helens North,105
702845,E14001510,St Helens South and Whiston,68
702845,E14001511,St Ives,196
702845,E14001512,St Neots and Mid Cambridgeshire,171
702845,E14001513,Stafford,153
702845,E14001514,Staffordshire Moorlands,140
702845,E14001515,Stalybridge and Hyde,242
702845,E14001516,Stevenage,168
702845,E14001517,Stockport,301
702845,E14001518,Stockton North,224
702845,E14001519,Stockton West,231
702845,E14001520,Stoke-on-Trent Central,202
702845,E14001521,Stoke-on-Trent North,166
702845,E14001522,Stoke-on-Trent South,145
702845,E14001523,"Stone, Great Wyrley and Penkridge",148
702845,E14001524,Stourbridge,166
702845,E14001525,Stratford and Bow,40
702845,E14001526,Stratford-on-Avon,111
702845,E14001527,Streatham and Croydon North,65
702845,E14001528,Stretford and Urmston,337
702845,E14001529,Stroud,170
702845,E14001530,Suffolk Coastal,143
702845,E14001531,Sunderland Central,380
702845,E14001532,Surrey Heath,126
702845,E14001533,Sussex Weald,117
702845,E14001534,Sutton and Cheam,74
702845,E14001535,Sutton Coldfield,307
702845,E14001536,Swindon North,178
702845,E14001537,Swindon South,260
702845,E14001538,Tamworth,227
702845,E14001539,Tatton,123
702845,E14001540,Taunton and Wellington,212
702845,E14001541,Telford,131
702845,E14001542,Tewkesbury,270
702845,E14001543,The Wrekin,145
702845,E14001544,Thirsk and Malton,211
702845,E14001545,Thornbury and Yate,222
702845,E14001546,Thurrock,135
702845,E14001547,Tipton and Wednesbury,198
702845,E14001548,Tiverton and Minehead,150
702845,E14001549,Tonbridge,129
702845,E14001550,Tooting,36
702845,E14001551,Torbay,405
702845,E14001552,Torridge and Tavistock,218
702845,E14001553,Tottenham,54
702845,E14001554,Truro and Falmouth,194
702845,E14001555,Tunbridge Wells,137
702845,E14001556,Twickenham,43
702845,E14001557,Tynemouth,386
702845,E14001558,Uxbridge and South Ruislip,82
702845,E14001559,Vauxhall and Camberwell Green,45
702845,E14001560,Wakefield and Rothwell,227
702845,E14001561,Wallasey,75
702845,E14001562,Walsall and Bloxwich,212
702845,E14001563,Walthamstow,42
702845,E14001564,Warrington North,242
702845,E14001565,Warrington South,258
702845,E14001566,Warwick and Leamington,147
702845,E14001567,Washington and Gateshead South,341
702845,E14001568,Watford,139
702845,E14001569,Waveney Valley,135
702845,E14001570,Weald of Kent,113
702845,E14001571,Wellingborough and Rushden,199
702845,E14001572,Wells and Mendip Hills,118
702845,E14001573,Welwyn Hatfield,133
702845,E14001574,West Bromwich,232
702845,E14001575,West Dorset,195
702845,E14001576,West Ham and Beckton,44
702845,E14001577,West Lancashire,289
702845,E14001578,West Suffolk,150
702845,E14001579,West Worcestershire,131
702845,E14001580,Westmorland and Lonsdale,232
702845,E14001581,Weston-super-Mare,216
702845,E14001582,Wetherby and Easingwold,146
702845,E14001583,Whitehaven and Workington,209
702845,E14001584,Widnes and Halewood,135
702845,E14001585,Wigan,325
702845,E14001586,Wimbledon,43
702845,E14001587,Winchester,113
702845,E14001588,Windsor,158
702845,E14001589,Wirral West,78
702845,E14001590,Witham,149
702845,E14001591,Witney,151
702845,E14001592,Woking,153
702845,E14001593,Wokingham,146
702845,E14001594,Wolverhampton North East,209
702845,E14001595,Wolverhampton South East,253
702845,E14001596,Wolverhampton West,206
702845,E14001597,Worcester,133
702845,E14001598,Worsley and Eccles,258
702845,E14001599,Worthing West,252
702845,E14001600,Wycombe,125
702845,E14001601,Wyre Forest,181
702845,E14001602,Wythenshawe and Sale East,282
702845,E14001603,Yeovil,171
702845,E14001604,York Central,237
702845,E14001605,York Outer,288
702845,N05000002,Belfast North,4
702845,N05000003,Belfast South and Mid Down,1
702845,N05000004,Belfast West,2
702845,N05000005,East Antrim,3
702845,N05000006,East Londonderry,6
702845,N05000007,Fermanagh and South Tyrone,3
702845,N05000008,Foyle,1
702845,N05000009,Lagan Valley,4
702845,N05000010,Mid Ulster,3
702845,N05000011,Newry and Armagh,2
702845,N05000012,North Antrim,1
702845,N05000013,North Down,3
702845,N05000014,South Antrim,6
702845,N05000015,South Down,1
702845,N05000016,Strangford,4
702845,N05000017,Upper Bann,2
702845,N05000018,West Tyrone,4
702845,S14000021,East Renfrewshire,7
702845,S14000027,Na h-Eileanan an Iar,2
702845,S14000045,Midlothian,7
702845,S14000048,North Ayrshire and Arran,13
702845,S14000051,Orkney and Shetland,5
702845,S14000060,Aberdeen North,12
702845,S14000061,Aberdeen South,4
702845,S14000062,Aberdeenshire North and Moray East,7
702845,S14000063,Airdrie and Shotts,5
702845,S14000064,Alloa and Grangemouth,6
702845,S14000065,Angus and Perthshire Glens,8
702845,S14000066,Arbroath and Broughty Ferry,8
702845,S14000067,"Argyll, Bute and South Lochaber",8
702845,S14000068,Bathgate and Linlithgow,5
702845,S14000069,"Caithness, Sutherland and Easter Ross",7
702845,S14000070,Coatbridge and Bellshill,7
702845,S14000071,Cowdenbeath and Kirkcaldy,9
702845,S14000072,Cumbernauld and Kirkintilloch,5
702845,S14000073,Dumfries and Galloway,6
702845,S14000074,"Dumfriesshire, Clydesdale and Tweeddale",3
702845,S14000075,Dundee Central,8
702845,S14000076,Dunfermline and Dollar,8
702845,S14000077,East Kilbride and Strathaven,10
702845,S14000078,Edinburgh East and Musselburgh,14
702845,S14000079,Edinburgh North and Leith,6
702845,S14000080,Edinburgh South,5
702845,S14000081,Edinburgh South West,3
702845,S14000082,Edinburgh West,10
702845,S14000083,Falkirk,8
702845,S14000084,Glasgow East,8
702845,S14000085,Glasgow North,9
702845,S14000086,Glasgow North East,17
702845,S14000087,Glasgow South,8
702845,S14000088,Glasgow South West,8
702845,S14000089,Glasgow West,6
702845,S14000090,Glenrothes and Mid Fife,6
702845,S14000091,Gordon and Buchan,4
702845,S14000092,Hamilton and Clyde Valley,8
702845,S14000093,Inverclyde and Renfrewshire West,5
702845,S14000094,"Inverness, Skye and West Ross-shire",10
702845,S14000095,Livingston,8
702845,S14000096,Lothian East,8
702845,S14000097,Mid Dunbartonshire,6
702845,S14000098,"Moray West, Nairn and Strathspey",10
702845,S14000099,"Motherwell, Wishaw and Carluke",8
702845,S14000100,North East Fife,7
702845,S14000101,Paisley and Renfrewshire North,3
702845,S14000102,Paisley and Renfrewshire South,6
702845,S14000103,Perth and Kinross-shire,7
702845,S14000104,Rutherglen,2
702845,S14000105,Stirling and Strathallan,5
702845,S14000106,West Dunbartonshire,10
702845,S14000107,"Ayr, Carrick and Cumnock",10
702845,S14000108,"Berwickshire, Roxburgh and Selkirk",9
702845,S14000109,Central Ayrshire,8
702845,S14000110,Kilmarnock and Loudoun,3
702845,S14000111,West Aberdeenshire and Kincardine,7
702845,W07000081,Aberafan Maesteg,7
702845,W07000082,Alyn and Deeside,21
702845,W07000083,Bangor Aberconwy,13
702845,W07000084,Blaenau Gwent and Rhymney,6
702845,W07000085,"Brecon, Radnor and Cwm Tawe",16
702845,W07000086,Bridgend,9
702845,W07000087,Caerfyrddin,11
702845,W07000088,Caerphilly,12
702845,W07000089,Cardiff East,7
702845,W07000090,Cardiff North,6
702845,W07000091,Cardiff South and Penarth,7
702845,W07000092,Cardiff West,7
702845,W07000093,Ceredigion Preseli,18
702845,W07000094,Clwyd East,19
702845,W07000095,Clwyd North,25
702845,W07000096,Dwyfor Meirionnydd,9
702845,W07000097,Gower,9
702845,W07000098,Llanelli,5
702845,W07000099,Merthyr Tydfil and Aberdare,7
702845,W07000100,Mid and South Pembrokeshire,6
702845,W07000101,Monmouthshire,14
702845,W07000102,Montgomeryshire and Glyndŵr,12
702845,W07000103,Neath and Swansea East,7
702845,W07000104,Newport East,12
702845,W07000105,Newport West and Islwyn,7
702845,W07000106,Pontypridd,7
702845,W07000107,Rhondda and Ogmore,3
702845,W07000108,Swansea West,3
702845,W07000109,Torfaen,8
702845,W07000110,Vale of Glamorgan,8
702845,W07000111,Wrexham,8
702845,W07000112,Ynys Môn,4
718660,E14001063,Aldershot,197
718660,E14001064,Aldridge-Brownhills,130
718660,E14001065,Altrincham and Sale West,84
718660,E14001066,Amber Valley,200
718660,E14001067,Arundel and South Downs,213
718660,E14001068,Ashfield,177
718660,E14001069,Ashford,177
718660,E14001070,Ashton-under-Lyne,114
718660,E14001071,Aylesbury,232
718660,E14001072,Banbury,153
718660,E14001073,Barking,208
718660,E14001074,Barnsley North,121
718660,E14001075,Barnsley South,156
718660,E14001076,Barrow and Furness,113
718660,E14001077,Basildon and Billericay,2587
718660,E14001078,Basingstoke,405
718660,E14001079,Bassetlaw,194
718660,E14001080,Bath,144
718660,E14001081,Battersea,62
718660,E14001082,Beaconsfield,189
718660,E14001083,Beckenham and Penge,158
718660,E14001084,Bedford,119
718660,E14001085,Bermondsey and Old Southwark,69
718660,E14001086,Bethnal Green and Stepney,65
718660,E14001087,Beverley and Holderness,151
718660,E14001088,Bexhill and Battle,224
718660,E14001089,Bexleyheath and Crayford,341
718660,E14001090,Bicester and Woodstock,135
718660,E14001091,Birkenhead,129
718660,E14001092,Birmingham Edgbaston,86
718660,E14001093,Birmingham Erdington,132
718660,E14001094,Birmingham Hall Green and Moseley,70
718660,E14001095,Birmingham Hodge Hill and Solihull North,105
718660,E14001096,Birmingham Ladywood,29
718660,E14001097,Birmingham Northfield,169
718660,E14001098,Birmingham Perry Barr,30
718660,E14001099,Birmingham Selly Oak,95
718660,E14001100,Birmingham Yardley,86
718660,E14001101,Bishop Auckland,214
718660,E14001102,Blackburn,66
718660,E14001103,Blackley and Middleton South,75
718660,E14001104,Blackpool North and Fleetwood,138
718660,E14001105,Blackpool South,205
718660,E14001106,Blaydon and Consett,173
718660,E14001107,Blyth and Ashington,175
718660,E14001108,Bognor Regis and Littlehampton,171
718660,E14001109,Bolsover,196
718660,E14001110,Bolton North East,124
718660,E14001111,Bolton South and Walkden,106
718660,E14001112,Bolton West,121
718660,E14001113,Bootle,117
718660,E14001114,Boston and Skegness,203
718660,E14001115,Bournemouth East,145
718660,E14001116,Bournemouth West,157
718660,E14001117,Bracknell,193
718660,E14001118,Bradford East,88
718660,E14001119,Bradford South,126
718660,E14001120,Bradford West,53
718660,E14001121,Braintree,447
718660,E14001122,Brent East,48
718660,E14001123,Brent West,35
718660,E14001124,Brentford and Isleworth,84
718660,E14001125,Brentwood and Ongar,942
718660,E14001126,Bridgwater,334
718660,E14001127,Bridlington and The Wolds,176
718660,E14001128,Brigg and Immingham,151
718660,E14001129,Brighton Kemptown and Peacehaven,186
718660,E14001130,Brighton Pavilion,145
718660,E14001131,Bristol Central,51
718660,E14001132,Bristol East,121
718660,E14001133,Bristol North East,137
718660,E14001134,Bristol North West,118
718660,E14001135,Bristol South,121
718660,E14001136,Broadland and Fakenham,196
718660,E14001137,Bromley and Biggin Hill,190
718660,E14001138,Bromsgrove,170
718660,E14001139,Broxbourne,292
718660,E14001140,Broxtowe,119
718660,E14001141,Buckingham and Bletchley,154
718660,E14001142,Burnley,176
718660,E14001143,Burton and Uttoxeter,147
718660,E14001144,Bury North,123
718660,E14001145,Bury South,124
718660,E14001146,Bury St Edmunds and Stowmarket,202
718660,E14001147,Calder Valley,163
718660,E14001148,Camborne and Redruth,260
718660,E14001149,Cambridge,92
718660,E14001150,Cannock Chase,163
718660,E14001151,Canterbury,181
718660,E14001152,Carlisle,140
718660,E14001153,Carshalton and Wallington,143
718660,E14001154,Castle Point,1507
718660,E14001155,Central Devon,210
718660,E14001156,Central Suffolk and North Ipswich,163
718660,E14001157,Chatham and Aylesford,165
718660,E14001158,Cheadle,124
718660,E14001159,Chelmsford,698
718660,E14001160,Chelsea and Fulham,80
718660,E14001161,Cheltenham,129
718660,E14001162,Chesham and Amersham,261
718660,E14001163,Chester North and Neston,123
718660,E14001164,Chester South and Eddisbury,177
718660,E14001165,Chesterfield,184
718660,E14001166,Chichester,162
718660,E14001167,Chingford and Woodford Green,231
718660,E14001168,Chippenham,158
718660,E14001169,Chipping Barnet,105
718660,E14001170,Chorley,167
718660,E14001171,Christchurch,207
718660,E14001172,Cities of London and Westminster,85
718660,E14001173,City of Durham,143
718660,E14001174,Clacton,515
718660,E14001175,Clapham and Brixton Hill,53
718660,E14001176,Colchester,236
718660,E14001177,Colne Valley,123
718660,E14001178,Congleton,200
718660,E14001179,Corby and East Northamptonshire,215
718660,E14001180,Coventry East,86
718660,E14001181,Coventry North West,143
718660,E14001182,Coventry South,85
718660,E14001183,Cramlington and Killingworth,172
718660,E14001184,Crawley,140
718660,E14001185,Crewe and Nantwich,148
718660,E14001186,Croydon East,128
718660,E14001187,Croydon South,107
718660,E14001188,Croydon West,58
718660,E14001189,Dagenham and Rainham,337
718660,E14001190,Darlington,153
718660,E14001191,Dartford,299
718660,E14001192,Daventry,216
718660,E14001193,Derby North,121
718660,E14001194,Derby South,130
718660,E14001195,Derbyshire Dales,159
718660,E14001196,Dewsbury and Batley,63
718660,E14001197,Didcot and Wantage,133
718660,E14001198,Doncaster Central,158
718660,E14001199,Doncaster East and the Isle of Axholme,153
718660,E14001200,Doncaster North,163
718660,E14001201,Dorking and Horley,204
718660,E14001202,Dover and Deal,185
718660,E14001203,Droitwich and Evesham,200
718660,E14001204,Dudley,104
718660,E14001205,Dulwich and West Norwood,65
718660,E14001206,Dunstable and Leighton Buzzard,181
718660,E14001207,Ealing Central and Acton,76
718660,E14001208,Ealing North,82
718660,E14001209,Ealing Southall,66
718660,E14001210,Earley and Woodley,167
718660,E14001211,Easington,139
718660,E14001212,East Grinstead and Uckfield,195
718660,E14001213,East Ham,58
718660,E14001214,East Hampshire,169
718660,E14001215,East Surrey,294
718660,E14001216,East Thanet,240
718660,E14001217,East Wiltshire,154
718660,E14001218,East Worthing and Shoreham,176
718660,E14001219,Eastbourne,162
718660,E14001220,Eastleigh,110
718660,E14001221,Edmonton and Winchmore Hill,59
718660,E14001222,Ellesmere Port and Bromborough,114
718660,E14001223,Eltham and Chislehurst,232
718660,E14001224,Ely and East Cambridgeshire,224
718660,E14001225,Enfield North,101
718660,E14001226,Epping Forest,388
718660,E14001227,Epsom and Ewell,145
718660,E14001228,Erewash,153
718660,E14001229,Erith and Thamesmead,248
718660,E14001230,Esher and Walton,145
718660,E14001231,Exeter,116
718660,E14001232,Exmouth and Exeter East,159
718660,E14001233,Fareham and Waterlooville,182
718660,E14001234,Farnham and Bordon,168
718660,E14001235,Faversham and Mid Kent,197
718660,E14001236,Feltham and Heston,79
718660,E14001237,Filton and Bradley Stoke,108
718660,E14001238,Finchley and Golders Green,84
718660,E14001239,Folkestone and Hythe,253
718660,E14001240,Forest of Dean,179
718660,E14001241,Frome and East Somerset,158
718660,E14001242,Fylde,162
718660,E14001243,Gainsborough,235
718660,E14001244,Gateshead Central and Whickham,106
718660,E14001245,Gedling,158
718660,E14001246,Gillingham and Rainham,163
718660,E14001247,Glastonbury and Somerton,201
718660,E14001248,Gloucester,103
718660,E14001249,Godalming and Ash,191
718660,E14001250,Goole and Pocklington,157
718660,E14001251,Gorton and Denton,105
718660,E14001252,Gosport,159
718660,E14001253,Grantham and Bourne,205
718660,E14001254,Gravesham,272
718660,E14001255,Great Grimsby and Cleethorpes,126
718660,E14001256,Great Yarmouth,211
718660,E14001257,Greenwich and Woolwich,119
718660,E14001258,Guildford,102
718660,E14001259,Hackney North and Stoke Newington,76
718660,E14001260,Hackney South and Shoreditch,60
718660,E14001261,Halesowen,113
718660,E14001262,Halifax,124
718660,E14001263,Hamble Valley,200
718660,E14001264,Hammersmith and Chiswick,74
718660,E14001265,Hampstead and Highgate,77
718660,E14001266,"Harborough, Oadby and Wigston",122
718660,E14001267,Harlow,348
718660,E14001268,Harpenden and Berkhamsted,172
718660,E14001269,Harrogate and Knaresborough,190
718660,E14001270,Harrow East,56
718660,E14001271,Harrow West,52
718660,E14001272,Hartlepool,125
718660,E14001273,Harwich and North Essex,346
718660,E14001274,Hastings and Rye,203
718660,E14001275,Havant,163
718660,E14001276,Hayes and Harlington,83
718660,E14001277,Hazel Grove,133
718660,E14001278,Hemel Hempstead,151
718660,E14001279,Hendon,56
718660,E14001280,Henley and Thame,134
718660,E14001281,Hereford and South Herefordshire,146
718660,E14001282,Herne Bay and Sandwich,280
718660,E14001283,Hertford and Stortford,369
718660,E14001284,Hertsmere,134
718660,E14001285,Hexham,144
718660,E14001286,Heywood and Middleton North,108
718660,E14001287,High Peak,184
718660,E14001288,Hinckley and Bosworth,189
718660,E14001289,Hitchin,217
718660,E14001290,Holborn and St Pancras,66
718660,E14001291,Honiton and Sidmouth,208
718660,E14001292,Hornchurch and Upminster,423
718660,E14001293,Hornsey and Friern Barnet,101
718660,E14001294,Horsham,181
718660,E14001295,Houghton and Sunderland South,159
718660,E14001296,Hove and Portslade,146
718660,E14001297,Huddersfield,85
718660,E14001298,Huntingdon,176
718660,E14001299,Hyndburn,118
718660,E14001300,Ilford North,186
718660,E14001301,Ilford South,98
718660,E14001302,Ipswich,129
718660,E14001303,Isle of Wight East,114
718660,E14001304,Isle of Wight West,125
718660,E14001305,Islington North,77
718660,E14001306,Islington South and Finsbury,105
718660,E14001307,Jarrow and Gateshead East,95
718660,E14001308,Keighley and Ilkley,216
718660,E14001309,Kenilworth and Southam,192
718660,E14001310,Kensington and Bayswater,70
718660,E14001311,Kettering,312
718660,E14001312,Kingston and Surbiton,130
718660,E14001313,Kingston upon Hull East,100
718660,E14001314,Kingston upon Hull North and Cottingham,105
718660,E14001315,Kingston upon Hull West and Haltemprice,92
718660,E14001316,Kingswinford and South Staffordshire,134
718660,E14001317,Knowsley,120
718660,E14001318,Lancaster and Wyre,119
718660,E14001319,Leeds Central and Headingley,58
718660,E14001320,Leeds East,124
718660,E14001321,Leeds North East,125
718660,E14001322,Leeds North West,161
718660,E14001323,Leeds South,109
718660,E14001324,Leeds South West and Morley,128
718660,E14001325,Leeds West and Pudsey,128
718660,E14001326,Leicester East,33
718660,E14001327,Leicester South,54
718660,E14001328,Leicester West,102
718660,E14001329,Leigh and Atherton,181
718660,E14001330,Lewes,197
718660,E14001331,Lewisham East,104
718660,E14001332,Lewisham North,57
718660,E14001333,Lewisham West and East Dulwich,87
718660,E14001334,Leyton and Wanstead,119
718660,E14001335,Lichfield,215
718660,E14001336,Lincoln,116
718660,E14001337,Liverpool Garston,137
718660,E14001338,Liverpool Riverside,93
718660,E14001339,Liverpool Walton,108
718660,E14001340,Liverpool Wavertree,139
718660,E14001341,Liverpool West Derby,134
718660,E14001342,Loughborough,113
718660,E14001343,Louth and Horncastle,276
718660,E14001344,Lowestoft,208
718660,E14001345,Luton North,104
718660,E14001346,Luton South and South Bedfordshire,112
718660,E14001347,Macclesfield,144
718660,E14001348,Maidenhead,225
718660,E14001349,Maidstone and Malling,169
718660,E14001350,Makerfield,151
718660,E14001351,Maldon,1378
718660,E14001352,Manchester Central,63
718660,E14001353,Manchester Rusholme,36
718660,E14001354,Manchester Withington,71
718660,E14001355,Mansfield,181
718660,E14001356,Melksham and Devizes,192
718660,E14001357,Melton and Syston,145
718660,E14001358,Meriden and Solihull East,132
718660,E14001359,Mid Bedfordshire,220
718660,E14001360,Mid Buckinghamshire,248
718660,E14001361,Mid Cheshire,197
718660,E14001362,Mid Derbyshire,159
718660,E14001363,Mid Dorset and North Poole,232
718660,E14001364,Mid Leicestershire,138
718660,E14001365,Mid Norfolk,244
718660,E14001366,Mid Sussex,154
718660,E14001367,Middlesbrough and Thornaby East,112
718660,E14001368,Middlesbrough South and East Cleveland,108
718660,E14001369,Milton Keynes Central,150
718660,E14001370,Milton Keynes North,231
718660,E14001371,Mitcham and Morden,95
718660,E14001372,Morecambe and Lunesdale,145
718660,E14001373,New Forest East,175
718660,E14001374,New Forest West,201
718660,E14001375,Newark,185
718660,E14001376,Newbury,165
718660,E14001377,Newcastle upon Tyne Central and West,111
718660,E14001378,Newcastle upon Tyne East and Wallsend,124
718660,E14001379,Newcastle upon Tyne North,112
718660,E14001380,Newcastle-under-Lyme,173
718660,E14001381,Newton Abbot,216
718660,E14001382,Newton Aycliffe and Spennymoor,151
718660,E14001383,Normanton and Hemsworth,172
718660,E14001384,North Bedfordshire,225
718660,E14001385,North Cornwall,252
718660,E14001386,North Cotswolds,148
718660,E14001387,North Devon,210
718660,E14001388,North Dorset,268
718660,E14001389,North Durham,145
718660,E14001390,North East Cambridgeshire,247
718660,E14001391,North East Derbyshire,187
718660,E14001392,North East Hampshire,286
718660,E14001393,North East Hertfordshire,462
718660,E14001394,North East Somerset and Hanham,198
718660,E14001395,North Herefordshire,189
718660,E14001396,North Norfolk,240
718660,E14001397,North Northumberland,227
718660,E14001398,North Shropshire,197
718660,E14001399,North Somerset,181
718660,E14001400,North Warwickshire and Bedworth,129
718660,E14001401,North West Cambridgeshire,168
718660,E14001402,North West Essex,523
718660,E14001403,North West Hampshire,237
718660,E14001404,North West Leicestershire,149
718660,E14001405,North West Norfolk,206
718660,E14001406,Northampton North,150
718660,E14001407,Northampton South,171
718660,E14001408,Norwich North,141
718660,E14001409,Norwich South,116
718660,E14001410,Nottingham East,84
718660,E14001411,Nottingham North and Kimberley,116
718660,E14001412,Nottingham South,83
718660,E14001413,Nuneaton,126
718660,E14001414,Old Bexley and Sidcup,314
718660,E14001415,Oldham East and Saddleworth,108
718660,E14001416,"Oldham West, Chadderton and Royton",75
718660,E14001417,Orpington,217
718660,E14001418,Ossett and Denby Dale,155
718660,E14001419,Oxford East,82
718660,E14001420,Oxford West and Abingdon,89
718660,E14001421,Peckham,52
718660,E14001422,Pendle and Clitheroe,160
718660,E14001423,Penistone and Stocksbridge,148
718660,E14001424,Penrith and Solway,177
718660,E14001425,Peterborough,89
718660,E14001426,Plymouth Moor View,151
718660,E14001427,Plymouth Sutton and Devonport,134
718660,E14001428,"Pontefract, Castleford and Knottingley",135
718660,E14001429,Poole,145
718660,E14001430,Poplar and Limehouse,98
718660,E14001431,Portsmouth North,121
718660,E14001432,Portsmouth South,107
718660,E14001433,Preston,70
718660,E14001434,Putney,90
718660,E14001435,Queen's Park and Maida Vale,60
718660,E14001436,Rawmarsh and Conisbrough,136
718660,E14001437,Rayleigh and Wickford,1526
718660,E14001438,Reading Central,109
718660,E14001439,Reading West and Mid Berkshire,186
718660,E14001440,Redcar,133
718660,E14001441,Redditch,144
718660,E14001442,Reigate,165
718660,E14001443,Ribble Valley,144
718660,E14001444,Richmond and Northallerton,168
718660,E14001445,Richmond Park,112
718660,E14001446,Rochdale,78
718660,E14001447,Rochester and Strood,198
718660,E14001448,Romford,419
718660,E14001449,Romsey and Southampton North,149
718660,E14001450,Rossendale and Darwen,144
718660,E14001451,Rother Valley,192
718660,E14001452,Rotherham,176
718660,E14001453,Rugby,206
718660,E14001454,"Ruislip, Northwood and Pinner",143
718660,E14001455,Runcorn and Helsby,162
718660,E14001456,Runnymede and Weybridge,173
718660,E14001457,Rushcliffe,152
718660,E14001458,Rutland and Stamford,154
718660,E14001459,Salford,74
718660,E14001460,Salisbury,157
718660,E14001461,Scarborough and Whitby,163
718660,E14001462,Scunthorpe,129
718660,E14001463,Sefton Central,173
718660,E14001464,Selby,195
718660,E14001465,Sevenoaks,271
718660,E14001466,Sheffield Brightside and Hillsborough,129
718660,E14001467,Sheffield Central,60
718660,E14001468,Sheffield Hallam,130
718660,E14001469,Sheffield Heeley,154
718660,E14001470,Sheffield South East,157
718660,E14001471,Sherwood Forest,169
718660,E14001472,Shipley,215
718660,E14001473,Shrewsbury,185
718660,E14001474,Sittingbourne and Sheppey,227
718660,E14001475,Skipton and Ripon,179
718660,E14001476,Sleaford and North Hykeham,195
718660,E14001477,Slough,84
718660,E14001478,Smethwick,75
718660,E14001479,Solihull West and Shirley,96
718660,E14001480,South Basildon and East Thurrock,1006
718660,E14001481,South Cambridgeshire,176
718660,E14001482,South Cotswolds,156
718660,E14001483,South Derbyshire,191
718660,E14001484,South Devon,169
718660,E14001485,South Dorset,194
718660,E14001486,South East Cornwall,227
718660,E14001487,South Holland and The Deepings,233
718660,E14001488,South Leicestershire,220
718660,E14001489,South Norfolk,172
718660,E14001490,South Northamptonshire,216
718660,E14001491,South Ribble,120
718660,E14001492,South Shields,119
718660,E14001493,South Shropshire,215
718660,E14001494,South Suffolk,256
718660,E14001495,South West Devon,177
718660,E14001496,South West Hertfordshire,198
718660,E14001497,South West Norfolk,263
718660,E14001498,South West Wiltshire,184
718660,E14001499,Southampton Itchen,123
718660,E14001500,Southampton Test,114
718660,E14001501,Southend East and Rochford,647
718660,E14001502,Southend West and Leigh,736
718660,E14001503,Southgate and Wood Green,89
718660,E14001504,Southport,192
718660,E14001505,Spelthorne,143
718660,E14001506,Spen Valley,103
718660,E14001507,St Albans,147
718660,E14001508,St Austell and Newquay,199
718660,E14001509,St Helens North,154
718660,E14001510,St Helens South and Whiston,135
718660,E14001511,St Ives,192
718660,E14001512,St Neots and Mid Cambridgeshire,173
718660,E14001513,Stafford,198
718660,E14001514,Staffordshire Moorlands,182
718660,E14001515,Stalybridge and Hyde,145
718660,E14001516,Stevenage,426
718660,E14001517,Stockport,122
718660,E14001518,Stockton North,142
718660,E14001519,Stockton West,144
718660,E14001520,Stoke-on-Trent Central,162
718660,E14001521,Stoke-on-Trent North,138
718660,E14001522,Stoke-on-Trent South,202
718660,E14001523,"Stone, Great Wyrley and Penkridge",179
718660,E14001524,Stourbridge,107
718660,E14001525,Stratford and Bow,85
718660,E14001526,Stratford-on-Avon,197
718660,E14001527,Streatham and Croydon North,92
718660,E14001528,Stretford and Urmston,108
718660,E14001529,Stroud,167
718660,E14001530,Suffolk Coastal,209
718660,E14001531,Sunderland Central,127
718660,E14001532,Surrey Heath,221
718660,E14001533,Sussex Weald,224
718660,E14001534,Sutton and Cheam,122
718660,E14001535,Sutton Coldfield,144
718660,E14001536,Swindon North,132
718660,E14001537,Swindon South,116
718660,E14001538,Tamworth,150
718660,E14001539,Tatton,143
718660,E14001540,Taunton and Wellington,329
718660,E14001541,Telford,135
718660,E14001542,Tewkesbury,154
718660,E14001543,The Wrekin,159
718660,E14001544,Thirsk and Malton,182
718660,E14001545,Thornbury and Yate,173
718660,E14001546,Thurrock,442
718660,E14001547,Tipton and Wednesbury,115
718660,E14001548,Tiverton and Minehead,240
718660,E14001549,Tonbridge,232
718660,E14001550,Tooting,96
718660,E14001551,Torbay,168
718660,E14001552,Torridge and Tavistock,260
718660,E14001553,Tottenham,56
718660,E14001554,Truro and Falmouth,171
718660,E14001555,Tunbridge Wells,164
718660,E14001556,Twickenham,109
718660,E14001557,Tynemouth,115
718660,E14001558,Uxbridge and South Ruislip,184
718660,E14001559,Vauxhall and Camberwell Green,31
718660,E14001560,Wakefield and Rothwell,143
718660,E14001561,Wallasey,164
718660,E14001562,Walsall and Bloxwich,80
718660,E14001563,Walthamstow,95
718660,E14001564,Warrington North,138
718660,E14001565,Warrington South,157
718660,E14001566,Warwick and Leamington,103
718660,E14001567,Washington and Gateshead South,150
718660,E14001568,Watford,116
718660,E14001569,Waveney Valley,226
718660,E14001570,Weald of Kent,237
718660,E14001571,Wellingborough and Rushden,228
718660,E14001572,Wells and Mendip Hills,265
718660,E14001573,Welwyn Hatfield,292
718660,E14001574,West Bromwich,94
718660,E14001575,West Dorset,205
718660,E14001576,West Ham and Beckton,73
718660,E14001577,West Lancashire,202
718660,E14001578,West Suffolk,243
718660,E14001579,West Worcestershire,205
718660,E14001580,Westmorland and Lonsdale,144
718660,E14001581,Weston-super-Mare,253
718660,E14001582,Wetherby and Easingwold,156
718660,E14001583,Whitehaven and Workington,121
718660,E14001584,Widnes and Halewood,141
718660,E14001585,Wigan,136
718660,E14001586,Wimbledon,87
718660,E14001587,Winchester,154
718660,E14001588,Windsor,182
718660,E14001589,Wirral West,132
718660,E14001590,Witham,589
718660,E14001591,Witney,143
718660,E14001592,Woking,153
718660,E14001593,Wokingham,151
718660,E14001594,Wolverhampton North East,91
718660,E14001595,Wolverhampton South East,81
718660,E14001596,Wolverhampton West,87
718660,E14001597,Worcester,144
718660,E14001598,Worsley and Eccles,142
718660,E14001599,Worthing West,188
718660,E14001600,Wycombe,207
718660,E14001601,Wyre Forest,203
718660,E14001602,Wythenshawe and Sale East,107
718660,E14001603,Yeovil,209
718660,E14001604,York Central,117
718660,E14001605,York Outer,129
718660,N05000001,Belfast East,186
718660,N05000002,Belfast North,115
718660,N05000003,Belfast South and Mid Down,139
718660,N05000004,Belfast West,73
718660,N05000005,East Antrim,114
718660,N05000006,East Londonderry,81
718660,N05000007,Fermanagh and South Tyrone,59
718660,N05000008,Foyle,33
718660,N05000009,Lagan Valley,215
718660,N05000010,Mid Ulster,32
718660,N05000011,Newry and Armagh,52
718660,N05000012,North Antrim,105
718660,N05000013,North Down,135
718660,N05000014,South Antrim,154
718660,N05000015,South Down,60
718660,N05000016,Strangford,130
718660,N05000017,Upper Bann,162
718660,N05000018,West Tyrone,45
718660,S14000021,East Renfrewshire,70
718660,S14000027,Na h-Eileanan an Iar,22
718660,S14000045,Midlothian,74
718660,S14000048,North Ayrshire and Arran,153
718660,S14000051,Orkney and Shetland,38
718660,S14000060,Aberdeen North,63
718660,S14000061,Aberdeen South,74
718660,S14000062,Aberdeenshire North and Moray East,70
718660,S14000063,Airdrie and Shotts,70
718660,S14000064,Alloa and Grangemouth,75
718660,S14000065,Angus and Perthshire Glens,113
718660,S14000066,Arbroath and Broughty Ferry,86
718660,S14000067,"Argyll, Bute and South Lochaber",98
718660,S14000068,Bathgate and Linlithgow,100
718660,S14000069,"Caithness, Sutherland and Easter Ross",104
718660,S14000070,Coatbridge and Bellshill,51
718660,S14000071,Cowdenbeath and Kirkcaldy,74
718660,S14000072,Cumbernauld and Kirkintilloch,67
718660,S14000073,Dumfries and Galloway,116
718660,S14000074,"Dumfriesshire, Clydesdale and Tweeddale",123
718660,S14000075,Dundee Central,69
718660,S14000076,Dunfermline and Dollar,68
718660,S14000077,East Kilbride and Strathaven,93
718660,S14000078,Edinburgh East and Musselburgh,84
718660,S14000079,Edinburgh North and Leith,66
718660,S14000080,Edinburgh South,54
718660,S14000081,Edinburgh South West,65
718660,S14000082,Edinburgh West,79
718660,S14000083,Falkirk,75
718660,S14000084,Glasgow East,59
718660,S14000085,Glasgow North,48
718660,S14000086,Glasgow North East,83
718660,S14000087,Glasgow South,61
718660,S14000088,Glasgow South West,71
718660,S14000089,Glasgow West,56
718660,S14000090,Glenrothes and Mid Fife,66
718660,S14000091,Gordon and Buchan,66
718660,S14000092,Hamilton and Clyde Valley,71
718660,S14000093,Inverclyde and Renfrewshire West,56
718660,S14000094,"Inverness, Skye and West Ross-shire",99
718660,S14000095,Livingston,101
718660,S14000096,Lothian East,90
718660,S14000097,Mid Dunbartonshire,68
718660,S14000098,"Moray West, Nairn and Strathspey",116
718660,S14000099,"Motherwell, Wishaw and Carluke",60
718660,S14000100,North East Fife,74
718660,S14000101,Paisley and Renfrewshire North,66
718660,S14000102,Paisley and Renfrewshire South,80
718660,S14000103,Perth and Kinross-shire,80
718660,S14000104,Rutherglen,71
718660,S14000105,Stirling and Strathallan,81
718660,S14000106,West Dunbartonshire,68
718660,S14000107,"Ayr, Carrick and Cumnock",159
718660,S14000108,"Berwickshire, Roxburgh and Selkirk",141
718660,S14000109,Central Ayrshire,158
718660,S14000110,Kilmarnock and Loudoun,134
718660,S14000111,West Aberdeenshire and Kincardine,80
718660,W07000081,Aberafan Maesteg,186
718660,W07000082,Alyn and Deeside,134
718660,W07000083,Bangor Aberconwy,125
718660,W07000084,Blaenau Gwent and Rhymney,201
718660,W07000085,"Brecon, Radnor and Cwm Tawe",207
718660,W07000086,Bridgend,256
718660,W07000087,Caerfyrddin,240
718660,W07000088,Caerphilly,221
718660,W07000089,Cardiff East,105
718660,W07000090,Cardiff North,197
718660,W07000091,Cardiff South and Penarth,136
718660,W07000092,Cardiff West,194
718660,W07000093,Ceredigion Preseli,214
718660,W07000094,Clwyd East,133
718660,W07000095,Clwyd North,111
718660,W07000096,Dwyfor Meirionnydd,132
718660,W07000097,Gower,161
718660,W07000098,Llanelli,218
718660,W07000099,Merthyr Tydfil and Aberdare,208
718660,W07000100,Mid and South Pembrokeshire,173
718660,W07000101,Monmouthshire,163
718660,W07000102,Montgomeryshire and Glyndŵr,184
718660,W07000103,Neath and Swansea East,165
718660,W07000104,Newport East,147
718660,W07000105,Newport West and Islwyn,175
718660,W07000106,Pontypridd,296
718660,W07000107,Rhondda and Ogmore,274
718660,W07000108,Swansea West,133
718660,W07000109,Torfaen,190
718660,W07000110,Vale of Glamorgan,255
718660,W07000111,Wrexham,122
718660,W07000112,Ynys Môn,106
727309,E14001063,Aldershot,2076
727309,E14001064,Aldridge-Brownhills,2195
727309,E14001065,Altrincham and Sale West,1565
727309,E14001066,Amber Valley,2100
727309,E14001067,Arundel and South Downs,1914
727309,E14001068,Ashfield,2512
727309,E14001069,Ashford,2109
727309,E14001070,Ashton-under-Lyne,1814
727309,E14001071,Aylesbury,1681
727309,E14001072,Banbury,1624
727309,E14001073,Barking,1062
727309,E14001074,Barnsley North,2360
727309,E14001075,Barnsley South,2208
727309,E14001076,Barrow and Furness,2124
727309,E14001077,Basildon and Billericay,2730
727309,E14001078,Basingstoke,1849
727309,E14001079,Bassetlaw,2338
727309,E14001080,Bath,809
727309,E14001081,Battersea,768
727309,E14001082,Beaconsfield,1555
727309,E14001083,Beckenham and Penge,1076
727309,E14001084,Bedford,1151
727309,E14001085,Bermondsey and Old Southwark,813
727309,E14001086,Bethnal Green and Stepney,586
727309,E14001087,Beverley and Holderness,1956
727309,E14001088,Bexhill and Battle,1974
727309,E14001089,Bexleyheath and Crayford,1824
727309,E14001090,Bicester and Woodstock,1447
727309,E14001091,Birkenhead,2008
727309,E14001092,Birmingham Edgbaston,972
727309,E14001093,Birmingham Erdington,1663
727309,E14001094,Birmingham Hall Green and Moseley,477
727309,E14001095,Birmingham Hodge Hill and Solihull North,1401
727309,E14001096,Birmingham Ladywood,568
727309,E14001097,Birmingham Northfield,2022
727309,E14001098,Birmingham Perry Barr,541
727309,E14001099,Birmingham Selly Oak,1191
727309,E14001100,Birmingham Yardley,1142
727309,E14001101,Bishop Auckland,1916
727309,E14001102,Blackburn,1353
727309,E14001103,Blackley and Middleton South,1541
727309,E14001104,Blackpool North and Fleetwood,2507
727309,E14001105,Blackpool South,2465
727309,E14001106,Blaydon and Consett,1926
727309,E14001107,Blyth and Ashington,2389
727309,E14001108,Bognor Regis and Littlehampton,2248
727309,E14001109,Bolsover,2592
727309,E14001110,Bolton North East,2087
727309,E14001111,Bolton South and Walkden,1833
727309,E14001112,Bolton West,1973
727309,E14001113,Bootle,1512
727309,E14001114,Boston and Skegness,2367
727309,E14001115,Bournemouth East,1977
727309,E14001116,Bournemouth West,2094
727309,E14001117,Bracknell,1879
727309,E14001118,Bradford East,1108
727309,E14001119,Bradford South,1553
727309,E14001120,Bradford West,611
727309,E14001121,Braintree,2995
727309,E14001122,Brent East,493
727309,E14001123,Brent West,506
727309,E14001124,Brentford and Isleworth,867
727309,E14001125,Brentwood and Ongar,3210
727309,E14001126,Bridgwater,2278
727309,E14001127,Bridlington and The Wolds,2150
727309,E14001128,Brigg and Immingham,2466
727309,E14001129,Brighton Kemptown and Peacehaven,1293
727309,E14001130,Brighton Pavilion,915
727309,E14001131,Bristol Central,410
727309,E14001132,Bristol East,1193
727309,E14001133,Bristol North East,1221
727309,E14001134,Bristol North West,1107
727309,E14001135,Bristol South,1556
727309,E14001136,Broadland and Fakenham,2067
727309,E14001137,Bromley and Biggin Hill,1687
727309,E14001138,Bromsgrove,2128
727309,E14001139,Broxbourne,2366
727309,E14001140,Broxtowe,1576
727309,E14001141,Buckingham and Bletchley,1642
727309,E14001142,Burnley,2862
727309,E14001143,Burton and Uttoxeter,2031
727309,E14001144,Bury North,1997
727309,E14001145,Bury South,1830
727309,E14001146,Bury St Edmunds and Stowmarket,1970
727309,E14001147,Calder Valley,2029
727309,E14001148,Camborne and Redruth,1909
727309,E14001149,Cambridge,647
727309,E14001150,Cannock Chase,2686
727309,E14001151,Canterbury,1405
727309,E14001152,Carlisle,2328
727309,E14001153,Carshalton and Wallington,1579
727309,E14001154,Castle Point,3098
727309,E14001155,Central Devon,1705
727309,E14001156,Central Suffolk and North Ipswich,1812
727309,E14001157,Chatham and Aylesford,2185
727309,E14001158,Cheadle,1459
727309,E14001159,Chelmsford,1911
727309,E14001160,Chelsea and Fulham,1153
727309,E14001161,Cheltenham,1252
727309,E14001162,Chesham and Amersham,1417
727309,E14001163,Chester North and Neston,1420
727309,E14001164,Chester South and Eddisbury,1824
727309,E14001165,Chesterfield,1769
727309,E14001166,Chichester,2138
727309,E14001167,Chingford and Woodford Green,1384
727309,E14001168,Chippenham,1566
727309,E14001169,Chipping Barnet,1067
727309,E14001170,Chorley,2141
727309,E14001171,Christchurch,2133
727309,E14001172,Cities of London and Westminster,1200
727309,E14001173,City of Durham,1444
727309,E14001174,Clacton,2854
727309,E14001175,Clapham and Brixton Hill,416
727309,E14001176,Colchester,1997
727309,E14001177,Colne Valley,1821
727309,E14001178,Congleton,1946
727309,E14001179,Corby and East Northamptonshire,2032
727309,E14001180,Coventry East,1370
727309,E14001181,Coventry North West,1780
727309,E14001182,Coventry South,1428
727309,E14001183,Cramlington and Killingworth,2053
727309,E14001184,Crawley,2003
727309,E14001185,Crewe and Nantwich,2106
727309,E14001186,Croydon East,1145
727309,E14001187,Croydon South,1123
727309,E14001188,Croydon West,582
727309,E14001189,Dagenham and Rainham,1635
727309,E14001190,Darlington,1946
727309,E14001191,Dartford,2037
727309,E14001192,Daventry,2356
727309,E14001193,Derby North,1689
727309,E14001194,Derby South,1377
727309,E14001195,Derbyshire Dales,1692
727309,E14001196,Dewsbury and Batley,1485
727309,E14001197,Didcot and Wantage,1626
727309,E14001198,Doncaster Central,1814
727309,E14001199,Doncaster East and the Isle of Axholme,2004
727309,E14001200,Doncaster North,2031
727309,E14001201,Dorking and Horley,1722
727309,E14001202,Dover and Deal,2065
727309,E14001203,Droitwich and Evesham,2054
727309,E14001204,Dudley,2007
727309,E14001205,Dulwich and West Norwood,352
727309,E14001206,Dunstable and Leighton Buzzard,1976
727309,E14001207,Ealing Central and Acton,800
727309,E14001208,Ealing North,741
727309,E14001209,Ealing Southall,478
727309,E14001210,Earley and Woodley,1246
727309,E14001211,Easington,2051
727309,E14001212,East Grinstead and Uckfield,2111
727309,E14001213,East Ham,322
727309,E14001214,East Hampshire,1684
727309,E14001215,East Surrey,1907
727309,E14001216,East Thanet,2010
727309,E14001217,East Wiltshire,1952
727309,E14001218,East Worthing and Shoreham,1717
727309,E14001219,Eastbourne,1787
727309,E14001220,Eastleigh,1683
727309,E14001221,Edmonton and Winchmore Hill,636
727309,E14001222,Ellesmere Port and Bromborough,2040
727309,E14001223,Eltham and Chislehurst,1659
727309,E14001224,Ely and East Cambridgeshire,1582
727309,E14001225,Enfield North,888
727309,E14001226,Epping Forest,2796
727309,E14001227,Epsom and Ewell,1504
727309,E14001228,Erewash,2124
727309,E14001229,Erith and Thamesmead,1198
727309,E14001230,Esher and Walton,1306
727309,E14001231,Exeter,1117
727309,E14001232,Exmouth and Exeter East,1750
727309,E14001233,Fareham and Waterlooville,2700
727309,E14001234,Farnham and Bordon,1553
727309,E14001235,Faversham and Mid Kent,2227
727309,E14001236,Feltham and Heston,1085
727309,E14001237,Filton and Bradley Stoke,1525
727309,E14001238,Finchley and Golders Green,875
727309,E14001239,Folkestone and Hythe,1929
727309,E14001240,Forest of Dean,1711
727309,E14001241,Frome and East Somerset,1471
727309,E14001242,Fylde,2367
727309,E14001243,Gainsborough,2154
727309,E14001244,Gateshead Central and Whickham,1652
727309,E14001245,Gedling,1703
727309,E14001246,Gillingham and Rainham,1910
727309,E14001247,Glastonbury and Somerton,1715
727309,E14001248,Gloucester,1745
727309,E14001249,Godalming and Ash,1427
727309,E14001250,Goole and Pocklington,2187
727309,E14001251,Gorton and Denton,1266
727309,E14001252,Gosport,2514
727309,E14001253,Grantham and Bourne,1998
727309,E14001254,Gravesham,1890
727309,E14001255,Great Grimsby and Cleethorpes,2476
727309,E14001256,Great Yarmouth,2372
727309,E14001257,Greenwich and Woolwich,807
727309,E14001258,Guildford,1155
727309,E14001259,Hackney North and Stoke Newington,330
727309,E14001260,Hackney South and Shoreditch,454
727309,E14001261,Halesowen,1848
727309,E14001262,Halifax,1838
727309,E14001263,Hamble Valley,2367
727309,E14001264,Hammersmith and Chiswick,732
727309,E14001265,Hampstead and Highgate,656
727309,E14001266,"Harborough, Oadby and Wigston",1517
727309,E14001267,Harlow,2627
727309,E14001268,Harpenden and Berkhamsted,1201
727309,E14001269,Harrogate and Knaresborough,1530
727309,E14001270,Harrow East,696
727309,E14001271,Harrow West,591
727309,E14001272,Hartlepool,2231
727309,E14001273,Harwich and North Essex,2331
727309,E14001274,Hastings and Rye,1852
727309,E14001275,Havant,2840
727309,E14001276,Hayes and Harlington,967
727309,E14001277,Hazel Grove,1987
727309,E14001278,Hemel Hempstead,1863
727309,E14001279,Hendon,943
727309,E14001280,Henley and Thame,1429
727309,E14001281,Hereford and South Herefordshire,1809
727309,E14001282,Herne Bay and Sandwich,2226
727309,E14001283,Hertford and Stortford,2119
727309,E14001284,Hertsmere,1779
727309,E14001285,Hexham,1772
727309,E14001286,Heywood and Middleton North,2231
727309,E14001287,High Peak,1830
727309,E14001288,Hinckley and Bosworth,2408
727309,E14001289,Hitchin,1673
727309,E14001290,Holborn and St Pancras,618
727309,E14001291,Honiton and Sidmouth,1733
727309,E14001292,Hornchurch and Upminster,2507
727309,E14001293,Hornsey and Friern Barnet,534
727309,E14001294,Horsham,1937
727309,E14001295,Houghton and Sunderland South,2353
727309,E14001296,Hove and Portslade,1133
727309,E14001297,Huddersfield,1336
727309,E14001298,Huntingdon,1861
727309,E14001299,Hyndburn,2112
727309,E14001300,Ilford North,764
727309,E14001301,Ilford South,483
727309,E14001302,Ipswich,1715
727309,E14001303,Isle of Wight East,1348
727309,E14001304,Isle of Wight West,1262
727309,E14001305,Islington North,571
727309,E14001306,Islington South and Finsbury,937
727309,E14001307,Jarrow and Gateshead East,1915
727309,E14001308,Keighley and Ilkley,1759
727309,E14001309,Kenilworth and Southam,1800
727309,E14001310,Kensington and Bayswater,867
727309,E14001311,Kettering,1933
727309,E14001312,Kingston and Surbiton,1130
727309,E14001313,Kingston upon Hull East,1997
727309,E14001314,Kingston upon Hull North and Cottingham,1854
727309,E14001315,Kingston upon Hull West and Haltemprice,2148
727309,E14001316,Kingswinford and South Staffordshire,2014
727309,E14001317,Knowsley,1565
727309,E14001318,Lancaster and Wyre,1613
727309,E14001319,Leeds Central and Headingley,683
727309,E14001320,Leeds East,1843
727309,E14001321,Leeds North East,770
727309,E14001322,Leeds North West,1517
727309,E14001323,Leeds South,1636
727309,E14001324,Leeds South West and Morley,2142
727309,E14001325,Leeds West and Pudsey,1479
727309,E14001326,Leicester East,584
727309,E14001327,Leicester South,652
727309,E14001328,Leicester West,1363
727309,E14001329,Leigh and Atherton,2428
727309,E14001330,Lewes,1679
727309,E14001331,Lewisham East,709
727309,E14001332,Lewisham North,493
727309,E14001333,Lewisham West and East Dulwich,480
727309,E14001334,Leyton and Wanstead,617
727309,E14001335,Lichfield,2125
727309,E14001336,Lincoln,1722
727309,E14001337,Liverpool Garston,1319
727309,E14001338,Liverpool Riverside,1157
727309,E14001339,Liverpool Walton,1678
727309,E14001340,Liverpool Wavertree,881
727309,E14001341,Liverpool West Derby,1432
727309,E14001342,Loughborough,1574
727309,E14001343,Louth and Horncastle,2365
727309,E14001344,Lowestoft,2054
727309,E14001345,Luton North,858
727309,E14001346,Luton South and South Bedfordshire,974
727309,E14001347,Macclesfield,1756
727309,E14001348,Maidenhead,1661
727309,E14001349,Maidstone and Malling,2012
727309,E14001350,Makerfield,2339
727309,E14001351,Maldon,2929
727309,E14001352,Manchester Central,1576
727309,E14001353,Manchester Rusholme,382
727309,E14001354,Manchester Withington,522
727309,E14001355,Mansfield,2293
727309,E14001356,Melksham and Devizes,1562
727309,E14001357,Melton and Syston,1856
727309,E14001358,Meriden and Solihull East,2057
727309,E14001359,Mid Bedfordshire,1793
727309,E14001360,Mid Buckinghamshire,1617
727309,E14001361,Mid Cheshire,2061
727309,E14001362,Mid Derbyshire,1617
727309,E14001363,Mid Dorset and North Poole,2154
727309,E14001364,Mid Leicestershire,1857
727309,E14001365,Mid Norfolk,2180
727309,E14001366,Mid Sussex,1575
727309,E14001367,Middlesbrough and Thornaby East,1763
727309,E14001368,Middlesbrough South and East Cleveland,2077
727309,E14001369,Milton Keynes Central,1621
727309,E14001370,Milton Keynes North,1475
727309,E14001371,Mitcham and Morden,929
727309,E14001372,Morecambe and Lunesdale,1905
727309,E14001373,New Forest East,2059
727309,E14001374,New Forest West,1737
727309,E14001375,Newark,2031
727309,E14001376,Newbury,1585
727309,E14001377,Newcastle upon Tyne Central and West,1691
727309,E14001378,Newcastle upon Tyne East and Wallsend,1921
727309,E14001379,Newcastle upon Tyne North,1202
727309,E14001380,Newcastle-under-Lyme,1852
727309,E14001381,Newton Abbot,1757
727309,E14001382,Newton Aycliffe and Spennymoor,2106
727309,E14001383,Normanton and Hemsworth,2511
727309,E14001384,North Bedfordshire,1871
727309,E14001385,North Cornwall,1981
727309,E14001386,North Cotswolds,1632
727309,E14001387,North Devon,1969
727309,E14001388,North Dorset,1993
727309,E14001389,North Durham,1872
727309,E14001390,North East Cambridgeshire,2346
727309,E14001391,North East Derbyshire,2030
727309,E14001392,North East Hampshire,1865
727309,E14001393,North East Hertfordshire,1884
727309,E14001394,North East Somerset and Hanham,1638
727309,E14001395,North Herefordshire,1861
727309,E14001396,North Norfolk,1743
727309,E14001397,North Northumberland,1762
727309,E14001398,North Shropshire,2229
727309,E14001399,North Somerset,1440
727309,E14001400,North Warwickshire and Bedworth,2545
727309,E14001401,North West Cambridgeshire,2031
727309,E14001402,North West Essex,2503
727309,E14001403,North West Hampshire,1963
727309,E14001404,North West Leicestershire,2234
727309,E14001405,North West Norfolk,2050
727309,E14001406,Northampton North,1557
727309,E14001407,Northampton South,1625
727309,E14001408,Norwich North,1746
727309,E14001409,Norwich South,1431
727309,E14001410,Nottingham East,847
727309,E14001411,Nottingham North and Kimberley,1372
727309,E14001412,Nottingham South,1151
727309,E14001413,Nuneaton,2560
727309,E14001414,Old Bexley and Sidcup,2232
727309,E14001415,Oldham East and Saddleworth,2029
727309,E14001416,"Oldham West, Chadderton and Royton",1579
727309,E14001417,Orpington,1758
727309,E14001418,Ossett and Denby Dale,2374
727309,E14001419,Oxford East,648
727309,E14001420,Oxford West and Abingdon,815
727309,E14001421,Peckham,422
727309,E14001422,Pendle and Clitheroe,2356
727309,E14001423,Penistone and Stocksbridge,1812
727309,E14001424,Penrith and Solway,1824
727309,E14001425,Peterborough,1493
727309,E14001426,Plymouth Moor View,2383
727309,E14001427,Plymouth Sutton and Devonport,1968
727309,E14001428,"Pontefract, Castleford and Knottingley",2271
727309,E14001429,Poole,2183
727309,E14001430,Poplar and Limehouse,1398
727309,E14001431,Portsmouth North,2910
727309,E14001432,Portsmouth South,1745
727309,E14001433,Preston,1630
727309,E14001434,Putney,884
727309,E14001435,Queen's Park and Maida Vale,519
727309,E14001436,Rawmarsh and Conisbrough,1894
727309,E14001437,Rayleigh and Wickford,2950
727309,E14001438,Reading Central,972
727309,E14001439,Reading West and Mid Berkshire,1409
727309,E14001440,Redcar,2182
727309,E14001441,Redditch,2154
727309,E14001442,Reigate,1797
727309,E14001443,Ribble Valley,2214
727309,E14001444,Richmond and Northallerton,2015
727309,E14001445,Richmond Park,899
727309,E14001446,Rochdale,1551
727309,E14001447,Rochester and Strood,2238
727309,E14001448,Romford,2203
727309,E14001449,Romsey and Southampton North,1686
727309,E14001450,Rossendale and Darwen,2746
727309,E14001451,Rother Valley,1912
727309,E14001452,Rotherham,1765
727309,E14001453,Rugby,2170
727309,E14001454,"Ruislip, Northwood and Pinner",1135
727309,E14001455,Runcorn and Helsby,1898
727309,E14001456,Runnymede and Weybridge,1849
727309,E14001457,Rushcliffe,1529
727309,E14001458,Rutland and Stamford,1682
727309,E14001459,Salford,1795
727309,E14001460,Salisbury,1503
727309,E14001461,Scarborough and Whitby,2171
727309,E14001462,Scunthorpe,1937
727309,E14001463,Sefton Central,1550
727309,E14001464,Selby,2388
727309,E14001465,Sevenoaks,2102
727309,E14001466,Sheffield Brightside and Hillsborough,1342
727309,E14001467,Sheffield Central,440
727309,E14001468,Sheffield Hallam,842
727309,E14001469,Sheffield Heeley,1284
727309,E14001470,Sheffield South East,1679
727309,E14001471,Sherwood Forest,2205
727309,E14001472,Shipley,1696
727309,E14001473,Shrewsbury,1808
727309,E14001474,Sittingbourne and Sheppey,2411
727309,E14001475,Skipton and Ripon,1925
727309,E14001476,Sleaford and North Hykeham,1979
727309,E14001477,Slough,813
727309,E14001478,Smethwick,1135
727309,E14001479,Solihull West and Shirley,1709
727309,E14001480,South Basildon and East Thurrock,2699
727309,E14001481,South Cambridgeshire,1241
727309,E14001482,South Cotswolds,1517
727309,E14001483,South Derbyshire,2123
727309,E14001484,South Devon,1661
727309,E14001485,South Dorset,1999
727309,E14001486,South East Cornwall,2141
727309,E14001487,South Holland and The Deepings,2510
727309,E14001488,South Leicestershire,2274
727309,E14001489,South Norfolk,1894
727309,E14001490,South Northamptonshire,2117
727309,E14001491,South Ribble,2182
727309,E14001492,South Shields,1785
727309,E14001493,South Shropshire,1976
727309,E14001494,South Suffolk,1959
727309,E14001495,South West Devon,2200
727309,E14001496,South West Hertfordshire,1713
727309,E14001497,South West Norfolk,2439
727309,E14001498,South West Wiltshire,1779
727309,E14001499,Southampton Itchen,2000
727309,E14001500,Southampton Test,1488
727309,E14001501,Southend East and Rochford,2162
727309,E14001502,Southend West and Leigh,2217
727309,E14001503,Southgate and Wood Green,793
727309,E14001504,Southport,1944
727309,E14001505,Spelthorne,1985
727309,E14001506,Spen Valley,1946
727309,E14001507,St Albans,1080
727309,E14001508,St Austell and Newquay,2057
727309,E14001509,St Helens North,2009
727309,E14001510,St Helens South and Whiston,1878
727309,E14001511,St Ives,1625
727309,E14001512,St Neots and Mid Cambridgeshire,1503
727309,E14001513,Stafford,1859
727309,E14001514,Staffordshire Moorlands,2095
727309,E14001515,Stalybridge and Hyde,2269
727309,E14001516,Stevenage,1869
727309,E14001517,Stockport,1514
727309,E14001518,Stockton North,2063
727309,E14001519,Stockton West,2083
727309,E14001520,Stoke-on-Trent Central,1813
727309,E14001521,Stoke-on-Trent North,2034
727309,E14001522,Stoke-on-Trent South,1901
727309,E14001523,"Stone, Great Wyrley and Penkridge",2178
727309,E14001524,Stourbridge,1828
727309,E14001525,Stratford and Bow,554
727309,E14001526,Stratford-on-Avon,1724
727309,E14001527,Streatham and Croydon North,501
727309,E14001528,Stretford and Urmston,1512
727309,E14001529,Stroud,1509
727309,E14001530,Suffolk Coastal,1767
727309,E14001531,Sunderland Central,1860
727309,E14001532,Surrey Heath,1842
727309,E14001533,Sussex Weald,2080
727309,E14001534,Sutton and Cheam,1304
727309,E14001535,Sutton Coldfield,1851
727309,E14001536,Swindon North,1800
727309,E14001537,Swindon South,1556
727309,E14001538,Tamworth,2763
727309,E14001539,Tatton,1850
727309,E14001540,Taunton and Wellington,1784
727309,E14001541,Telford,2219
727309,E14001542,Tewkesbury,1586
727309,E14001543,The Wrekin,1997
727309,E14001544,Thirsk and Malton,2047
727309,E14001545,Thornbury and Yate,1800
727309,E14001546,Thurrock,2210
727309,E14001547,Tipton and Wednesbury,2095
727309,E14001548,Tiverton and Minehead,1653
727309,E14001549,Tonbridge,1780
727309,E14001550,Tooting,666
727309,E14001551,Torbay,2149
727309,E14001552,Torridge and Tavistock,1883
727309,E14001553,Tottenham,400
727309,E14001554,Truro and Falmouth,1446
727309,E14001555,Tunbridge Wells,1607
727309,E14001556,Twickenham,974
727309,E14001557,Tynemouth,1629
727309,E14001558,Uxbridge and South Ruislip,1568
727309,E14001559,Vauxhall and Camberwell Green,451
727309,E14001560,Wakefield and Rothwell,2206
727309,E14001561,Wallasey,1841
727309,E14001562,Walsall and Bloxwich,1501
727309,E14001563,Walthamstow,435
727309,E14001564,Warrington North,1969
727309,E14001565,Warrington South,1875
727309,E14001566,Warwick and Leamington,1271
727309,E14001567,Washington and Gateshead South,2033
727309,E14001568,Watford,1150
727309,E14001569,Waveney Valley,2147
727309,E14001570,Weald of Kent,2165
727309,E14001571,Wellingborough and Rushden,1940
727309,E14001572,Wells and Mendip Hills,1623
727309,E14001573,Welwyn Hatfield,1777
727309,E14001574,West Bromwich,1493
727309,E14001575,West Dorset,1496
727309,E14001576,West Ham and Beckton,822
727309,E14001577,West Lancashire,1822
727309,E14001578,West Suffolk,2207
727309,E14001579,West Worcestershire,1892
727309,E14001580,Westmorland and Lonsdale,1463
727309,E14001581,Weston-super-Mare,2181
727309,E14001582,Wetherby and Easingwold,1761
727309,E14001583,Whitehaven and Workington,2389
727309,E14001584,Widnes and Halewood,1789
727309,E14001585,Wigan,2222
727309,E14001586,Wimbledon,906
727309,E14001587,Winchester,1371
727309,E14001588,Windsor,1575
727309,E14001589,Wirral West,1557
727309,E14001590,Witham,2602
727309,E14001591,Witney,1739
727309,E14001592,Woking,1372
727309,E14001593,Wokingham,1592
727309,E14001594,Wolverhampton North East,1602
727309,E14001595,Wolverhampton South East,1585
727309,E14001596,Wolverhampton West,1244
727309,E14001597,Worcester,1637
727309,E14001598,Worsley and Eccles,2119
727309,E14001599,Worthing West,1819
727309,E14001600,Wycombe,1144
727309,E14001601,Wyre Forest,2343
727309,E14001602,Wythenshawe and Sale East,1783
727309,E14001603,Yeovil,1988
727309,E14001604,York Central,1265
727309,E14001605,York Outer,1514
727309,N05000001,Belfast East,1040
727309,N05000002,Belfast North,921
727309,N05000003,Belfast South and Mid Down,560
727309,N05000004,Belfast West,497
727309,N05000005,East Antrim,1197
727309,N05000006,East Londonderry,692
727309,N05000007,Fermanagh and South Tyrone,410
727309,N05000008,Foyle,310
727309,N05000009,Lagan Valley,931
727309,N05000010,Mid Ulster,394
727309,N05000011,Newry and Armagh,460
727309,N05000012,North Antrim,821
727309,N05000013,North Down,1237
727309,N05000014,South Antrim,964
727309,N05000015,South Down,449
727309,N05000016,Strangford,1048
727309,N05000017,Upper Bann,938
727309,N05000018,West Tyrone,340
727309,S14000021,East Renfrewshire,732
727309,S14000027,Na h-Eileanan an Iar,265
727309,S14000045,Midlothian,894
727309,S14000048,North Ayrshire and Arran,1117
727309,S14000051,Orkney and Shetland,421
727309,S14000060,Aberdeen North,1448
727309,S14000061,Aberdeen South,1404
727309,S14000062,Aberdeenshire North and Moray East,1704
727309,S14000063,Airdrie and Shotts,1085
727309,S14000064,Alloa and Grangemouth,1072
727309,S14000065,Angus and Perthshire Glens,1196
727309,S14000066,Arbroath and Broughty Ferry,1269
727309,S14000067,"Argyll, Bute and South Lochaber",1069
727309,S14000068,Bathgate and Linlithgow,1085
727309,S14000069,"Caithness, Sutherland and Easter Ross",1202
727309,S14000070,Coatbridge and Bellshill,930
727309,S14000071,Cowdenbeath and Kirkcaldy,849
727309,S14000072,Cumbernauld and Kirkintilloch,966
727309,S14000073,Dumfries and Galloway,1277
727309,S14000074,"Dumfriesshire, Clydesdale and Tweeddale",1096
727309,S14000075,Dundee Central,979
727309,S14000076,Dunfermline and Dollar,979
727309,S14000077,East Kilbride and Strathaven,1070
727309,S14000078,Edinburgh East and Musselburgh,675
727309,S14000079,Edinburgh North and Leith,727
727309,S14000080,Edinburgh South,589
727309,S14000081,Edinburgh South West,658
727309,S14000082,Edinburgh West,796
727309,S14000083,Falkirk,1280
727309,S14000084,Glasgow East,899
727309,S14000085,Glasgow North,777
727309,S14000086,Glasgow North East,977
727309,S14000087,Glasgow South,614
727309,S14000088,Glasgow South West,761
727309,S14000089,Glasgow West,761
727309,S14000090,Glenrothes and Mid Fife,990
727309,S14000091,Gordon and Buchan,1383
727309,S14000092,Hamilton and Clyde Valley,1169
727309,S14000093,Inverclyde and Renfrewshire West,993
727309,S14000094,"Inverness, Skye and West Ross-shire",1075
727309,S14000095,Livingston,1206
727309,S14000096,Lothian East,864
727309,S14000097,Mid Dunbartonshire,791
727309,S14000098,"Moray West, Nairn and Strathspey",1262
727309,S14000099,"Motherwell, Wishaw and Carluke",1005
727309,S14000100,North East Fife,816
727309,S14000101,Paisley and Renfrewshire North,1001
727309,S14000102,Paisley and Renfrewshire South,1019
727309,S14000103,Perth and Kinross-shire,1106
727309,S14000104,Rutherglen,927
727309,S14000105,Stirling and Strathallan,887
727309,S14000106,West Dunbartonshire,998
727309,S14000107,"Ayr, Carrick and Cumnock",1038
727309,S14000108,"Berwickshire, Roxburgh and Selkirk",1124
727309,S14000109,Central Ayrshire,1087
727309,S14000110,Kilmarnock and Loudoun,1143
727309,S14000111,West Aberdeenshire and Kincardine,1468
727309,W07000081,Aberafan Maesteg,1652
727309,W07000082,Alyn and Deeside,2335
727309,W07000083,Bangor Aberconwy,1611
727309,W07000084,Blaenau Gwent and Rhymney,1862
727309,W07000085,"Brecon, Radnor and Cwm Tawe",1632
727309,W07000086,Bridgend,1724
727309,W07000087,Caerfyrddin,1761
727309,W07000088,Caerphilly,1814
727309,W07000089,Cardiff East,1142
727309,W07000090,Cardiff North,1166
727309,W07000091,Cardiff South and Penarth,956
727309,W07000092,Cardiff West,1253
727309,W07000093,Ceredigion Preseli,1325
727309,W07000094,Clwyd East,2094
727309,W07000095,Clwyd North,2035
727309,W07000096,Dwyfor Meirionnydd,1354
727309,W07000097,Gower,1768
727309,W07000098,Llanelli,1862
727309,W07000099,Merthyr Tydfil and Aberdare,1709
727309,W07000100,Mid and South Pembrokeshire,1763
727309,W07000101,Monmouthshire,1494
727309,W07000102,Montgomeryshire and Glyndŵr,2013
727309,W07000103,Neath and Swansea East,1854
727309,W07000104,Newport East,1708
727309,W07000105,Newport West and Islwyn,1863
727309,W07000106,Pontypridd,1712
727309,W07000107,Rhondda and Ogmore,2235
727309,W07000108,Swansea West,1527
727309,W07000109,Torfaen,1670
727309,W07000110,Vale of Glamorgan,1810
727309,W07000111,Wrexham,1967
727309,W07000112,Ynys Môn,1178
727372,E14001063,Aldershot,241
727372,E14001064,Aldridge-Brownhills,34
727372,E14001065,Altrincham and Sale West,197
727372,E14001066,Amber Valley,60
727372,E14001067,Arundel and South Downs,28
727372,E14001068,Ashfield,128
727372,E14001069,Ashford,262
727372,E14001070,Ashton-under-Lyne,225
727372,E14001071,Aylesbury,243
727372,E14001072,Banbury,161
727372,E14001073,Barking,392
727372,E14001074,Barnsley North,119
727372,E14001075,Barnsley South,91
727372,E14001076,Barrow and Furness,81
727372,E14001077,Basildon and Billericay,116
727372,E14001078,Basingstoke,217
727372,E14001079,Bassetlaw,117
727372,E14001080,Bath,253
727372,E14001081,Battersea,168
727372,E14001082,Beaconsfield,89
727372,E14001083,Beckenham and Penge,120
727372,E14001084,Bedford,260
727372,E14001085,Bermondsey and Old Southwark,222
727372,E14001086,Bethnal Green and Stepney,212
727372,E14001087,Beverley and Holderness,25
727372,E14001088,Bexhill and Battle,126
727372,E14001089,Bexleyheath and Crayford,118
727372,E14001090,Bicester and Woodstock,111
727372,E14001091,Birkenhead,225
727372,E14001092,Birmingham Edgbaston,370
727372,E14001093,Birmingham Erdington,269
727372,E14001094,Birmingham Hall Green and Moseley,271
727372,E14001095,Birmingham Hodge Hill and Solihull North,190
727372,E14001096,Birmingham Ladywood,642
727372,E14001097,Birmingham Northfield,167
727372,E14001098,Birmingham Perry Barr,270
727372,E14001099,Birmingham Selly Oak,237
727372,E14001100,Birmingham Yardley,281
727372,E14001101,Bishop Auckland,38
727372,E14001102,Blackburn,224
727372,E14001103,Blackley and Middleton South,344
727372,E14001104,Blackpool North and Fleetwood,40
727372,E14001105,Blackpool South,369
727372,E14001106,Blaydon and Consett,46
727372,E14001107,Blyth and Ashington,45
727372,E14001108,Bognor Regis and Littlehampton,83
727372,E14001109,Bolsover,45
727372,E14001110,Bolton North East,215
727372,E14001111,Bolton South and Walkden,322
727372,E14001112,Bolton West,122
727372,E14001113,Bootle,125
727372,E14001114,Boston and Skegness,127
727372,E14001115,Bournemouth East,337
727372,E14001116,Bournemouth West,319
727372,E14001117,Bracknell,139
727372,E14001118,Bradford East,166
727372,E14001119,Bradford South,108
727372,E14001120,Bradford West,343
727372,E14001121,Braintree,72
727372,E14001122,Brent East,484
727372,E14001123,Brent West,1064
727372,E14001124,Brentford and Isleworth,519
727372,E14001125,Brentwood and Ongar,77
727372,E14001126,Bridgwater,118
727372,E14001127,Bridlington and The Wolds,44
727372,E14001128,Brigg and Immingham,38
727372,E14001129,Brighton Kemptown and Peacehaven,181
727372,E14001130,Brighton Pavilion,171
727372,E14001131,Bristol Central,192
727372,E14001132,Bristol East,260
727372,E14001133,Bristol North East,282
727372,E14001134,Bristol North West,360
727372,E14001135,Bristol South,218
727372,E14001136,Broadland and Fakenham,37
727372,E14001137,Bromley and Biggin Hill,155
727372,E14001138,Bromsgrove,38
727372,E14001139,Broxbourne,144
727372,E14001140,Broxtowe,177
727372,E14001141,Buckingham and Bletchley,185
727372,E14001142,Burnley,94
727372,E14001143,Burton and Uttoxeter,144
727372,E14001144,Bury North,159
727372,E14001145,Bury South,152
727372,E14001146,Bury St Edmunds and Stowmarket,115
727372,E14001147,Calder Valley,32
727372,E14001148,Camborne and Redruth,115
727372,E14001149,Cambridge,381
727372,E14001150,Cannock Chase,49
727372,E14001151,Canterbury,213
727372,E14001152,Carlisle,188
727372,E14001153,Carshalton and Wallington,188
727372,E14001154,Castle Point,23
727372,E14001155,Central Devon,47
727372,E14001156,Central Suffolk and North Ipswich,49
727372,E14001157,Chatham and Aylesford,96
727372,E14001158,Cheadle,120
727372,E14001159,Chelmsford,250
727372,E14001160,Chelsea and Fulham,189
727372,E14001161,Cheltenham,217
727372,E14001162,Chesham and Amersham,75
727372,E14001163,Chester North and Neston,163
727372,E14001164,Chester South and Eddisbury,41
727372,E14001165,Chesterfield,91
727372,E14001166,Chichester,122
727372,E14001167,Chingford and Woodford Green,96
727372,E14001168,Chippenham,62
727372,E14001169,Chipping Barnet,239
727372,E14001170,Chorley,77
727372,E14001171,Christchurch,39
727372,E14001172,Cities of London and Westminster,213
727372,E14001173,City of Durham,73
727372,E14001174,Clacton,78
727372,E14001175,Clapham and Brixton Hill,73
727372,E14001176,Colchester,306
727372,E14001177,Colne Valley,37
727372,E14001178,Congleton,45
727372,E14001179,Corby and East Northamptonshire,73
727372,E14001180,Coventry East,445
727372,E14001181,Coventry North West,281
727372,E14001182,Coventry South,623
727372,E14001183,Cramlington and Killingworth,64
727372,E14001184,Crawley,279
727372,E14001185,Crewe and Nantwich,279
727372,E14001186,Croydon East,151
727372,E14001187,Croydon South,154
727372,E14001188,Croydon West,567
727372,E14001189,Dagenham and Rainham,209
727372,E14001190,Darlington,137
727372,E14001191,Dartford,209
727372,E14001192,Daventry,71
727372,E14001193,Derby North,428
727372,E14001194,Derby South,431
727372,E14001195,Derbyshire Dales,21
727372,E14001196,Dewsbury and Batley,95
727372,E14001197,Didcot and Wantage,173
727372,E14001198,Doncaster Central,235
727372,E14001199,Doncaster East and the Isle of Axholme,36
727372,E14001200,Doncaster North,61
727372,E14001201,Dorking and Horley,68
727372,E14001202,Dover and Deal,131
727372,E14001203,Droitwich and Evesham,107
727372,E14001204,Dudley,155
727372,E14001205,Dulwich and West Norwood,115
727372,E14001206,Dunstable and Leighton Buzzard,155
727372,E14001207,Ealing Central and Acton,380
727372,E14001208,Ealing North,377
727372,E14001209,Ealing Southall,352
727372,E14001210,Earley and Woodley,279
727372,E14001211,Easington,46
727372,E14001212,East Grinstead and Uckfield,71
727372,E14001213,East Ham,766
727372,E14001214,East Hampshire,51
727372,E14001215,East Surrey,67
727372,E14001216,East Thanet,187
727372,E14001217,East Wiltshire,94
727372,E14001218,East Worthing and Shoreham,93
727372,E14001219,Eastbourne,269
727372,E14001220,Eastleigh,101
727372,E14001221,Edmonton and Winchmore Hill,220
727372,E14001222,Ellesmere Port and Bromborough,118
727372,E14001223,Eltham and Chislehurst,154
727372,E14001224,Ely and East Cambridgeshire,186
727372,E14001225,Enfield North,249
727372,E14001226,Epping Forest,78
727372,E14001227,Epsom and Ewell,164
727372,E14001228,Erewash,103
727372,E14001229,Erith and Thamesmead,270
727372,E14001230,Esher and Walton,96
727372,E14001231,Exeter,304
727372,E14001232,Exmouth and Exeter East,103
727372,E14001233,Fareham and Waterlooville,60
727372,E14001234,Farnham and Bordon,68
727372,E14001235,Faversham and Mid Kent,37
727372,E14001236,Feltham and Heston,426
727372,E14001237,Filton and Bradley Stoke,584
727372,E14001238,Finchley and Golders Green,291
727372,E14001239,Folkestone and Hythe,129
727372,E14001240,Forest of Dean,68
727372,E14001241,Frome and East Somerset,54
727372,E14001242,Fylde,89
727372,E14001243,Gainsborough,68
727372,E14001244,Gateshead Central and Whickham,231
727372,E14001245,Gedling,168
727372,E14001246,Gillingham and Rainham,215
727372,E14001247,Glastonbury and Somerton,58
727372,E14001248,Gloucester,414
727372,E14001249,Godalming and Ash,73
727372,E14001250,Goole and Pocklington,38
727372,E14001251,Gorton and Denton,346
727372,E14001252,Gosport,57
727372,E14001253,Grantham and Bourne,98
727372,E14001254,Gravesham,92
727372,E14001255,Great Grimsby and Cleethorpes,66
727372,E14001256,Great Yarmouth,88
727372,E14001257,Greenwich and Woolwich,292
727372,E14001258,Guildford,337
727372,E14001259,Hackney North and Stoke Newington,114
727372,E14001260,Hackney South and Shoreditch,184
727372,E14001261,Halesowen,72
727372,E14001262,Halifax,136
727372,E14001263,Hamble Valley,67
727372,E14001264,Hammersmith and Chiswick,230
727372,E14001265,Hampstead and Highgate,202
727372,E14001266,"Harborough, Oadby and Wigston",157
727372,E14001267,Harlow,188
727372,E14001268,Harpenden and Berkhamsted,60
727372,E14001269,Harrogate and Knaresborough,98
727372,E14001270,Harrow East,760
727372,E14001271,Harrow West,1033
727372,E14001272,Hartlepool,65
727372,E14001273,Harwich and North Essex,52
727372,E14001274,Hastings and Rye,220
727372,E14001275,Havant,96
727372,E14001276,Hayes and Harlington,408
727372,E14001277,Hazel Grove,104
727372,E14001278,Hemel Hempstead,115
727372,E14001279,Hendon,400
727372,E14001280,Henley and Thame,33
727372,E14001281,Hereford and South Herefordshire,146
727372,E14001282,Herne Bay and Sandwich,96
727372,E14001283,Hertford and Stortford,243
727372,E14001284,Hertsmere,145
727372,E14001285,Hexham,25
727372,E14001286,Heywood and Middleton North,136
727372,E14001287,High Peak,14
727372,E14001288,Hinckley and Bosworth,62
727372,E14001289,Hitchin,86
727372,E14001290,Holborn and St Pancras,140
727372,E14001291,Honiton and Sidmouth,75
727372,E14001292,Hornchurch and Upminster,104
727372,E14001293,Hornsey and Friern Barnet,159
727372,E14001294,Horsham,113
727372,E14001295,Houghton and Sunderland South,71
727372,E14001296,Hove and Portslade,168
727372,E14001297,Huddersfield,297
727372,E14001298,Huntingdon,242
727372,E14001299,Hyndburn,99
727372,E14001300,Ilford North,407
727372,E14001301,Ilford South,565
727372,E14001302,Ipswich,297
727372,E14001303,Isle of Wight East,45
727372,E14001304,Isle of Wight West,58
727372,E14001305,Islington North,168
727372,E14001306,Islington South and Finsbury,148
727372,E14001307,Jarrow and Gateshead East,111
727372,E14001308,Keighley and Ilkley,110
727372,E14001309,Kenilworth and Southam,90
727372,E14001310,Kensington and Bayswater,189
727372,E14001311,Kettering,155
727372,E14001312,Kingston and Surbiton,309
727372,E14001313,Kingston upon Hull East,82
727372,E14001314,Kingston upon Hull North and Cottingham,274
727372,E14001315,Kingston upon Hull West and Haltemprice,270
727372,E14001316,Kingswinford and South Staffordshire,17
727372,E14001317,Knowsley,106
727372,E14001318,Lancaster and Wyre,176
727372,E14001319,Leeds Central and Headingley,346
727372,E14001320,Leeds East,245
727372,E14001321,Leeds North East,159
727372,E14001322,Leeds North West,47
727372,E14001323,Leeds South,454
727372,E14001324,Leeds South West and Morley,121
727372,E14001325,Leeds West and Pudsey,149
727372,E14001326,Leicester East,480
727372,E14001327,Leicester South,519
727372,E14001328,Leicester West,648
727372,E14001329,Leigh and Atherton,131
727372,E14001330,Lewes,60
727372,E14001331,Lewisham East,172
727372,E14001332,Lewisham North,192
727372,E14001333,Lewisham West and East Dulwich,91
727372,E14001334,Leyton and Wanstead,208
727372,E14001335,Lichfield,31
727372,E14001336,Lincoln,292
727372,E14001337,Liverpool Garston,62
727372,E14001338,Liverpool Riverside,461
727372,E14001339,Liverpool Walton,249
727372,E14001340,Liverpool Wavertree,314
727372,E14001341,Liverpool West Derby,236
727372,E14001342,Loughborough,194
727372,E14001343,Louth and Horncastle,18
727372,E14001344,Lowestoft,38
727372,E14001345,Luton North,331
727372,E14001346,Luton South and South Bedfordshire,625
727372,E14001347,Macclesfield,121
727372,E14001348,Maidenhead,248
727372,E14001349,Maidstone and Malling,230
727372,E14001350,Makerfield,76
727372,E14001351,Maldon,23
727372,E14001352,Manchester Central,477
727372,E14001353,Manchester Rusholme,593
727372,E14001354,Manchester Withington,181
727372,E14001355,Mansfield,167
727372,E14001356,Melksham and Devizes,30
727372,E14001357,Melton and Syston,100
727372,E14001358,Meriden and Solihull East,119
727372,E14001359,Mid Bedfordshire,46
727372,E14001360,Mid Buckinghamshire,39
727372,E14001361,Mid Cheshire,119
727372,E14001362,Mid Derbyshire,50
727372,E14001363,Mid Dorset and North Poole,30
727372,E14001364,Mid Leicestershire,97
727372,E14001365,Mid Norfolk,55
727372,E14001366,Mid Sussex,141
727372,E14001367,Middlesbrough and Thornaby East,439
727372,E14001368,Middlesbrough South and East Cleveland,54
727372,E14001369,Milton Keynes Central,506
727372,E14001370,Milton Keynes North,201
727372,E14001371,Mitcham and Morden,272
727372,E14001372,Morecambe and Lunesdale,83
727372,E14001373,New Forest East,33
727372,E14001374,New Forest West,83
727372,E14001375,Newark,82
727372,E14001376,Newbury,215
727372,E14001377,Newcastle upon Tyne Central and West,408
727372,E14001378,Newcastle upon Tyne East and Wallsend,212
727372,E14001379,Newcastle upon Tyne North,180
727372,E14001380,Newcastle-under-Lyme,178
727372,E14001381,Newton Abbot,68
727372,E14001382,Newton Aycliffe and Spennymoor,41
727372,E14001383,Normanton and Hemsworth,39
727372,E14001384,North Bedfordshire,60
727372,E14001385,North Cornwall,51
727372,E14001386,North Cotswolds,71
727372,E14001387,North Devon,126
727372,E14001388,North Dorset,50
727372,E14001389,North Durham,55
727372,E14001390,North East Cambridgeshire,125
727372,E14001391,North East Derbyshire,50
727372,E14001392,North East Hampshire,83
727372,E14001393,North East Hertfordshire,60
727372,E14001394,North East Somerset and Hanham,122
727372,E14001395,North Herefordshire,59
727372,E14001396,North Norfolk,45
727372,E14001397,North Northumberland,30
727372,E14001398,North Shropshire,77
727372,E14001399,North Somerset,81
727372,E14001400,North Warwickshire and Bedworth,54
727372,E14001401,North West Cambridgeshire,233
727372,E14001402,North West Essex,91
727372,E14001403,North West Hampshire,119
727372,E14001404,North West Leicestershire,60
727372,E14001405,North West Norfolk,109
727372,E14001406,Northampton North,495
727372,E14001407,Northampton South,183
727372,E14001408,Norwich North,138
727372,E14001409,Norwich South,367
727372,E14001410,Nottingham East,437
727372,E14001411,Nottingham North and Kimberley,309
727372,E14001412,Nottingham South,294
727372,E14001413,Nuneaton,172
727372,E14001414,Old Bexley and Sidcup,94
727372,E14001415,Oldham East and Saddleworth,84
727372,E14001416,"Oldham West, Chadderton and Royton",188
727372,E14001417,Orpington,173
727372,E14001418,Ossett and Denby Dale,40
727372,E14001419,Oxford East,303
727372,E14001420,Oxford West and Abingdon,124
727372,E14001421,Peckham,159
727372,E14001422,Pendle and Clitheroe,34
727372,E14001423,Penistone and Stocksbridge,47
727372,E14001424,Penrith and Solway,51
727372,E14001425,Peterborough,354
727372,E14001426,Plymouth Moor View,143
727372,E14001427,Plymouth Sutton and Devonport,327
727372,E14001428,"Pontefract, Castleford and Knottingley",69
727372,E14001429,Poole,191
727372,E14001430,Poplar and Limehouse,507
727372,E14001431,Portsmouth North,253
727372,E14001432,Portsmouth South,276
727372,E14001433,Preston,659
727372,E14001434,Putney,173
727372,E14001435,Queen's Park and Maida Vale,231
727372,E14001436,Rawmarsh and Conisbrough,45
727372,E14001437,Rayleigh and Wickford,24
727372,E14001438,Reading Central,535
727372,E14001439,Reading West and Mid Berkshire,97
727372,E14001440,Redcar,85
727372,E14001441,Redditch,121
727372,E14001442,Reigate,233
727372,E14001443,Ribble Valley,155
727372,E14001444,Richmond and Northallerton,26
727372,E14001445,Richmond Park,310
727372,E14001446,Rochdale,105
727372,E14001447,Rochester and Strood,105
727372,E14001448,Romford,224
727372,E14001449,Romsey and Southampton North,110
727372,E14001450,Rossendale and Darwen,50
727372,E14001451,Rother Valley,54
727372,E14001452,Rotherham,192
727372,E14001453,Rugby,189
727372,E14001454,"Ruislip, Northwood and Pinner",230
727372,E14001455,Runcorn and Helsby,43
727372,E14001456,Runnymede and Weybridge,127
727372,E14001457,Rushcliffe,140
727372,E14001458,Rutland and Stamford,46
727372,E14001459,Salford,518
727372,E14001460,Salisbury,98
727372,E14001461,Scarborough and Whitby,114
727372,E14001462,Scunthorpe,119
727372,E14001463,Sefton Central,30
727372,E14001464,Selby,42
727372,E14001465,Sevenoaks,48
727372,E14001466,Sheffield Brightside and Hillsborough,387
727372,E14001467,Sheffield Central,465
727372,E14001468,Sheffield Hallam,83
727372,E14001469,Sheffield Heeley,179
727372,E14001470,Sheffield South East,102
727372,E14001471,Sherwood Forest,67
727372,E14001472,Shipley,38
727372,E14001473,Shrewsbury,150
727372,E14001474,Sittingbourne and Sheppey,57
727372,E14001475,Skipton and Ripon,42
727372,E14001476,Sleaford and North Hykeham,51
727372,E14001477,Slough,474
727372,E14001478,Smethwick,300
727372,E14001479,Solihull West and Shirley,211
727372,E14001480,South Basildon and East Thurrock,112
727372,E14001481,South Cambridgeshire,295
727372,E14001482,South Cotswolds,52
727372,E14001483,South Derbyshire,76
727372,E14001484,South Devon,32
727372,E14001485,South Dorset,136
727372,E14001486,South East Cornwall,44
727372,E14001487,South Holland and The Deepings,132
727372,E14001488,South Leicestershire,48
727372,E14001489,South Norfolk,108
727372,E14001490,South Northamptonshire,34
727372,E14001491,South Ribble,40
727372,E14001492,South Shields,76
727372,E14001493,South Shropshire,36
727372,E14001494,South Suffolk,29
727372,E14001495,South West Devon,42
727372,E14001496,South West Hertfordshire,119
727372,E14001497,South West Norfolk,31
727372,E14001498,South West Wiltshire,64
727372,E14001499,Southampton Itchen,217
727372,E14001500,Southampton Test,463
727372,E14001501,Southend East and Rochford,137
727372,E14001502,Southend West and Leigh,108
727372,E14001503,Southgate and Wood Green,263
727372,E14001504,Southport,84
727372,E14001505,Spelthorne,176
727372,E14001506,Spen Valley,30
727372,E14001507,St Albans,139
727372,E14001508,St Austell and Newquay,55
727372,E14001509,St Helens North,74
727372,E14001510,St Helens South and Whiston,144
727372,E14001511,St Ives,39
727372,E14001512,St Neots and Mid Cambridgeshire,289
727372,E14001513,Stafford,104
727372,E14001514,Staffordshire Moorlands,39
727372,E14001515,Stalybridge and Hyde,77
727372,E14001516,Stevenage,239
727372,E14001517,Stockport,199
727372,E14001518,Stockton North,141
727372,E14001519,Stockton West,47
727372,E14001520,Stoke-on-Trent Central,496
727372,E14001521,Stoke-on-Trent North,146
727372,E14001522,Stoke-on-Trent South,124
727372,E14001523,"Stone, Great Wyrley and Penkridge",18
727372,E14001524,Stourbridge,88
727372,E14001525,Stratford and Bow,458
727372,E14001526,Stratford-on-Avon,51
727372,E14001527,Streatham and Croydon North,183
727372,E14001528,Stretford and Urmston,208
727372,E14001529,Stroud,35
727372,E14001530,Suffolk Coastal,31
727372,E14001531,Sunderland Central,278
727372,E14001532,Surrey Heath,167
727372,E14001533,Sussex Weald,51
727372,E14001534,Sutton and Cheam,401
727372,E14001535,Sutton Coldfield,107
727372,E14001536,Swindon North,152
727372,E14001537,Swindon South,316
727372,E14001538,Tamworth,80
727372,E14001539,Tatton,98
727372,E14001540,Taunton and Wellington,344
727372,E14001541,Telford,127
727372,E14001542,Tewkesbury,125
727372,E14001543,The Wrekin,111
727372,E14001544,Thirsk and Malton,49
727372,E14001545,Thornbury and Yate,122
727372,E14001546,Thurrock,125
727372,E14001547,Tipton and Wednesbury,152
727372,E14001548,Tiverton and Minehead,68
727372,E14001549,Tonbridge,54
727372,E14001550,Tooting,153
727372,E14001551,Torbay,250
727372,E14001552,Torridge and Tavistock,41
727372,E14001553,Tottenham,269
727372,E14001554,Truro and Falmouth,167
727372,E14001555,Tunbridge Wells,226
727372,E14001556,Twickenham,265
727372,E14001557,Tynemouth,42
727372,E14001558,Uxbridge and South Ruislip,268
727372,E14001559,Vauxhall and Camberwell Green,145
727372,E14001560,Wakefield and Rothwell,214
727372,E14001561,Wallasey,79
727372,E14001562,Walsall and Bloxwich,160
727372,E14001563,Walthamstow,205
727372,E14001564,Warrington North,135
727372,E14001565,Warrington South,280
727372,E14001566,Warwick and Leamington,252
727372,E14001567,Washington and Gateshead South,58
727372,E14001568,Watford,371
727372,E14001569,Waveney Valley,36
727372,E14001570,Weald of Kent,41
727372,E14001571,Wellingborough and Rushden,135
727372,E14001572,Wells and Mendip Hills,45
727372,E14001573,Welwyn Hatfield,237
727372,E14001574,West Bromwich,233
727372,E14001575,West Dorset,121
727372,E14001576,West Ham and Beckton,482
727372,E14001577,West Lancashire,46
727372,E14001578,West Suffolk,159
727372,E14001579,West Worcestershire,74
727372,E14001580,Westmorland and Lonsdale,76
727372,E14001581,Weston-super-Mare,202
727372,E14001582,Wetherby and Easingwold,28
727372,E14001583,Whitehaven and Workington,89
727372,E14001584,Widnes and Halewood,67
727372,E14001585,Wigan,181
727372,E14001586,Wimbledon,221
727372,E14001587,Winchester,70
727372,E14001588,Windsor,118
727372,E14001589,Wirral West,56
727372,E14001590,Witham,68
727372,E14001591,Witney,119
727372,E14001592,Woking,218
727372,E14001593,Wokingham,150
727372,E14001594,Wolverhampton North East,161
727372,E14001595,Wolverhampton South East,196
727372,E14001596,Wolverhampton West,252
727372,E14001597,Worcester,225
727372,E14001598,Worsley and Eccles,159
727372,E14001599,Worthing West,151
727372,E14001600,Wycombe,197
727372,E14001601,Wyre Forest,59
727372,E14001602,Wythenshawe and Sale East,441
727372,E14001603,Yeovil,235
727372,E14001604,York Central,125
727372,E14001605,York Outer,41
727372,N05000001,Belfast East,205
727372,N05000002,Belfast North,213
727372,N05000003,Belfast South and Mid Down,335
727372,N05000004,Belfast West,133
727372,N05000005,East Antrim,63
727372,N05000006,East Londonderry,104
727372,N05000007,Fermanagh and South Tyrone,108
727372,N05000008,Foyle,115
727372,N05000009,Lagan Valley,77
727372,N05000010,Mid Ulster,87
727372,N05000011,Newry and Armagh,67
727372,N05000012,North Antrim,106
727372,N05000013,North Down,118
727372,N05000014,South Antrim,132
727372,N05000015,South Down,52
727372,N05000016,Strangford,45
727372,N05000017,Upper Bann,161
727372,N05000018,West Tyrone,73
727372,S14000021,East Renfrewshire,86
727372,S14000027,Na h-Eileanan an Iar,4
727372,S14000045,Midlothian,90
727372,S14000048,North Ayrshire and Arran,38
727372,S14000051,Orkney and Shetland,10
727372,S14000060,Aberdeen North,222
727372,S14000061,Aberdeen South,332
727372,S14000062,Aberdeenshire North and Moray East,36
727372,S14000063,Airdrie and Shotts,42
727372,S14000064,Alloa and Grangemouth,72
727372,S14000065,Angus and Perthshire Glens,53
727372,S14000066,Arbroath and Broughty Ferry,34
727372,S14000067,"Argyll, Bute and South Lochaber",28
727372,S14000068,Bathgate and Linlithgow,55
727372,S14000069,"Caithness, Sutherland and Easter Ross",30
727372,S14000070,Coatbridge and Bellshill,73
727372,S14000071,Cowdenbeath and Kirkcaldy,101
727372,S14000072,Cumbernauld and Kirkintilloch,82
727372,S14000073,Dumfries and Galloway,53
727372,S14000074,"Dumfriesshire, Clydesdale and Tweeddale",26
727372,S14000075,Dundee Central,270
727372,S14000076,Dunfermline and Dollar,64
727372,S14000077,East Kilbride and Strathaven,64
727372,S14000078,Edinburgh East and Musselburgh,244
727372,S14000079,Edinburgh North and Leith,274
727372,S14000080,Edinburgh South,201
727372,S14000081,Edinburgh South West,262
727372,S14000082,Edinburgh West,167
727372,S14000083,Falkirk,77
727372,S14000084,Glasgow East,312
727372,S14000085,Glasgow North,294
727372,S14000086,Glasgow North East,299
727372,S14000087,Glasgow South,167
727372,S14000088,Glasgow South West,277
727372,S14000089,Glasgow West,183
727372,S14000090,Glenrothes and Mid Fife,58
727372,S14000091,Gordon and Buchan,28
727372,S14000092,Hamilton and Clyde Valley,126
727372,S14000093,Inverclyde and Renfrewshire West,48
727372,S14000094,"Inverness, Skye and West Ross-shire",79
727372,S14000095,Livingston,160
727372,S14000096,Lothian East,27
727372,S14000097,Mid Dunbartonshire,46
727372,S14000098,"Moray West, Nairn and Strathspey",60
727372,S14000099,"Motherwell, Wishaw and Carluke",104
727372,S14000100,North East Fife,20
727372,S14000101,Paisley and Renfrewshire North,127
727372,S14000102,Paisley and Renfrewshire South,164
727372,S14000103,Perth and Kinross-shire,151
727372,S14000104,Rutherglen,87
727372,S14000105,Stirling and Strathallan,85
727372,S14000106,West Dunbartonshire,78
727372,S14000107,"Ayr, Carrick and Cumnock",63
727372,S14000108,"Berwickshire, Roxburgh and Selkirk",41
727372,S14000109,Central Ayrshire,32
727372,S14000110,Kilmarnock and Loudoun,32
727372,S14000111,West Aberdeenshire and Kincardine,36
727372,W07000081,Aberafan Maesteg,35
727372,W07000082,Alyn and Deeside,75
727372,W07000083,Bangor Aberconwy,96
727372,W07000084,Blaenau Gwent and Rhymney,53
727372,W07000085,"Brecon, Radnor and Cwm Tawe",33
727372,W07000086,Bridgend,63
727372,W07000087,Caerfyrddin,79
727372,W07000088,Caerphilly,35
727372,W07000089,Cardiff East,301
727372,W07000090,Cardiff North,136
727372,W07000091,Cardiff South and Penarth,280
727372,W07000092,Cardiff West,156
727372,W07000093,Ceredigion Preseli,57
727372,W07000094,Clwyd East,36
727372,W07000095,Clwyd North,113
727372,W07000096,Dwyfor Meirionnydd,41
727372,W07000097,Gower,58
727372,W07000098,Llanelli,66
727372,W07000099,Merthyr Tydfil and Aberdare,32
727372,W07000100,Mid and South Pembrokeshire,56
727372,W07000101,Monmouthshire,53
727372,W07000102,Montgomeryshire and Glyndŵr,56
727372,W07000103,Neath and Swansea East,59
727372,W07000104,Newport East,270
727372,W07000105,Newport West and Islwyn,78
727372,W07000106,Pontypridd,115
727372,W07000107,Rhondda and Ogmore,49
727372,W07000108,Swansea West,312
727372,W07000109,Torfaen,55
727372,W07000110,Vale of Glamorgan,58
727372,W07000111,Wrexham,123
727372,W07000112,Ynys Môn,9
727514,E14001063,Aldershot,175
727514,E14001064,Aldridge-Brownhills,156
727514,E14001065,Altrincham and Sale West,356
727514,E14001066,Amber Valley,160
727514,E14001067,Arundel and South Downs,79
727514,E14001068,Ashfield,126
727514,E14001069,Ashford,215
727514,E14001070,Ashton-under-Lyne,255
727514,E14001071,Aylesbury,232
727514,E14001072,Banbury,151
727514,E14001073,Barking,376
727514,E14001074,Barnsley North,127
727514,E14001075,Barnsley South,133
727514,E14001076,Barrow and Furness,111
727514,E14001077,Basildon and Billericay,227
727514,E14001078,Basingstoke,208
727514,E14001079,Bassetlaw,232
727514,E14001080,Bath,116
727514,E14001081,Battersea,162
727514,E14001082,Beaconsfield,306
727514,E14001083,Beckenham and Penge,241
727514,E14001084,Bedford,209
727514,E14001085,Bermondsey and Old Southwark,215
727514,E14001086,Bethnal Green and Stepney,277
727514,E14001087,Beverley and Holderness,89
727514,E14001088,Bexhill and Battle,94
727514,E14001089,Bexleyheath and Crayford,185
727514,E14001090,Bicester and Woodstock,136
727514,E14001091,Birkenhead,325
727514,E14001092,Birmingham Edgbaston,193
727514,E14001093,Birmingham Erdington,239
727514,E14001094,Birmingham Hall Green and Moseley,340
727514,E14001095,Birmingham Hodge Hill and Solihull North,310
727514,E14001096,Birmingham Ladywood,316
727514,E14001097,Birmingham Northfield,207
727514,E14001098,Birmingham Perry Barr,286
727514,E14001099,Birmingham Selly Oak,201
727514,E14001100,Birmingham Yardley,384
727514,E14001101,Bishop Auckland,90
727514,E14001102,Blackburn,308
727514,E14001103,Blackley and Middleton South,271
727514,E14001104,Blackpool North and Fleetwood,195
727514,E14001105,Blackpool South,277
727514,E14001106,Blaydon and Consett,182
727514,E14001107,Blyth and Ashington,160
727514,E14001108,Bognor Regis and Littlehampton,125
727514,E14001109,Bolsover,148
727514,E14001110,Bolton North East,238
727514,E14001111,Bolton South and Walkden,330
727514,E14001112,Bolton West,200
727514,E14001113,Bootle,164
727514,E14001114,Boston and Skegness,252
727514,E14001115,Bournemouth East,308
727514,E14001116,Bournemouth West,204
727514,E14001117,Bracknell,189
727514,E14001118,Bradford East,404
727514,E14001119,Bradford South,266
727514,E14001120,Bradford West,389
727514,E14001121,Braintree,145
727514,E14001122,Brent East,420
727514,E14001123,Brent West,521
727514,E14001124,Brentford and Isleworth,387
727514,E14001125,Brentwood and Ongar,189
727514,E14001126,Bridgwater,141
727514,E14001127,Bridlington and The Wolds,140
727514,E14001128,Brigg and Immingham,88
727514,E14001129,Brighton Kemptown and Peacehaven,107
727514,E14001130,Brighton Pavilion,119
727514,E14001131,Bristol Central,64
727514,E14001132,Bristol East,111
727514,E14001133,Bristol North East,138
727514,E14001134,Bristol North West,178
727514,E14001135,Bristol South,127
727514,E14001136,Broadland and Fakenham,176
727514,E14001137,Bromley and Biggin Hill,240
727514,E14001138,Bromsgrove,143
727514,E14001139,Broxbourne,205
727514,E14001140,Broxtowe,147
727514,E14001141,Buckingham and Bletchley,300
727514,E14001142,Burnley,200
727514,E14001143,Burton and Uttoxeter,237
727514,E14001144,Bury North,198
727514,E14001145,Bury South,140
727514,E14001146,Bury St Edmunds and Stowmarket,146
727514,E14001147,Calder Valley,195
727514,E14001148,Camborne and Redruth,210
727514,E14001149,Cambridge,128
727514,E14001150,Cannock Chase,143
727514,E14001151,Canterbury,158
727514,E14001152,Carlisle,202
727514,E14001153,Carshalton and Wallington,327
727514,E14001154,Castle Point,172
727514,E14001155,Central Devon,117
727514,E14001156,Central Suffolk and North Ipswich,107
727514,E14001157,Chatham and Aylesford,175
727514,E14001158,Cheadle,252
727514,E14001159,Chelmsford,188
727514,E14001160,Chelsea and Fulham,162
727514,E14001161,Cheltenham,157
727514,E14001162,Chesham and Amersham,402
727514,E14001163,Chester North and Neston,188
727514,E14001164,Chester South and Eddisbury,160
727514,E14001165,Chesterfield,214
727514,E14001166,Chichester,114
727514,E14001167,Chingford and Woodford Green,246
727514,E14001168,Chippenham,176
727514,E14001169,Chipping Barnet,247
727514,E14001170,Chorley,196
727514,E14001171,Christchurch,122
727514,E14001172,Cities of London and Westminster,302
727514,E14001173,City of Durham,99
727514,E14001174,Clacton,97
727514,E14001175,Clapham and Brixton Hill,169
727514,E14001176,Colchester,190
727514,E14001177,Colne Valley,208
727514,E14001178,Congleton,134
727514,E14001179,Corby and East Northamptonshire,346
727514,E14001180,Coventry East,213
727514,E14001181,Coventry North West,150
727514,E14001182,Coventry South,218
727514,E14001183,Cramlington and Killingworth,153
727514,E14001184,Crawley,248
727514,E14001185,Crewe and Nantwich,153
727514,E14001186,Croydon East,331
727514,E14001187,Croydon South,249
727514,E14001188,Croydon West,306
727514,E14001189,Dagenham and Rainham,243
727514,E14001190,Darlington,95
727514,E14001191,Dartford,242
727514,E14001192,Daventry,171
727514,E14001193,Derby North,241
727514,E14001194,Derby South,258
727514,E14001195,Derbyshire Dales,109
727514,E14001196,Dewsbury and Batley,209
727514,E14001197,Didcot and Wantage,214
727514,E14001198,Doncaster Central,229
727514,E14001199,Doncaster East and the Isle of Axholme,141
727514,E14001200,Doncaster North,199
727514,E14001201,Dorking and Horley,111
727514,E14001202,Dover and Deal,154
727514,E14001203,Droitwich and Evesham,135
727514,E14001204,Dudley,162
727514,E14001205,Dulwich and West Norwood,222
727514,E14001206,Dunstable and Leighton Buzzard,224
727514,E14001207,Ealing Central and Acton,250
727514,E14001208,Ealing North,409
727514,E14001209,Ealing Southall,279
727514,E14001210,Earley and Woodley,366
727514,E14001211,Easington,97
727514,E14001212,East Grinstead and Uckfield,215
727514,E14001213,East Ham,345
727514,E14001214,East Hampshire,93
727514,E14001215,East Surrey,162
727514,E14001216,East Thanet,208
727514,E14001217,East Wiltshire,149
727514,E14001218,East Worthing and Shoreham,124
727514,E14001219,Eastbourne,141
727514,E14001220,Eastleigh,168
727514,E14001221,Edmonton and Winchmore Hill,284
727514,E14001222,Ellesmere Port and Bromborough,269
727514,E14001223,Eltham and Chislehurst,220
727514,E14001224,Ely and East Cambridgeshire,149
727514,E14001225,Enfield North,314
727514,E14001226,Epping Forest,185
727514,E14001227,Epsom and Ewell,260
727514,E14001228,Erewash,149
727514,E14001229,Erith and Thamesmead,245
727514,E14001230,Esher and Walton,158
727514,E14001231,Exeter,168
727514,E14001232,Exmouth and Exeter East,250
727514,E14001233,Fareham and Waterlooville,137
727514,E14001234,Farnham and Bordon,129
727514,E14001235,Faversham and Mid Kent,166
727514,E14001236,Feltham and Heston,351
727514,E14001237,Filton and Bradley Stoke,154
727514,E14001238,Finchley and Golders Green,292
727514,E14001239,Folkestone and Hythe,203
727514,E14001240,Forest of Dean,71
727514,E14001241,Frome and East Somerset,107
727514,E14001242,Fylde,209
727514,E14001243,Gainsborough,136
727514,E14001244,Gateshead Central and Whickham,225
727514,E14001245,Gedling,218
727514,E14001246,Gillingham and Rainham,145
727514,E14001247,Glastonbury and Somerton,101
727514,E14001248,Gloucester,289
727514,E14001249,Godalming and Ash,177
727514,E14001250,Goole and Pocklington,168
727514,E14001251,Gorton and Denton,425
727514,E14001252,Gosport,136
727514,E14001253,Grantham and Bourne,208
727514,E14001254,Gravesham,177
727514,E14001255,Great Grimsby and Cleethorpes,151
727514,E14001256,Great Yarmouth,115
727514,E14001257,Greenwich and Woolwich,222
727514,E14001258,Guildford,140
727514,E14001259,Hackney North and Stoke Newington,207
727514,E14001260,Hackney South and Shoreditch,243
727514,E14001261,Halesowen,196
727514,E14001262,Halifax,219
727514,E14001263,Hamble Valley,137
727514,E14001264,Hammersmith and Chiswick,223
727514,E14001265,Hampstead and Highgate,167
727514,E14001266,"Harborough, Oadby and Wigston",168
727514,E14001267,Harlow,183
727514,E14001268,Harpenden and Berkhamsted,207
727514,E14001269,Harrogate and Knaresborough,129
727514,E14001270,Harrow East,451
727514,E14001271,Harrow West,457
727514,E14001272,Hartlepool,119
727514,E14001273,Harwich and North Essex,119
727514,E14001274,Hastings and Rye,128
727514,E14001275,Havant,95
727514,E14001276,Hayes and Harlington,330
727514,E14001277,Hazel Grove,189
727514,E14001278,Hemel Hempstead,199
727514,E14001279,Hendon,324
727514,E14001280,Henley and Thame,124
727514,E14001281,Hereford and South Herefordshire,135
727514,E14001282,Herne Bay and Sandwich,141
727514,E14001283,Hertford and Stortford,233
727514,E14001284,Hertsmere,240
727514,E14001285,Hexham,88
727514,E14001286,Heywood and Middleton North,237
727514,E14001287,High Peak,124
727514,E14001288,Hinckley and Bosworth,92
727514,E14001289,Hitchin,167
727514,E14001290,Holborn and St Pancras,171
727514,E14001291,Honiton and Sidmouth,145
727514,E14001292,Hornchurch and Upminster,188
727514,E14001293,Hornsey and Friern Barnet,188
727514,E14001294,Horsham,124
727514,E14001295,Houghton and Sunderland South,142
727514,E14001296,Hove and Portslade,109
727514,E14001297,Huddersfield,446
727514,E14001298,Huntingdon,168
727514,E14001299,Hyndburn,205
727514,E14001300,Ilford North,228
727514,E14001301,Ilford South,309
727514,E14001302,Ipswich,109
727514,E14001303,Isle of Wight East,179
727514,E14001304,Isle of Wight West,140
727514,E14001305,Islington North,178
727514,E14001306,Islington South and Finsbury,201
727514,E14001307,Jarrow and Gateshead East,292
727514,E14001308,Keighley and Ilkley,184
727514,E14001309,Kenilworth and Southam,124
727514,E14001310,Kensington and Bayswater,158
727514,E14001311,Kettering,226
727514,E14001312,Kingston and Surbiton,248
727514,E14001313,Kingston upon Hull East,122
727514,E14001314,Kingston upon Hull North and Cottingham,199
727514,E14001315,Kingston upon Hull West and Haltemprice,118
727514,E14001316,Kingswinford and South Staffordshire,112
727514,E14001317,Knowsley,171
727514,E14001318,Lancaster and Wyre,167
727514,E14001319,Leeds Central and Headingley,148
727514,E14001320,Leeds East,251
727514,E14001321,Leeds North East,231
727514,E14001322,Leeds North West,180
727514,E14001323,Leeds South,350
727514,E14001324,Leeds South West and Morley,209
727514,E14001325,Leeds West and Pudsey,284
727514,E14001326,Leicester East,400
727514,E14001327,Leicester South,243
727514,E14001328,Leicester West,287
727514,E14001329,Leigh and Atherton,200
727514,E14001330,Lewes,130
727514,E14001331,Lewisham East,311
727514,E14001332,Lewisham North,252
727514,E14001333,Lewisham West and East Dulwich,225
727514,E14001334,Leyton and Wanstead,206
727514,E14001335,Lichfield,121
727514,E14001336,Lincoln,130
727514,E14001337,Liverpool Garston,253
727514,E14001338,Liverpool Riverside,237
727514,E14001339,Liverpool Walton,203
727514,E14001340,Liverpool Wavertree,215
727514,E14001341,Liverpool West Derby,220
727514,E14001342,Loughborough,95
727514,E14001343,Louth and Horncastle,132
727514,E14001344,Lowestoft,105
727514,E14001345,Luton North,289
727514,E14001346,Luton South and South Bedfordshire,348
727514,E14001347,Macclesfield,164
727514,E14001348,Maidenhead,249
727514,E14001349,Maidstone and Malling,177
727514,E14001350,Makerfield,192
727514,E14001351,Maldon,144
727514,E14001352,Manchester Central,270
727514,E14001353,Manchester Rusholme,264
727514,E14001354,Manchester Withington,167
727514,E14001355,Mansfield,200
727514,E14001356,Melksham and Devizes,115
727514,E14001357,Melton and Syston,166
727514,E14001358,Meriden and Solihull East,171
727514,E14001359,Mid Bedfordshire,133
727514,E14001360,Mid Buckinghamshire,261
727514,E14001361,Mid Cheshire,158
727514,E14001362,Mid Derbyshire,142
727514,E14001363,Mid Dorset and North Poole,122
727514,E14001364,Mid Leicestershire,172
727514,E14001365,Mid Norfolk,128
727514,E14001366,Mid Sussex,212
727514,E14001367,Middlesbrough and Thornaby East,223
727514,E14001368,Middlesbrough South and East Cleveland,105
727514,E14001369,Milton Keynes Central,395
727514,E14001370,Milton Keynes North,349
727514,E14001371,Mitcham and Morden,325
727514,E14001372,Morecambe and Lunesdale,211
727514,E14001373,New Forest East,134
727514,E14001374,New Forest West,122
727514,E14001375,Newark,212
727514,E14001376,Newbury,221
727514,E14001377,Newcastle upon Tyne Central and West,181
727514,E14001378,Newcastle upon Tyne East and Wallsend,159
727514,E14001379,Newcastle upon Tyne North,160
727514,E14001380,Newcastle-under-Lyme,145
727514,E14001381,Newton Abbot,140
727514,E14001382,Newton Aycliffe and Spennymoor,106
727514,E14001383,Normanton and Hemsworth,122
727514,E14001384,North Bedfordshire,153
727514,E14001385,North Cornwall,219
727514,E14001386,North Cotswolds,201
727514,E14001387,North Devon,116
727514,E14001388,North Dorset,122
727514,E14001389,North Durham,125
727514,E14001390,North East Cambridgeshire,101
727514,E14001391,North East Derbyshire,169
727514,E14001392,North East Hampshire,153
727514,E14001393,North East Hertfordshire,150
727514,E14001394,North East Somerset and Hanham,109
727514,E14001395,North Herefordshire,161
727514,E14001396,North Norfolk,89
727514,E14001397,North Northumberland,112
727514,E14001398,North Shropshire,110
727514,E14001399,North Somerset,117
727514,E14001400,North Warwickshire and Bedworth,94
727514,E14001401,North West Cambridgeshire,306
727514,E14001402,North West Essex,145
727514,E14001403,North West Hampshire,300
727514,E14001404,North West Leicestershire,118
727514,E14001405,North West Norfolk,143
727514,E14001406,Northampton North,274
727514,E14001407,Northampton South,248
727514,E14001408,Norwich North,168
727514,E14001409,Norwich South,95
727514,E14001410,Nottingham East,249
727514,E14001411,Nottingham North and Kimberley,256
727514,E14001412,Nottingham South,171
727514,E14001413,Nuneaton,162
727514,E14001414,Old Bexley and Sidcup,172
727514,E14001415,Oldham East and Saddleworth,164
727514,E14001416,"Oldham West, Chadderton and Royton",214
727514,E14001417,Orpington,219
727514,E14001418,Ossett and Denby Dale,139
727514,E14001419,Oxford East,107
727514,E14001420,Oxford West and Abingdon,112
727514,E14001421,Peckham,266
727514,E14001422,Pendle and Clitheroe,253
727514,E14001423,Penistone and Stocksbridge,139
727514,E14001424,Penrith and Solway,159
727514,E14001425,Peterborough,281
727514,E14001426,Plymouth Moor View,197
727514,E14001427,Plymouth Sutton and Devonport,154
727514,E14001428,"Pontefract, Castleford and Knottingley",175
727514,E14001429,Poole,165
727514,E14001430,Poplar and Limehouse,185
727514,E14001431,Portsmouth North,109
727514,E14001432,Portsmouth South,123
727514,E14001433,Preston,287
727514,E14001434,Putney,215
727514,E14001435,Queen's Park and Maida Vale,246
727514,E14001436,Rawmarsh and Conisbrough,164
727514,E14001437,Rayleigh and Wickford,145
727514,E14001438,Reading Central,251
727514,E14001439,Reading West and Mid Berkshire,182
727514,E14001440,Redcar,90
727514,E14001441,Redditch,124
727514,E14001442,Reigate,150
727514,E14001443,Ribble Valley,197
727514,E14001444,Richmond and Northallerton,72
727514,E14001445,Richmond Park,262
727514,E14001446,Rochdale,172
727514,E14001447,Rochester and Strood,223
727514,E14001448,Romford,175
727514,E14001449,Romsey and Southampton North,162
727514,E14001450,Rossendale and Darwen,213
727514,E14001451,Rother Valley,163
727514,E14001452,Rotherham,177
727514,E14001453,Rugby,247
727514,E14001454,"Ruislip, Northwood and Pinner",335
727514,E14001455,Runcorn and Helsby,166
727514,E14001456,Runnymede and Weybridge,189
727514,E14001457,Rushcliffe,199
727514,E14001458,Rutland and Stamford,133
727514,E14001459,Salford,149
727514,E14001460,Salisbury,143
727514,E14001461,Scarborough and Whitby,137
727514,E14001462,Scunthorpe,158
727514,E14001463,Sefton Central,133
727514,E14001464,Selby,125
727514,E14001465,Sevenoaks,154
727514,E14001466,Sheffield Brightside and Hillsborough,211
727514,E14001467,Sheffield Central,94
727514,E14001468,Sheffield Hallam,165
727514,E14001469,Sheffield Heeley,177
727514,E14001470,Sheffield South East,164
727514,E14001471,Sherwood Forest,147
727514,E14001472,Shipley,193
727514,E14001473,Shrewsbury,120
727514,E14001474,Sittingbourne and Sheppey,135
727514,E14001475,Skipton and Ripon,122
727514,E14001476,Sleaford and North Hykeham,143
727514,E14001477,Slough,423
727514,E14001478,Smethwick,372
727514,E14001479,Solihull West and Shirley,237
727514,E14001480,South Basildon and East Thurrock,150
727514,E14001481,South Cambridgeshire,129
727514,E14001482,South Cotswolds,134
727514,E14001483,South Derbyshire,142
727514,E14001484,South Devon,151
727514,E14001485,South Dorset,109
727514,E14001486,South East Cornwall,265
727514,E14001487,South Holland and The Deepings,276
727514,E14001488,South Leicestershire,146
727514,E14001489,South Norfolk,96
727514,E14001490,South Northamptonshire,169
727514,E14001491,South Ribble,204
727514,E14001492,South Shields,258
727514,E14001493,South Shropshire,145
727514,E14001494,South Suffolk,87
727514,E14001495,South West Devon,259
727514,E14001496,South West Hertfordshire,359
727514,E14001497,South West Norfolk,153
727514,E14001498,South West Wiltshire,89
727514,E14001499,Southampton Itchen,139
727514,E14001500,Southampton Test,127
727514,E14001501,Southend East and Rochford,229
727514,E14001502,Southend West and Leigh,258
727514,E14001503,Southgate and Wood Green,248
727514,E14001504,Southport,211
727514,E14001505,Spelthorne,235
727514,E14001506,Spen Valley,213
727514,E14001507,St Albans,327
727514,E14001508,St Austell and Newquay,212
727514,E14001509,St Helens North,155
727514,E14001510,St Helens South and Whiston,166
727514,E14001511,St Ives,222
727514,E14001512,St Neots and Mid Cambridgeshire,147
727514,E14001513,Stafford,161
727514,E14001514,Staffordshire Moorlands,127
727514,E14001515,Stalybridge and Hyde,245
727514,E14001516,Stevenage,156
727514,E14001517,Stockport,239
727514,E14001518,Stockton North,115
727514,E14001519,Stockton West,127
727514,E14001520,Stoke-on-Trent Central,186
727514,E14001521,Stoke-on-Trent North,160
727514,E14001522,Stoke-on-Trent South,199
727514,E14001523,"Stone, Great Wyrley and Penkridge",107
727514,E14001524,Stourbridge,164
727514,E14001525,Stratford and Bow,246
727514,E14001526,Stratford-on-Avon,128
727514,E14001527,Streatham and Croydon North,283
727514,E14001528,Stretford and Urmston,266
727514,E14001529,Stroud,142
727514,E14001530,Suffolk Coastal,52
727514,E14001531,Sunderland Central,149
727514,E14001532,Surrey Heath,138
727514,E14001533,Sussex Weald,155
727514,E14001534,Sutton and Cheam,288
727514,E14001535,Sutton Coldfield,198
727514,E14001536,Swindon North,174
727514,E14001537,Swindon South,173
727514,E14001538,Tamworth,117
727514,E14001539,Tatton,205
727514,E14001540,Taunton and Wellington,129
727514,E14001541,Telford,189
727514,E14001542,Tewkesbury,148
727514,E14001543,The Wrekin,181
727514,E14001544,Thirsk and Malton,122
727514,E14001545,Thornbury and Yate,156
727514,E14001546,Thurrock,220
727514,E14001547,Tipton and Wednesbury,303
727514,E14001548,Tiverton and Minehead,91
727514,E14001549,Tonbridge,169
727514,E14001550,Tooting,187
727514,E14001551,Torbay,247
727514,E14001552,Torridge and Tavistock,135
727514,E14001553,Tottenham,235
727514,E14001554,Truro and Falmouth,202
727514,E14001555,Tunbridge Wells,206
727514,E14001556,Twickenham,265
727514,E14001557,Tynemouth,107
727514,E14001558,Uxbridge and South Ruislip,339
727514,E14001559,Vauxhall and Camberwell Green,200
727514,E14001560,Wakefield and Rothwell,259
727514,E14001561,Wallasey,248
727514,E14001562,Walsall and Bloxwich,281
727514,E14001563,Walthamstow,255
727514,E14001564,Warrington North,176
727514,E14001565,Warrington South,187
727514,E14001566,Warwick and Leamington,128
727514,E14001567,Washington and Gateshead South,201
727514,E14001568,Watford,385
727514,E14001569,Waveney Valley,97
727514,E14001570,Weald of Kent,186
727514,E14001571,Wellingborough and Rushden,182
727514,E14001572,Wells and Mendip Hills,116
727514,E14001573,Welwyn Hatfield,249
727514,E14001574,West Bromwich,260
727514,E14001575,West Dorset,107
727514,E14001576,West Ham and Beckton,340
727514,E14001577,West Lancashire,207
727514,E14001578,West Suffolk,140
727514,E14001579,West Worcestershire,147
727514,E14001580,Westmorland and Lonsdale,113
727514,E14001581,Weston-super-Mare,137
727514,E14001582,Wetherby and Easingwold,91
727514,E14001583,Whitehaven and Workington,149
727514,E14001584,Widnes and Halewood,218
727514,E14001585,Wigan,229
727514,E14001586,Wimbledon,211
727514,E14001587,Winchester,94
727514,E14001588,Windsor,200
727514,E14001589,Wirral West,224
727514,E14001590,Witham,119
727514,E14001591,Witney,122
727514,E14001592,Woking,149
727514,E14001593,Wokingham,288
727514,E14001594,Wolverhampton North East,163
727514,E14001595,Wolverhampton South East,303
727514,E14001596,Wolverhampton West,229
727514,E14001597,Worcester,227
727514,E14001598,Worsley and Eccles,203
727514,E14001599,Worthing West,109
727514,E14001600,Wycombe,380
727514,E14001601,Wyre Forest,151
727514,E14001602,Wythenshawe and Sale East,355
727514,E14001603,Yeovil,142
727514,E14001604,York Central,101
727514,E14001605,York Outer,94
727514,N05000001,Belfast East,180
727514,N05000002,Belfast North,130
727514,N05000003,Belfast South and Mid Down,162
727514,N05000004,Belfast West,132
727514,N05000005,East Antrim,124
727514,N05000006,East Londonderry,77
727514,N05000007,Fermanagh and South Tyrone,168
727514,N05000008,Foyle,75
727514,N05000009,Lagan Valley,193
727514,N05000010,Mid Ulster,73
727514,N05000011,Newry and Armagh,115
727514,N05000012,North Antrim,103
727514,N05000013,North Down,151
727514,N05000014,South Antrim,132
727514,N05000015,South Down,122
727514,N05000016,Strangford,115
727514,N05000017,Upper Bann,119
727514,N05000018,West Tyrone,99
727514,S14000021,East Renfrewshire,540
727514,S14000027,Na h-Eileanan an Iar,25
727514,S14000045,Midlothian,151
727514,S14000048,North Ayrshire and Arran,252
727514,S14000051,Orkney and Shetland,41
727514,S14000060,Aberdeen North,96
727514,S14000061,Aberdeen South,89
727514,S14000062,Aberdeenshire North and Moray East,67
727514,S14000063,Airdrie and Shotts,116
727514,S14000064,Alloa and Grangemouth,108
727514,S14000065,Angus and Perthshire Glens,81
727514,S14000066,Arbroath and Broughty Ferry,99
727514,S14000067,"Argyll, Bute and South Lochaber",117
727514,S14000068,Bathgate and Linlithgow,115
727514,S14000069,"Caithness, Sutherland and Easter Ross",107
727514,S14000070,Coatbridge and Bellshill,108
727514,S14000071,Cowdenbeath and Kirkcaldy,178
727514,S14000072,Cumbernauld and Kirkintilloch,134
727514,S14000073,Dumfries and Galloway,83
727514,S14000074,"Dumfriesshire, Clydesdale and Tweeddale",176
727514,S14000075,Dundee Central,186
727514,S14000076,Dunfermline and Dollar,93
727514,S14000077,East Kilbride and Strathaven,207
727514,S14000078,Edinburgh East and Musselburgh,176
727514,S14000079,Edinburgh North and Leith,133
727514,S14000080,Edinburgh South,100
727514,S14000081,Edinburgh South West,95
727514,S14000082,Edinburgh West,179
727514,S14000083,Falkirk,77
727514,S14000084,Glasgow East,167
727514,S14000085,Glasgow North,88
727514,S14000086,Glasgow North East,165
727514,S14000087,Glasgow South,163
727514,S14000088,Glasgow South West,199
727514,S14000089,Glasgow West,168
727514,S14000090,Glenrothes and Mid Fife,194
727514,S14000091,Gordon and Buchan,81
727514,S14000092,Hamilton and Clyde Valley,152
727514,S14000093,Inverclyde and Renfrewshire West,209
727514,S14000094,"Inverness, Skye and West Ross-shire",210
727514,S14000095,Livingston,136
727514,S14000096,Lothian East,174
727514,S14000097,Mid Dunbartonshire,132
727514,S14000098,"Moray West, Nairn and Strathspey",124
727514,S14000099,"Motherwell, Wishaw and Carluke",124
727514,S14000100,North East Fife,130
727514,S14000101,Paisley and Renfrewshire North,349
727514,S14000102,Paisley and Renfrewshire South,295
727514,S14000103,Perth and Kinross-shire,144
727514,S14000104,Rutherglen,188
727514,S14000105,Stirling and Strathallan,144
727514,S14000106,West Dunbartonshire,132
727514,S14000107,"Ayr, Carrick and Cumnock",90
727514,S14000108,"Berwickshire, Roxburgh and Selkirk",163
727514,S14000109,Central Ayrshire,108
727514,S14000110,Kilmarnock and Loudoun,144
727514,S14000111,West Aberdeenshire and Kincardine,121
727514,W07000081,Aberafan Maesteg,99
727514,W07000082,Alyn and Deeside,254
727514,W07000083,Bangor Aberconwy,111
727514,W07000084,Blaenau Gwent and Rhymney,277
727514,W07000085,"Brecon, Radnor and Cwm Tawe",132
727514,W07000086,Bridgend,66
727514,W07000087,Caerfyrddin,182
727514,W07000088,Caerphilly,327
727514,W07000089,Cardiff East,214
727514,W07000090,Cardiff North,205
727514,W07000091,Cardiff South and Penarth,181
727514,W07000092,Cardiff West,173
727514,W07000093,Ceredigion Preseli,148
727514,W07000094,Clwyd East,147
727514,W07000095,Clwyd North,139
727514,W07000096,Dwyfor Meirionnydd,110
727514,W07000097,Gower,120
727514,W07000098,Llanelli,169
727514,W07000099,Merthyr Tydfil and Aberdare,248
727514,W07000100,Mid and South Pembrokeshire,125
727514,W07000101,Monmouthshire,95
727514,W07000102,Montgomeryshire and Glyndŵr,181
727514,W07000103,Neath and Swansea East,115
727514,W07000104,Newport East,171
727514,W07000105,Newport West and Islwyn,271
727514,W07000106,Pontypridd,252
727514,W07000107,Rhondda and Ogmore,89
727514,W07000108,Swansea West,141
727514,W07000109,Torfaen,261
727514,W07000110,Vale of Glamorgan,142
727514,W07000111,Wrexham,121
727514,W07000112,Ynys Môn,78
