Petition,URL,State,Signatures Count,petition_id,opened_date,debate_threshold_reached,scheduled_debate_date,closed_date
Fund reconstruction surgery and psychosexual therapy for FGM survivors,https://petition.parliament.uk/petitions/700001,closed,939,700001,2024-10-31,,,2025-04-30
Apply for the UK to join the European Union as a full member as soon as possible,https://petition.parliament.uk/petitions/700005,closed,136650,700005,2024-10-31,2025-02-11,2025-03-24,2025-04-30
Require dating apps to ensure ID and DBS checks on users & ban violent offenders,https://petition.parliament.uk/petitions/700007,closed,1216,700007,2024-11-05,,,2025-05-05
"Fund Covid booster vaccines for all, with priority for Long Covid sufferers",https://petition.parliament.uk/petitions/700009,closed,716,700009,2024-12-05,,,2025-06-05
"Only allow alcohol to be sold in pubs and in wine stores between certain times
",https://petition.parliament.uk/petitions/700010,closed,90,700010,2024-11-06,,,2025-05-06
Donate migrant boats to Ukraine,https://petition.parliament.uk/petitions/700011,closed,436,700011,2024-11-05,,,2025-05-05
Limit the sale and use of Fireworks to licence holders only,https://petition.parliament.uk/petitions/700013,closed,87527,700013,2024-11-05,,2024-12-09,2025-05-05
Decriminalise Abortion,https://petition.parliament.uk/petitions/700014,closed,103653,700014,2024-11-04,2025-03-05,2025-06-02,2025-05-04
Provide funding to the NHS to offer full STI screening at beginning of pregnancy,https://petition.parliament.uk/petitions/700015,closed,1149,700015,2024-11-05,,,2025-05-05
Stop the Early Release of all Domestic Abusers Under the SDS40 Scheme,https://petition.parliament.uk/petitions/700016,closed,2078,700016,2024-11-21,,,2025-05-21
Support families by bringing nannies into the 15/30 hours free childcare scheme,https://petition.parliament.uk/petitions/700017,closed,2257,700017,2024-10-31,,,2025-04-30
Don't put an extra duty on vape products,https://petition.parliament.uk/petitions/700018,closed,1048,700018,2024-11-06,,,2025-05-06
Adapt EYFS and KS1 Literacy Curriculums to be inclusive for Non-Verbal children,https://petition.parliament.uk/petitions/700021,closed,2026,700021,2024-11-05,,,2025-05-05
Ban fossil fuel advertising and sponsorship,https://petition.parliament.uk/petitions/700024,closed,110519,700024,2024-11-12,2025-05-08,2025-07-07,2025-05-12
Maintain the £3 bus fare cap permanently,https://petition.parliament.uk/petitions/700027,closed,628,700027,2024-11-01,,,2025-05-01
Increase Carer's Allowance to equal minimum wage,https://petition.parliament.uk/petitions/700028,closed,11299,700028,2024-11-05,,,2025-05-05
"Embed food, farming, and sustainability education into the national curriculum",https://petition.parliament.uk/petitions/700029,closed,14480,700029,2024-11-01,,,2025-05-01
More funding to diagnose & support individuals with ADHD & provide training ,https://petition.parliament.uk/petitions/700033,closed,1189,700033,2024-11-08,,,2025-05-08
Make breaking a manifesto against the law and trigger a General Election,https://petition.parliament.uk/petitions/700035,closed,53787,700035,2024-11-07,,,2025-05-07
Ban driven grouse shooting,https://petition.parliament.uk/petitions/700036,closed,104341,700036,2024-11-22,2025-04-20,2025-06-30,2025-05-22
Rights Beyond Borders: Improve employment policies for international students,https://petition.parliament.uk/petitions/700037,closed,4181,700037,2024-11-05,,,2025-05-05
Launch strategy to involve female asylum seekers in reframing asylum policy,https://petition.parliament.uk/petitions/700038,closed,52,700038,2024-11-12,,,2025-05-12
Reduce the immigration health surcharge for family visas,https://petition.parliament.uk/petitions/700039,closed,330,700039,2024-11-07,,,2025-05-07
Hold a referendum on re-joining the European Union,https://petition.parliament.uk/petitions/700041,closed,16594,700041,2024-11-06,,,2025-05-06
Allow parents to take their children out of school for up to 10 days fine free.,https://petition.parliament.uk/petitions/700047,closed,181597,700047,2024-11-28,2025-03-11,2025-10-27,2025-05-28
Reduce the maximum decibel limit on fireworks from 120 to 90,https://petition.parliament.uk/petitions/700049,closed,4197,700049,2024-11-04,,,2025-05-04
Negotiate a youth mobility scheme with the EU,https://petition.parliament.uk/petitions/700055,closed,1552,700055,2024-11-07,,,2025-05-07
Compensate people who have been harmed by sodium valproate,https://petition.parliament.uk/petitions/700057,closed,702,700057,2024-11-19,,,2025-05-19
Launch a railcard for those over the age of 30 covering all of the UK.,https://petition.parliament.uk/petitions/700058,closed,863,700058,2024-11-01,,,2025-05-01
Ensure all the press is regulated by a Press Recognition Panel approved body,https://petition.parliament.uk/petitions/700061,closed,1824,700061,2024-11-28,,,2025-05-28
Fund Breast Cancer Screening from Age 40 & Alternative Screening Options,https://petition.parliament.uk/petitions/700062,closed,4802,700062,2024-11-11,,,2025-05-11
Introduce a Long-Term Visit Visa for Parents of British Citizens and ILR Holders,https://petition.parliament.uk/petitions/700067,closed,4611,700067,2024-11-06,,,2025-05-06
Reverse changes to Winter Fuel Payment ,https://petition.parliament.uk/petitions/700074,closed,62034,700074,2024-11-05,,,2025-05-05
Hold a Public Inquiry into the state pension age change for 1950s women,https://petition.parliament.uk/petitions/700076,closed,7724,700076,2024-11-08,,,2025-05-08
Legalise use of privately owned e-scooters and e-bikes on public roads,https://petition.parliament.uk/petitions/700078,closed,443,700078,2024-11-14,,,2025-05-14
Exempt all social care providers from the employer NIC increase,https://petition.parliament.uk/petitions/700080,closed,40577,700080,2024-11-05,,,2025-05-05
Create an NHS staff recruitment agency,https://petition.parliament.uk/petitions/700082,closed,107,700082,2024-11-13,,,2025-05-13
Toughen up the law to ensure stricter punishment for child sexual abuse material,https://petition.parliament.uk/petitions/700084,closed,477,700084,2024-12-27,,,2025-06-27
Set rules about when a service/venue can describe itself as accessible,https://petition.parliament.uk/petitions/700085,closed,444,700085,2024-11-08,,,2025-05-08
Introduce 16 as the minimum age for children to have social media,https://petition.parliament.uk/petitions/700086,closed,132102,700086,2024-11-07,2024-11-19,2025-02-24,2025-05-07
Stop deducting carer's allowance from income based welfare,https://petition.parliament.uk/petitions/700091,closed,607,700091,2024-11-08,,,2025-05-08
Referendum on changing the Electoral System To Proportional Representation (PR),https://petition.parliament.uk/petitions/700109,closed,42329,700109,2024-11-06,,,2025-05-06
Give State Pension to all at 60 and increase it to equal 48hrs at Living Wage,https://petition.parliament.uk/petitions/700113,closed,27456,700113,2024-11-26,,,2025-05-26
Legalise adult adoption,https://petition.parliament.uk/petitions/700114,closed,579,700114,2024-11-08,,,2025-05-08
"Bring all social care into the public sector, under the NHS & stop means testing",https://petition.parliament.uk/petitions/700116,closed,411,700116,2024-11-25,,,2025-05-25
Fund free TV licences for all pensioners,https://petition.parliament.uk/petitions/700117,closed,54270,700117,2024-11-26,,,2025-05-26
Recognise Palestine as a State and seek immediate ceasefire in Gaza ,https://petition.parliament.uk/petitions/700119,closed,5034,700119,2024-11-15,,,2025-05-15
Stop Means Testing Pensioners and increase the State Pension,https://petition.parliament.uk/petitions/700120,closed,14563,700120,2024-11-11,,,2025-05-11
"Abolish the basic State Pension, increase the new State Pension and pay to all.",https://petition.parliament.uk/petitions/700122,closed,5892,700122,2024-11-25,,,2025-05-25
"Require a, ""no confidence,"" vote on the ballot for all elections/referendums.",https://petition.parliament.uk/petitions/700131,closed,2105,700131,2024-11-12,,,2025-05-12
Make Black history part of the curriculum in all schools,https://petition.parliament.uk/petitions/700134,closed,215,700134,2024-11-08,,,2025-05-08
Don't change inheritance tax relief for working farms,https://petition.parliament.uk/petitions/700138,closed,154007,700138,2024-11-13,2024-11-25,2025-02-10,2025-05-13
Call a General Election,https://petition.parliament.uk/petitions/700143,closed,3084715,700143,2024-11-20,2024-11-23,2025-01-06,2025-05-20
"Set the age requirement to buy tobacco to 21, do not gradually increase it.
",https://petition.parliament.uk/petitions/700150,closed,93,700150,2024-11-18,,,2025-05-18
Create a scheme for long-term residents who overstayed their visa to gain ILR,https://petition.parliament.uk/petitions/700159,closed,30,700159,2024-11-28,,,2025-05-28
Fund at home smear test kits for females when requested.,https://petition.parliament.uk/petitions/700160,closed,154,700160,2024-11-25,,,2025-05-25
Require MPs proven to mislead public to resign and create 'fact check' committee,https://petition.parliament.uk/petitions/700161,closed,10205,700161,2024-11-07,,,2025-05-07
Impose Financial Sanctions Against The UAE,https://petition.parliament.uk/petitions/700162,closed,1143,700162,2024-11-13,,,2025-05-13
"Reduce University student tuition fee cap from £9,250 to £3,000",https://petition.parliament.uk/petitions/700167,closed,278,700167,2024-11-20,,,2025-05-20
Remove the 28 day time limit from the unduly lenient sentence scheme for murder,https://petition.parliament.uk/petitions/700168,closed,14062,700168,2024-11-06,,,2025-05-06
Investigate the claims of £22 Billion black hole,https://petition.parliament.uk/petitions/700170,closed,1888,700170,2024-11-26,,,2025-05-26
Change the legal driving age to 15,https://petition.parliament.uk/petitions/700172,closed,235,700172,2024-11-06,,,2025-05-06
Fund menopause support being added to the NHS Health Checks for women over 40,https://petition.parliament.uk/petitions/700178,closed,2639,700178,2024-11-07,,,2025-05-07
Commercial Pilot Training to be VAT exempt and introduce new funding options,https://petition.parliament.uk/petitions/700183,closed,445,700183,2024-11-11,,,2025-05-11
Commission a public inquiry into the impact of the UK exiting the European Union,https://petition.parliament.uk/petitions/700184,closed,10653,700184,2024-11-08,,,2025-05-08
Don’t require health & care workers to update visa for additional work,https://petition.parliament.uk/petitions/700185,closed,70,700185,2024-11-13,,,2025-05-13
Create a public consultation on freedom of speech and disinformation,https://petition.parliament.uk/petitions/700186,closed,23426,700186,2024-11-08,,,2025-05-08
"Run a public information campaign on the climate crisis
",https://petition.parliament.uk/petitions/700189,closed,24114,700189,2024-11-08,,,2025-05-08
"Review how to turn the MHRA into a fully transparent, patient first regulator",https://petition.parliament.uk/petitions/700190,closed,3680,700190,2024-12-06,,,2025-06-06
"Reform e-petitions - referendum at 1m, no word limits, immediate publication",https://petition.parliament.uk/petitions/700191,closed,611,700191,2024-11-14,,,2025-05-14
Reduce time & improve conditions for guinea-pigs in quarantine after entering UK,https://petition.parliament.uk/petitions/700197,closed,167,700197,2024-11-15,,,2025-05-15
Ban fireworks,https://petition.parliament.uk/petitions/700199,closed,497,700199,2024-11-21,,,2025-05-21
Review NHS approach to shared care for ADHD medication.,https://petition.parliament.uk/petitions/700214,closed,737,700214,2024-12-09,,,2025-06-09
Make Shared Ownership and Social Housing eligible for the Boiler Upgrade Scheme,https://petition.parliament.uk/petitions/700216,closed,104,700216,2024-11-11,,,2025-05-11
An independent evaluation of the Cass review on child gender services,https://petition.parliament.uk/petitions/700217,closed,17353,700217,2024-12-12,,,2025-06-12
Legalise Euthanasia for people with incurable mental and physical conditions.,https://petition.parliament.uk/petitions/700218,closed,273,700218,2024-11-18,,,2025-05-18
Review how the rights of trans athletes are respected in sports,https://petition.parliament.uk/petitions/700219,closed,2236,700219,2024-12-13,,,2025-06-13
Mandate that schools use trans students' chosen names and pronouns.,https://petition.parliament.uk/petitions/700221,closed,1539,700221,2024-12-09,,,2025-06-09
"Make it illegal to sell, buy and use fireworks other than silent ones",https://petition.parliament.uk/petitions/700223,closed,1024,700223,2024-11-19,,,2025-05-19
Do not reduce the Right to Buy discount,https://petition.parliament.uk/petitions/700226,closed,5218,700226,2024-11-08,,,2025-05-08
"Raise help to buy ISA threshold to up to £350,000 (or up to £550,000 in London)",https://petition.parliament.uk/petitions/700233,closed,135,700233,2024-11-13,,,2025-05-13
Make it illegal to smoke in a home if there are children living in it,https://petition.parliament.uk/petitions/700240,closed,65,700240,2025-01-13,,,2025-07-13
Require all MPs to be solely British Citizens,https://petition.parliament.uk/petitions/700244,closed,520,700244,2024-12-05,,,2025-06-05
Scrap GCSE exams,https://petition.parliament.uk/petitions/700247,closed,231,700247,2024-11-13,,,2025-05-13
Stop road tax on zero-emission vehicles (ZEVs) from 2025,https://petition.parliament.uk/petitions/700253,closed,1644,700253,2024-11-14,,,2025-05-14
Establish a capacity limit for trains.,https://petition.parliament.uk/petitions/700255,closed,150,700255,2024-11-18,,,2025-05-18
Calculate child maintenance based on net rather than gross pay,https://petition.parliament.uk/petitions/700259,closed,627,700259,2024-11-08,,,2025-05-08
Ban animal testing for human products and medicines,https://petition.parliament.uk/petitions/700262,closed,16302,700262,2024-11-19,,,2025-05-19
Stop all foreign aid,https://petition.parliament.uk/petitions/700263,closed,2317,700263,2024-11-29,,,2025-05-29
Require landfills that cause smells and toxins near residential areas to close,https://petition.parliament.uk/petitions/700273,closed,10322,700273,2024-11-13,,,2025-05-13
Require employers to fund private health insurance for their employees,https://petition.parliament.uk/petitions/700281,closed,65,700281,2024-11-13,,,2025-05-13
Provide day 1 financial support to parents caring for a seriously ill child,https://petition.parliament.uk/petitions/700285,closed,19396,700285,2025-01-29,,,2025-07-29
Fund more CAR T Cell Therapy for eligible patients,https://petition.parliament.uk/petitions/700292,closed,11234,700292,2024-11-28,,,2025-05-28
Introduce new air quality and PPE rules for health and social care settings,https://petition.parliament.uk/petitions/700304,closed,7911,700304,2024-11-11,,,2025-05-11
Do not change inheritance tax rules for pensions,https://petition.parliament.uk/petitions/700306,closed,865,700306,2024-12-12,,,2025-06-12
Cap all property management fees and service charges,https://petition.parliament.uk/petitions/700308,closed,1386,700308,2024-11-26,,,2025-05-26
Increase funding and support for animal rescue and rehabilitation organisations.,https://petition.parliament.uk/petitions/700310,closed,571,700310,2024-11-25,,,2025-05-25
Legally recognise Non-Binary as a gender,https://petition.parliament.uk/petitions/700312,closed,8290,700312,2024-11-29,,,2025-05-29
Extend the theory test expiry date from the current 2 years to 3 years,https://petition.parliament.uk/petitions/700314,closed,250,700314,2024-11-22,,,2025-05-22
Automatic fast track benefits for anyone diagnosed with a terminal illness.,https://petition.parliament.uk/petitions/700315,closed,2237,700315,2024-11-29,,,2025-05-29
End the Badger cull and adopt other approaches to bovine TB control,https://petition.parliament.uk/petitions/700317,closed,102458,700317,2024-11-28,2025-05-11,2025-10-13,2025-05-28
Commission a Treasury Review On The Practicalities Of Levying A Wealth Tax.,https://petition.parliament.uk/petitions/700319,closed,651,700319,2024-11-15,,,2025-05-15
Ban all forms of hunting and introduce harsher penalties,https://petition.parliament.uk/petitions/700320,closed,5583,700320,2024-11-13,,,2025-05-13
Review current legislation and regulation of gambling adverts,https://petition.parliament.uk/petitions/700323,closed,368,700323,2024-11-19,,,2025-05-19
"Pay all unpaid carers carer's allowance, to recognise and support them",https://petition.parliament.uk/petitions/700326,closed,77,700326,2024-12-23,,,2025-06-23
Seek to expel the USA from the UN using Article 6 of the UN Charter,https://petition.parliament.uk/petitions/700331,closed,711,700331,2024-11-13,,,2025-05-13
Remove Permitted Development Rights for all additional telecoms infrastructure.,https://petition.parliament.uk/petitions/700333,closed,3270,700333,2025-01-10,,,2025-07-10
Introduce new rules for resurfacing roads so loose stones can't be left,https://petition.parliament.uk/petitions/700339,closed,487,700339,2024-11-21,,,2025-05-21
Fund a veterinary service for pets so people don’t have to pay vet fees,https://petition.parliament.uk/petitions/700344,closed,270,700344,2024-11-14,,,2025-05-14
Abolish whole life orders and reintroduce the death penalty,https://petition.parliament.uk/petitions/700357,closed,9085,700357,2024-11-29,,,2025-05-29
Review the NHS emergency treatment system,https://petition.parliament.uk/petitions/700364,closed,122,700364,2024-11-14,,,2025-05-14
Shorten the hours in which fireworks can be set off.,https://petition.parliament.uk/petitions/700371,closed,130,700371,2024-12-02,,,2025-06-02
Introduce a duty of candour to all MPs,https://petition.parliament.uk/petitions/700384,closed,370,700384,2024-11-13,,,2025-05-13
Reassess the classification of Cannabis and decriminalize it.,https://petition.parliament.uk/petitions/700385,closed,5494,700385,2024-11-14,,,2025-05-14
Allow BN(O)s ETA-free entry,https://petition.parliament.uk/petitions/700387,closed,12186,700387,2024-11-22,,,2025-05-22
"Raise the standard tax-free Personal Allowance to £45,000",https://petition.parliament.uk/petitions/700391,closed,47717,700391,2024-11-26,,,2025-05-26
Create a rising tax rate to create a maximum income level,https://petition.parliament.uk/petitions/700392,closed,88,700392,2024-12-10,,,2025-06-10
Reform the Public Health Act to prevent future lockdowns without MP's scrutiny,https://petition.parliament.uk/petitions/700393,closed,346,700393,2024-11-14,,,2025-05-14
Enforce 11 p.m. fireworks curfew to protect community peace,https://petition.parliament.uk/petitions/700394,closed,139,700394,2024-11-26,,,2025-05-26
Seek to rejoin the European Union Single Market and start discussions now,https://petition.parliament.uk/petitions/700402,closed,1273,700402,2024-12-06,,,2025-06-06
Ban explicit violence and sexualisation in Computer & Video Games,https://petition.parliament.uk/petitions/700403,closed,67,700403,2025-01-15,,,2025-07-15
Require all businesses and public services to accept cash payments ,https://petition.parliament.uk/petitions/700404,closed,17106,700404,2024-11-15,,,2025-05-15
Change rules so parents with 50/50 shared care don’t pay child maintenance,https://petition.parliament.uk/petitions/700409,closed,669,700409,2024-11-19,,,2025-05-19
Stop individuals in non-fault accidents being charged more for car insurance,https://petition.parliament.uk/petitions/700412,closed,847,700412,2024-11-22,,,2025-05-22
Make GCSE exams free for home educated children under 18,https://petition.parliament.uk/petitions/700413,closed,13235,700413,2024-11-15,,,2025-05-15
Remove priority need requirements from homelessness legislation.,https://petition.parliament.uk/petitions/700423,closed,209,700423,2024-11-25,,,2025-05-25
Require police to delete data collected due to false allegations.,https://petition.parliament.uk/petitions/700425,closed,259,700425,2024-11-27,,,2025-05-27
New legislation; ensure informed consent is always given to avoid patient harm.,https://petition.parliament.uk/petitions/700427,closed,2966,700427,2024-11-11,,,2025-05-11
Change the law so those on life sentence for murder are not eligible for release,https://petition.parliament.uk/petitions/700435,closed,8400,700435,2024-11-14,,,2025-05-14
Nationalise the UK water industry,https://petition.parliament.uk/petitions/700436,closed,6369,700436,2024-11-29,,,2025-05-29
"To create buffer zones around schools, stopping intimidation of staff & children",https://petition.parliament.uk/petitions/700442,closed,31,700442,2025-01-07,,,2025-07-07
Introduce presumed liability for civil cases from road traffic collisions,https://petition.parliament.uk/petitions/700451,closed,4916,700451,2024-11-18,,,2025-05-18
Legally Require All Job Listings to Show Salaries Upfront,https://petition.parliament.uk/petitions/700482,closed,10199,700482,2025-01-09,,,2025-07-09
Introduce requirements for firework sellers to inform buyers about laws,https://petition.parliament.uk/petitions/700518,closed,92,700518,2024-11-15,,,2025-05-15
Stop breed-specific legislation and euthanising banned dogs.,https://petition.parliament.uk/petitions/700525,closed,184,700525,2024-11-18,,,2025-05-18
Lower the English language test exemption age for BNO visa holders from 65 to 60,https://petition.parliament.uk/petitions/700528,closed,1762,700528,2024-11-13,,,2025-05-13
Protections for Migrant Workers in the Care Worker Visa Sponsorship System (COS),https://petition.parliament.uk/petitions/700533,closed,240,700533,2024-11-22,,,2025-05-22
"Funding so the NHS can provide all services free, and pet care",https://petition.parliament.uk/petitions/700534,closed,80,700534,2024-11-28,,,2025-05-28
Set dates when fireworks are allowed.,https://petition.parliament.uk/petitions/700537,closed,341,700537,2024-11-18,,,2025-05-18
Ban holiday companies raising prices in school holidays.,https://petition.parliament.uk/petitions/700540,closed,1897,700540,2024-11-26,,,2025-05-26
Exempt hospices from increase in employers’ national insurance,https://petition.parliament.uk/petitions/700550,closed,630,700550,2024-11-15,,,2025-05-15
Ban non-stun slaughter in the UK,https://petition.parliament.uk/petitions/700557,closed,109019,700557,2024-11-21,2025-05-04,2025-06-09,2025-05-21
"Remove the automatic right of bishops to sit in the House of Lords
",https://petition.parliament.uk/petitions/700563,closed,1027,700563,2024-11-29,,,2025-05-29
Provide funding for at least 1 NHS ADHD specialist clinic in each county,https://petition.parliament.uk/petitions/700568,closed,76,700568,2025-02-19,,,2025-08-19
Allow for all students in full-time education to receive free prescriptions.,https://petition.parliament.uk/petitions/700570,closed,291,700570,2024-11-13,,,2025-05-13
Provide extra emergency funding into adult social care,https://petition.parliament.uk/petitions/700576,closed,91,700576,2025-02-03,,,2025-08-03
Hold a referendum to decide if the UK should leave the ECHR.,https://petition.parliament.uk/petitions/700614,closed,21730,700614,2024-12-11,,,2025-06-11
Increase maritime enforcement to intercept and return boats to France.,https://petition.parliament.uk/petitions/700617,closed,913,700617,2024-12-16,,,2025-06-16
Increase funding for border security and patrols in UK waters.,https://petition.parliament.uk/petitions/700619,closed,251,700619,2024-12-16,,,2025-06-16
Implement regular checks on the legal status of all visa holders in the UK.,https://petition.parliament.uk/petitions/700620,closed,168,700620,2024-12-02,,,2025-06-02
Update the dangerous dogs act to specifically protect horses,https://petition.parliament.uk/petitions/700623,closed,20712,700623,2024-11-22,,,2025-05-22
Introduce Commonwealth Immigration Routes,https://petition.parliament.uk/petitions/700626,closed,51,700626,2024-12-16,,,2025-06-16
Conduct a review of routes into work for new graduates.,https://petition.parliament.uk/petitions/700638,closed,335,700638,2024-11-25,,,2025-05-25
Ban all forms of conversion therapy,https://petition.parliament.uk/petitions/700652,closed,1274,700652,2024-11-20,,,2025-05-20
Stop third party sites selling DVSA practical exam bookings for profit,https://petition.parliament.uk/petitions/700656,closed,136,700656,2024-11-26,,,2025-05-26
Inform disabled people of high success rate for PIP appeals at tribunal,https://petition.parliament.uk/petitions/700658,closed,938,700658,2024-11-28,,,2025-05-28
Reclassify Ketamine as a Class A drug,https://petition.parliament.uk/petitions/700671,closed,2199,700671,2024-11-19,,,2025-05-19
Change foreign policy so the UK is neutral and not aligned with the West,https://petition.parliament.uk/petitions/700673,closed,108,700673,2024-11-29,,,2025-05-29
End funding for military interventions overseas and spend taxes in the UK ,https://petition.parliament.uk/petitions/700674,closed,104,700674,2024-12-20,,,2025-06-20
Develop an official written Constitution in the UK,https://petition.parliament.uk/petitions/700677,closed,100,700677,2024-12-05,,,2025-06-05
Urgently fulfil humanitarian obligations to Gaza,https://petition.parliament.uk/petitions/700682,closed,198966,700682,2025-01-28,2025-07-25,2025-11-24,2025-07-28
Introduce a referendum to decide: maintain or abolish the inheritance tax.,https://petition.parliament.uk/petitions/700686,closed,555,700686,2024-11-25,,,2025-05-25
Lower the voting age to 16 for general elections,https://petition.parliament.uk/petitions/700687,closed,565,700687,2024-11-19,,,2025-05-19
Require more qualifications for teachers/teaching assistants at SEN schools,https://petition.parliament.uk/petitions/700700,closed,126,700700,2024-11-21,,,2025-05-21
End the Safety Valve programme and provide funding to cover SEND deficits,https://petition.parliament.uk/petitions/700708,closed,1321,700708,2025-01-23,,,2025-07-23
"Fund the development of allergen free, vegan-friendly medications",https://petition.parliament.uk/petitions/700712,closed,522,700712,2024-11-19,,,2025-05-19
Fund month of celebrations of Britain's uniformed services,https://petition.parliament.uk/petitions/700714,closed,416,700714,2024-11-20,,,2025-05-20
Review the employer NI changes announced in the Budget,https://petition.parliament.uk/petitions/700716,closed,83,700716,2024-12-23,,,2025-06-23
"Review of the Royal Duchies, Crown estate and sovereign grant",https://petition.parliament.uk/petitions/700719,closed,285,700719,2024-11-29,,,2025-05-29
Have a General Election every year as requested in 1839 by the Chartist Movement,https://petition.parliament.uk/petitions/700731,closed,249,700731,2024-11-20,,,2025-05-20
Reinstate full HS2 route to Manchester & Leeds to combat regional inequality.,https://petition.parliament.uk/petitions/700734,closed,199,700734,2024-11-25,,,2025-05-25
Hold a referendum for London to become an independent country/city state,https://petition.parliament.uk/petitions/700737,closed,28,700737,2024-12-16,,,2025-06-16
Reintroduce UK National ID cards for British citizens.,https://petition.parliament.uk/petitions/700738,closed,273,700738,2024-11-28,,,2025-05-28
Stop local councils from selling social housing to private investors,https://petition.parliament.uk/petitions/700742,closed,496,700742,2024-11-29,,,2025-05-29
"Introduce stricter regulation of event ticket sales, resales and dynamic pricing",https://petition.parliament.uk/petitions/700756,closed,147,700756,2024-11-20,,,2025-05-20
Raise the maximum assisted speed to 20mph for E-bikes,https://petition.parliament.uk/petitions/700758,closed,73,700758,2024-11-26,,,2025-05-26
Remove Universal Credit ‘Take-home Pay’ deductions for lone parent households,https://petition.parliament.uk/petitions/700764,closed,134,700764,2024-11-26,,,2025-05-26
Introduce a compensation scheme for WASPI women,https://petition.parliament.uk/petitions/700765,closed,161788,700765,2024-11-21,2024-11-30,2025-03-17,2025-05-21
Fund routine breast screening invitations to women beyond the age of 71,https://petition.parliament.uk/petitions/700767,closed,173,700767,2024-11-20,,,2025-05-20
Make St. David's Day on March the 1st a Public Holiday,https://petition.parliament.uk/petitions/700770,closed,890,700770,2024-11-21,,,2025-05-21
Create path to Settlement for Ukrainians in the UK,https://petition.parliament.uk/petitions/700776,closed,35948,700776,2025-01-15,,,2025-07-15
Stop the Government from raising the tuition fee cap,https://petition.parliament.uk/petitions/700781,closed,300,700781,2024-11-21,,,2025-05-21
Give BN(O) visa holders access to funded childcare hours for working parents,https://petition.parliament.uk/petitions/700785,closed,24,700785,2024-11-25,,,2025-05-25
Increase maintenance loans for university students,https://petition.parliament.uk/petitions/700800,closed,76,700800,2024-12-11,,,2025-06-11
Change rules so that small cats and dogs are allowed in airplane cabins,https://petition.parliament.uk/petitions/700802,closed,580,700802,2024-11-20,,,2025-05-20
Drivers who hit cats in their car should stop and take the cat to a vet,https://petition.parliament.uk/petitions/700808,closed,1474,700808,2024-11-29,,,2025-05-29
Move Tax Bands in line with minimum wage increases,https://petition.parliament.uk/petitions/700810,closed,242,700810,2024-12-18,,,2025-06-18
Close the borders! Suspend ALL immigration for 5 years!,https://petition.parliament.uk/petitions/700824,closed,229773,700824,2024-11-26,2024-12-28,2025-03-10,2025-05-26
Ban higher car insurance premiums for over 70s based on age,https://petition.parliament.uk/petitions/700837,closed,2140,700837,2024-11-20,,,2025-05-20
Amend the law to allow universities to review the formation of student societies,https://petition.parliament.uk/petitions/700843,closed,21,700843,2024-12-12,,,2025-06-12
Create a national badge for parent and child spaces.,https://petition.parliament.uk/petitions/700850,closed,149,700850,2024-11-27,,,2025-05-27
Entitlement to bereavement leave after baby loss in first 24 weeks of pregnancy.,https://petition.parliament.uk/petitions/700852,closed,187,700852,2024-11-27,,,2025-05-27
Prohibit gambling on the timing and/or outcome of elections,https://petition.parliament.uk/petitions/700854,closed,103,700854,2024-11-21,,,2025-05-21
Hold a public inquiry into the work of the Family Courts,https://petition.parliament.uk/petitions/700857,closed,229,700857,2024-11-29,,,2025-05-29
Introduce 'Grow Your Own' Laws for Legal Medical Cannabis Patients (CBPM),https://petition.parliament.uk/petitions/700860,closed,13029,700860,2024-11-20,,,2025-05-20
"Legislate to ensure any gifts to MPs are taxed
 
",https://petition.parliament.uk/petitions/700865,closed,290,700865,2024-11-29,,,2025-05-29
Establishment of Minimum Standards for Student Housing,https://petition.parliament.uk/petitions/700869,closed,102,700869,2024-11-21,,,2025-05-21
Ban Food Allergy Waivers,https://petition.parliament.uk/petitions/700887,closed,75,700887,2024-11-21,,,2025-05-21
Review the role of Physicians Associates (PAs),https://petition.parliament.uk/petitions/700913,closed,185,700913,2024-12-03,,,2025-06-03
Immediately stop all arms exports to Israel & seek ceasefire in Gaza,https://petition.parliament.uk/petitions/700918,closed,67305,700918,2024-12-05,,,2025-06-05
Make motorway lessons a mandatory part of UK driving test & lessons,https://petition.parliament.uk/petitions/700930,closed,65,700930,2025-01-23,,,2025-07-23
Review Tax Credit Overpayment system,https://petition.parliament.uk/petitions/700931,closed,29,700931,2024-11-28,,,2025-05-28
Fund routine Prostate Cancer screening,https://petition.parliament.uk/petitions/700934,closed,437,700934,2024-11-28,,,2025-05-28
Make it Law for Registered Medical Staff in the NHS to Wear Body Cameras,https://petition.parliament.uk/petitions/700946,closed,86,700946,2024-11-21,,,2025-05-21
National measures to prevent people leaving dog faeces on the streets.,https://petition.parliament.uk/petitions/700979,closed,193,700979,2024-11-27,,,2025-05-27
Protect Cats: Make Reporting Cat Accidents a Legal Requirement,https://petition.parliament.uk/petitions/700990,closed,2548,700990,2024-12-09,,,2025-06-09
Offer healthcare workers on tier2 visa ILR after 2 years instead of 5 years,https://petition.parliament.uk/petitions/700991,closed,4475,700991,2024-11-21,,,2025-05-21
Create dedicated section for UK passport holders at arrival in UK airports,https://petition.parliament.uk/petitions/700993,closed,142,700993,2024-11-25,,,2025-05-25
Increase statutory maternity pay.,https://petition.parliament.uk/petitions/701004,closed,361,701004,2024-11-27,,,2025-05-27
Provide Funding for Neurodiversity Diagnostic Assessments in State Schools,https://petition.parliament.uk/petitions/701005,closed,85,701005,2024-11-27,,,2025-05-27
Introduce a low interest deposit loan to help all first time buyers,https://petition.parliament.uk/petitions/701011,closed,61,701011,2024-11-29,,,2025-05-29
Require and fund all serving Police Dogs to have adequate protective equipment.,https://petition.parliament.uk/petitions/701016,closed,185,701016,2024-11-27,,,2025-05-27
Fund a scheme for 20 Years’ service Medals for PCSOs.,https://petition.parliament.uk/petitions/701023,closed,3461,701023,2024-11-28,,,2025-05-28
Require all delivery riders to have passed their driving test,https://petition.parliament.uk/petitions/701034,closed,148,701034,2024-12-18,,,2025-06-18
Ban nepotism in the workplace,https://petition.parliament.uk/petitions/701040,closed,66,701040,2024-11-28,,,2025-05-28
Introduce New Safe Haven Law and baby boxes to Save Infants and Support Mothers,https://petition.parliament.uk/petitions/701043,closed,82,701043,2024-12-17,,,2025-06-17
Restrict the use of disclaimers by police to relinquish ownership of dogs,https://petition.parliament.uk/petitions/701046,closed,123,701046,2024-11-27,,,2025-05-27
Fund free 'I Voted' stickers at polling stations during general elections.,https://petition.parliament.uk/petitions/701048,closed,44,701048,2024-11-29,,,2025-05-29
Abolish Non-Crime Hate Incidents,https://petition.parliament.uk/petitions/701051,closed,35002,701051,2024-12-24,,,2025-06-24
Reinstate the hard shoulder on all motorways,https://petition.parliament.uk/petitions/701062,closed,685,701062,2024-11-28,,,2025-05-28
Make the sale of catapults/ammunition and carrying catapults in public illegal.,https://petition.parliament.uk/petitions/701064,closed,24521,701064,2024-11-27,,,2025-05-27
Abolish the tv licence,https://petition.parliament.uk/petitions/701068,closed,37664,701068,2024-11-28,,,2025-05-28
Conduct a review of immigration laws and their impact on BNO holders.,https://petition.parliament.uk/petitions/701072,closed,113,701072,2024-11-29,,,2025-05-29
Make disclosing someone else’s HIV status illegal,https://petition.parliament.uk/petitions/701076,closed,57,701076,2024-12-05,,,2025-06-05
Change rules around royal taxation,https://petition.parliament.uk/petitions/701078,closed,125,701078,2025-01-08,,,2025-07-08
Allow healthcare surcharge to rollover if applicant hasn't used the NHS,https://petition.parliament.uk/petitions/701080,closed,61,701080,2024-11-28,,,2025-05-28
Extend the Freedom of Information Act to Registered Social Landlords (RSLs),https://petition.parliament.uk/petitions/701088,closed,46,701088,2024-11-28,,,2025-05-28
Hold a statutory public inquiry into historical abuse of LGBT service personnel,https://petition.parliament.uk/petitions/701090,closed,101,701090,2024-12-10,,,2025-06-10
Increase the UK national speed limits,https://petition.parliament.uk/petitions/701098,closed,563,701098,2024-11-28,,,2025-05-28
Create more regulations for 'dark kitchens' operating in residential areas,https://petition.parliament.uk/petitions/701099,closed,38,701099,2024-12-04,,,2025-06-04
"Taping all Social Service Interactions with people, to be provided in court",https://petition.parliament.uk/petitions/701101,closed,72,701101,2024-11-29,,,2025-05-29
Ban High-Silica Engineered Stone Worktops.,https://petition.parliament.uk/petitions/701109,closed,235,701109,2024-11-27,,,2025-05-27
Remove the ban on semi automatic firearms over .22 calibre.,https://petition.parliament.uk/petitions/701115,closed,337,701115,2024-11-27,,,2025-05-27
Enact the Socio-Economic Duty of the Equality Act 2010.,https://petition.parliament.uk/petitions/701117,closed,222,701117,2024-11-29,,,2025-05-29
Increase regulation of political advertising,https://petition.parliament.uk/petitions/701119,closed,149,701119,2024-11-28,,,2025-05-28
Secure the release and return of British nationals arbitrarily detained in India,https://petition.parliament.uk/petitions/701132,closed,5862,701132,2024-12-16,,,2025-06-16
Allow carers already in UK on sponsored visa to work for any CQC care provider,https://petition.parliament.uk/petitions/701137,closed,11542,701137,2024-11-28,,,2025-05-28
Increase the DWP Christmas bonus for benefit claimants to £20,https://petition.parliament.uk/petitions/701138,closed,766,701138,2024-11-28,,,2025-05-28
Criminalise individuals for discrimination against disabled employees in UK.,https://petition.parliament.uk/petitions/701141,closed,70,701141,2024-12-16,,,2025-06-16
Fund more training for police in dog control matters.,https://petition.parliament.uk/petitions/701154,closed,1381,701154,2024-12-02,,,2025-06-02
Fund wigs for all people who have hair loss due to a medical condition,https://petition.parliament.uk/petitions/701155,closed,130,701155,2024-11-28,,,2025-05-28
Shorten residency period for undocumented migrants to apply to regularise status,https://petition.parliament.uk/petitions/701156,closed,1918,701156,2024-12-02,,,2025-06-02
Allow transgender people to self-identify their legal gender.,https://petition.parliament.uk/petitions/701159,closed,128749,701159,2024-12-12,2025-04-22,2025-05-19,2025-06-12
Provide schools with money to fund teaching assistants in every class.,https://petition.parliament.uk/petitions/701162,closed,74,701162,2024-11-27,,,2025-05-27
Enable disabled bus pass users to travel during peak times across England,https://petition.parliament.uk/petitions/701163,closed,639,701163,2024-12-19,,,2025-06-19
Lower the application age for the police to 16 and allow appointment at 17,https://petition.parliament.uk/petitions/701168,closed,26,701168,2024-11-28,,,2025-05-28
Reduce the minimum length of the school week,https://petition.parliament.uk/petitions/701169,closed,42,701169,2025-01-03,,,2025-07-03
Review access to Hormone Replacement Therapy for Transgender Youth,https://petition.parliament.uk/petitions/701171,closed,173,701171,2024-12-13,,,2025-06-13
Indefinitely detain non-UK national terror suspects without charge,https://petition.parliament.uk/petitions/701187,closed,80,701187,2024-12-13,,,2025-06-13
Reverse the Tax Treatment of Double Cab Pickup Trucks in the 2024 Autumn Budget,https://petition.parliament.uk/petitions/701193,closed,2015,701193,2024-11-29,,,2025-05-29
Ban in-game currency from video games,https://petition.parliament.uk/petitions/701211,closed,59,701211,2024-12-05,,,2025-06-05
Ban LED headlights,https://petition.parliament.uk/petitions/701233,closed,6268,701233,2024-12-05,,,2025-06-05
UK Government to assess whether COP could be held online once every two years,https://petition.parliament.uk/petitions/701235,closed,33,701235,2025-01-30,,,2025-07-30
Ban the sale of caged birds.,https://petition.parliament.uk/petitions/701241,closed,171,701241,2024-12-02,,,2025-06-02
Automatic driving ban until driving test retake for 12 Points on a Licence.,https://petition.parliament.uk/petitions/701247,closed,423,701247,2024-12-02,,,2025-06-02
Hold a Public Inquiry into the Dart Charge system,https://petition.parliament.uk/petitions/701250,closed,46,701250,2024-12-04,,,2025-06-04
Ban the use of prong dog collars,https://petition.parliament.uk/petitions/701256,closed,166,701256,2024-11-29,,,2025-05-29
Stop arms sales and any military support to Ukraine and Israel,https://petition.parliament.uk/petitions/701260,closed,291,701260,2024-12-20,,,2025-06-20
Ban all charging for the use of public lavatories.,https://petition.parliament.uk/petitions/701265,closed,200,701265,2024-12-06,,,2025-06-06
"Don't apply VAT to independent school fees, or remove business rates relief.",https://petition.parliament.uk/petitions/701268,closed,115560,701268,2024-12-02,2024-12-12,2025-03-03,2025-06-02
Pass a law to ban the addition of iron to food,https://petition.parliament.uk/petitions/701271,closed,90,701271,2025-02-25,,,2025-08-25
Create a CPI-adjusted Unmarried Childless Person Nil-rate Inheritance Tax band,https://petition.parliament.uk/petitions/701286,closed,33,701286,2024-12-10,,,2025-06-10
Increase the Lifetime ISA house price limit in line with inflation ,https://petition.parliament.uk/petitions/701287,closed,299,701287,2024-11-28,,,2025-05-28
Hold a review into job opportunities for newly qualified nurses,https://petition.parliament.uk/petitions/701289,closed,35,701289,2024-11-29,,,2025-05-29
Ban wind farms on protected peat land in England,https://petition.parliament.uk/petitions/701290,closed,15437,701290,2025-01-24,,,2025-07-24
Increase the installation of solar panels on commercial rooftops and carparks.,https://petition.parliament.uk/petitions/701293,closed,367,701293,2024-12-16,,,2025-06-16
Legislate to make identity theft a specific criminal offence.,https://petition.parliament.uk/petitions/701294,closed,107,701294,2024-12-11,,,2025-06-11
Require employers to notify unsuccessful job candidates and give feedback,https://petition.parliament.uk/petitions/701297,closed,152,701297,2024-11-29,,,2025-05-29
Ban all Fox and Stag Hunting with Dogs - including Trail Hunting,https://petition.parliament.uk/petitions/701300,closed,1501,701300,2024-12-12,,,2025-06-12
Ban ALL Stick on Covers for Windscreens.,https://petition.parliament.uk/petitions/701301,closed,36,701301,2024-12-02,,,2025-06-02
Fund nirsevimab for extremely premature babies’ protection prior to discharge,https://petition.parliament.uk/petitions/701312,closed,542,701312,2024-12-05,,,2025-06-05
Regulate Fair Internet Costs and Speed Equality for Households Across the UK,https://petition.parliament.uk/petitions/701328,closed,69,701328,2024-11-29,,,2025-05-29
Abolish the House of Lords,https://petition.parliament.uk/petitions/701336,closed,174,701336,2025-01-14,,,2025-07-14
"RAAC Homeowners Justice: National Fund, Legislative Reform & Public Inquiry Now!",https://petition.parliament.uk/petitions/701337,closed,7655,701337,2024-12-17,,,2025-06-17
Hold a referendum on achieving net zero goals.,https://petition.parliament.uk/petitions/701342,closed,7041,701342,2024-11-27,,,2025-05-27
Increase statutory paternity leave from two weeks to four weeks.,https://petition.parliament.uk/petitions/701343,closed,155,701343,2025-02-24,,,2025-08-24
Government funding for home-educated children: ensure fair educational support.,https://petition.parliament.uk/petitions/701361,closed,212,701361,2024-11-27,,,2025-05-27
Reverse decision to increase the cap on bus fares from £2 to £3.,https://petition.parliament.uk/petitions/701368,closed,589,701368,2024-12-02,,,2025-06-02
Dual Cab pickup trucks keep commercial status beyond April 2025,https://petition.parliament.uk/petitions/701375,closed,379,701375,2025-01-30,,,2025-07-30
Increase Private pay in the army so it's not the same as the Recruits',https://petition.parliament.uk/petitions/701377,closed,60,701377,2024-12-05,,,2025-06-05
Impose economic sanctions on Israel.,https://petition.parliament.uk/petitions/701379,closed,17167,701379,2024-12-09,,,2025-06-09
Make the registration to the Prompt Payment Code mandatory for all companies,https://petition.parliament.uk/petitions/701387,closed,81,701387,2024-12-03,,,2025-06-03
Review the way that student Maintenance Loans are calculated.,https://petition.parliament.uk/petitions/701392,closed,82,701392,2024-11-29,,,2025-05-29
Direct the UKHSA to monitor COVID infections that occur in particular settings.,https://petition.parliament.uk/petitions/701396,closed,1604,701396,2024-12-03,,,2025-06-03
Increase funding for SEND in schools.,https://petition.parliament.uk/petitions/701409,closed,189,701409,2024-12-05,,,2025-06-05
Don’t tax people on any overtime they work.,https://petition.parliament.uk/petitions/701418,closed,2978,701418,2024-12-02,,,2025-06-02
Do not ban social media for under 16s.,https://petition.parliament.uk/petitions/701425,closed,46,701425,2024-12-02,,,2025-06-02
Require schools to remove processed meats from school dinners,https://petition.parliament.uk/petitions/701433,closed,441,701433,2024-12-05,,,2025-06-05
Create a public holiday in November to honour and remember our veterans,https://petition.parliament.uk/petitions/701436,closed,201,701436,2024-11-29,,,2025-05-29
Make it easier for parents to get EOTAS via an EHC plan.,https://petition.parliament.uk/petitions/701442,closed,133,701442,2024-12-11,,,2025-06-11
Increase the number of politicians at remembrance ceremonies,https://petition.parliament.uk/petitions/701444,closed,18,701444,2024-12-10,,,2025-06-10
"Bring the Parking Code of Practice into law, as per the 2019 Act of Parliament.",https://petition.parliament.uk/petitions/701453,closed,672,701453,2024-12-06,,,2025-06-06
Introduce statutory provision for independence referendums in Scotland & Wales.,https://petition.parliament.uk/petitions/701455,closed,7101,701455,2024-12-16,,,2025-06-16
Fund screening for neurodivergent conditions in schools & teacher training,https://petition.parliament.uk/petitions/701461,closed,3052,701461,2025-01-06,,,2025-07-06
Put tighter restrictions on the selling of knives.,https://petition.parliament.uk/petitions/701464,closed,95,701464,2024-12-16,,,2025-06-16
Ban wind farm onshore asset development on green belt land,https://petition.parliament.uk/petitions/701471,closed,5289,701471,2024-12-12,,,2025-06-12
Remove transgender content from RHSE curriculum,https://petition.parliament.uk/petitions/701472,closed,376,701472,2025-01-29,,,2025-07-29
Broaden eligibility for de facto adoptions from non-Hague countries,https://petition.parliament.uk/petitions/701476,closed,23,701476,2025-03-10,,,2025-09-10
Create a new body to regulate landlord and freeholder service charges,https://petition.parliament.uk/petitions/701479,closed,12125,701479,2024-12-19,,,2025-06-19
Introduce a rehoming scheme for banned breeds,https://petition.parliament.uk/petitions/701481,closed,432,701481,2025-01-13,,,2025-07-13
Create the right to examine council witnesses in moving traffic contraventions,https://petition.parliament.uk/petitions/701491,closed,307,701491,2024-12-24,,,2025-06-24
Introduce Fines for Missed GP Appointments,https://petition.parliament.uk/petitions/701502,closed,57,701502,2024-12-18,,,2025-06-18
Fund the creation of bike lanes for all main roads,https://petition.parliament.uk/petitions/701509,closed,371,701509,2024-12-11,,,2025-06-11
Make it a legal requirement for employees to have neurodiversity training,https://petition.parliament.uk/petitions/701510,closed,105,701510,2025-01-20,,,2025-07-20
"Provide grants of £25,000 for independent tackle shops.",https://petition.parliament.uk/petitions/701511,closed,202,701511,2024-12-03,,,2025-06-03
Fund Awareness and Training Regarding Functional Neurological Disorders (FND),https://petition.parliament.uk/petitions/701517,closed,11818,701517,2024-12-03,,,2025-06-03
Do not deduct housing element of Universal Credit,https://petition.parliament.uk/petitions/701521,closed,37,701521,2024-12-17,,,2025-06-17
Review the enforcement of legal standards in care homes to ensure it's effective,https://petition.parliament.uk/petitions/701525,closed,37,701525,2024-12-19,,,2025-06-19
Provide funding to optical services to pay for BSL interpreters,https://petition.parliament.uk/petitions/701526,closed,381,701526,2024-12-05,,,2025-06-05
Make Neurodiversity a protected characteristic in the Equality Act.,https://petition.parliament.uk/petitions/701538,closed,501,701538,2024-12-04,,,2025-06-04
Seek to Rejoin the EU Pet Passport Scheme,https://petition.parliament.uk/petitions/701540,closed,10612,701540,2025-02-11,,,2025-08-11
Allow Veterans of the Armed Forces to claim their state pension at the age of 60,https://petition.parliament.uk/petitions/701542,closed,896,701542,2024-12-04,,,2025-06-04
Grant Indefinite Leave to Remain for Long-Term International Students in the UK,https://petition.parliament.uk/petitions/701544,closed,84,701544,2024-12-05,,,2025-06-05
"Pause plans for Bedford - Cambridge rail link pending a full, independent review",https://petition.parliament.uk/petitions/701546,closed,4346,701546,2024-12-11,,,2025-06-11
Pass a new 'Freedom of Speech Protection Act',https://petition.parliament.uk/petitions/701561,closed,462,701561,2024-12-10,,,2025-06-10
Review the NICs increase for not-for-profit public service providers,https://petition.parliament.uk/petitions/701562,closed,41,701562,2024-12-05,,,2025-06-05
Improve the Financial Assistance Scheme for pensioners,https://petition.parliament.uk/petitions/701564,closed,2480,701564,2025-03-18,,,2025-09-18
Raise the maximum weight limit for Light Goods Vehicles to 3750kg.,https://petition.parliament.uk/petitions/701585,closed,148,701585,2024-12-06,,,2025-06-06
Review the rules on suspending SIA licenses,https://petition.parliament.uk/petitions/701587,closed,208,701587,2024-12-06,,,2025-06-06
Save the National Citizens Service,https://petition.parliament.uk/petitions/701592,closed,322,701592,2024-12-05,,,2025-06-05
"Introduce breeder licences, a dog database & harsher punishments for dog abuse",https://petition.parliament.uk/petitions/701598,closed,1348,701598,2024-12-05,,,2025-06-05
Repeal the Climate Change Act 2008 and Net Zero targets,https://petition.parliament.uk/petitions/701600,closed,21323,701600,2024-12-06,,,2025-06-06
Ban ground rent on all leasehold properties.,https://petition.parliament.uk/petitions/701602,closed,234,701602,2024-12-09,,,2025-06-09
Include Wales in the Union Flag,https://petition.parliament.uk/petitions/701611,closed,2576,701611,2025-01-23,,,2025-07-23
Extend consumer protection laws on fast food orders,https://petition.parliament.uk/petitions/701620,closed,43,701620,2025-01-15,,,2025-07-15
Create the Department of Government Efficiency,https://petition.parliament.uk/petitions/701630,closed,359,701630,2024-11-29,,,2025-05-29
Introduce scheme for reduced or free public transport fares,https://petition.parliament.uk/petitions/701647,closed,205,701647,2024-12-10,,,2025-06-10
Change the house purchasing process to protect sellers,https://petition.parliament.uk/petitions/701658,closed,52,701658,2024-12-05,,,2025-06-05
"Introduce the mandatory neutering of cats by 6 months of age.
",https://petition.parliament.uk/petitions/701661,closed,2110,701661,2024-12-06,,,2025-06-06
Legally require all secondary schools in England to teach financial education,https://petition.parliament.uk/petitions/701663,closed,7231,701663,2024-12-17,,,2025-06-17
Make it a legal requirement for individuals to report child sexual abuse,https://petition.parliament.uk/petitions/701669,closed,138,701669,2024-12-10,,,2025-06-10
Require e-bike riders to be licensed & regulated like mopeds,https://petition.parliament.uk/petitions/701672,closed,168,701672,2025-02-13,,,2025-08-13
Hold an inquiry before transferring the Chagos Islands to Mauritius,https://petition.parliament.uk/petitions/701675,closed,269,701675,2025-01-29,,,2025-07-29
Increase funding for Early years providers.,https://petition.parliament.uk/petitions/701693,closed,4649,701693,2024-12-06,,,2025-06-06
Declare a state of emergency to prioritise climate action,https://petition.parliament.uk/petitions/701700,closed,161,701700,2025-01-02,,,2025-07-02
Change laws around amendments on birth certificates,https://petition.parliament.uk/petitions/701702,closed,49,701702,2024-12-05,,,2025-06-05
Introduce regulations for Hairdressers and Barbers,https://petition.parliament.uk/petitions/701705,closed,338,701705,2024-12-05,,,2025-06-05
Review the Access to Work Scheme,https://petition.parliament.uk/petitions/701711,closed,1368,701711,2024-12-05,,,2025-06-05
Review the Vaccine Damage Payment Scheme,https://petition.parliament.uk/petitions/701729,closed,4140,701729,2024-12-09,,,2025-06-09
"Base university home fee status on visa application date, not arrival date",https://petition.parliament.uk/petitions/701732,closed,48,701732,2025-02-17,,,2025-08-17
Vote against the Assisted Dying Bill,https://petition.parliament.uk/petitions/701742,closed,720,701742,2024-12-12,,,2025-06-12
Fund a national checkup scheme at menopause in England,https://petition.parliament.uk/petitions/701751,closed,51,701751,2025-01-07,,,2025-07-07
Cap public electric vehicle (EV) charging station rates.,https://petition.parliament.uk/petitions/701754,closed,240,701754,2024-12-09,,,2025-06-09
Establish a statutory body to mediate disputes within the motor industry.,https://petition.parliament.uk/petitions/701759,closed,16,701759,2025-02-13,,,2025-08-13
"Introduce licences, number plates and insurance requirements for cyclists",https://petition.parliament.uk/petitions/701762,closed,276,701762,2024-12-18,,,2025-06-18
Review the rules on complaint escalation to Ombudsmen/ADR in all industries,https://petition.parliament.uk/petitions/701763,closed,19,701763,2025-02-04,,,2025-08-04
Fund Medicinal Reviews for Patients Prescribed Highly Addictive Drugs,https://petition.parliament.uk/petitions/701764,closed,57,701764,2024-12-20,,,2025-06-20
Create an ombudsman for online trading,https://petition.parliament.uk/petitions/701768,closed,27,701768,2025-02-04,,,2025-08-04
Change requirements for ILR for those who have graduated and worked for 3 years,https://petition.parliament.uk/petitions/701769,closed,14189,701769,2024-12-06,,,2025-06-06
Ban Variable Direct Debits,https://petition.parliament.uk/petitions/701772,closed,26,701772,2025-02-04,,,2025-08-04
Change the requirements of how often MPs attend a Parliamentary sitting.,https://petition.parliament.uk/petitions/701773,closed,602,701773,2024-12-16,,,2025-06-16
Make it a legal offence for a parent to be absent from their child's life. ,https://petition.parliament.uk/petitions/701777,closed,77,701777,2024-12-11,,,2025-06-11
Create a fast-track system for benefit claims for cancer patients,https://petition.parliament.uk/petitions/701780,closed,5124,701780,2024-12-20,,,2025-06-20
Ensure the NIHR dedicates at least 3% of annual funding to menopause research,https://petition.parliament.uk/petitions/701782,closed,520,701782,2024-12-23,,,2025-06-23
Allow employees to deduct living expenses from salary before it’s taxed.,https://petition.parliament.uk/petitions/701784,closed,948,701784,2024-12-06,,,2025-06-06
Review the enforcement policy guidance for LAs to protect mobile home owners.,https://petition.parliament.uk/petitions/701798,closed,1634,701798,2024-12-18,,,2025-06-18
Introduce a legal right to paid bereavement leave,https://petition.parliament.uk/petitions/701809,closed,3101,701809,2024-12-04,,,2025-06-04
Ban school uniforms,https://petition.parliament.uk/petitions/701824,closed,240,701824,2024-12-05,,,2025-06-05
Make Saint David's Day (Wales) and Saint George's Day (England) Bank Holidays,https://petition.parliament.uk/petitions/701833,closed,337,701833,2024-12-12,,,2025-06-12
Devolve The Crown Estate In Wales,https://petition.parliament.uk/petitions/701837,closed,1598,701837,2024-12-12,,,2025-06-12
We are petitioning for a National Referendum on Assisted Dying,https://petition.parliament.uk/petitions/701838,closed,11385,701838,2025-01-09,,,2025-07-09
Fund more counselling services specific to victims of sexual violence,https://petition.parliament.uk/petitions/701840,closed,98,701840,2024-12-10,,,2025-06-10
Require parliamentary scrutiny of any proposal to amend the Royal Mail USO,https://petition.parliament.uk/petitions/701850,closed,22922,701850,2024-12-23,,,2025-06-23
"Require rent increases to be based on inflation and salaries, freeze for 3 years",https://petition.parliament.uk/petitions/701852,closed,53,701852,2024-12-23,,,2025-06-23
Cap private dental charges,https://petition.parliament.uk/petitions/701866,closed,99,701866,2025-02-04,,,2025-08-04
Allow local authorities to use council tax to fund local NHS services,https://petition.parliament.uk/petitions/701868,closed,21,701868,2024-12-16,,,2025-06-16
Increase landowners rights against parking on their property without permission,https://petition.parliament.uk/petitions/701869,closed,70,701869,2025-02-13,,,2025-08-13
Make it a criminal offence for under 18s to vape or smoke,https://petition.parliament.uk/petitions/701870,closed,59,701870,2025-03-18,,,2025-09-18
Reverse Cadet Forces Funding Cuts by Min of Defence and the Dept of Education.,https://petition.parliament.uk/petitions/701884,closed,17098,701884,2024-12-12,,,2025-06-12
Stop members of the Government and Parliament from attending WEF meetings,https://petition.parliament.uk/petitions/701885,closed,1015,701885,2024-12-13,,,2025-06-13
Legally require unanimous jury verdicts for serious offences.,https://petition.parliament.uk/petitions/701886,closed,285,701886,2024-12-11,,,2025-06-11
Lower the age that someone can be considered a victim of domestic abuse,https://petition.parliament.uk/petitions/701895,closed,1416,701895,2025-02-04,,,2025-08-04
Fund more school places for autistic children without learning disabilities,https://petition.parliament.uk/petitions/701901,closed,358,701901,2024-12-17,,,2025-06-17
Review police pursuit rules to ensure proportionality and safety,https://petition.parliament.uk/petitions/701906,closed,163,701906,2024-12-23,,,2025-06-23
"Require car insurance companies to insure the car, not the driver",https://petition.parliament.uk/petitions/701913,closed,984,701913,2024-12-12,,,2025-06-12
Ban sunbed use due to health risks + the large cost to the NHS from skin cancers,https://petition.parliament.uk/petitions/701922,closed,173,701922,2025-01-09,,,2025-07-09
Review the Highways Act 1980 to allow safe EV charging cables across pavements,https://petition.parliament.uk/petitions/701923,closed,65,701923,2024-12-17,,,2025-06-17
Create a licence to ensure safe use of smart devices like phones,https://petition.parliament.uk/petitions/701924,closed,29,701924,2024-12-12,,,2025-06-12
Introduce stricter minimum penalties for acts of animal cruelty.,https://petition.parliament.uk/petitions/701925,closed,3470,701925,2024-12-11,,,2025-06-11
Make hedgehog highways mandatory on all new fencing.,https://petition.parliament.uk/petitions/701939,closed,770,701939,2025-03-24,,,2025-09-24
Institute a maximum cap for the interest rate on credit cards and personal loans,https://petition.parliament.uk/petitions/701945,closed,62,701945,2024-12-23,,,2025-06-23
UK Government to open talks with EU on rejoining Custom Union and Single Market,https://petition.parliament.uk/petitions/701946,closed,273,701946,2024-12-16,,,2025-06-16
Exempt Commonwealth soldiers from the Life in the UK test after 6yrs Service.,https://petition.parliament.uk/petitions/701953,closed,33,701953,2024-12-11,,,2025-06-11
Grant all asylum seekers the right to work,https://petition.parliament.uk/petitions/701958,closed,64,701958,2024-12-20,,,2025-06-20
Make all forms of 'geo-engineering' affecting the environment illegal,https://petition.parliament.uk/petitions/701963,closed,160632,701963,2024-12-23,2025-04-29,2025-06-23,2025-06-23
Introduce a cap for motorcycle insurance prices,https://petition.parliament.uk/petitions/701964,closed,63,701964,2025-01-23,,,2025-07-23
Require companies put political party logo on all products if they fund a party,https://petition.parliament.uk/petitions/701965,closed,83,701965,2024-12-13,,,2025-06-13
Offer injured veterans housing in surplus military accommodation,https://petition.parliament.uk/petitions/701966,closed,78,701966,2024-12-23,,,2025-06-23
Scrap the APD increase for essential regional flights and consider a reform,https://petition.parliament.uk/petitions/701971,closed,31,701971,2024-12-23,,,2025-06-23
Introduce a new tax code for emergency workers and armed forces,https://petition.parliament.uk/petitions/701972,closed,27,701972,2025-03-10,,,2025-09-10
Seek to secure trade deals with the US and Canada,https://petition.parliament.uk/petitions/701974,closed,54,701974,2024-12-30,,,2025-06-30
Create system for injured veterans to apply for disability benefits,https://petition.parliament.uk/petitions/701975,closed,51,701975,2024-12-23,,,2025-06-23
Require more time spent in physical education classes in primary schools,https://petition.parliament.uk/petitions/701976,closed,24,701976,2025-03-04,,,2025-09-04
Child against parent violence to be recognised as domestic abuse & more support,https://petition.parliament.uk/petitions/701997,closed,186,701997,2025-02-25,,,2025-08-25
Deploy the Royal Navy to help stop illegal immigrants entering the UK,https://petition.parliament.uk/petitions/701998,closed,1711,701998,2025-01-08,,,2025-07-08
Stop giving homework to primary and secondary school students,https://petition.parliament.uk/petitions/702003,closed,4621,702003,2024-12-13,,,2025-06-13
Scrap the Sugar tax on soft drinks,https://petition.parliament.uk/petitions/702008,closed,138,702008,2025-03-04,,,2025-09-04
Stop the permitted development right to extend upwards,https://petition.parliament.uk/petitions/702014,closed,55,702014,2024-12-17,,,2025-06-17
Require drivers to retake their driving test at age 60.,https://petition.parliament.uk/petitions/702017,closed,128,702017,2024-12-16,,,2025-06-16
Hold a national referendum on the UK’s diplomatic relationship with Israel.,https://petition.parliament.uk/petitions/702030,closed,474,702030,2025-01-03,,,2025-07-03
Fund improvements to secondary care community mental health services ,https://petition.parliament.uk/petitions/702031,closed,2900,702031,2024-12-19,,,2025-06-19
Make autism training mandatory for teachers in schools to help understanding,https://petition.parliament.uk/petitions/702034,closed,137,702034,2024-12-17,,,2025-06-17
"Standardise Women’s Titles as ""Ms"" and Eliminate Titles Based on Marital Status",https://petition.parliament.uk/petitions/702037,closed,99,702037,2024-12-20,,,2025-06-20
Ban Fur Imports into the UK,https://petition.parliament.uk/petitions/702043,closed,1186,702043,2024-12-23,,,2025-06-23
Make micro companies exempt from the employer national insurance increase,https://petition.parliament.uk/petitions/702058,closed,25,702058,2025-02-05,,,2025-08-05
Increase tariffs on all imports ,https://petition.parliament.uk/petitions/702062,closed,33,702062,2024-12-30,,,2025-06-30
Prohibit publishers irrevocably disabling video games they have already sold,https://petition.parliament.uk/petitions/702074,closed,189887,702074,2025-01-14,2025-07-02,2025-11-03,2025-07-14
Review and mandate DNA testing to end honey fraud and protect real producers.,https://petition.parliament.uk/petitions/702077,closed,844,702077,2025-01-10,,,2025-07-10
Conduct a review into the merits of co-operative exams,https://petition.parliament.uk/petitions/702078,closed,19,702078,2024-12-19,,,2025-06-19
Change the earliest days of ILR application from 28days to 180days before 5years,https://petition.parliament.uk/petitions/702086,closed,204,702086,2024-12-23,,,2025-06-23
"Reduce salary threshold of 38,700 for visa sponsorship requirements",https://petition.parliament.uk/petitions/702099,closed,428,702099,2024-12-20,,,2025-06-20
Expand the winter fuel allowance to other vulnerable people.,https://petition.parliament.uk/petitions/702104,closed,896,702104,2024-12-30,,,2025-06-30
We want a referendum on 7 changes to our voting system,https://petition.parliament.uk/petitions/702106,closed,57,702106,2025-03-06,,,2025-09-06
Change the drinking age in pubs to 14 and alcohol purchasing age in pubs to 16,https://petition.parliament.uk/petitions/702117,closed,89,702117,2024-12-19,,,2025-06-19
Ban horse racing,https://petition.parliament.uk/petitions/702124,closed,1229,702124,2024-12-20,,,2025-06-20
Review the prescribing and sale of topical corticosteroids,https://petition.parliament.uk/petitions/702135,closed,2106,702135,2025-01-08,,,2025-07-08
Review regulation around hysterectomies in private hospitals,https://petition.parliament.uk/petitions/702137,closed,1209,702137,2025-01-07,,,2025-07-07
Make teaching BSL mandatory in all schools,https://petition.parliament.uk/petitions/702139,closed,279,702139,2025-03-04,,,2025-09-04
Exemption from stamp duty changes if mortgage offers predate the Autumn budget,https://petition.parliament.uk/petitions/702150,closed,88,702150,2024-12-24,,,2025-06-24
Cabinet ministers to publish annual tax returns,https://petition.parliament.uk/petitions/702153,closed,83,702153,2024-12-18,,,2025-06-18
Referendum on whether to abolish the Welsh Parliament,https://petition.parliament.uk/petitions/702156,closed,1414,702156,2024-12-19,,,2025-06-19
Require licences to use air rifles ,https://petition.parliament.uk/petitions/702158,closed,187,702158,2024-12-18,,,2025-06-18
Set limits on the length of lane closures for roadworks,https://petition.parliament.uk/petitions/702161,closed,123,702161,2024-12-31,,,2025-06-30
Make children eligible for free childcare from the date of their 3rd birthday,https://petition.parliament.uk/petitions/702181,closed,46,702181,2025-02-07,,,2025-08-07
Launch a Government Review on protecting UK democracy and China,https://petition.parliament.uk/petitions/702194,closed,40,702194,2025-02-17,,,2025-08-17
Ensure needs of autistic people are met in any future pandemic response,https://petition.parliament.uk/petitions/702200,closed,506,702200,2024-12-20,,,2025-06-20
Introduce a Statutory Levy on Bookmakers to Fund Greyhound Welfare,https://petition.parliament.uk/petitions/702202,closed,4753,702202,2025-01-02,,,2025-07-02
Change fine rules so only one parent is charged for a child taken out of school,https://petition.parliament.uk/petitions/702206,closed,28,702206,2024-12-19,,,2025-06-19
Change election rules so that only people who live in the area can stand,https://petition.parliament.uk/petitions/702213,closed,134,702213,2024-12-20,,,2025-06-20
Boost the UK economy & reduce unemployment by reducing corporation tax,https://petition.parliament.uk/petitions/702224,closed,42,702224,2025-01-08,,,2025-07-08
Allow other religions to solemnise weddings ,https://petition.parliament.uk/petitions/702231,closed,25,702231,2024-12-20,,,2025-06-20
Change building regulations to enhance sustainability,https://petition.parliament.uk/petitions/702238,closed,98,702238,2024-12-19,,,2025-06-19
Ban websites from making people pay a fee to reject cookies,https://petition.parliament.uk/petitions/702245,closed,263,702245,2025-01-08,,,2025-07-08
Extend Right to Buy to Housing Association Residents.,https://petition.parliament.uk/petitions/702252,closed,93,702252,2024-12-09,,,2025-06-09
Increase funding for Endometriosis care and support,https://petition.parliament.uk/petitions/702256,closed,566,702256,2024-12-18,,,2025-06-18
Stop the roll out and use of trusted digital identity services,https://petition.parliament.uk/petitions/702263,closed,2228,702263,2024-12-19,,,2025-06-19
Don't introduce unique child identifier and increased home education regulation,https://petition.parliament.uk/petitions/702270,closed,10693,702270,2025-02-11,,,2025-08-11
Remove Sugary Foods from School Menus in England to Promote Children's Health.,https://petition.parliament.uk/petitions/702272,closed,165,702272,2024-12-09,,,2025-06-09
Reform university applications so students know their grades when applying.,https://petition.parliament.uk/petitions/702273,closed,36,702273,2024-12-09,,,2025-06-09
Provide funding to support Breast & Cervical Cancer Screening for Disabled Women,https://petition.parliament.uk/petitions/702277,closed,3294,702277,2025-01-20,,,2025-07-20
Allow migrants with settled status to vote in UK Parliament elections,https://petition.parliament.uk/petitions/702278,closed,45,702278,2024-12-19,,,2025-06-19
Make all types of animal snares illegal in England,https://petition.parliament.uk/petitions/702287,closed,331,702287,2024-12-23,,,2025-06-23
Make Daylight Saving Time Permanent in the UK,https://petition.parliament.uk/petitions/702292,closed,459,702292,2024-12-18,,,2025-06-18
Make parental alienation a criminal offence,https://petition.parliament.uk/petitions/702299,closed,691,702299,2025-02-05,,,2025-08-05
Review of Universal Credit and Job Centre Operations,https://petition.parliament.uk/petitions/702303,closed,339,702303,2024-12-27,,,2025-06-27
Ban Reselling Tickets for Above Face-Value and Dynamic Pricing,https://petition.parliament.uk/petitions/702304,closed,808,702304,2024-12-10,,,2025-06-10
Regulate funeral directors,https://petition.parliament.uk/petitions/702329,closed,54,702329,2025-03-14,,,2025-09-14
"Change the law, so that UK citizens can force an immediate General Election",https://petition.parliament.uk/petitions/702341,closed,20762,702341,2024-12-24,,,2025-06-24
Introduce a new benefit for university students,https://petition.parliament.uk/petitions/702349,closed,36,702349,2024-12-20,,,2025-06-20
Increase inheritance tax relief for businesses based on number of employees,https://petition.parliament.uk/petitions/702386,closed,22,702386,2025-01-03,,,2025-07-03
"Make onion, garlic and other alliums recognised allergens on food labels",https://petition.parliament.uk/petitions/702394,closed,56,702394,2025-01-22,,,2025-07-22
Increase child maintenance payments,https://petition.parliament.uk/petitions/702396,closed,51,702396,2024-12-20,,,2025-06-20
"Create a single, UK-wide exemption certificate for XL Bullies",https://petition.parliament.uk/petitions/702410,closed,113,702410,2025-03-18,,,2025-09-18
Review quality of school food,https://petition.parliament.uk/petitions/702413,closed,49,702413,2024-12-20,,,2025-06-20
Review the Legal Expense Insurance industry,https://petition.parliament.uk/petitions/702420,closed,18,702420,2025-01-23,,,2025-07-23
Enact measures to combat knife crime,https://petition.parliament.uk/petitions/702424,closed,40254,702424,2024-12-20,,,2025-06-20
Mandate drivers attach plates displaying their penalty points on their vehicle,https://petition.parliament.uk/petitions/702425,closed,38,702425,2025-02-03,,,2025-08-03
Amend the Equality Act 2010 to include professions in protected characteristics,https://petition.parliament.uk/petitions/702437,closed,88,702437,2024-12-20,,,2025-06-20
Require existing homes to meet new electrical regulations,https://petition.parliament.uk/petitions/702438,closed,15,702438,2025-03-27,,,2025-09-27
Place a ban on party whips in Parliament,https://petition.parliament.uk/petitions/702444,closed,163,702444,2024-12-11,,,2025-06-11
Require coercive control awareness training for some sectors,https://petition.parliament.uk/petitions/702449,closed,661,702449,2024-12-19,,,2025-06-19
Implement a strategy to protect motorcyclists from imports of unsafe clothing,https://petition.parliament.uk/petitions/702450,closed,7155,702450,2025-01-06,,,2025-07-06
Household products to display environmental impact ratings.,https://petition.parliament.uk/petitions/702452,closed,89,702452,2025-02-21,,,2025-08-21
Allow conjugal visits for prisoners in England and Wales,https://petition.parliament.uk/petitions/702458,closed,1948,702458,2024-12-19,,,2025-06-19
Allow Ukrainians who are disabled to apply for immediate ILR,https://petition.parliament.uk/petitions/702461,closed,129,702461,2024-12-24,,,2025-06-24
Allow Visa applicants to pay health surcharge in instalments ,https://petition.parliament.uk/petitions/702465,closed,2969,702465,2024-12-19,,,2025-06-19
Take action to prevent UK supplied missiles being fired into Russia,https://petition.parliament.uk/petitions/702468,closed,77,702468,2025-01-09,,,2025-07-09
Deduct private health care charges from NI contributions.,https://petition.parliament.uk/petitions/702473,closed,26,702473,2025-02-05,,,2025-08-05
"Introduce differentiated energy pricing, tax breaks and a Transition Energy Fund",https://petition.parliament.uk/petitions/702479,closed,35,702479,2025-02-13,,,2025-08-13
Hold a referendum on continued UK support for Ukraine,https://petition.parliament.uk/petitions/702489,closed,160,702489,2025-01-13,,,2025-07-13
Negotiate with EU to end the 90 day limit on staying in Schengen area countries,https://petition.parliament.uk/petitions/702491,closed,158,702491,2024-12-19,,,2025-06-19
Require food and drink companies to use Nutri-Score on their packaging,https://petition.parliament.uk/petitions/702492,closed,34,702492,2024-12-20,,,2025-06-20
Automatically disclose a violent offender’s history to a partner,https://petition.parliament.uk/petitions/702498,closed,86,702498,2025-03-05,,,2025-09-05
"Fund a new COPD strategy, including psychological interventions",https://petition.parliament.uk/petitions/702505,closed,51,702505,2024-12-20,,,2025-06-20
Stop sending military aid to Ukraine,https://petition.parliament.uk/petitions/702525,closed,621,702525,2025-01-24,,,2025-07-24
Change the legal driving age to 16,https://petition.parliament.uk/petitions/702531,closed,61,702531,2024-12-20,,,2025-06-20
Lift restrictions on prescribing puberty blockers to trans children.,https://petition.parliament.uk/petitions/702538,closed,14272,702538,2025-02-05,,,2025-08-05
"Remove visa requirement: Albania, Kosovo, Montenegro, North Macedonia, Serbia",https://petition.parliament.uk/petitions/702539,closed,97,702539,2024-12-20,,,2025-06-20
A commission to investigate the feasibility & introduction of a Land Value Tax,https://petition.parliament.uk/petitions/702551,closed,252,702551,2024-12-30,,,2025-06-30
Ban the sale of cut-down Christmas trees,https://petition.parliament.uk/petitions/702600,closed,34,702600,2025-01-07,,,2025-07-07
Require all products to show origin of production.,https://petition.parliament.uk/petitions/702605,closed,80,702605,2024-12-23,,,2025-06-23
Increase the statutory paternity leave allowance for fathers of multiple births,https://petition.parliament.uk/petitions/702606,closed,229,702606,2024-12-30,,,2025-06-30
Change building regulations to ensure more women's toilets in public buildings,https://petition.parliament.uk/petitions/702612,closed,58,702612,2024-12-24,,,2025-06-24
Review the child maintenance service,https://petition.parliament.uk/petitions/702615,closed,746,702615,2025-01-14,,,2025-07-14
Launch a review into increasing speed limits on motorways and dual carriageways ,https://petition.parliament.uk/petitions/702636,closed,86,702636,2025-01-15,,,2025-07-15
Seek to start peace talks between Russia and Ukraine,https://petition.parliament.uk/petitions/702643,closed,89,702643,2025-01-23,,,2025-07-23
"Replace the House of Lords with a new, half-elected, term-limited upper house",https://petition.parliament.uk/petitions/702648,closed,107,702648,2025-01-23,,,2025-07-23
Allow driving motorcycles up to 125cc without CBT on category B driving licence,https://petition.parliament.uk/petitions/702649,closed,97,702649,2025-01-20,,,2025-07-20
Change Universal Credit maximum holiday allowance,https://petition.parliament.uk/petitions/702674,closed,30,702674,2024-12-23,,,2025-06-23
Strengthen suitable environment criteria for dogs under animal welfare act,https://petition.parliament.uk/petitions/702676,closed,857,702676,2024-12-23,,,2025-06-23
Save Our High Streets Fairness for Small Businesses protect tenants from (PDRs),https://petition.parliament.uk/petitions/702677,closed,98,702677,2024-12-23,,,2025-06-23
Ban male chick culling in egg production,https://petition.parliament.uk/petitions/702689,closed,151,702689,2025-01-15,,,2025-07-15
Review decision to cede sovereignty of the Chagos Islands to Mauritius,https://petition.parliament.uk/petitions/702712,closed,17648,702712,2024-12-30,,,2025-06-30
Review process for booking driving tests and ban the resale at inflated prices,https://petition.parliament.uk/petitions/702760,closed,11762,702760,2025-01-09,,,2025-07-09
Divert 15% of BBC licence fee income instead of the budget's taxes on farms,https://petition.parliament.uk/petitions/702779,closed,41,702779,2025-01-21,,,2025-07-21
Require Plant-Based Food Options to be the Default in Public Institutions.,https://petition.parliament.uk/petitions/702786,closed,87,702786,2024-12-20,,,2025-06-20
Review the system of expenses and allowances for MPs,https://petition.parliament.uk/petitions/702821,closed,955,702821,2024-12-24,,,2025-06-24
Reduce funds directed towards migrant support by 70%,https://petition.parliament.uk/petitions/702843,closed,619,702843,2024-12-20,,,2025-06-20
"Raise the income tax personal allowance from £12,570 to £20,000 ",https://petition.parliament.uk/petitions/702844,closed,281794,702844,2024-12-20,2025-02-10,2025-05-12,2025-06-20
Extend free bus travel for people over 60 in England,https://petition.parliament.uk/petitions/702845,closed,101204,702845,2024-12-27,2025-06-26,2026-01-05,2025-06-27
Ban plastic food covers such as cling film,https://petition.parliament.uk/petitions/702851,closed,163,702851,2024-12-31,,,2025-06-30
Protect Free Speech in Public: Amend the Public Order Act 1986,https://petition.parliament.uk/petitions/702852,closed,153,702852,2025-01-24,,,2025-07-24
Introduce maintenance payments from third parties that contribute to divorce.,https://petition.parliament.uk/petitions/702900,closed,109,702900,2025-02-21,,,2025-08-21
Remove illegal immigrants from UK hotels and set up temporary camping sites,https://petition.parliament.uk/petitions/702908,closed,3555,702908,2024-12-17,,,2025-06-17
Reduce VAT for hospitality businesses,https://petition.parliament.uk/petitions/702928,closed,76,702928,2024-12-24,,,2025-06-24
Improve the family court system by abolishing Cafcass completely,https://petition.parliament.uk/petitions/702940,closed,58,702940,2025-01-07,,,2025-07-07
Reform the Dangerous Dogs Act (DDA) 1991: keep the public safe,https://petition.parliament.uk/petitions/702953,closed,1498,702953,2024-12-20,,,2025-06-20
Amend Children Act 1989 to presume grandchild-grandparent contact,https://petition.parliament.uk/petitions/702972,closed,493,702972,2025-01-27,,,2025-07-27
"Reduce corporation tax for small businesses with profits under £50,000 to 13%",https://petition.parliament.uk/petitions/702979,closed,52,702979,2024-12-24,,,2025-06-24
Do Not Call a General Election,https://petition.parliament.uk/petitions/703000,closed,73,703000,2024-12-19,,,2025-06-19
Put British companies first: only tender government contracts to UK companies,https://petition.parliament.uk/petitions/703010,closed,204,703010,2024-12-24,,,2025-06-24
Provide tax refund for work commute expenses,https://petition.parliament.uk/petitions/703034,closed,84,703034,2024-12-24,,,2025-06-24
Cap car insurance prices,https://petition.parliament.uk/petitions/703058,closed,171,703058,2025-01-08,,,2025-07-08
Require all civil servants to work in the office 5 days a week,https://petition.parliament.uk/petitions/703090,closed,99,703090,2024-12-20,,,2025-06-20
To give more funding to Uniformed Youth Organisations to support young people.,https://petition.parliament.uk/petitions/703115,closed,42,703115,2024-12-20,,,2025-06-20
Independent Third-Party to handle and store NHS Health Records,https://petition.parliament.uk/petitions/703120,closed,46,703120,2024-12-20,,,2025-06-20
Make it illegal to smoke on hospital grounds,https://petition.parliament.uk/petitions/703125,closed,117,703125,2025-01-03,,,2025-07-03
"Require news outlets to publish clear, accurate headlines",https://petition.parliament.uk/petitions/703126,closed,70,703126,2025-01-06,,,2025-07-06
Repeal the vagrancy act of 1824 & introduce “leave no trace laws”,https://petition.parliament.uk/petitions/703142,closed,139,703142,2024-12-24,,,2025-06-24
Don’t consider bonus or overtime payments when calculating universal credit,https://petition.parliament.uk/petitions/703143,closed,90,703143,2024-12-24,,,2025-06-24
Require schools to allow students to wear their own clothes at least once a week,https://petition.parliament.uk/petitions/703155,closed,27,703155,2025-01-06,,,2025-07-06
Reverse April 2024 COS Restrictions for Ofsted Regulated Care Workers,https://petition.parliament.uk/petitions/703185,closed,51,703185,2024-12-20,,,2025-06-20
Deport all immigrants that arrive illegally from safe countries,https://petition.parliament.uk/petitions/703195,closed,7875,703195,2025-01-07,,,2025-07-07
"Improve benefits for veterans
",https://petition.parliament.uk/petitions/703200,closed,81,703200,2024-12-20,,,2025-06-20
Introduce Transport Discounts for Students based on their academic grades,https://petition.parliament.uk/petitions/703207,closed,16,703207,2025-01-06,,,2025-07-06
Review the monarch's powers to include crisis resolution,https://petition.parliament.uk/petitions/703209,closed,49,703209,2025-01-31,,,2025-07-31
Create a scheme to create employment opportunities for homeless people ,https://petition.parliament.uk/petitions/703217,closed,66,703217,2024-12-20,,,2025-06-20
Re-Recognise Somaliland as an Independent State,https://petition.parliament.uk/petitions/703233,closed,93,703233,2025-01-14,,,2025-07-14
Cap cost of food and pet food prices,https://petition.parliament.uk/petitions/703239,closed,119,703239,2025-01-07,,,2025-07-07
Provide free school meals to all school children,https://petition.parliament.uk/petitions/703256,closed,178,703256,2025-01-06,,,2025-07-06
Restrict the right to a Postal Vote to certain groups,https://petition.parliament.uk/petitions/703269,closed,89,703269,2025-01-23,,,2025-07-23
Ban large solar schemes on farmland/open countryside and promote solar on roofs,https://petition.parliament.uk/petitions/703284,closed,27297,703284,2025-01-27,,,2025-07-27
Require clothes labels to show the retailer the clothes were made for,https://petition.parliament.uk/petitions/703312,closed,52,703312,2024-12-20,,,2025-06-20
Reform the General Election System to Allow Direct Voting for Political Parties,https://petition.parliament.uk/petitions/703323,closed,52,703323,2025-02-25,,,2025-08-25
Amend the Recall of MPs Act 2015 for MPs who have misled voters,https://petition.parliament.uk/petitions/703329,closed,7015,703329,2024-12-31,,,2025-06-30
Review the UK political system,https://petition.parliament.uk/petitions/703330,closed,61,703330,2024-12-20,,,2025-06-20
"To make Shrove Tuesday ""Pancake Day"" a national holiday in England and Wales",https://petition.parliament.uk/petitions/703366,closed,68,703366,2025-01-02,,,2025-07-02
Require TV channels to provide an opt out of distressing tv adverts,https://petition.parliament.uk/petitions/703377,closed,48,703377,2025-01-06,,,2025-07-06
Require schools to allow children to use the toilet at all times,https://petition.parliament.uk/petitions/703387,closed,245,703387,2025-01-15,,,2025-07-15
Introduce legislation restricting nonsurgical aesthetics to medical doctors only,https://petition.parliament.uk/petitions/703401,closed,2691,703401,2025-01-07,,,2025-07-07
Reduce excise duty on cigars and pipe tobacco,https://petition.parliament.uk/petitions/703443,closed,196,703443,2025-03-06,,,2025-09-06
Recognise gambling as a trade and form of income for child maintenance,https://petition.parliament.uk/petitions/703488,closed,44,703488,2024-12-30,,,2025-06-30
Make spiking an indictable offence ,https://petition.parliament.uk/petitions/703552,closed,75,703552,2025-01-09,,,2025-07-09
Require schools to have a half day on a Friday or Monday,https://petition.parliament.uk/petitions/703554,closed,60,703554,2024-12-24,,,2025-06-24
Require signage that barns or stables are 1/2 a mile ahead,https://petition.parliament.uk/petitions/703597,closed,32,703597,2024-12-24,,,2025-06-24
Review the allocation of mental health resources,https://petition.parliament.uk/petitions/703599,closed,85,703599,2024-12-24,,,2025-06-24
"Increase defence spending by 0.15% of GDP per year, until it reaches 3.5% of GDP",https://petition.parliament.uk/petitions/703607,closed,767,703607,2024-12-24,,,2025-06-24
Introduce a mandatory driving test for moped/small motorcycle users,https://petition.parliament.uk/petitions/703618,closed,161,703618,2025-01-06,,,2025-07-06
"Remove all live music license requirement for pubs, clubs and venues.",https://petition.parliament.uk/petitions/703624,closed,42,703624,2024-12-31,,,2025-06-30
"Develop, publish, and implement a new National Dementia Strategy",https://petition.parliament.uk/petitions/703633,closed,757,703633,2024-12-24,,,2025-06-24
No visa restrictions to all citizens of Uzbekistan to enter the UK,https://petition.parliament.uk/petitions/703663,closed,18,703663,2025-01-20,,,2025-07-20
Include the Lord's Prayer in the national curriculum,https://petition.parliament.uk/petitions/703731,closed,380,703731,2025-01-08,,,2025-07-08
Abolish leasehold ownership,https://petition.parliament.uk/petitions/703733,closed,460,703733,2024-12-27,,,2025-06-27
"Reduce income taxes on earnings under £50,000 and increase personal allowance",https://petition.parliament.uk/petitions/703743,closed,812,703743,2025-01-13,,,2025-07-13
Improve mental health services for neurodiverse young people,https://petition.parliament.uk/petitions/703764,closed,613,703764,2024-12-24,,,2025-06-24
"Introduce compulsory voting, 50% winning threshold and non-of-the-above option",https://petition.parliament.uk/petitions/703780,closed,500,703780,2024-12-23,,,2025-06-23
Abolish inheritance tax,https://petition.parliament.uk/petitions/703787,closed,497,703787,2025-01-29,,,2025-07-29
Grant Voting Rights in General Elections to UK Residents with Settled Status,https://petition.parliament.uk/petitions/703789,closed,131,703789,2025-01-03,,,2025-07-03
"Ban online pornography, and the making and selling of pornography",https://petition.parliament.uk/petitions/703790,closed,796,703790,2025-01-02,,,2025-07-02
Stop DWP repeating PIP assessments for disabled people,https://petition.parliament.uk/petitions/703827,closed,24442,703827,2024-12-23,,,2025-06-23
Ban smoking and vaping in public spaces,https://petition.parliament.uk/petitions/703841,closed,153,703841,2025-01-03,,,2025-07-03
Do not stop transgender people from receiving care in mainstream hospital wards,https://petition.parliament.uk/petitions/703861,closed,26750,703861,2025-01-09,,,2025-07-09
Create an employment right to take your leave whenever you want,https://petition.parliament.uk/petitions/703874,closed,35,703874,2024-12-20,,,2025-06-20
Impose penalties on MPs for deceit,https://petition.parliament.uk/petitions/703882,closed,142,703882,2024-12-24,,,2025-06-24
Fund access to GLP-1 medications through the NHS for women with PCOS,https://petition.parliament.uk/petitions/703901,closed,840,703901,2025-01-14,,,2025-07-14
Reverse restrictions to landlords’ finance cost relief.,https://petition.parliament.uk/petitions/703918,closed,993,703918,2025-01-17,,,2025-07-17
Increase Research Funding and Improve Treatment for Interstitial Cystitis (IC),https://petition.parliament.uk/petitions/703933,closed,420,703933,2025-01-07,,,2025-07-07
Fund post-surgery bras/breast protheses voucher scheme for all women post cancer,https://petition.parliament.uk/petitions/703953,closed,3072,703953,2025-01-03,,,2025-07-03
"Review state education and students’ wellbeing, especially for children with SEN",https://petition.parliament.uk/petitions/703964,closed,430,703964,2025-01-13,,,2025-07-13
Scrap the 2-child benefit cap,https://petition.parliament.uk/petitions/703975,closed,444,703975,2024-12-24,,,2025-06-24
Require voters to use pens when voting,https://petition.parliament.uk/petitions/703984,closed,111,703984,2024-12-30,,,2025-06-30
Remove all alcohol venues from the UK Parliament,https://petition.parliament.uk/petitions/703992,closed,196,703992,2024-12-24,,,2025-06-24
Separate Church and State,https://petition.parliament.uk/petitions/704014,closed,181,704014,2025-01-08,,,2025-07-08
"Raise the Personal Allowance for pensioners from £12,570 to at least £25,000",https://petition.parliament.uk/petitions/704093,closed,1506,704093,2025-02-14,,,2025-08-14
Uprate state pensions for all UK pensioners living overseas,https://petition.parliament.uk/petitions/704130,closed,426,704130,2025-01-03,,,2025-07-03
Tax banks to recoup the £23bn they lost taxpayers in the banking crisis,https://petition.parliament.uk/petitions/704141,closed,204,704141,2025-01-07,,,2025-07-07
Abolish Business Rates for Early Years Nurseries in England,https://petition.parliament.uk/petitions/704187,closed,543,704187,2024-12-24,,,2025-06-24
"All nannies, tutors and babysitters to have an enhanced DBS check.",https://petition.parliament.uk/petitions/704193,closed,485,704193,2025-01-15,,,2025-07-15
Ban ambient music in public places,https://petition.parliament.uk/petitions/704210,closed,230,704210,2025-01-27,,,2025-07-27
Give parents who split up automatic 50/50 shared care of their children,https://petition.parliament.uk/petitions/704218,closed,388,704218,2025-03-18,,,2025-09-18
Ban the use of generative 'AI' in all creative sectors,https://petition.parliament.uk/petitions/704291,closed,4509,704291,2025-01-28,,,2025-07-28
Create a primary adoption right for unclaimed stray dogs,https://petition.parliament.uk/petitions/704302,closed,56,704302,2025-01-13,,,2025-07-13
Referendum on UK sovereignty over the Chagos Islands.,https://petition.parliament.uk/petitions/704312,closed,1397,704312,2025-01-17,,,2025-07-17
Review the issuing of hormone prescriptions for transgender individuals by GPs,https://petition.parliament.uk/petitions/704447,closed,2075,704447,2025-02-04,,,2025-08-04
Ban the wearing of face-coverings during marches and protests,https://petition.parliament.uk/petitions/704472,closed,3767,704472,2025-01-03,,,2025-07-03
Remove VAT on defibrillators,https://petition.parliament.uk/petitions/704481,closed,70,704481,2025-05-07,,,2025-11-07
Charge Non UK registered vehicles to use UK roads to help fund road repairs,https://petition.parliament.uk/petitions/704599,closed,100,704599,2025-01-07,,,2025-07-07
Government to review NHS agenda for change.,https://petition.parliament.uk/petitions/704626,closed,156,704626,2025-01-17,,,2025-07-17
Require train companies to provide an unlimited subscription for train travel,https://petition.parliament.uk/petitions/704671,closed,41,704671,2025-01-24,,,2025-07-24
Require energy companies to incorporate standing charges into unit prices ,https://petition.parliament.uk/petitions/704678,closed,99,704678,2025-01-06,,,2025-07-06
Free hospital parking for all NHS staff in England ,https://petition.parliament.uk/petitions/704699,closed,445,704699,2025-01-06,,,2025-07-06
Public review of police practices to consider biases,https://petition.parliament.uk/petitions/704740,closed,82,704740,2025-02-14,,,2025-08-14
Introduce a training scheme for young people to qualify for benefits ,https://petition.parliament.uk/petitions/704784,closed,40,704784,2025-01-06,,,2025-07-06
Stop assessing student loans as income for Universal Credit,https://petition.parliament.uk/petitions/704787,closed,54,704787,2025-01-02,,,2025-07-02
Require all non-essential businesses to close on Christmas and Boxing Day,https://petition.parliament.uk/petitions/704790,closed,85,704790,2025-01-06,,,2025-07-06
Review hourly fee from Government to local authorities for childcare providers,https://petition.parliament.uk/petitions/704792,closed,87,704792,2025-01-09,,,2025-07-09
Legally enshrine the right of adults to physically transition using NHS services,https://petition.parliament.uk/petitions/704793,closed,83222,704793,2025-01-28,,,2025-07-28
"Require all meat to be labelled to indicate the method of slaughter, as such",https://petition.parliament.uk/petitions/704797,closed,4693,704797,2025-02-11,,,2025-08-11
Reduce employer and employee NI contributions for apprenticeships,https://petition.parliament.uk/petitions/704815,closed,55,704815,2024-12-31,,,2025-06-30
Introduce an annual Windfall Tax on the most profitable Energy Firms,https://petition.parliament.uk/petitions/704838,closed,94,704838,2025-01-24,,,2025-07-24
Fund free period hygiene products via the NHS for all who need it,https://petition.parliament.uk/petitions/704841,closed,150,704841,2025-01-07,,,2025-07-07
Introduce juries in family courts,https://petition.parliament.uk/petitions/704891,closed,68,704891,2025-01-06,,,2025-07-06
Allow those on 5-year ILR route to combine time spent on all eligible visas,https://petition.parliament.uk/petitions/704940,closed,257,704940,2025-01-16,,,2025-07-16
Abolish the deadline for the purchase of new petrol and diesel cars,https://petition.parliament.uk/petitions/704957,closed,4043,704957,2025-01-08,,,2025-07-08
Require ministers to be Members of the House of Commons and not the Lords,https://petition.parliament.uk/petitions/704996,closed,64,704996,2024-12-31,,,2025-06-30
Ban all developments in high wildlife areas,https://petition.parliament.uk/petitions/705032,closed,238,705032,2025-02-03,,,2025-08-03
Ban energy companies from charging daily standing charges,https://petition.parliament.uk/petitions/705078,closed,349,705078,2025-03-18,,,2025-09-18
Deport all foreign criminals with effect immediately.,https://petition.parliament.uk/petitions/705093,closed,6846,705093,2025-01-14,,,2025-07-14
Require employers & recruiters to give specific reasons for job rejections,https://petition.parliament.uk/petitions/705120,closed,77,705120,2025-03-06,,,2025-09-06
Require All Family Law Professionals to have Training about Domestic Abuse,https://petition.parliament.uk/petitions/705129,closed,147,705129,2025-01-10,,,2025-07-10
Introduce IQ minimum for Government and Parliament members,https://petition.parliament.uk/petitions/705131,closed,76,705131,2025-02-17,,,2025-08-17
UK to advocate for freedom of speech and free press in Eritrea,https://petition.parliament.uk/petitions/705135,closed,38,705135,2025-01-08,,,2025-07-08
Review regulation of gambling self-exclusion schemes,https://petition.parliament.uk/petitions/705139,closed,31,705139,2025-01-20,,,2025-07-20
Reinstate release of certain serious offenders half-way through their sentence,https://petition.parliament.uk/petitions/705154,closed,12370,705154,2025-01-14,,,2025-07-14
Base vehicle excise duty on a combination of mileage and emissions,https://petition.parliament.uk/petitions/705187,closed,35,705187,2025-01-10,,,2025-07-10
Require train operators to allow under 18s to purchase child tickets,https://petition.parliament.uk/petitions/705193,closed,47,705193,2025-01-23,,,2025-07-23
Raise the National Living Wage to £12.50,https://petition.parliament.uk/petitions/705207,closed,60,705207,2025-01-09,,,2025-07-09
Increase funding and reduce waiting times for mental health services,https://petition.parliament.uk/petitions/705221,closed,111,705221,2025-01-07,,,2025-07-07
Only provide foreign aid for national disasters and emergencies,https://petition.parliament.uk/petitions/705222,closed,1188,705222,2025-02-12,,,2025-08-12
Regulate all mental health Therapists ,https://petition.parliament.uk/petitions/705247,closed,181,705247,2025-01-20,,,2025-07-20
Require schools to prioritise siblings over catchment area in admission policies,https://petition.parliament.uk/petitions/705274,closed,51,705274,2025-01-08,,,2025-07-08
Require labelling of beef & dairy from cows fed with additives to reduce methane,https://petition.parliament.uk/petitions/705287,closed,38037,705287,2025-01-07,,,2025-07-07
Hold a Royal Commission on reform of the Westminster voting system,https://petition.parliament.uk/petitions/705311,closed,2374,705311,2025-01-22,,,2025-07-22
Ensure Disabled Residents Can Access Their Own Homes,https://petition.parliament.uk/petitions/705318,closed,568,705318,2025-01-29,,,2025-07-29
Introduce a scheme to pay 15% of heating bill for some over 65s,https://petition.parliament.uk/petitions/705324,closed,63,705324,2025-01-10,,,2025-07-10
Update the Health and Safety at Work Act to be gender neutral,https://petition.parliament.uk/petitions/705328,closed,72,705328,2025-01-08,,,2025-07-08
Raise pay for civil servants and standardise pay bands across departments,https://petition.parliament.uk/petitions/705375,closed,30,705375,2025-01-08,,,2025-07-08
Ban the import of Antarctic Krill Products into the UK,https://petition.parliament.uk/petitions/705377,closed,265,705377,2025-02-14,,,2025-08-14
Debate NetZero policy so UK gas production isn’t replaced with foreign imports.,https://petition.parliament.uk/petitions/705382,closed,1195,705382,2025-01-07,,,2025-07-07
Stop financial and other support for asylum seekers,https://petition.parliament.uk/petitions/705383,closed,427448,705383,2025-01-20,2025-06-03,2025-10-20,2025-07-20
Ban immediately the use of dogs in scientific and regulatory procedures,https://petition.parliament.uk/petitions/705384,closed,257938,705384,2025-02-14,2025-02-18,2025-04-28,2025-08-14
Increase defence spending to a minimum of 3% of GDP with immediate effect.,https://petition.parliament.uk/petitions/705399,closed,316,705399,2025-01-17,,,2025-07-17
Fully Repeal the Gender Recognition Act,https://petition.parliament.uk/petitions/705403,closed,14646,705403,2025-02-12,,,2025-08-12
Fund the DVSA to increase the availability of practical driving tests,https://petition.parliament.uk/petitions/705408,closed,124,705408,2025-01-08,,,2025-07-08
Require pubs and food and drink businesses to have dog free areas,https://petition.parliament.uk/petitions/705422,closed,145,705422,2025-01-16,,,2025-07-16
Introduce a trained jury,https://petition.parliament.uk/petitions/705435,closed,30,705435,2025-01-30,,,2025-07-30
Review children’s services processes for removing children from their parents,https://petition.parliament.uk/petitions/705471,closed,72,705471,2025-01-09,,,2025-07-09
Make the state pension the same as the minimum wage for a full time worker,https://petition.parliament.uk/petitions/705477,closed,204,705477,2025-01-10,,,2025-07-10
Include investment property mortgages when calculating child maintenance,https://petition.parliament.uk/petitions/705492,closed,17,705492,2025-01-08,,,2025-07-08
Regulate veterinary practices to help make them more affordable,https://petition.parliament.uk/petitions/705499,closed,700,705499,2025-01-08,,,2025-07-08
Review how to close the gender health gap and improve women's healthcare,https://petition.parliament.uk/petitions/705507,closed,175,705507,2025-03-14,,,2025-09-14
Require care providers to reimburse care workers for use of personal vehicles,https://petition.parliament.uk/petitions/705517,closed,73,705517,2025-01-30,,,2025-07-30
Stop publicly funded legal aid to illegal immigrants,https://petition.parliament.uk/petitions/705520,closed,1657,705520,2025-03-06,,,2025-09-06
Ban vaping in pubs,https://petition.parliament.uk/petitions/705528,closed,119,705528,2025-01-09,,,2025-07-09
Abolish council tax banding. Everyone should pay the same,https://petition.parliament.uk/petitions/705531,closed,58,705531,2025-01-08,,,2025-07-08
UK Government To Create A British International Rail Company.,https://petition.parliament.uk/petitions/705580,closed,111,705580,2025-01-17,,,2025-07-17
Make it a crime to purposely delay ringing the emergency services,https://petition.parliament.uk/petitions/705601,closed,10385,705601,2025-01-10,,,2025-07-10
"Include a ""Right to food and water"" in the Human Rights Act 1998",https://petition.parliament.uk/petitions/705620,closed,65,705620,2025-02-17,,,2025-08-17
Allow Road Legal Motorcycles to use Bridle paths,https://petition.parliament.uk/petitions/705625,closed,30,705625,2025-01-10,,,2025-07-10
Archie’s Army Law - Rights for parents with a child in critical care by injury,https://petition.parliament.uk/petitions/705644,closed,2535,705644,2025-02-17,,,2025-08-17
Declare a Bank Holiday in 2025 for the 80th anniversaries VE Day and VJ Day,https://petition.parliament.uk/petitions/705663,closed,735,705663,2025-01-13,,,2025-07-13
Recognise Police Special Constables under s50 of the Employment Rights Act 1996.,https://petition.parliament.uk/petitions/705673,closed,1112,705673,2025-01-17,,,2025-07-17
Extend Armed Forces preserved pensions to pre-1975 veterans,https://petition.parliament.uk/petitions/705682,closed,40,705682,2025-01-24,,,2025-07-24
Bank holiday for the 80th Anniversary of the end of WWII,https://petition.parliament.uk/petitions/705685,closed,46,705685,2025-01-10,,,2025-07-10
Create a Unified Database for Viewing All PCNs,https://petition.parliament.uk/petitions/705689,closed,23,705689,2025-01-23,,,2025-07-23
Prohibit short-selling on companies developing life-saving treatment,https://petition.parliament.uk/petitions/705751,closed,138,705751,2025-02-14,,,2025-08-14
Condemn human rights violations in Pakistan and consider how to support victims,https://petition.parliament.uk/petitions/705754,closed,173,705754,2025-02-04,,,2025-08-04
Impose a lifetime ban on animal ownership for anyone convicted of animal cruelty,https://petition.parliament.uk/petitions/705772,closed,16283,705772,2025-01-20,,,2025-07-20
Scrap student loan interest rates in England,https://petition.parliament.uk/petitions/705777,closed,718,705777,2025-02-13,,,2025-08-13
Mandate CCTV in any educational setting that cares for children with SEND,https://petition.parliament.uk/petitions/705801,closed,1225,705801,2025-01-10,,,2025-07-10
Don't send troops to Ukraine to support peacekeeping,https://petition.parliament.uk/petitions/705814,closed,6703,705814,2025-02-14,,,2025-08-14
Make it a legal requirement to call for an ambulance when required,https://petition.parliament.uk/petitions/705824,closed,70,705824,2025-04-09,,,2025-10-09
Ban the use of feed additives to reduce methane in cattle,https://petition.parliament.uk/petitions/705843,closed,400,705843,2025-01-16,,,2025-07-16
Reduce stamp duty for additional property & reinstate multiple dwellings relief,https://petition.parliament.uk/petitions/705856,closed,54,705856,2025-01-13,,,2025-07-13
Establish Harvest Day as a national bank holiday.,https://petition.parliament.uk/petitions/705867,closed,41,705867,2025-01-14,,,2025-07-14
Increase funding for transgender healthcare to reduce waiting times & train GPs,https://petition.parliament.uk/petitions/705870,closed,6318,705870,2025-01-14,,,2025-07-14
Regulate Generative AI imagery,https://petition.parliament.uk/petitions/705886,closed,355,705886,2025-01-13,,,2025-07-13
Legislate against reselling or giving up young puppies/kittens to a third party,https://petition.parliament.uk/petitions/705902,closed,136,705902,2025-01-20,,,2025-07-20
Pay pensioners the equivalent of the living wage of a 35 hour week.,https://petition.parliament.uk/petitions/705918,closed,15606,705918,2025-01-20,,,2025-07-20
Scrap RPI +3% interest on plan 2 & postgrad student loans & charge RPI only,https://petition.parliament.uk/petitions/705923,closed,85,705923,2025-06-20,,,2025-12-20
"Lower financial requirement for Spouse Visa from £29,000 back to £18,600",https://petition.parliament.uk/petitions/705929,closed,2441,705929,2025-01-13,,,2025-07-13
Regulate Ultra Processed Food (UPF) packaging and marketing,https://petition.parliament.uk/petitions/705956,closed,259,705956,2025-01-27,,,2025-07-27
Provide funding to help the television industry and support TV freelancers,https://petition.parliament.uk/petitions/705960,closed,2848,705960,2025-01-28,,,2025-07-28
Change the threshold for Historic (Classic) vehicles to 25 years or less,https://petition.parliament.uk/petitions/705961,closed,44,705961,2025-01-13,,,2025-07-13
Allow the Commissioner for Standards to investigate MPs' constituent casework,https://petition.parliament.uk/petitions/705964,closed,166,705964,2025-01-14,,,2025-07-14
Give employers tax breaks on wages,https://petition.parliament.uk/petitions/705974,closed,28,705974,2025-01-15,,,2025-07-15
Hold a review into Gambling Commission changes to online gambling regulations.,https://petition.parliament.uk/petitions/705982,closed,21,705982,2025-01-16,,,2025-07-16
Launch an inquiry into excess deaths in 2020-2023,https://petition.parliament.uk/petitions/705986,closed,41,705986,2025-01-20,,,2025-07-20
Launch an inquiry into structural racism experienced by Travellers,https://petition.parliament.uk/petitions/705987,closed,35,705987,2025-01-27,,,2025-07-27
Change the CMS to make it more transparent for paying parents,https://petition.parliament.uk/petitions/706014,closed,45,706014,2025-01-16,,,2025-07-16
Amend Human Rights Act and review all laws,https://petition.parliament.uk/petitions/706016,closed,82,706016,2025-03-04,,,2025-09-04
"Review UK immigration policies, including a cap the number of people arriving ",https://petition.parliament.uk/petitions/706038,closed,236,706038,2025-01-14,,,2025-07-14
Don't have an earnings limit for Carer's Allowance,https://petition.parliament.uk/petitions/706052,closed,86,706052,2025-01-30,,,2025-07-30
Remove VAT from pet veterinarian bills,https://petition.parliament.uk/petitions/706056,closed,171,706056,2025-03-20,,,2025-09-20
Reduce EV charging VAT rate from 20% to 5% on the public charging network,https://petition.parliament.uk/petitions/706078,closed,55,706078,2025-01-23,,,2025-07-23
We Want Affordable Housing for All.,https://petition.parliament.uk/petitions/706105,closed,157,706105,2025-01-17,,,2025-07-17
Compulsory immediate prison sentences for people convicted of rape,https://petition.parliament.uk/petitions/706130,closed,189,706130,2025-01-27,,,2025-07-27
Allow state pension recipients to claim full carer’s allowance,https://petition.parliament.uk/petitions/706141,closed,284,706141,2025-01-15,,,2025-07-15
Legally designate social media platforms as “Publishers”,https://petition.parliament.uk/petitions/706148,closed,35,706148,2025-03-03,,,2025-09-03
Change the legal definition of Rape to allow women to be charged with rape,https://petition.parliament.uk/petitions/706166,closed,252,706166,2025-01-21,,,2025-07-21
Equal Parental Leave for Fathers: Reform UK statutory Paternity leave Policies,https://petition.parliament.uk/petitions/706168,closed,219,706168,2025-01-20,,,2025-07-20
"Require convicted MPs, Peers and Civil Servants to be removed from office",https://petition.parliament.uk/petitions/706177,closed,306,706177,2025-01-14,,,2025-07-14
Advocate for and act to support the protection of Hindu minorities in Bangladesh,https://petition.parliament.uk/petitions/706203,closed,67,706203,2025-01-14,,,2025-07-14
Review of compensation for those wrongfully imprisoned,https://petition.parliament.uk/petitions/706228,closed,36,706228,2025-01-28,,,2025-07-28
Abolish VAT on fitness services,https://petition.parliament.uk/petitions/706241,closed,39,706241,2025-01-15,,,2025-07-15
Increase the period an employment tribunal claim can be made to a year,https://petition.parliament.uk/petitions/706254,closed,29,706254,2025-02-17,,,2025-08-17
End public funding for faith schools,https://petition.parliament.uk/petitions/706266,closed,192,706266,2025-01-31,,,2025-07-31
Ban nurseries from charging parents for keeping their children off sick.,https://petition.parliament.uk/petitions/706294,closed,52,706294,2025-01-21,,,2025-07-21
End the use of cages and crates for all farmed animals,https://petition.parliament.uk/petitions/706302,closed,108278,706302,2025-01-24,2025-04-22,2025-06-16,2025-07-24
GPSR: Negotiate with the EU to let UK Businesses to Act as an Authorised Person,https://petition.parliament.uk/petitions/706304,closed,31,706304,2025-01-15,,,2025-07-15
Make hoverboards legal to use on public roads and footpaths,https://petition.parliament.uk/petitions/706311,closed,20,706311,2025-05-19,,,2025-11-19
Ban the Shaving of 90% of Tail Hair from the Draught Horse Breed.,https://petition.parliament.uk/petitions/706336,closed,562,706336,2025-01-17,,,2025-07-17
Introduce compulsory voting,https://petition.parliament.uk/petitions/706341,closed,179,706341,2025-01-30,,,2025-07-30
Changes of inspections for Early Years including how grading is given.,https://petition.parliament.uk/petitions/706342,closed,268,706342,2025-01-16,,,2025-07-16
Establish a Strategic Digital Assets Reserve,https://petition.parliament.uk/petitions/706344,closed,1063,706344,2025-05-02,,,2025-11-02
Extend parental bereavement leave after the loss of a child.,https://petition.parliament.uk/petitions/706347,closed,1596,706347,2025-01-15,,,2025-07-15
Make sponsorship cheaper and more flexible for small care businesses,https://petition.parliament.uk/petitions/706391,closed,71,706391,2025-02-26,,,2025-08-26
Regulate small animal breeding,https://petition.parliament.uk/petitions/706400,closed,227,706400,2025-01-16,,,2025-07-16
Allow Ukrainian children in the UK to apply for settlement,https://petition.parliament.uk/petitions/706401,closed,55,706401,2025-01-16,,,2025-07-16
Restrict lorries to the left lane on dual carriageways and motorways,https://petition.parliament.uk/petitions/706409,closed,46,706409,2025-02-13,,,2025-08-13
Remove the Asset Purchase Facility Deed of Indemnity ,https://petition.parliament.uk/petitions/706411,closed,41,706411,2025-01-28,,,2025-07-28
Remove actively farmed land from IHT valuations,https://petition.parliament.uk/petitions/706423,closed,48,706423,2025-03-14,,,2025-09-14
Have a public inquiry into the Driver and Vehicle Standards Agency,https://petition.parliament.uk/petitions/706426,closed,95,706426,2025-01-21,,,2025-07-21
Gift retired helicopters and a support package to Ukraine,https://petition.parliament.uk/petitions/706447,closed,109,706447,2025-01-20,,,2025-07-20
Hospital Treatment should not count towards School Absence figures,https://petition.parliament.uk/petitions/706456,closed,84,706456,2025-01-20,,,2025-07-20
Require there to be general election to replace a Prime Minister,https://petition.parliament.uk/petitions/706459,closed,534,706459,2025-01-21,,,2025-07-21
Ban on knife possession except for licensed/trade purposes & increase sentences,https://petition.parliament.uk/petitions/706494,closed,126,706494,2025-01-20,,,2025-07-20
Every school & college to be obliged to have an evacuation chair & training,https://petition.parliament.uk/petitions/706513,closed,104197,706513,2025-02-18,2025-08-05,2025-12-01,2025-08-18
Review traditional and social media regulation ,https://petition.parliament.uk/petitions/706535,closed,5753,706535,2025-01-20,,,2025-07-20
Ban all tobacco cigarettes completely.,https://petition.parliament.uk/petitions/706571,closed,47,706571,2025-03-03,,,2025-09-03
Increase the Army Cadet Force Budget to £50 million,https://petition.parliament.uk/petitions/706591,closed,65,706591,2025-01-24,,,2025-07-24
Introduce a new code of electoral ethics.,https://petition.parliament.uk/petitions/706611,closed,142,706611,2025-01-17,,,2025-07-17
A2 motorcycle licences to upgrade to an A license automatically after 2 years,https://petition.parliament.uk/petitions/706650,closed,3412,706650,2025-01-24,,,2025-07-24
Include science based Intelligently Designed Creation in the Science Curriculum,https://petition.parliament.uk/petitions/706659,closed,31,706659,2025-01-23,,,2025-07-23
Government to provide information about objects flying above US airbases in UK,https://petition.parliament.uk/petitions/706683,closed,157,706683,2025-02-04,,,2025-08-04
Regulate how social media firms maximise user engagement.,https://petition.parliament.uk/petitions/706694,closed,46,706694,2025-01-17,,,2025-07-17
Ban isolation in schools,https://petition.parliament.uk/petitions/706703,closed,424,706703,2025-01-20,,,2025-07-20
Set out a detailed plan to improve palliative care,https://petition.parliament.uk/petitions/706704,closed,52,706704,2025-01-21,,,2025-07-21
Legislate for a council tax discount for all pensioners,https://petition.parliament.uk/petitions/706707,closed,11201,706707,2025-02-06,,,2025-08-06
Make GCSE Science an optional subject,https://petition.parliament.uk/petitions/706737,closed,32,706737,2025-01-20,,,2025-07-20
Require licenses to use an electric bike or electric scooter,https://petition.parliament.uk/petitions/706750,closed,200,706750,2025-03-05,,,2025-09-05
Social Service visits for at risk children to be unannounced. Child must be seen,https://petition.parliament.uk/petitions/706781,closed,137,706781,2025-01-30,,,2025-07-30
Developers should make new medium to large housing estates fully adoptable.,https://petition.parliament.uk/petitions/706798,closed,69,706798,2025-03-06,,,2025-09-06
Minimum sentence of 30 years in prison for minors who commit premeditated murder,https://petition.parliament.uk/petitions/706843,closed,94,706843,2025-02-27,,,2025-08-27
Repeal the 2000 and 2006 Terrorism Acts and review other legislation,https://petition.parliament.uk/petitions/706847,closed,3535,706847,2025-01-21,,,2025-07-21
Require CCTV in all care settings.,https://petition.parliament.uk/petitions/706849,closed,554,706849,2025-01-17,,,2025-07-17
Grant Chagossians a referendum to decide the future of Chagos Islands,https://petition.parliament.uk/petitions/706882,closed,1181,706882,2025-03-13,,,2025-09-13
Postural Tachycardia Syndrome: fund training and facilities,https://petition.parliament.uk/petitions/706884,closed,21228,706884,2025-01-30,,,2025-07-30
Review the criminal justice system.,https://petition.parliament.uk/petitions/706886,closed,108,706886,2025-01-21,,,2025-07-21
Encourage banks not to refuse mortgages for properties with high service charge,https://petition.parliament.uk/petitions/706965,closed,29,706965,2025-03-03,,,2025-09-03
"Review the case for building 90,000 social rent homes across England",https://petition.parliament.uk/petitions/706994,closed,127,706994,2025-01-21,,,2025-07-21
"Cap of £10,000 per individual donor to political parties",https://petition.parliament.uk/petitions/707011,closed,1575,707011,2025-01-20,,,2025-07-20
Require coriander be displayed in bold text in all product ingredient lists,https://petition.parliament.uk/petitions/707041,closed,25,707041,2025-01-20,,,2025-07-20
Allow night workers the choice to opt out of the 48 hour working limit ,https://petition.parliament.uk/petitions/707048,closed,22,707048,2025-01-28,,,2025-07-28
Introduce employment rights for sex workers,https://petition.parliament.uk/petitions/707052,closed,261,707052,2025-01-30,,,2025-07-30
"Review strategy for youth crime & anti-social behaviour, and increase funding",https://petition.parliament.uk/petitions/707063,closed,149,707063,2025-01-21,,,2025-07-21
Fund free public transport for diagnosed autistic people,https://petition.parliament.uk/petitions/707064,closed,122,707064,2025-01-20,,,2025-07-20
Restart issuing oil and gas licenses in the North Sea,https://petition.parliament.uk/petitions/707101,closed,10565,707101,2025-01-21,,,2025-07-21
Allow England to have a devolved parliament,https://petition.parliament.uk/petitions/707102,closed,50,707102,2025-01-20,,,2025-07-20
Create state-owned housing for MPs to use,https://petition.parliament.uk/petitions/707155,closed,72,707155,2025-02-25,,,2025-08-25
Ban AI until there is an international framework for its use and conduct checks,https://petition.parliament.uk/petitions/707170,closed,243,707170,2025-05-02,,,2025-11-02
Tighten the rules on political donations,https://petition.parliament.uk/petitions/707189,closed,144783,707189,2025-01-22,2025-01-28,2025-03-31,2025-07-22
Include hair colour as a protected characteristic under the Equality Act,https://petition.parliament.uk/petitions/707199,closed,37,707199,2025-01-22,,,2025-07-22
Protect single/lone parents under the Equality Act,https://petition.parliament.uk/petitions/707213,closed,40,707213,2025-01-28,,,2025-07-28
Review how law handles tool theft,https://petition.parliament.uk/petitions/707224,closed,63,707224,2025-01-28,,,2025-07-28
Stricter regulations on the breeding and sale/adoption of pets,https://petition.parliament.uk/petitions/707248,closed,70,707248,2025-01-23,,,2025-07-23
Ban cross-examination of victims of sexual abuse,https://petition.parliament.uk/petitions/707252,closed,67,707252,2025-01-23,,,2025-07-23
Remove requirement to have motor insurance unless you have past driving offences,https://petition.parliament.uk/petitions/707255,closed,44,707255,2025-01-27,,,2025-07-27
Compensate people excluded from Government COVID support schemes,https://petition.parliament.uk/petitions/707263,closed,1339,707263,2025-01-24,,,2025-07-24
Require all healthcare environments to be wheelchair accessible,https://petition.parliament.uk/petitions/707276,closed,149,707276,2025-01-21,,,2025-07-21
Require charities to introduce caps on their CEO's pay,https://petition.parliament.uk/petitions/707291,closed,99,707291,2025-01-21,,,2025-07-21
Deny free NHS healthcare to anyone found to smoke or vape.,https://petition.parliament.uk/petitions/707304,closed,28,707304,2025-02-13,,,2025-08-13
Fund improved care and support for individuals with FASD.,https://petition.parliament.uk/petitions/707325,closed,2461,707325,2025-01-21,,,2025-07-21
Require enhanced DBS checks for ALL employees in contact with vulnerable people,https://petition.parliament.uk/petitions/707330,closed,349,707330,2025-01-29,,,2025-07-29
"Reform the funding of political parties in the UK, with a limit on donations.",https://petition.parliament.uk/petitions/707338,closed,76,707338,2025-01-29,,,2025-07-29
Review funding for our police services,https://petition.parliament.uk/petitions/707344,closed,168,707344,2025-01-24,,,2025-07-24
Make not having a fire/smoke alarm in a home illegal,https://petition.parliament.uk/petitions/707360,closed,42,707360,2025-01-27,,,2025-07-27
Remove VAT on life saving equipment,https://petition.parliament.uk/petitions/707370,closed,42,707370,2025-03-07,,,2025-09-07
Protect Driven Grouse Shooting,https://petition.parliament.uk/petitions/707392,closed,39,707392,2025-01-24,,,2025-07-24
Fund free regular prescriptions for mental health patients,https://petition.parliament.uk/petitions/707406,closed,128,707406,2025-01-22,,,2025-07-22
"Introduce a written UK constitution, with protections like US first amendment.",https://petition.parliament.uk/petitions/707416,closed,69,707416,2025-02-26,,,2025-08-26
Hold a referendum on Reintroducing the Rwanda scheme.,https://petition.parliament.uk/petitions/707436,closed,200,707436,2025-01-23,,,2025-07-23
Pause Employment Rights Bill to assess impacts on SMEs,https://petition.parliament.uk/petitions/707451,closed,49,707451,2025-01-28,,,2025-07-28
Use diplomatic and trade influence to stop hot branding cattle around the world,https://petition.parliament.uk/petitions/707473,closed,65,707473,2025-02-24,,,2025-08-24
Introduce legislation in order to outlaw the installation of 5G masts,https://petition.parliament.uk/petitions/707479,closed,556,707479,2025-02-12,,,2025-08-12
Create a statutory property information service with house buying information,https://petition.parliament.uk/petitions/707485,closed,27,707485,2025-01-23,,,2025-07-23
Make MP recall rules stricter,https://petition.parliament.uk/petitions/707488,closed,73,707488,2025-01-24,,,2025-07-24
Require rail customers to be told the cheapest possible fare,https://petition.parliament.uk/petitions/707493,closed,69,707493,2025-01-23,,,2025-07-23
Review how to protect jobs from being taken by AI technology,https://petition.parliament.uk/petitions/707509,closed,122,707509,2025-01-24,,,2025-07-24
Create a scheme to help younger people get work experience.,https://petition.parliament.uk/petitions/707531,closed,49,707531,2025-01-22,,,2025-07-22
Amend the Pet Abduction Act to include horses,https://petition.parliament.uk/petitions/707542,closed,462,707542,2025-01-16,,,2025-07-16
Tougher Penalties for drivers with loud cars,https://petition.parliament.uk/petitions/707574,closed,155,707574,2025-01-27,,,2025-07-27
Make private flyers pay for their Carbon emissions,https://petition.parliament.uk/petitions/707608,closed,265,707608,2025-03-10,,,2025-09-10
Reduce council tax by 50% for single persons,https://petition.parliament.uk/petitions/707636,closed,1573,707636,2025-01-28,,,2025-07-28
Ban Insurance Increases After Non-Fault Claims,https://petition.parliament.uk/petitions/707654,closed,97,707654,2025-01-28,,,2025-07-28
Make automatic dissolution of Parliament every 4 years,https://petition.parliament.uk/petitions/707667,closed,59,707667,2025-01-24,,,2025-07-24
Allow families with SEN children 10 days term-time holiday without being fined,https://petition.parliament.uk/petitions/707685,closed,18610,707685,2025-01-28,,,2025-07-28
Give courts powers to order local authorities to fund family therapy,https://petition.parliament.uk/petitions/707691,closed,88,707691,2025-01-24,,,2025-07-24
Reduce the ILR qualifying period from 5 years to 3 years for legal immigrants,https://petition.parliament.uk/petitions/707698,closed,47087,707698,2025-01-23,,,2025-07-23
Fund more schools for children with special and additional needs,https://petition.parliament.uk/petitions/707709,closed,324,707709,2025-01-27,,,2025-07-27
Introduce a new rule for MPs to take an oath to adhere to the Nolan principles,https://petition.parliament.uk/petitions/707753,closed,57,707753,2025-02-13,,,2025-08-13
Hold landowners accountable for raptor persecution on their land,https://petition.parliament.uk/petitions/707755,closed,54,707755,2025-02-03,,,2025-08-03
Government to set out plans for reducing rail fares,https://petition.parliament.uk/petitions/707759,closed,385,707759,2025-01-30,,,2025-07-30
Mandate that HMRC refers all complaints to IOPC,https://petition.parliament.uk/petitions/707785,closed,33,707785,2025-01-30,,,2025-07-30
Increase the 5 year term required to obtain Indefinite Right to Remain in the UK,https://petition.parliament.uk/petitions/707800,closed,110,707800,2025-02-12,,,2025-08-12
Increase maximum animal cruelty punishment from five years to eight years,https://petition.parliament.uk/petitions/707848,closed,150,707848,2025-01-27,,,2025-07-27
Urge the Spanish government to discourage octopus farms,https://petition.parliament.uk/petitions/707851,closed,182,707851,2025-02-14,,,2025-08-14
Collect and publish data on companion animal euthanasia,https://petition.parliament.uk/petitions/707853,closed,1828,707853,2025-01-29,,,2025-07-29
Ban boilers that use natural gas in all new house builds,https://petition.parliament.uk/petitions/707891,closed,79,707891,2025-01-27,,,2025-07-27
Regulate bots purchasing collectibles online,https://petition.parliament.uk/petitions/707905,closed,41,707905,2025-01-27,,,2025-07-27
Abolish council Tax,https://petition.parliament.uk/petitions/707913,closed,853,707913,2025-01-24,,,2025-07-24
Stricter laws for delivery companies: provide location info & access to parcels,https://petition.parliament.uk/petitions/707922,closed,47,707922,2025-02-07,,,2025-08-07
"Increase the incentive for employers employing an apprentice to £2,000",https://petition.parliament.uk/petitions/707932,closed,1305,707932,2025-01-30,,,2025-07-30
Review care for sickle cell patients within the NHS,https://petition.parliament.uk/petitions/707958,closed,3898,707958,2025-02-25,,,2025-08-25
Legalise recreational cannabis & release those convicted of cannabis offences.,https://petition.parliament.uk/petitions/707970,closed,1193,707970,2025-01-29,,,2025-07-29
Fund services for women 16-26 who may have suffered sexual abuse trauma,https://petition.parliament.uk/petitions/707978,closed,54,707978,2025-01-27,,,2025-07-27
Require political parties to pay inheritance tax on gifts ,https://petition.parliament.uk/petitions/707983,closed,62,707983,2025-02-18,,,2025-08-18
Ban Generative AI and review how to best regulate other AI tools,https://petition.parliament.uk/petitions/707995,closed,108,707995,2025-02-12,,,2025-08-12
Abolish the SIA (Security Industry Authority),https://petition.parliament.uk/petitions/708013,closed,50,708013,2025-01-29,,,2025-07-29
Ban the sale of all rawhide products for pets,https://petition.parliament.uk/petitions/708014,closed,78,708014,2025-03-05,,,2025-09-05
Mandate the installation of solar panels on all new buildings,https://petition.parliament.uk/petitions/708076,closed,230,708076,2025-01-27,,,2025-07-27
Fund free prescriptions and eye tests for carers,https://petition.parliament.uk/petitions/708109,closed,49,708109,2025-02-13,,,2025-08-13
Review access to hysterectomies for women with PMDD & chronic conditions,https://petition.parliament.uk/petitions/708130,closed,61,708130,2025-02-03,,,2025-08-03
Review regulation utility companies dividends and infrastructure investment,https://petition.parliament.uk/petitions/708153,closed,91,708153,2025-01-28,,,2025-07-28
Set requirements for more background checks for certain professions,https://petition.parliament.uk/petitions/708256,closed,38,708256,2025-05-13,,,2025-11-13
Allow children whose parents are legally in UK to work as sports professionals,https://petition.parliament.uk/petitions/708268,closed,399,708268,2025-02-05,,,2025-08-05
Protect our freedoms: Ban facial recognition of public,https://petition.parliament.uk/petitions/708325,closed,304,708325,2025-01-31,,,2025-07-31
Introduce a distinct attendance code for flexischooling (Code F).,https://petition.parliament.uk/petitions/708358,closed,10869,708358,2025-01-24,,,2025-07-24
The UK should start talks on forming a CANZUK union,https://petition.parliament.uk/petitions/708393,closed,10407,708393,2025-01-24,,,2025-07-24
"Require anti-spiking measurers, increase spiking support and awareness",https://petition.parliament.uk/petitions/708394,closed,357,708394,2025-01-24,,,2025-07-24
Introduce a new honours system for MPs & mayors,https://petition.parliament.uk/petitions/708432,closed,54,708432,2025-02-04,,,2025-08-04
Close salary linked public sector pension schemes to new members,https://petition.parliament.uk/petitions/708449,closed,91,708449,2025-03-20,,,2025-09-20
Fund the NHS to create a national database for NHS medical records,https://petition.parliament.uk/petitions/708467,closed,613,708467,2025-01-28,,,2025-07-28
Keep current payment for hosting under the Homes for Ukraine Scheme,https://petition.parliament.uk/petitions/708469,closed,43,708469,2025-01-28,,,2025-07-28
Fully implement all recommendations of the 2009 Laming Report immediately,https://petition.parliament.uk/petitions/708501,closed,37,708501,2025-03-14,,,2025-09-14
Remove parental responsibility from convicted perpetrators of domestic violence.,https://petition.parliament.uk/petitions/708519,closed,82,708519,2025-04-14,,,2025-10-14
Reduce paperwork for claiming agricultural subsidies,https://petition.parliament.uk/petitions/708540,closed,23,708540,2025-02-03,,,2025-08-03
Stop Religious Education (RE) being compulsory in English schools from Year 10,https://petition.parliament.uk/petitions/708542,closed,39,708542,2025-03-24,,,2025-09-24
Fund Emergency Shelter to anyone Homeless during all named storms.,https://petition.parliament.uk/petitions/708546,closed,2350,708546,2025-01-27,,,2025-07-27
Stop businesses from making staff use annual leave at Christmas,https://petition.parliament.uk/petitions/708549,closed,58,708549,2025-01-27,,,2025-07-27
Prevent the prosecution of veterans for historical offences.,https://petition.parliament.uk/petitions/708556,closed,1347,708556,2025-02-18,,,2025-08-18
We want the Government to grant birth parents the right to have adoptions review,https://petition.parliament.uk/petitions/708573,closed,38,708573,2025-02-06,,,2025-08-06
Introduce online voting in General Elections,https://petition.parliament.uk/petitions/708622,closed,66,708622,2025-02-05,,,2025-08-05
Legislate that bin collections cannot be more than two weeks apart.,https://petition.parliament.uk/petitions/708684,closed,417,708684,2025-01-29,,,2025-07-29
Abolish the requirement for two referees in the British citizenship application,https://petition.parliament.uk/petitions/708690,closed,32,708690,2025-01-30,,,2025-07-30
Allow the Police to use the public genealogy databases to investigate cold cases,https://petition.parliament.uk/petitions/708698,closed,228,708698,2025-01-28,,,2025-07-28
Improve statutory paternity leave in the UK to better support families.,https://petition.parliament.uk/petitions/708707,closed,2669,708707,2025-01-30,,,2025-07-30
Require all public places to have toilets accessible with a medical card,https://petition.parliament.uk/petitions/708712,closed,331,708712,2025-01-30,,,2025-07-30
Ban plastic packaging and use of PFAS in all food-related products,https://petition.parliament.uk/petitions/708727,closed,137,708727,2025-02-25,,,2025-08-25
Fund screening for cytomegalovirus (CMV) in pregnancy and further research.,https://petition.parliament.uk/petitions/708743,closed,111,708743,2025-02-10,,,2025-08-10
Reduce minimum retirement age for ambulance staff to 55,https://petition.parliament.uk/petitions/708806,closed,12741,708806,2025-02-14,,,2025-08-14
Increase funding for mental health services for the LGBT+Q community,https://petition.parliament.uk/petitions/708832,closed,162,708832,2025-01-30,,,2025-07-30
Retain the powers of local planning committees on building applications.,https://petition.parliament.uk/petitions/708852,closed,40,708852,2025-02-10,,,2025-08-10
Fund vouchers for special dietary foods,https://petition.parliament.uk/petitions/708888,closed,46,708888,2025-01-29,,,2025-07-29
Review how the justice system handles financial abuse,https://petition.parliament.uk/petitions/708889,closed,65,708889,2025-01-31,,,2025-07-31
Require DVSA to allow candidates to request Same-Gender Driving Test Examiners ,https://petition.parliament.uk/petitions/708910,closed,38,708910,2025-01-30,,,2025-07-30
Launch a crowdlending service for Government borrowing,https://petition.parliament.uk/petitions/708932,closed,27,708932,2025-03-12,,,2025-09-12
Ban UK exports of pesticides that are banned on UK farms.,https://petition.parliament.uk/petitions/708949,closed,62,708949,2025-03-17,,,2025-09-17
Fund more training for teachers on neurodivergence,https://petition.parliament.uk/petitions/708958,closed,336,708958,2025-02-03,,,2025-08-03
"Legalise pepper spray as a method of self-defence

",https://petition.parliament.uk/petitions/708964,closed,578,708964,2025-03-13,,,2025-09-13
Set a price cap on food in school canteens,https://petition.parliament.uk/petitions/708978,closed,39,708978,2025-03-07,,,2025-09-07
Ban greyhound racing,https://petition.parliament.uk/petitions/709005,closed,433,709005,2025-01-29,,,2025-07-29
Spend more money on research into the effects of vaping.,https://petition.parliament.uk/petitions/709012,closed,111,709012,2025-01-30,,,2025-07-30
Hold a referendum on banning feed additives used to reduce methane in cattle.,https://petition.parliament.uk/petitions/709017,closed,52,709017,2025-02-10,,,2025-08-10
Reinstate legal aid in all areas,https://petition.parliament.uk/petitions/709020,closed,96,709020,2025-01-31,,,2025-07-31
Abolish Sunday trading laws to boost the economy,https://petition.parliament.uk/petitions/709029,closed,161,709029,2025-01-29,,,2025-07-29
Ban booking fees for all entertainment venues and events ,https://petition.parliament.uk/petitions/709039,closed,55,709039,2025-02-03,,,2025-08-03
Add hedgehogs to schedule 5 of the Wildlife & Countryside Act 1981,https://petition.parliament.uk/petitions/709054,closed,14993,709054,2025-01-31,,,2025-07-31
Give police stronger powers to tackle motorcycle theft & increase penalties,https://petition.parliament.uk/petitions/709059,closed,6820,709059,2025-02-13,,,2025-08-13
Create a Cold War Medal for veterans who served in the cold war.,https://petition.parliament.uk/petitions/709073,closed,248,709073,2025-02-05,,,2025-08-05
"Allow self-certification of illness for up to 28 days, rather than 7 days.",https://petition.parliament.uk/petitions/709088,closed,65,709088,2025-01-30,,,2025-07-30
Revoke asylum for Syrian Refugees in light of the change of Government,https://petition.parliament.uk/petitions/709089,closed,433,709089,2025-03-12,,,2025-09-12
Collect and Publish statistics on crimes committed by illegal immigrants,https://petition.parliament.uk/petitions/709094,closed,699,709094,2025-02-03,,,2025-08-03
Amend Student Loan eligibility,https://petition.parliament.uk/petitions/709096,closed,21,709096,2025-02-04,,,2025-08-04
Reinstate the Winter Fuel Allowance for those who are paid the old state pension,https://petition.parliament.uk/petitions/709104,closed,434,709104,2025-02-13,,,2025-08-13
Fine food delivery companies that fail to ensure their cyclists use lights,https://petition.parliament.uk/petitions/709121,closed,45,709121,2025-02-06,,,2025-08-06
Require a licence for prostitution,https://petition.parliament.uk/petitions/709138,closed,45,709138,2025-02-03,,,2025-08-03
"Increase Luxury Car supplement threshold to £53k, in line with inflation",https://petition.parliament.uk/petitions/709150,closed,256,709150,2025-03-14,,,2025-09-14
Amend UNECE Regulation No. 79,https://petition.parliament.uk/petitions/709180,closed,23,709180,2025-01-30,,,2025-07-30
Create mobile phone picture alert scheme for missing children,https://petition.parliament.uk/petitions/709187,closed,34,709187,2025-02-07,,,2025-08-07
Fund cannabis prescriptions for fibromyalgia and other pain conditions,https://petition.parliament.uk/petitions/709199,closed,257,709199,2025-03-14,,,2025-09-14
Do not allow any private companies to be involved in delivering NHS care,https://petition.parliament.uk/petitions/709219,closed,49,709219,2025-02-13,,,2025-08-13
"Make all households with income under £200,000 eligible for free childcare",https://petition.parliament.uk/petitions/709230,closed,547,709230,2025-02-06,,,2025-08-06
Regulate the way that Gyms can increase the price in the middle of a contract.,https://petition.parliament.uk/petitions/709258,closed,35,709258,2025-01-31,,,2025-07-31
Change requirement to get advice on transferring DB pension,https://petition.parliament.uk/petitions/709289,closed,12,709289,2025-02-18,,,2025-08-18
Ban publishing information about people accused of crimes until proven guilty,https://petition.parliament.uk/petitions/709315,closed,53,709315,2025-02-04,,,2025-08-04
Abolish the Parliament Act 1911,https://petition.parliament.uk/petitions/709326,closed,50,709326,2025-02-05,,,2025-08-05
Do not allow people charged with rape to be released on bail,https://petition.parliament.uk/petitions/709327,closed,63,709327,2025-02-17,,,2025-08-17
Allow dependents to stay if someone switches to care visa,https://petition.parliament.uk/petitions/709341,closed,62,709341,2025-03-17,,,2025-09-17
Scrap the state pension and return some NI contributions,https://petition.parliament.uk/petitions/709362,closed,19,709362,2025-03-26,,,2025-09-26
Require employers to pay college students undertaking work placements,https://petition.parliament.uk/petitions/709383,closed,36,709383,2025-02-04,,,2025-08-04
Review medical care for those with temporomandibular disorders,https://petition.parliament.uk/petitions/709388,closed,27,709388,2025-03-17,,,2025-09-17
"Review and seek changes to GPSR, and provide better support for small businesses",https://petition.parliament.uk/petitions/709393,closed,36,709393,2025-03-17,,,2025-09-17
"Introduce conveyancing laws similar to those in Scotland, across England & Wales",https://petition.parliament.uk/petitions/709395,closed,94,709395,2025-02-20,,,2025-08-20
Require schools to teach pupils about physical & emotional abuse,https://petition.parliament.uk/petitions/709402,closed,48,709402,2025-02-06,,,2025-08-06
Create an independent Safeguarding Body.,https://petition.parliament.uk/petitions/709427,closed,33,709427,2025-02-20,,,2025-08-20
Introduce compulsory fee based licencing for deer stalking guides.,https://petition.parliament.uk/petitions/709443,closed,20,709443,2025-03-18,,,2025-09-18
Detain all migrants that enter the UK illegally,https://petition.parliament.uk/petitions/709445,closed,2345,709445,2025-02-13,,,2025-08-13
Require online account deletion to be simple and clear,https://petition.parliament.uk/petitions/709448,closed,121,709448,2025-02-07,,,2025-08-07
Ban higher car insurance premiums for young and new drivers,https://petition.parliament.uk/petitions/709463,closed,157,709463,2025-02-26,,,2025-08-26
Review powers of Child Maintenance Service regarding concealed income ,https://petition.parliament.uk/petitions/709484,closed,39,709484,2025-03-17,,,2025-09-17
Public inquiry into the selling of Family Asset Protection Trusts.,https://petition.parliament.uk/petitions/709507,closed,1229,709507,2025-02-13,,,2025-08-13
Limit the public budget for memorials to former Monarchs.,https://petition.parliament.uk/petitions/709520,closed,56,709520,2025-02-21,,,2025-08-21
Ban councils from offering 100% council tax reduction,https://petition.parliament.uk/petitions/709529,closed,39,709529,2025-02-05,,,2025-08-05
Conduct a review into the long-term effect of section 28,https://petition.parliament.uk/petitions/709535,closed,359,709535,2025-02-05,,,2025-08-05
Stricter Oversight and Safeguarding Measures for Home-Educated Children,https://petition.parliament.uk/petitions/709536,closed,43,709536,2025-02-06,,,2025-08-06
Ban police from using lethal methods when dogs are out of control,https://petition.parliament.uk/petitions/709553,closed,881,709553,2025-02-06,,,2025-08-06
New rules on internal exclusions and independent body to be established,https://petition.parliament.uk/petitions/709567,closed,42,709567,2025-02-12,,,2025-08-12
Make it illegal for parents to smack children,https://petition.parliament.uk/petitions/709573,closed,90,709573,2025-02-28,,,2025-08-28
Fund measures to reduce traffic,https://petition.parliament.uk/petitions/709589,closed,23,709589,2025-02-05,,,2025-08-05
Exempt all nurseries from Employer NI Contributions,https://petition.parliament.uk/petitions/709592,closed,4310,709592,2025-03-26,,,2025-09-26
Don't allow absent parents to take children from primary care givers,https://petition.parliament.uk/petitions/709606,closed,30,709606,2025-02-12,,,2025-08-12
Make it a legal requirement for all landlords to hold valid buildings insurance,https://petition.parliament.uk/petitions/709611,closed,47,709611,2025-02-26,,,2025-08-26
Change Delay compensation times on UK trains from 15 minutes to 10 minutes.,https://petition.parliament.uk/petitions/709614,closed,44,709614,2025-02-04,,,2025-08-04
Hold a referendum on restoring the Death Penalty for murder,https://petition.parliament.uk/petitions/709623,closed,818,709623,2025-02-07,,,2025-08-07
Independent Review of HMRC: Accountability for Taxpayer Justice,https://petition.parliament.uk/petitions/709630,closed,59,709630,2025-02-05,,,2025-08-05
Do not make any agreement with the EU on youth mobility,https://petition.parliament.uk/petitions/709638,closed,56,709638,2025-02-17,,,2025-08-17
Make suicide awareness mandatory for all secondary schools and sixth forms,https://petition.parliament.uk/petitions/709651,closed,128,709651,2025-02-05,,,2025-08-05
Publish a detailed plan to tackle illegal migration and stop boat crossings,https://petition.parliament.uk/petitions/709678,closed,687,709678,2025-02-05,,,2025-08-05
Bring back the death penalty for homicide of a child,https://petition.parliament.uk/petitions/709710,closed,142,709710,2025-02-28,,,2025-08-28
Limit the number of terms an elected mayor can serve,https://petition.parliament.uk/petitions/709729,closed,73,709729,2025-02-12,,,2025-08-12
Introduce Regulation of Private Parking Practices,https://petition.parliament.uk/petitions/709776,closed,95,709776,2025-02-05,,,2025-08-05
Provide funding for all schools to have a social worker,https://petition.parliament.uk/petitions/709785,closed,216,709785,2025-03-17,,,2025-09-17
Ban palm oil,https://petition.parliament.uk/petitions/709801,closed,174,709801,2025-03-06,,,2025-09-06
Make customer service email addresses/online forms a legal requirement,https://petition.parliament.uk/petitions/709807,closed,45,709807,2025-02-13,,,2025-08-13
Make politics a required subject up to GCSE,https://petition.parliament.uk/petitions/709820,closed,98,709820,2025-02-06,,,2025-08-06
Cap the price of food and drink in sport and music venues,https://petition.parliament.uk/petitions/709821,closed,56,709821,2025-02-25,,,2025-08-25
Ban social media influencers from promoting/advertising cosmetic surgery,https://petition.parliament.uk/petitions/709854,closed,682,709854,2025-02-17,,,2025-08-17
Stay on Greenwich Mean Time,https://petition.parliament.uk/petitions/709861,closed,131,709861,2025-03-17,,,2025-09-17
Create a law to recall local councils the public has lost faith in,https://petition.parliament.uk/petitions/709862,closed,46,709862,2025-03-11,,,2025-09-11
" Ban non-recyclable plastic packaging and products.
",https://petition.parliament.uk/petitions/709869,closed,349,709869,2025-02-10,,,2025-08-10
Review the safeguarding and welfare of artists in the entertainment industry,https://petition.parliament.uk/petitions/709878,closed,3000,709878,2025-02-19,,,2025-08-19
"Increase defence spending in the UK to at least 4% of GDP, immediately",https://petition.parliament.uk/petitions/709884,closed,56,709884,2025-04-24,,,2025-10-24
Pension credit: Allow claim if your partner is under state pension age,https://petition.parliament.uk/petitions/709893,closed,32,709893,2025-02-07,,,2025-08-07
Make it illegal across the country to park on and obstruct the pavement.,https://petition.parliament.uk/petitions/709899,closed,170,709899,2025-02-10,,,2025-08-10
Option for local referendums on hyperlocal tier of councils for all of England,https://petition.parliament.uk/petitions/709902,closed,30,709902,2025-02-24,,,2025-08-24
Require railway companies to operate Railway Passenger Services On Boxing Day,https://petition.parliament.uk/petitions/709916,closed,34,709916,2025-02-18,,,2025-08-18
"Reduce the home building targets to 200,000 houses per year.",https://petition.parliament.uk/petitions/709930,closed,3383,709930,2025-02-12,,,2025-08-12
Change the law to allow short-term Blue Badges,https://petition.parliament.uk/petitions/709934,closed,96,709934,2025-02-07,,,2025-08-07
Re-establish Civil Defence Corps to enhance disaster response and emergencies.,https://petition.parliament.uk/petitions/709973,closed,296,709973,2025-02-07,,,2025-08-07
Government to set up and fund an Emergency Services Covenant Trust,https://petition.parliament.uk/petitions/709979,closed,313,709979,2025-02-07,,,2025-08-07
Ban overseas companies posing as UK companies & offering misleading products.,https://petition.parliament.uk/petitions/709982,closed,61,709982,2025-02-19,,,2025-08-19
Link the personal tax free allowance to a cost of living/ inflation index.,https://petition.parliament.uk/petitions/710008,closed,762,710008,2025-02-21,,,2025-08-21
Ban bonus payments and honours in all UK Government funded public bodies,https://petition.parliament.uk/petitions/710015,closed,41,710015,2025-02-17,,,2025-08-17
Require all elected public officials have a clean enhanced DBS prior to start,https://petition.parliament.uk/petitions/710016,closed,152,710016,2025-02-13,,,2025-08-13
Make the state pension tax exempt,https://petition.parliament.uk/petitions/710017,closed,17129,710017,2025-02-07,,,2025-08-07
Ban cousin marriages,https://petition.parliament.uk/petitions/710027,closed,579,710027,2025-03-06,,,2025-09-06
Life imprisonment for rapists without release,https://petition.parliament.uk/petitions/710049,closed,108,710049,2025-02-28,,,2025-08-28
Reverse decision to pause decisions on asylum applications from Syrians,https://petition.parliament.uk/petitions/710061,closed,4998,710061,2025-03-17,,,2025-09-17
Make the harassment of runners and joggers a new specific offence.,https://petition.parliament.uk/petitions/710064,closed,30,710064,2025-02-10,,,2025-08-10
Grant automatic visa extension and ILR for Ukrainians after 5 years,https://petition.parliament.uk/petitions/710067,closed,13713,710067,2025-02-17,,,2025-08-17
"Criminalise ""wilfully deceiving the electorate for personal or political gain""",https://petition.parliament.uk/petitions/710078,closed,115,710078,2025-02-11,,,2025-08-11
Allow Graduate Visa to be extended,https://petition.parliament.uk/petitions/710084,closed,27,710084,2025-02-14,,,2025-08-14
Ban the use of all Single-Use Plastics,https://petition.parliament.uk/petitions/710087,closed,234,710087,2025-02-14,,,2025-08-14
Introduce Indian driving licence conversion to GB driving licence.,https://petition.parliament.uk/petitions/710116,closed,21,710116,2025-02-10,,,2025-08-10
Give the BOE an explicit dual mandate with a growth and inflation target.,https://petition.parliament.uk/petitions/710117,closed,19,710117,2025-02-20,,,2025-08-20
Introduce stricter requirements for infrastructure before building houses,https://petition.parliament.uk/petitions/710119,closed,112,710119,2025-02-14,,,2025-08-14
Allow chemists to dispense prescriptions without Pharmacist on site,https://petition.parliament.uk/petitions/710150,closed,39,710150,2025-02-13,,,2025-08-13
Do not postpone the local elections,https://petition.parliament.uk/petitions/710155,closed,791,710155,2025-02-25,,,2025-08-25
Increase funding for medical research on women's anatomy,https://petition.parliament.uk/petitions/710164,closed,244,710164,2025-02-13,,,2025-08-13
 Fine all courier & parcel delivery companies failing to meet delivery targets,https://petition.parliament.uk/petitions/710179,closed,25,710179,2025-03-12,,,2025-09-12
Do not give £50m of aid for Syrians,https://petition.parliament.uk/petitions/710188,closed,204,710188,2025-02-14,,,2025-08-14
Remove non-qualifying status for leasehold flats,https://petition.parliament.uk/petitions/710193,closed,1225,710193,2025-02-13,,,2025-08-13
Give public option to opt out of taxes supporting British military operations,https://petition.parliament.uk/petitions/710207,closed,253,710207,2025-02-17,,,2025-08-17
Do not seek closer ties with the EU,https://petition.parliament.uk/petitions/710214,closed,829,710214,2025-02-13,,,2025-08-13
Ensure that student nurses are paid for their placement hours,https://petition.parliament.uk/petitions/710218,closed,4247,710218,2025-02-11,,,2025-08-11
Review and increase the amount of support care leavers get post-18,https://petition.parliament.uk/petitions/710233,closed,43,710233,2025-02-27,,,2025-08-27
New housing developments to be primary residences to minimise environmental harm,https://petition.parliament.uk/petitions/710267,closed,269,710267,2025-02-28,,,2025-08-28
Make it mandatory for all dogs to be on leads in public places.,https://petition.parliament.uk/petitions/710271,closed,437,710271,2025-02-19,,,2025-08-19
Change the law so that people can create private police forces,https://petition.parliament.uk/petitions/710273,closed,18,710273,2025-02-26,,,2025-08-26
Fund an information campaign for GPs on the 2 prostate cancer referral routes,https://petition.parliament.uk/petitions/710284,closed,183,710284,2025-02-17,,,2025-08-17
Create a scheme for refugees from Palestine and Israel to come to the UK,https://petition.parliament.uk/petitions/710297,closed,184,710297,2025-03-06,,,2025-09-06
Require online retailers to name intended delivery company prior to transaction,https://petition.parliament.uk/petitions/710311,closed,75,710311,2025-02-24,,,2025-08-24
Introduce Human Trafficking into the education curriculum,https://petition.parliament.uk/petitions/710319,closed,25,710319,2025-03-10,,,2025-09-10
Don't reduce the number of trials by jury,https://petition.parliament.uk/petitions/710321,closed,212,710321,2025-02-17,,,2025-08-17
Grant British citizenship to Kurdish people and acknowledge history,https://petition.parliament.uk/petitions/710337,closed,23,710337,2025-02-27,,,2025-08-27
Create an EU Hospitality Internship Programme in the UK,https://petition.parliament.uk/petitions/710349,closed,89,710349,2025-02-13,,,2025-08-13
Introduce a law preventing copyrighted work being used to train AI,https://petition.parliament.uk/petitions/710364,closed,654,710364,2025-02-14,,,2025-08-14
More funding to enforce traffic offences committed by cycle/scooter users,https://petition.parliament.uk/petitions/710396,closed,59,710396,2025-02-14,,,2025-08-14
Call for Fair Treatment of people on private and family life visas,https://petition.parliament.uk/petitions/710400,closed,38,710400,2025-03-11,,,2025-09-11
Require all schools to finish by 2.30 pm,https://petition.parliament.uk/petitions/710423,closed,30,710423,2025-02-12,,,2025-08-12
Review the regulation of solicitors,https://petition.parliament.uk/petitions/710443,closed,83,710443,2025-02-14,,,2025-08-14
Ban new waste incinerators and revoke permits where building has not begun,https://petition.parliament.uk/petitions/710486,closed,16882,710486,2025-03-07,,,2025-09-07
Tighten the regulations on electric vehicle charger providers,https://petition.parliament.uk/petitions/710487,closed,24,710487,2025-02-17,,,2025-08-17
Require local elections to be held annually,https://petition.parliament.uk/petitions/710522,closed,62,710522,2025-02-17,,,2025-08-17
Ensure football fans hold majority stake in clubs,https://petition.parliament.uk/petitions/710527,closed,35,710527,2025-02-25,,,2025-08-25
Reform the Financial Ombudsman Service (FoS),https://petition.parliament.uk/petitions/710531,closed,29,710531,2025-02-20,,,2025-08-20
Require social media platforms to identify and remove all unsafe content.,https://petition.parliament.uk/petitions/710557,closed,83,710557,2025-02-21,,,2025-08-21
Ban MPs having second jobs whilst in office,https://petition.parliament.uk/petitions/710565,closed,222,710565,2025-02-12,,,2025-08-12
British citizenship by birth in the United Kingdom for all,https://petition.parliament.uk/petitions/710594,closed,46,710594,2025-02-12,,,2025-08-12
Restrict voting rights to British citizens who are long-term residents,https://petition.parliament.uk/petitions/710596,closed,1147,710596,2025-02-24,,,2025-08-24
Review NHS Compensation for cases of negligence,https://petition.parliament.uk/petitions/710611,closed,72,710611,2025-02-14,,,2025-08-14
Continue funding Level 7 NHS Apprenticeships -Clinical Associate Psychologists,https://petition.parliament.uk/petitions/710626,closed,1203,710626,2025-02-13,,,2025-08-13
Appoint a Manufacturing Industry expert in Government to champion industry needs,https://petition.parliament.uk/petitions/710642,closed,1357,710642,2025-02-13,,,2025-08-13
Allow tax relief on training for self-employed people to set up new businesses,https://petition.parliament.uk/petitions/710644,closed,24,710644,2025-02-17,,,2025-08-17
Subject the deployment of any non-UK nuclear weapons in the UK to a referendum,https://petition.parliament.uk/petitions/710648,closed,37,710648,2025-02-25,,,2025-08-25
Provide funding to separate Gynaecology/women’s health from Maternity services,https://petition.parliament.uk/petitions/710649,closed,328,710649,2025-02-12,,,2025-08-12
"Ban private, corporate and special interest groups funding political parties",https://petition.parliament.uk/petitions/710651,closed,69,710651,2025-02-18,,,2025-08-18
Promote plant-based foods over meat and dairy for a healthier Britain,https://petition.parliament.uk/petitions/710663,closed,30425,710663,2025-03-24,,,2025-09-24
"Abolish and replace Ofwat, and new legislation on investment in the water system",https://petition.parliament.uk/petitions/710667,closed,107,710667,2025-05-20,,,2025-11-20
Review civic education in secondary schools.,https://petition.parliament.uk/petitions/710669,closed,28,710669,2025-02-19,,,2025-08-19
Reintroduce the death penalty for people found guilty of terrorism,https://petition.parliament.uk/petitions/710686,closed,349,710686,2025-02-12,,,2025-08-12
School Minibus Safety - Remove Section 19 Exemptions for Schools,https://petition.parliament.uk/petitions/710694,closed,2280,710694,2025-02-18,,,2025-08-18
Fund increased access to menstrual products to address period poverty ,https://petition.parliament.uk/petitions/710759,closed,194,710759,2025-02-12,,,2025-08-12
Raise the expensive car supplement threshold to £50k,https://petition.parliament.uk/petitions/710764,closed,260,710764,2025-02-12,,,2025-08-12
Launch a Government Alcohol Awareness Campaign to Educate the Public,https://petition.parliament.uk/petitions/710785,closed,52,710785,2025-03-19,,,2025-09-19
Regulate Cabin Baggage Dimensions Across Airlines and Cap Baggage Fees,https://petition.parliament.uk/petitions/710787,closed,442,710787,2025-02-14,,,2025-08-14
Review how the law & police treat life changing assaults without physical injury,https://petition.parliament.uk/petitions/710804,closed,24,710804,2025-02-25,,,2025-08-25
The government should build and provide a real time tax spending dashboard,https://petition.parliament.uk/petitions/710824,closed,52,710824,2025-02-24,,,2025-08-24
Review law around consent and disclosing sex or trans identity,https://petition.parliament.uk/petitions/710834,closed,167,710834,2025-03-27,,,2025-09-27
Cap on interest rises for Mortgages so people don't lose their homes,https://petition.parliament.uk/petitions/710836,closed,51,710836,2025-02-13,,,2025-08-13
Stricter regulation on the advertisement of alcohol,https://petition.parliament.uk/petitions/710852,closed,49,710852,2025-02-13,,,2025-08-13
Ban selling knives online,https://petition.parliament.uk/petitions/710870,closed,77,710870,2025-02-12,,,2025-08-12
Require Property Management agents to disclose all Service Charge Accounts,https://petition.parliament.uk/petitions/710879,closed,42,710879,2025-02-19,,,2025-08-19
Do not cut funding from the Latin Excellence Programme,https://petition.parliament.uk/petitions/710892,closed,52,710892,2025-02-13,,,2025-08-13
Make it illegal for sound to be played on public transport without headphones.,https://petition.parliament.uk/petitions/710901,closed,155,710901,2025-02-17,,,2025-08-17
"Stop the ""Safe Return Review"" Policy for Refugees in the UK",https://petition.parliament.uk/petitions/710902,closed,35,710902,2025-03-14,,,2025-09-14
Require social media companies to have human helpline for compromised accounts,https://petition.parliament.uk/petitions/710905,closed,59,710905,2025-02-13,,,2025-08-13
Require all social housing providers to sound insulate all managed buildings.,https://petition.parliament.uk/petitions/710918,closed,44,710918,2025-02-20,,,2025-08-20
Mandatory life sentence for involvement in trafficking women & children for sex,https://petition.parliament.uk/petitions/710922,closed,234,710922,2025-02-14,,,2025-08-14
Ban politicians from becoming ambassadors.,https://petition.parliament.uk/petitions/710924,closed,41,710924,2025-02-21,,,2025-08-21
"Outlaw marriages of couples with over 10 years age gap, where one is under 25",https://petition.parliament.uk/petitions/710925,closed,62,710925,2025-02-25,,,2025-08-25
Review the affordability of the rental market,https://petition.parliament.uk/petitions/710931,closed,47,710931,2025-02-18,,,2025-08-18
Allow traffic to turn left on red lights if clear,https://petition.parliament.uk/petitions/710933,closed,37,710933,2025-02-18,,,2025-08-18
Ban overseas employment of MPs.,https://petition.parliament.uk/petitions/710946,closed,111,710946,2025-02-18,,,2025-08-18
Ban naming of suspects unless guilt is proven,https://petition.parliament.uk/petitions/710954,closed,52,710954,2025-02-14,,,2025-08-14
Mandatory extension of Visas for international student to accommodate resits,https://petition.parliament.uk/petitions/710959,closed,20,710959,2025-02-27,,,2025-08-27
Increase support for children affected from being bullied,https://petition.parliament.uk/petitions/710972,closed,427,710972,2025-02-17,,,2025-08-17
"Fund Memorial for Gaza Children Honouring Peace, Compassion",https://petition.parliament.uk/petitions/710975,closed,2159,710975,2025-04-17,,,2025-10-17
Teach diabetes prevention to secondary school children,https://petition.parliament.uk/petitions/710992,closed,87,710992,2025-02-25,,,2025-08-25
"Require all state nurseries, schools and colleges to have the same term dates.",https://petition.parliament.uk/petitions/710997,closed,34,710997,2025-02-17,,,2025-08-17
Require local referenda when introducing new unitary and strategic authorities,https://petition.parliament.uk/petitions/711000,closed,107,711000,2025-02-18,,,2025-08-18
Retain legal right to assessment and support in education for children with SEND,https://petition.parliament.uk/petitions/711021,closed,132789,711021,2025-04-09,2025-06-11,2025-09-15,2025-10-09
Require all pubs and restaurants to close on Christmas Day,https://petition.parliament.uk/petitions/711087,closed,42,711087,2025-02-18,,,2025-08-18
"Instead of sending young people to prison, send them to do military service",https://petition.parliament.uk/petitions/711099,closed,74,711099,2025-03-05,,,2025-09-05
Regulate the brightness and type of vehicle headlights allowed,https://petition.parliament.uk/petitions/711112,closed,1151,711112,2025-02-18,,,2025-08-18
Make Misconduct in a Public Office a statutory offence,https://petition.parliament.uk/petitions/711128,closed,54,711128,2025-03-05,,,2025-09-05
Create a new body to record and resolve local noise nuisances,https://petition.parliament.uk/petitions/711151,closed,116,711151,2025-02-24,,,2025-08-24
Protect VED Exemptions for qualifying Vehicles Beyond April 2025,https://petition.parliament.uk/petitions/711153,closed,18,711153,2025-03-10,,,2025-09-10
"Require drivers to re-sit driving test if they knock a motorcyclist off a bike
",https://petition.parliament.uk/petitions/711180,closed,54,711180,2025-02-19,,,2025-08-19
Introduce a tapered approach to the Winter Fuel Allowance.,https://petition.parliament.uk/petitions/711186,closed,63,711186,2025-02-20,,,2025-08-20
Hold a referendum on the abolition of the monarchy.,https://petition.parliament.uk/petitions/711228,closed,728,711228,2025-02-19,,,2025-08-19
Keep Local Government LOCAL. Stop plans for county scale unitary authorities.,https://petition.parliament.uk/petitions/711232,closed,135,711232,2025-02-20,,,2025-08-20
"Ratify the Indigenous and Tribal Peoples Convention, 1989",https://petition.parliament.uk/petitions/711241,closed,65,711241,2025-06-02,,,2025-12-02
Government to create a national ID card for disabled people and carers.,https://petition.parliament.uk/petitions/711271,closed,117,711271,2025-02-21,,,2025-08-21
Ban businesses adding service charges to bills without prior customer consent,https://petition.parliament.uk/petitions/711294,closed,516,711294,2025-02-20,,,2025-08-20
Abolish the requirement for voter ID when voting.,https://petition.parliament.uk/petitions/711322,closed,87,711322,2025-02-20,,,2025-08-20
Require RA committee members to reveal conflicts of interest with the Landlord.,https://petition.parliament.uk/petitions/711332,closed,31,711332,2025-02-20,,,2025-08-20
Grant Cornwall nation status,https://petition.parliament.uk/petitions/711355,closed,24011,711355,2025-03-11,,,2025-09-11
Don’t abandon the Chalk Stream recovery pack ,https://petition.parliament.uk/petitions/711368,closed,13081,711368,2025-02-25,,,2025-08-25
Hold an emergency referendum to reinstate the gallows death penalty for treason,https://petition.parliament.uk/petitions/711371,closed,109,711371,2025-06-26,,,2025-12-26
Any crime involving a knife to get a minimum 10 year custodial sentence,https://petition.parliament.uk/petitions/711379,closed,159,711379,2025-02-24,,,2025-08-24
Ban Applied Behaviour Analysis Therapy designed to reduce Autistic Stimming,https://petition.parliament.uk/petitions/711392,closed,179,711392,2025-02-25,,,2025-08-25
Ban demonstrations/protests on remembrance day 11/11.,https://petition.parliament.uk/petitions/711414,closed,118,711414,2025-02-19,,,2025-08-19
Allow metal detectorists to search land prior to building development,https://petition.parliament.uk/petitions/711417,closed,92,711417,2025-02-24,,,2025-08-24
"Fund the RSV injection for people over 79, especially the vulnerable.",https://petition.parliament.uk/petitions/711424,closed,32,711424,2025-02-20,,,2025-08-20
Review and reform child custody arrangements,https://petition.parliament.uk/petitions/711426,closed,321,711426,2025-02-24,,,2025-08-24
Reopen the British embassy in Syria.,https://petition.parliament.uk/petitions/711431,closed,71,711431,2025-02-21,,,2025-08-21
Revoke the BBC's royal charter & right to charge a licence fee,https://petition.parliament.uk/petitions/711434,closed,524,711434,2025-02-24,,,2025-08-24
Remove all electronic devices from paedophiles and child murderers' prison cells,https://petition.parliament.uk/petitions/711446,closed,92,711446,2025-02-27,,,2025-08-27
Transfer all child sex offenders and child murderers overseas,https://petition.parliament.uk/petitions/711457,closed,37,711457,2025-02-27,,,2025-08-27
Review the tax system,https://petition.parliament.uk/petitions/711458,closed,291,711458,2025-03-14,,,2025-09-14
Provide an exact number of prisoners who have murdered children aged under 16,https://petition.parliament.uk/petitions/711460,closed,26,711460,2025-02-27,,,2025-08-27
Require electoral candidates to declare interests in their nomination papers,https://petition.parliament.uk/petitions/711463,closed,76,711463,2025-02-24,,,2025-08-24
Require AUTOMATIC by election if an MP changes party during a term of office,https://petition.parliament.uk/petitions/711480,closed,126,711480,2025-02-20,,,2025-08-20
Amend the British Museum Act 1963 to allow for the return of artefacts,https://petition.parliament.uk/petitions/711483,closed,50,711483,2025-02-28,,,2025-08-28
Hold an automatic general election on resignation of any Prime Minister.,https://petition.parliament.uk/petitions/711488,closed,471,711488,2025-02-20,,,2025-08-20
Introduce stricter penalties and enforcement for shoplifting.,https://petition.parliament.uk/petitions/711498,closed,92,711498,2025-02-20,,,2025-08-20
"Review how police deal with dogs, including using tranquiliser guns.",https://petition.parliament.uk/petitions/711499,closed,60,711499,2025-02-20,,,2025-08-20
Implement Proportional Property-Based Fines for Illegal Fox Hunting.,https://petition.parliament.uk/petitions/711520,closed,51,711520,2025-02-19,,,2025-08-19
Change the DVLA requirements for motor caravan conversions.,https://petition.parliament.uk/petitions/711531,closed,23,711531,2025-02-20,,,2025-08-20
Make vandalism and theft of vans a specific offence,https://petition.parliament.uk/petitions/711542,closed,70,711542,2025-02-24,,,2025-08-24
Hold a referendum on the proposed ban on new ICE cars in 2030,https://petition.parliament.uk/petitions/711554,closed,231,711554,2025-02-27,,,2025-08-27
"An Annual Day of Remembrance for children killed in wars, conflicts and violence",https://petition.parliament.uk/petitions/711556,closed,40,711556,2025-02-21,,,2025-08-21
Repeal the Hunting Act 2004,https://petition.parliament.uk/petitions/711568,closed,34,711568,2025-05-12,,,2025-11-12
Change the ‘whole month’ approach to change of circumstances in Universal Credit,https://petition.parliament.uk/petitions/711597,closed,54,711597,2025-02-25,,,2025-08-25
Mandate that all dentists provide minimum amount of NHS services,https://petition.parliament.uk/petitions/711611,closed,253,711611,2025-04-24,,,2025-10-24
Increase funding for IVF & fertility treatments to increase access.,https://petition.parliament.uk/petitions/711621,closed,4495,711621,2025-02-20,,,2025-08-20
Photograph all claimants for DWP Benefits,https://petition.parliament.uk/petitions/711640,closed,82,711640,2025-02-27,,,2025-08-27
More investment in tidal energy generation,https://petition.parliament.uk/petitions/711648,closed,56,711648,2025-03-13,,,2025-09-13
Change the amount of redundancy from 20 years maximum to full employment term.,https://petition.parliament.uk/petitions/711658,closed,31,711658,2025-02-20,,,2025-08-20
Review the affordability of care homes,https://petition.parliament.uk/petitions/711679,closed,66,711679,2025-03-04,,,2025-09-04
"Make income threshold for student loan repayments £60,000 and charge no interest",https://petition.parliament.uk/petitions/711682,closed,55,711682,2025-02-25,,,2025-08-25
Referendum on illegal migration.,https://petition.parliament.uk/petitions/711690,closed,2832,711690,2025-02-21,,,2025-08-21
Ban the use of private jets rather than putting additives in cow's food,https://petition.parliament.uk/petitions/711767,closed,77,711767,2025-02-27,,,2025-08-27
Ban private providers from providing home and social care,https://petition.parliament.uk/petitions/711776,closed,68,711776,2025-02-27,,,2025-08-27
Allow more healthcare workers to display green beacons when on call,https://petition.parliament.uk/petitions/711812,closed,37,711812,2025-02-28,,,2025-08-28
Ban textual based large audience social media platforms,https://petition.parliament.uk/petitions/711838,closed,29,711838,2025-02-28,,,2025-08-28
Reduce Discrimination: option to omit birthplace in passports & driving licenses,https://petition.parliament.uk/petitions/711854,closed,23,711854,2025-02-28,,,2025-08-28
Provide funding to preserve and protect cemeteries around the UK.,https://petition.parliament.uk/petitions/711892,closed,10857,711892,2025-02-21,,,2025-08-21
Review how Home Office deals with applications for ILR due to domestic violence,https://petition.parliament.uk/petitions/711921,closed,1980,711921,2025-02-26,,,2025-08-26
Launch a Public Inquiry into Grooming Gangs,https://petition.parliament.uk/petitions/711976,closed,30260,711976,2025-03-04,,,2025-09-04
Bring back capital punishment for the rape of a child ,https://petition.parliament.uk/petitions/711979,closed,2593,711979,2025-03-04,,,2025-09-04
Refuse ability to claim asylum for convicted criminals,https://petition.parliament.uk/petitions/712046,closed,469,712046,2025-02-27,,,2025-08-27
Protect Railway Workers Against Violent Crime,https://petition.parliament.uk/petitions/712057,closed,8967,712057,2025-02-26,,,2025-08-26
Ban people from flying drones over police stations and private properties,https://petition.parliament.uk/petitions/712074,closed,388,712074,2025-02-24,,,2025-08-24
Make the teaching of criminal offences & their consequences compulsory in school,https://petition.parliament.uk/petitions/712115,closed,1056,712115,2025-03-18,,,2025-09-18
Introduce harsher sentencing for theft and fund increased police presence,https://petition.parliament.uk/petitions/712121,closed,59,712121,2025-02-24,,,2025-08-24
Enforce trade and weapon laws: stop online traders selling knives to children,https://petition.parliament.uk/petitions/712134,closed,86,712134,2025-02-25,,,2025-08-25
Regulate lifeguard provision and require them to use coloured flags,https://petition.parliament.uk/petitions/712143,closed,2293,712143,2025-02-27,,,2025-08-27
Require restaurant chains to provide Braille and accessible menus,https://petition.parliament.uk/petitions/712208,closed,246,712208,2025-03-05,,,2025-09-05
"Keep stamp duty threshold for first time home buyers at £425,000 or more",https://petition.parliament.uk/petitions/712322,closed,83,712322,2025-03-12,,,2025-09-12
Increase regulation of Giveaway and Competition Websites,https://petition.parliament.uk/petitions/712330,closed,22,712330,2025-02-26,,,2025-08-26
Replace First Past the Post (FPTP) with the Alternative Vote (AV),https://petition.parliament.uk/petitions/712397,closed,96,712397,2025-02-26,,,2025-08-26
"Ban the suffering, fast-growing 'frankenchicken' breeds",https://petition.parliament.uk/petitions/712437,closed,105,712437,2025-02-28,,,2025-08-28
"Require registration, mot, road tax and insurance for all e-bikes",https://petition.parliament.uk/petitions/712439,closed,291,712439,2025-02-28,,,2025-08-28
Establish a reparations scheme for victims of Grooming Gangs,https://petition.parliament.uk/petitions/712441,closed,98,712441,2025-03-18,,,2025-09-18
12 month minimum sentence and 6 month rehabilitation course for knife carrying,https://petition.parliament.uk/petitions/712461,closed,56,712461,2025-04-28,,,2025-10-28
Introduce Licensing for Mobile Phones to Prevent Scams and Protect Consumers,https://petition.parliament.uk/petitions/712497,closed,26,712497,2025-02-27,,,2025-08-27
Remove 2 year threshold for unfair dismissal claims ,https://petition.parliament.uk/petitions/712498,closed,43,712498,2025-03-06,,,2025-09-06
Introduce self-defence into the secondary school PE curriculum for all students,https://petition.parliament.uk/petitions/712530,closed,99,712530,2025-02-27,,,2025-08-27
Fund free DNA ancestry tests for Transatlantic Slave Trade Descendants,https://petition.parliament.uk/petitions/712532,closed,22,712532,2025-02-26,,,2025-08-26
Introduce extensive teaching on deforestation to curriculum for all school ages,https://petition.parliament.uk/petitions/712550,closed,475,712550,2025-03-17,,,2025-09-17
Amend false and misleading information offence under Care Act 2014,https://petition.parliament.uk/petitions/712557,closed,35,712557,2025-03-31,,,2025-09-30
"Provide funding to address roadside litter across motorways and towns
",https://petition.parliament.uk/petitions/712566,closed,73,712566,2025-03-11,,,2025-09-11
Review and extend Sunday Trading Hours,https://petition.parliament.uk/petitions/712584,closed,73,712584,2025-02-27,,,2025-08-27
Require councils to keep streetlights on during the hours of darkness,https://petition.parliament.uk/petitions/712585,closed,87,712585,2025-02-28,,,2025-08-28
Do not abolish the requirement for voter ID when voting,https://petition.parliament.uk/petitions/712594,closed,60,712594,2025-03-18,,,2025-09-18
Ban prisoner segregation for periods of more than 15 days,https://petition.parliament.uk/petitions/712636,closed,5838,712636,2025-02-28,,,2025-08-28
"To promote animal adoption, ban the sale of cats and dogs",https://petition.parliament.uk/petitions/712638,closed,61,712638,2025-03-11,,,2025-09-11
Remove all sanctions on Syria,https://petition.parliament.uk/petitions/712650,closed,5408,712650,2025-03-18,,,2025-09-18
Change the options so that pensions can be paid monthly,https://petition.parliament.uk/petitions/712661,closed,32,712661,2025-02-28,,,2025-08-28
Stop income tax on hospitality employees tips/gratuities,https://petition.parliament.uk/petitions/712667,closed,45,712667,2025-03-04,,,2025-09-04
Make it a criminal offence to mislead or lie in public office,https://petition.parliament.uk/petitions/712668,closed,202,712668,2025-03-05,,,2025-09-05
"Immediately ban charities issuing s 21 notices, and revoke those issued",https://petition.parliament.uk/petitions/712679,closed,36,712679,2025-03-18,,,2025-09-18
 Change the oath of military and the police,https://petition.parliament.uk/petitions/712680,closed,4507,712680,2025-03-07,,,2025-09-07
Introduce measures to address longevity and repair of products,https://petition.parliament.uk/petitions/712691,closed,50,712691,2025-04-03,,,2025-10-03
Fund free wheelchairs for people who need them,https://petition.parliament.uk/petitions/712737,closed,125,712737,2025-02-28,,,2025-08-28
"Stop ""gender critical beliefs"" being protected under the Equality Act",https://petition.parliament.uk/petitions/712741,closed,8642,712741,2025-03-20,,,2025-09-20
Allow motorcycles in bus lanes as default,https://petition.parliament.uk/petitions/712763,closed,27090,712763,2025-02-28,,,2025-08-28
Stop Bonus Payments for Civil Servants,https://petition.parliament.uk/petitions/712820,closed,80,712820,2025-02-27,,,2025-08-27
Make the pensions of former Prime Ministers performance-based,https://petition.parliament.uk/petitions/712845,closed,175,712845,2025-03-12,,,2025-09-12
"Establish Complaints Commission for Social Care, Health, Education & Benefits",https://petition.parliament.uk/petitions/712848,closed,2619,712848,2025-02-28,,,2025-08-28
Levy vaccine manufacturers to fund Vaccine Damage Payments and remove indemnity,https://petition.parliament.uk/petitions/712912,closed,38,712912,2025-03-10,,,2025-09-10
Fund training & trauma assessments post discharge from mental health units,https://petition.parliament.uk/petitions/712944,closed,288,712944,2025-03-17,,,2025-09-17
Give automatic equal benefits rights to separated parents who are co-parenting,https://petition.parliament.uk/petitions/712981,closed,58,712981,2025-03-03,,,2025-09-03
Work with others to give frozen Russian assets to Ukraine,https://petition.parliament.uk/petitions/712988,closed,498,712988,2025-03-18,,,2025-09-18
"If assisted suicide Bill passes, create fund for care costs for terminally ill
",https://petition.parliament.uk/petitions/712997,closed,43,712997,2025-04-16,,,2025-10-16
Fund more school transportation to increase safety for children,https://petition.parliament.uk/petitions/713041,closed,67,713041,2025-03-03,,,2025-09-03
"Government to fund the creation of more arts, drama and music clubs",https://petition.parliament.uk/petitions/713053,closed,36,713053,2025-03-10,,,2025-09-10
Exclude Commission and Incentive-based Pay from Minimum Wage Calculations,https://petition.parliament.uk/petitions/713058,closed,30,713058,2025-03-06,,,2025-09-06
"Ban junk mail generically addressed to ""The Occupier"", ""The Householder"" etc",https://petition.parliament.uk/petitions/713061,closed,126,713061,2025-03-04,,,2025-09-04
Introduce a parliamentarian audit function,https://petition.parliament.uk/petitions/713100,closed,63,713100,2025-03-07,,,2025-09-07
Increase speed limit from 70 mph to 90 mph on motorways.,https://petition.parliament.uk/petitions/713108,closed,101,713108,2025-03-04,,,2025-09-04
Provide funding for all pregnant women to have an ultrasound for CHD,https://petition.parliament.uk/petitions/713118,closed,803,713118,2025-03-03,,,2025-09-03
Raise the maximum price for MOT tests for the first time since 2010,https://petition.parliament.uk/petitions/713119,closed,731,713119,2025-03-03,,,2025-09-03
Do not restrict vape flavours,https://petition.parliament.uk/petitions/713128,closed,12887,713128,2025-03-07,,,2025-09-07
Repeal the Occupiers Liability Act 1984,https://petition.parliament.uk/petitions/713130,closed,50,713130,2025-03-04,,,2025-09-04
Increase SEND funding for Early Years,https://petition.parliament.uk/petitions/713148,closed,225,713148,2025-03-10,,,2025-09-10
Referendum on abolishing the Greater London Assembly & Mayor of London position,https://petition.parliament.uk/petitions/713174,closed,94,713174,2025-03-12,,,2025-09-12
Fund access to Holistic Needs Assessment for all NHS cancer patients & follow-up,https://petition.parliament.uk/petitions/713180,closed,2606,713180,2025-03-03,,,2025-09-03
Change how news sites announce celebrity deaths,https://petition.parliament.uk/petitions/713204,closed,36,713204,2025-03-18,,,2025-09-18
Require councils to be responsible for stray cats,https://petition.parliament.uk/petitions/713213,closed,54,713213,2025-03-05,,,2025-09-05
Set up an independent task force separate from police to target grooming gangs,https://petition.parliament.uk/petitions/713221,closed,80,713221,2025-03-13,,,2025-09-13
Change interim driving disqualifications from 6 months to until sentencing.,https://petition.parliament.uk/petitions/713245,closed,1212,713245,2025-03-04,,,2025-09-04
Mandatory minimum sentences for offences relating to indecent images of children,https://petition.parliament.uk/petitions/713278,closed,212,713278,2025-04-08,,,2025-10-08
Review minimum sentences for perpetrators of violence and sexual abuse,https://petition.parliament.uk/petitions/713293,closed,131,713293,2025-03-19,,,2025-09-19
Review the Life in the UK test,https://petition.parliament.uk/petitions/713308,closed,21,713308,2025-03-06,,,2025-09-06
Introduce 20% maximum commission rate for private hire (ride hailing companies),https://petition.parliament.uk/petitions/713392,closed,98,713392,2025-03-05,,,2025-09-05
Ban AI tools to write and mark school assignments,https://petition.parliament.uk/petitions/713395,closed,56,713395,2025-03-14,,,2025-09-14
Create a national welfare team to oversee kennels holding seized dogs,https://petition.parliament.uk/petitions/713398,closed,1238,713398,2025-03-04,,,2025-09-04
Require bars and clubs to assign Security personnel to oversee restrooms,https://petition.parliament.uk/petitions/713443,closed,25,713443,2025-03-07,,,2025-09-07
Review process for Foster Carers transferring between local authorities,https://petition.parliament.uk/petitions/713444,closed,88,713444,2025-03-06,,,2025-09-06
Ban behavioural data extraction for advertising,https://petition.parliament.uk/petitions/713456,closed,461,713456,2025-03-17,,,2025-09-17
End the mandate for students aged 16-18 to resit GCSE Maths and English,https://petition.parliament.uk/petitions/713471,closed,38,713471,2025-03-05,,,2025-09-05
Require social media companies to implement independent fact-checking,https://petition.parliament.uk/petitions/713487,closed,52,713487,2025-03-06,,,2025-09-06
Restrict post-2021 migrants from acquiring Indefinite Leave to Remain,https://petition.parliament.uk/petitions/713505,closed,144,713505,2025-03-05,,,2025-09-05
"Review, and simplify regulations about the operation of Large Goods Vehicles ",https://petition.parliament.uk/petitions/713562,closed,24,713562,2025-03-13,,,2025-09-13
Decide on any change to the commission payable on the sale of a Park Home,https://petition.parliament.uk/petitions/713567,closed,5644,713567,2025-03-11,,,2025-09-11
Create a public register of domestic abuse offenders,https://petition.parliament.uk/petitions/713569,closed,1097,713569,2025-03-07,,,2025-09-07
"Do not describe sexual abuse of children as ""grooming"" by ""grooming gangs""",https://petition.parliament.uk/petitions/713571,closed,241,713571,2025-03-25,,,2025-09-25
Postgraduate loans for tuition fees should not count as income for benefits,https://petition.parliament.uk/petitions/713572,closed,23,713572,2025-03-06,,,2025-09-06
"Stop 25p age addition for pensioners 80+, instead fund the NHS for elderly",https://petition.parliament.uk/petitions/713588,closed,37,713588,2025-03-25,,,2025-09-25
Ban chewing tobacco to prevent cancer and litter,https://petition.parliament.uk/petitions/713589,closed,351,713589,2025-03-05,,,2025-09-05
New offence for giving injectable aesthetics without qualifications & insurance,https://petition.parliament.uk/petitions/713594,closed,36,713594,2025-03-05,,,2025-09-05
Stop taxis operating outside their licensing area,https://petition.parliament.uk/petitions/713602,closed,862,713602,2025-03-18,,,2025-09-18
Media companies to be restricted from attending inquests not of public interest,https://petition.parliament.uk/petitions/713635,closed,15,713635,2025-03-11,,,2025-09-11
Extend the 2007 workplace smoking ban and 2015 car smoking ban to include vapes,https://petition.parliament.uk/petitions/713673,closed,93,713673,2025-03-05,,,2025-09-05
Remove sanctions against Russia if ceasefire deal agreed with Ukraine,https://petition.parliament.uk/petitions/713677,closed,35,713677,2025-03-13,,,2025-09-13
"Increase funding for people with Parkinson’s and implement the ""Parky Charter""",https://petition.parliament.uk/petitions/713714,closed,113439,713714,2025-03-10,2025-07-16,2025-11-17,2025-09-10
Make aggressive social media auditing a criminal offence,https://petition.parliament.uk/petitions/713717,closed,252,713717,2025-03-12,,,2025-09-12
Require drug testing for employees in certain roles,https://petition.parliament.uk/petitions/713730,closed,45,713730,2025-03-05,,,2025-09-05
Require councils to give everyone a month off of paying council tax,https://petition.parliament.uk/petitions/713786,closed,412,713786,2025-03-05,,,2025-09-05
Reintroduce the dog licence for dog owners,https://petition.parliament.uk/petitions/713793,closed,257,713793,2025-03-27,,,2025-09-27
Ensure plurality of political coverage across UK broadcast media at all times,https://petition.parliament.uk/petitions/713798,closed,17051,713798,2025-03-13,,,2025-09-13
Parliament to approve nominations of non-career diplomat positions ,https://petition.parliament.uk/petitions/713813,closed,83,713813,2025-03-07,,,2025-09-07
Reduce the time required to qualify for Cold Weather Payments,https://petition.parliament.uk/petitions/713852,closed,45,713852,2025-03-10,,,2025-09-10
Incorporate the UNCRDP into domestic law and appoint a Secretary of State,https://petition.parliament.uk/petitions/713868,closed,1017,713868,2025-03-10,,,2025-09-10
Ban artificial intelligence-produced imagery and art from being copyrighted,https://petition.parliament.uk/petitions/713888,closed,1080,713888,2025-03-10,,,2025-09-10
Allow British Citizens by Descent to upgrade their citizenship,https://petition.parliament.uk/petitions/713909,closed,3106,713909,2025-05-16,,,2025-11-16
"Implement an ""HSE Owned Legal Register for Electricians""",https://petition.parliament.uk/petitions/713910,closed,2467,713910,2025-03-10,,,2025-09-10
Fund improvements for victims reporting rape,https://petition.parliament.uk/petitions/713920,closed,58,713920,2025-03-07,,,2025-09-07
Introduce measures to hold social media platforms to account for tackling scams,https://petition.parliament.uk/petitions/713921,closed,50,713921,2025-03-21,,,2025-09-21
Require social platforms let users change algorithms after baby loss/miscarriage,https://petition.parliament.uk/petitions/713924,closed,389,713924,2025-03-10,,,2025-09-10
Make Accents a Protected Characteristic under the Equality Act 2010,https://petition.parliament.uk/petitions/713933,closed,24,713933,2025-03-13,,,2025-09-13
Require schools to allow students to use their phones at break and lunch,https://petition.parliament.uk/petitions/713966,closed,89,713966,2025-03-07,,,2025-09-07
Fund a nationwide app for parking,https://petition.parliament.uk/petitions/713975,closed,42,713975,2025-03-17,,,2025-09-17
Raise the personal tax allowance to £13750,https://petition.parliament.uk/petitions/714019,closed,91,714019,2025-03-10,,,2025-09-10
Create a compensation scheme for businesses affected by rail strikes,https://petition.parliament.uk/petitions/714020,closed,42,714020,2025-03-18,,,2025-09-18
"Disqualify current or ex Solicitors, Barristers & Judges from becoming MPs",https://petition.parliament.uk/petitions/714023,closed,44,714023,2025-03-19,,,2025-09-19
Review the police response to assaults on mental health nurses,https://petition.parliament.uk/petitions/714028,closed,6727,714028,2025-03-12,,,2025-09-12
Require hunting hounds to wear muzzles when on a trail or clean boot hunt,https://petition.parliament.uk/petitions/714034,closed,92,714034,2025-03-10,,,2025-09-10
Ensure companies don't make excess profits to bring prices down to a fair amount,https://petition.parliament.uk/petitions/714048,closed,65,714048,2025-03-11,,,2025-09-11
Close the child maintenance payment loophole for parents working abroad,https://petition.parliament.uk/petitions/714054,closed,43,714054,2025-03-13,,,2025-09-13
Fund offer of toxicology test for repetitive symptoms unexplained otherwise,https://petition.parliament.uk/petitions/714056,closed,2708,714056,2025-05-16,,,2025-11-16
Make it mandatory for all disabled bays to be painted yellow,https://petition.parliament.uk/petitions/714068,closed,66,714068,2025-03-10,,,2025-09-10
Climate policies: do more to engage and consider impacts on disabled people,https://petition.parliament.uk/petitions/714107,closed,93,714107,2025-05-07,,,2025-11-07
Give Wales the same funding per person for the rail network as England,https://petition.parliament.uk/petitions/714108,closed,974,714108,2025-03-13,,,2025-09-13
Abolish Vehicle Excise Duty and add the cost to Fuel Duty,https://petition.parliament.uk/petitions/714115,closed,35,714115,2025-03-13,,,2025-09-13
Review the legislation relating to asylum and refugees entering the UK,https://petition.parliament.uk/petitions/714121,closed,104,714121,2025-03-10,,,2025-09-10
Deport people with dual nationality who are found guilty of raping children,https://petition.parliament.uk/petitions/714124,closed,3562,714124,2025-03-18,,,2025-09-18
Fund free British Sign Language Courses for deaf people and their friends/family,https://petition.parliament.uk/petitions/714129,closed,567,714129,2025-03-17,,,2025-09-17
Make mortgage lenders consider rent as proof of affordability,https://petition.parliament.uk/petitions/714137,closed,73,714137,2025-03-13,,,2025-09-13
Stop funding for interfaith initiatives,https://petition.parliament.uk/petitions/714143,closed,25,714143,2025-03-11,,,2025-09-11
Introduce an Education Voucher Scheme for Equity in UK Education,https://petition.parliament.uk/petitions/714144,closed,76,714144,2025-03-07,,,2025-09-07
Increase funding for the NHS,https://petition.parliament.uk/petitions/714146,closed,64,714146,2025-03-12,,,2025-09-12
Do not repeal the Legacy Act,https://petition.parliament.uk/petitions/714168,closed,143,714168,2025-03-07,,,2025-09-07
Require magistrates courts to record court hearings so there is a record,https://petition.parliament.uk/petitions/714189,closed,52,714189,2025-03-07,,,2025-09-07
Amend the Health and Safety Act to make mental health training mandatory,https://petition.parliament.uk/petitions/714200,closed,544,714200,2025-03-11,,,2025-09-11
"Ban the sale, ownership and access to smartphones for children 16 and under",https://petition.parliament.uk/petitions/714201,closed,692,714201,2025-03-11,,,2025-09-11
"Raise the VAT threshold to £125,000",https://petition.parliament.uk/petitions/714203,closed,30,714203,2025-03-10,,,2025-09-10
"Nationalise all public utilities: water, energy, telecoms, postal and buses",https://petition.parliament.uk/petitions/714210,closed,206,714210,2025-03-10,,,2025-09-10
Review the use of retail businesses as cover for illegality,https://petition.parliament.uk/petitions/714216,closed,327,714216,2025-05-28,,,2025-11-28
Require daily sports in schools and increase school sports funding,https://petition.parliament.uk/petitions/714217,closed,453,714217,2025-03-25,,,2025-09-25
Fund free prescriptions for organ transplant patient's lifelong medication,https://petition.parliament.uk/petitions/714221,closed,67,714221,2025-04-08,,,2025-10-08
Make assaulting a security worker a standalone offence,https://petition.parliament.uk/petitions/714242,closed,4492,714242,2025-03-07,,,2025-09-07
Fund more support for armed forces veterans when they leave,https://petition.parliament.uk/petitions/714248,closed,996,714248,2025-03-10,,,2025-09-10
Require inquests into the death of a child by suicide to be private,https://petition.parliament.uk/petitions/714260,closed,3030,714260,2025-04-01,,,2025-10-01
Make bullying a specific criminal offence,https://petition.parliament.uk/petitions/714263,closed,438,714263,2025-03-10,,,2025-09-10
Increase funding so councils can employ more lollipop people outside schools,https://petition.parliament.uk/petitions/714264,closed,27,714264,2025-03-10,,,2025-09-10
Make AED’s (Automated External Defibrillator) mandatory in public town centres,https://petition.parliament.uk/petitions/714269,closed,41,714269,2025-03-13,,,2025-09-13
Keep the requirement for voter ID when voting and limit postal voting,https://petition.parliament.uk/petitions/714271,closed,74,714271,2025-03-07,,,2025-09-07
Reverse the decision to axe the £4 million Latin Excellence Programme in schools,https://petition.parliament.uk/petitions/714298,closed,28,714298,2025-03-07,,,2025-09-07
Referendum on the UK to be neutral on Ukraine and end all bilateral agreements,https://petition.parliament.uk/petitions/714303,closed,2313,714303,2025-03-11,,,2025-09-11
Make Mental Health Assistant Practitioners (MHAPs) regulated professionals,https://petition.parliament.uk/petitions/714309,closed,36,714309,2025-03-26,,,2025-09-26
Allow Parliament to remove the London Mayor,https://petition.parliament.uk/petitions/714319,closed,39231,714319,2025-03-11,,,2025-09-11
Reform the British Spouse Visa System,https://petition.parliament.uk/petitions/714324,closed,1156,714324,2025-03-14,,,2025-09-14
Require social housing providers to allow XL bullies with exemption certificate,https://petition.parliament.uk/petitions/714335,closed,6220,714335,2025-03-11,,,2025-09-11
Fund Child Contact Centre visits for parents,https://petition.parliament.uk/petitions/714347,closed,211,714347,2025-03-12,,,2025-09-12
Reform the processes of arranging a funeral / collecting ashes,https://petition.parliament.uk/petitions/714368,closed,107,714368,2025-03-13,,,2025-09-13
NHS dental nurses to be entitled to an NHS pension,https://petition.parliament.uk/petitions/714371,closed,121,714371,2025-03-13,,,2025-09-13
End the Immigration Health Surcharge for National Insurance payers,https://petition.parliament.uk/petitions/714377,closed,48,714377,2025-03-11,,,2025-09-11
Funding for Gastric Pacemaker Treatment for Gastroparesis Patients,https://petition.parliament.uk/petitions/714390,closed,941,714390,2025-03-21,,,2025-09-21
Fund greater police presence in bike theft hotspots,https://petition.parliament.uk/petitions/714392,closed,583,714392,2025-03-13,,,2025-09-13
"Make machines, which take payment on exit, mandatory for parking operators.",https://petition.parliament.uk/petitions/714398,closed,82,714398,2025-03-17,,,2025-09-17
Apply the same energy efficiency legislation to all property - not just rentals,https://petition.parliament.uk/petitions/714434,closed,979,714434,2025-03-12,,,2025-09-12
Review regulations imposed on tenants in temporary accommodation,https://petition.parliament.uk/petitions/714450,closed,89,714450,2025-03-13,,,2025-09-13
Make it illegal for the media to shame victims of romance fraud,https://petition.parliament.uk/petitions/714460,closed,151,714460,2025-03-12,,,2025-09-12
Scrap 100 Year Deal With Ukraine And Fund State Of The Art NHS Hospitals Instead,https://petition.parliament.uk/petitions/714468,closed,70,714468,2025-03-31,,,2025-09-30
Create an inclusive special envoy for home educating families,https://petition.parliament.uk/petitions/714481,closed,586,714481,2025-03-18,,,2025-09-18
Remove the expensive car supplement for secondhand cars,https://petition.parliament.uk/petitions/714484,closed,21,714484,2025-03-14,,,2025-09-14
Introduce random alcohol & drug testing within the House of Commons,https://petition.parliament.uk/petitions/714495,closed,2970,714495,2025-03-11,,,2025-09-11
Ban balaclavas except for winter activity use,https://petition.parliament.uk/petitions/714497,closed,779,714497,2025-03-11,,,2025-09-11
Create English regional assemblies (regional governments),https://petition.parliament.uk/petitions/714502,closed,18,714502,2025-03-13,,,2025-09-13
Require general elections at least every 3 years instead of 5,https://petition.parliament.uk/petitions/714504,closed,113,714504,2025-03-11,,,2025-09-11
Require pension providers to contact their customers every 5 years,https://petition.parliament.uk/petitions/714517,closed,37,714517,2025-03-12,,,2025-09-12
Review how the legal system and police treat abuse cases,https://petition.parliament.uk/petitions/714518,closed,129,714518,2025-03-12,,,2025-09-12
Provide funding for a review of the efficacy of Pineal Gland Surgery ,https://petition.parliament.uk/petitions/714520,closed,2004,714520,2025-03-11,,,2025-09-11
Provide funding for a national crime reference number system,https://petition.parliament.uk/petitions/714521,closed,17,714521,2025-03-24,,,2025-09-24
Include more sports options for GCSE PE,https://petition.parliament.uk/petitions/714551,closed,1221,714551,2025-03-26,,,2025-09-26
Review the car insurance industry and car insurance premiums,https://petition.parliament.uk/petitions/714562,closed,67,714562,2025-03-14,,,2025-09-14
Introduce minimum age and driving experience for emergency response drivers,https://petition.parliament.uk/petitions/714563,closed,22,714563,2025-03-12,,,2025-09-12
Review assessment of and guidelines about ARFID in ASD children,https://petition.parliament.uk/petitions/714572,closed,38,714572,2025-04-01,,,2025-10-01
Make Nakba education part of the national curriculum,https://petition.parliament.uk/petitions/714586,closed,458,714586,2025-05-20,,,2025-11-20
Fund the NHS to employ Blood Bikers,https://petition.parliament.uk/petitions/714607,closed,61,714607,2025-05-29,,,2025-11-29
Shorten the school days in winter.,https://petition.parliament.uk/petitions/714623,closed,22,714623,2025-03-14,,,2025-09-14
Regulate the housing market more strictly,https://petition.parliament.uk/petitions/714639,closed,57,714639,2025-03-13,,,2025-09-13
Decrease the speed limit on country roads for the protection of animals,https://petition.parliament.uk/petitions/714644,closed,145,714644,2025-03-12,,,2025-09-12
Require all social media companies to allow infinite scrolling to be turned off,https://petition.parliament.uk/petitions/714658,closed,30,714658,2025-03-13,,,2025-09-13
Regulate & License the Non-Surgical Cosmetic Sector,https://petition.parliament.uk/petitions/714660,closed,99,714660,2025-03-12,,,2025-09-12
Raise the age of digital consent from 13 to 16,https://petition.parliament.uk/petitions/714661,closed,49,714661,2025-04-07,,,2025-10-07
Legal requirement to test and record blood group at birth for medical records,https://petition.parliament.uk/petitions/714669,closed,42,714669,2025-03-13,,,2025-09-13
Review and reform Cafcass to address systemic failings and protect families,https://petition.parliament.uk/petitions/714670,closed,245,714670,2025-03-14,,,2025-09-14
Remove people on the terror watch list from the UK,https://petition.parliament.uk/petitions/714695,closed,4758,714695,2025-05-30,,,2025-11-30
Amend Article 6 of the Human Rights Act to ensure a fair trial for Victims,https://petition.parliament.uk/petitions/714698,closed,74,714698,2025-03-31,,,2025-09-30
Remove Permitted Development rights for HMO property up to 6 unrelated persons.,https://petition.parliament.uk/petitions/714723,closed,81,714723,2025-03-17,,,2025-09-17
Require recycling facilities for blister packs in all dispensaries and chemists,https://petition.parliament.uk/petitions/714733,closed,466,714733,2025-03-17,,,2025-09-17
Give the Chagos Islands to the USA,https://petition.parliament.uk/petitions/714760,closed,37,714760,2025-03-19,,,2025-09-19
Do not introduce digital driving licences,https://petition.parliament.uk/petitions/714765,closed,862,714765,2025-03-13,,,2025-09-13
End the UK’s membership of the World Health Organisation,https://petition.parliament.uk/petitions/714790,closed,265,714790,2025-03-12,,,2025-09-12
Extend the closing date of the Plug-in Van and Truck Grant beyond 31 March 2025,https://petition.parliament.uk/petitions/714795,closed,15,714795,2025-03-13,,,2025-09-13
Add the subject of post-partum mental illness to the national curriculum,https://petition.parliament.uk/petitions/714804,closed,75,714804,2025-03-20,,,2025-09-20
"Ban the Nazi salute, like in Germany, and Austria",https://petition.parliament.uk/petitions/714817,closed,734,714817,2025-03-12,,,2025-09-12
Fund all secondary schools to have metal detectors,https://petition.parliament.uk/petitions/714842,closed,74,714842,2025-03-14,,,2025-09-14
Increase the minimum sentence for the possession and use of a knife,https://petition.parliament.uk/petitions/714854,closed,81,714854,2025-03-14,,,2025-09-14
Fund airport-style security for all schools to screen students for drugs,https://petition.parliament.uk/petitions/714857,closed,20,714857,2025-03-13,,,2025-09-13
Require all household knives to have blunt ends,https://petition.parliament.uk/petitions/714865,closed,145,714865,2025-03-12,,,2025-09-12
Petition for Home Office to Add Residence number /  to Evisa,https://petition.parliament.uk/petitions/714882,closed,20,714882,2025-03-20,,,2025-09-20
"Ban the sale of knives, crossbows and other weapons online",https://petition.parliament.uk/petitions/714887,closed,282,714887,2025-03-13,,,2025-09-13
Introduce national service for 16-year-olds who have serious criminal records,https://petition.parliament.uk/petitions/714896,closed,81,714896,2025-03-17,,,2025-09-17
Distinguish pets from other types of property in civil and family proceedings,https://petition.parliament.uk/petitions/714902,closed,5147,714902,2025-03-27,,,2025-09-27
Grant free British citizenship to Europeans with settled status,https://petition.parliament.uk/petitions/714914,closed,3429,714914,2025-03-28,,,2025-09-28
Review how NS&I contact Premium Bond prize winners,https://petition.parliament.uk/petitions/714919,closed,369,714919,2025-03-20,,,2025-09-20
Change cold weather payments so it's a daily payment,https://petition.parliament.uk/petitions/714920,closed,26,714920,2025-03-28,,,2025-09-28
Fund school dentists for every school,https://petition.parliament.uk/petitions/714925,closed,68,714925,2025-03-13,,,2025-09-13
Stop airport expansion: halt all airport expansion plans across the UK,https://petition.parliament.uk/petitions/714927,closed,10998,714927,2025-03-24,,,2025-09-24
Require all businesses to have environmental sustainability plans by 2030,https://petition.parliament.uk/petitions/714961,closed,37,714961,2025-03-19,,,2025-09-19
Name people under 18 who are found guilty of murder,https://petition.parliament.uk/petitions/714967,closed,79,714967,2025-03-19,,,2025-09-19
Stop bookmakers from banning or restricting customers,https://petition.parliament.uk/petitions/714988,closed,296,714988,2025-03-17,,,2025-09-17
Fund improvements for young people with SEND who visit GP surgeries,https://petition.parliament.uk/petitions/714990,closed,139,714990,2025-03-14,,,2025-09-14
Introduce military service sentences for carrying a bladed weapon,https://petition.parliament.uk/petitions/714998,closed,43,714998,2025-03-18,,,2025-09-18
Implement a ‘Statutory Dependents Pay’ for being off with your sick child,https://petition.parliament.uk/petitions/715000,closed,181,715000,2025-03-14,,,2025-09-14
"Make ""ghost jobs"" illegal",https://petition.parliament.uk/petitions/715006,closed,329,715006,2025-03-14,,,2025-09-14
 Increase funding to combat violence against women and girls in the UK & abroad,https://petition.parliament.uk/petitions/715036,closed,88,715036,2025-03-18,,,2025-09-18
Stop all non-British citizens from voting in elections,https://petition.parliament.uk/petitions/715041,closed,595,715041,2025-03-14,,,2025-09-14
Hold parents legally accountable for their children’s actions,https://petition.parliament.uk/petitions/715047,closed,61,715047,2025-03-17,,,2025-09-17
Provide funding for schools to hire a security guard to protect our children,https://petition.parliament.uk/petitions/715050,closed,42,715050,2025-03-18,,,2025-09-18
More direct communication between the NHS and the Government & Parliament,https://petition.parliament.uk/petitions/715059,closed,113,715059,2025-03-26,,,2025-09-26
Ban adoption when birth parents are alive,https://petition.parliament.uk/petitions/715062,closed,28,715062,2025-03-21,,,2025-09-21
Give small hospitality businesses 10% VAT relief,https://petition.parliament.uk/petitions/715075,closed,79,715075,2025-03-14,,,2025-09-14
Introduce whole life tariffs for under 18s who commit murder,https://petition.parliament.uk/petitions/715078,closed,149,715078,2025-03-13,,,2025-09-13
Reopen BNO applications for those born before 1997,https://petition.parliament.uk/petitions/715091,closed,548,715091,2025-04-03,,,2025-10-03
Lower the apprenticeship age to 14,https://petition.parliament.uk/petitions/715096,closed,63,715096,2025-04-28,,,2025-10-28
Require police to keep their body worn cameras on when dealing with people,https://petition.parliament.uk/petitions/715134,closed,48,715134,2025-03-13,,,2025-09-13
Make the carrying of ID cards mandatory,https://petition.parliament.uk/petitions/715184,closed,115,715184,2025-03-17,,,2025-09-17
Fund more shingles vaccines. Make it available for those age 60+,https://petition.parliament.uk/petitions/715203,closed,31,715203,2025-03-31,,,2025-09-30
Cease UK-Iraq trade and investment if child marriage is permitted in Iraq,https://petition.parliament.uk/petitions/715206,closed,58,715206,2025-03-18,,,2025-09-18
Provide funding to increase police presence on the streets,https://petition.parliament.uk/petitions/715220,closed,229,715220,2025-03-18,,,2025-09-18
Raise statutory maternity/paternity pay to match the National Living Wage,https://petition.parliament.uk/petitions/715292,closed,107966,715292,2025-03-18,2025-07-03,2025-10-27,2025-09-18
"Regulate the keeping and breeding of all foxes, both native and non-native",https://petition.parliament.uk/petitions/715344,closed,70,715344,2025-04-01,,,2025-10-01
Repeal the Public Order Act 2023,https://petition.parliament.uk/petitions/715427,closed,1981,715427,2025-03-20,,,2025-09-20
Review how cases involving domestic violence are assigned to court location,https://petition.parliament.uk/petitions/715444,closed,34,715444,2025-03-25,,,2025-09-25
Re-join the Erasmus+ programme for UK students,https://petition.parliament.uk/petitions/715457,closed,305,715457,2025-03-17,,,2025-09-17
Ban the videoing of attacks being shared online,https://petition.parliament.uk/petitions/715470,closed,49,715470,2025-03-24,,,2025-09-24
Lower the age of criminal responsibility to stop gang culture and ASB,https://petition.parliament.uk/petitions/715473,closed,67,715473,2025-03-19,,,2025-09-19
Make it illegal for haulage companies to send HGVs into red weather warnings,https://petition.parliament.uk/petitions/715483,closed,104,715483,2025-03-18,,,2025-09-18
Grant the vote for London Mayor to all UK Residents,https://petition.parliament.uk/petitions/715511,closed,70907,715511,2025-05-09,,,2025-11-09
Pause and review the smart meter rollout,https://petition.parliament.uk/petitions/715512,closed,136,715512,2025-04-02,,,2025-10-02
Allocate annual funding to accelerate breakthroughs in MND research ,https://petition.parliament.uk/petitions/715520,closed,4848,715520,2025-03-25,,,2025-09-25
Require pickup of packaging boxes by companies making repeat deliveries,https://petition.parliament.uk/petitions/715546,closed,174,715546,2025-03-18,,,2025-09-18
Allow Gluten-Free applicants to join the British Army,https://petition.parliament.uk/petitions/715555,closed,58,715555,2025-03-18,,,2025-09-18
Introduce mandatory life sentences for child sex offences,https://petition.parliament.uk/petitions/715556,closed,2325,715556,2025-03-18,,,2025-09-18
Create a visa route for Palestinian Orphans and Simplify Adoption Processes,https://petition.parliament.uk/petitions/715558,closed,215,715558,2025-04-03,,,2025-10-03
Increase funding for ARFID treatment,https://petition.parliament.uk/petitions/715559,closed,1865,715559,2025-03-21,,,2025-09-21
Require food retailers to label products which are subject to shrinkflation,https://petition.parliament.uk/petitions/715577,closed,56,715577,2025-03-19,,,2025-09-19
Make bus travel free for secondary school students,https://petition.parliament.uk/petitions/715593,closed,122,715593,2025-05-08,,,2025-11-08
Ban schools from implementing policies relating to appearance except clothing,https://petition.parliament.uk/petitions/715608,closed,126,715608,2025-03-25,,,2025-09-25
Review the EHCP process. Timescales are not being met which is distressing.,https://petition.parliament.uk/petitions/715626,closed,1515,715626,2025-03-21,,,2025-09-21
Revoke visas of parents whose children are convicted of serious violent crime,https://petition.parliament.uk/petitions/715633,closed,93,715633,2025-03-21,,,2025-09-21
Implement a 5% Cap on Annual Council Tax Increases by Town and Parish Councils,https://petition.parliament.uk/petitions/715666,closed,79,715666,2025-04-22,,,2025-10-22
Change law so people over 16 get a whole life term if they commit knife crime,https://petition.parliament.uk/petitions/715668,closed,78,715668,2025-03-18,,,2025-09-18
Stop the closure of the Public Switched Telephone Network,https://petition.parliament.uk/petitions/715671,closed,57,715671,2025-05-07,,,2025-11-07
Add boxing and martial arts to the education curriculum,https://petition.parliament.uk/petitions/715681,closed,30,715681,2025-03-21,,,2025-09-21
Scrap the 100ml rule for hand luggage in airports,https://petition.parliament.uk/petitions/715696,closed,33,715696,2025-03-20,,,2025-09-20
Fund access to Lecanemab on the NHS,https://petition.parliament.uk/petitions/715702,closed,38,715702,2025-05-07,,,2025-11-07
Make it mandatory for drivers to provide Driving Licence to get insurance,https://petition.parliament.uk/petitions/715703,closed,1283,715703,2025-05-20,,,2025-11-20
Allow ICT (intracompany transfer) visas to count towards ILR,https://petition.parliament.uk/petitions/715704,closed,84,715704,2025-03-21,,,2025-09-21
Make a criminal offence not to label AI generated media & communication as such,https://petition.parliament.uk/petitions/715706,closed,253,715706,2025-03-25,,,2025-09-25
"Introduce a right to roam law, also known as the right of responsible access",https://petition.parliament.uk/petitions/715708,closed,88,715708,2025-03-19,,,2025-09-19
Remove the VAT on Period Swimwear and Sportswear,https://petition.parliament.uk/petitions/715709,closed,847,715709,2025-03-18,,,2025-09-18
Retain the UK's stockpile of Plutonium and make more,https://petition.parliament.uk/petitions/715770,closed,139,715770,2025-03-18,,,2025-09-18
"Fund a free, nationwide 'Parental Control App' to keep all children safe online",https://petition.parliament.uk/petitions/715773,closed,278,715773,2025-03-24,,,2025-09-24
Require local authorities to appoint a park homes officer,https://petition.parliament.uk/petitions/715781,closed,46,715781,2025-03-21,,,2025-09-21
Regulate price of car repairs and labour costs,https://petition.parliament.uk/petitions/715786,closed,34,715786,2025-03-19,,,2025-09-19
Allow Veterans who left before 1987 to claim compensation for hearing loss.,https://petition.parliament.uk/petitions/715800,closed,18429,715800,2025-05-07,,,2025-11-07
Scrap the UK Armed Forces’ blanket ban on recruits with diabetes,https://petition.parliament.uk/petitions/715802,closed,41,715802,2025-03-21,,,2025-09-21
Commit 1% of government spending to development of space activities,https://petition.parliament.uk/petitions/715831,closed,345,715831,2025-03-21,,,2025-09-21
Fund a full bursary and maintenance fund to train Learning Disability Nurses,https://petition.parliament.uk/petitions/715835,closed,3266,715835,2025-04-01,,,2025-10-01
Amend the Mobile Homes (Site Rules) (England) Regulations 2014,https://petition.parliament.uk/petitions/715848,closed,17,715848,2025-03-25,,,2025-09-25
Create a national process to ensure Mobile Homes Legislation is fully enforced,https://petition.parliament.uk/petitions/715850,closed,24,715850,2025-04-01,,,2025-10-01
"Support Men’s Mental Health: End the Stigma, Expand Support, and Save Lives",https://petition.parliament.uk/petitions/715858,closed,69,715858,2025-03-21,,,2025-09-21
Put education on allergy & autoimmune based diets on the National Curriculum,https://petition.parliament.uk/petitions/715877,closed,34,715877,2025-03-21,,,2025-09-21
Allow the extension of visas for Ukrainian refugees not residing in the UK,https://petition.parliament.uk/petitions/715891,closed,69,715891,2025-03-19,,,2025-09-19
Ban AI companies from using music streaming to train AI,https://petition.parliament.uk/petitions/715896,closed,98,715896,2025-03-26,,,2025-09-26
More funding for GPs to provide face-to-face appointments and walk-in clinics,https://petition.parliament.uk/petitions/715936,closed,48,715936,2025-03-24,,,2025-09-24
Fund construction of new fighter jets,https://petition.parliament.uk/petitions/715946,closed,50,715946,2025-04-04,,,2025-10-04
Protect the 6 Nations Championship & Ensure Live Free to Air Broadcast,https://petition.parliament.uk/petitions/715965,closed,37,715965,2025-04-04,,,2025-10-04
Require sports to be available on free to air tv,https://petition.parliament.uk/petitions/715973,closed,144,715973,2025-03-21,,,2025-09-21
Abolish tuition fees for healthcare courses and pay students on NHS placements,https://petition.parliament.uk/petitions/716001,closed,8588,716001,2025-03-24,,,2025-09-24
Change the law so all investors can vote their shares,https://petition.parliament.uk/petitions/716003,closed,2580,716003,2025-04-01,,,2025-10-01
Fund more A&E services,https://petition.parliament.uk/petitions/716009,closed,45,716009,2025-05-07,,,2025-11-07
Make predatory lenders illegal in the UK,https://petition.parliament.uk/petitions/716015,closed,64,716015,2025-03-21,,,2025-09-21
Drivers arrested for drug driving to be banned immediately,https://petition.parliament.uk/petitions/716024,closed,252,716024,2025-03-24,,,2025-09-24
Reform Dog Laws: Licensing & Mandatory Training Instead of Breed Bans,https://petition.parliament.uk/petitions/716062,closed,93,716062,2025-04-04,,,2025-10-04
Make it legal responsibility for homeowners to maintain property exteriors,https://petition.parliament.uk/petitions/716071,closed,25,716071,2025-03-27,,,2025-09-27
"Make it illegal to use ""enriched"" cages in farming ",https://petition.parliament.uk/petitions/716075,closed,97,716075,2025-03-28,,,2025-09-28
Ban the residential use of artificial grass,https://petition.parliament.uk/petitions/716095,closed,3274,716095,2025-03-26,,,2025-09-26
Teach Clare’s Law in school for young females & males,https://petition.parliament.uk/petitions/716100,closed,60,716100,2025-03-21,,,2025-09-21
Increase personal tax allowance for single parents,https://petition.parliament.uk/petitions/716144,closed,77,716144,2025-04-02,,,2025-10-02
Mandate life with minimum 40-year tariff for murder if the body is dismembered,https://petition.parliament.uk/petitions/716152,closed,65,716152,2025-03-27,,,2025-09-27
Make the Tour de France a Category A event so it is free-to-air,https://petition.parliament.uk/petitions/716157,closed,18471,716157,2025-04-01,,,2025-10-01
Require personal care in care homes to be done by carers of the same sex ,https://petition.parliament.uk/petitions/716189,closed,51,716189,2025-04-04,,,2025-10-04
Fund making Pet Neutering Free for all animals,https://petition.parliament.uk/petitions/716205,closed,56,716205,2025-03-24,,,2025-09-24
Change the law to allow 17 year olds to purchase alcohol in a pub,https://petition.parliament.uk/petitions/716208,closed,25,716208,2025-04-01,,,2025-10-01
Commit to not removing the presumption of parental involvement,https://petition.parliament.uk/petitions/716228,closed,920,716228,2025-05-20,,,2025-11-20
Change the law to tell parents if their child threatens suicide to a doctor,https://petition.parliament.uk/petitions/716245,closed,1541,716245,2025-04-02,,,2025-10-02
Require all workplaces to have Neurodiversity Advocates,https://petition.parliament.uk/petitions/716250,closed,154,716250,2025-03-21,,,2025-09-21
Non-molestation orders to be heard in magistrate or crown court not family court,https://petition.parliament.uk/petitions/716287,closed,25,716287,2025-05-16,,,2025-11-16
Require car parks to have an on-site payment point,https://petition.parliament.uk/petitions/716309,closed,146,716309,2025-03-26,,,2025-09-26
Require companies to provide information about supply chains for all products,https://petition.parliament.uk/petitions/716356,closed,54,716356,2025-03-28,,,2025-09-28
Replace RE with 'Equality and acceptance' in the national curriculum ,https://petition.parliament.uk/petitions/716357,closed,31,716357,2025-03-28,,,2025-09-28
Do not extend the BBC TV license fee to streaming services,https://petition.parliament.uk/petitions/716361,closed,353,716361,2025-03-20,,,2025-09-20
Require all MPs to publish their tax returns by law,https://petition.parliament.uk/petitions/716393,closed,687,716393,2025-03-24,,,2025-09-24
Stop building solar/wind farms until a cost-benefit analysis is made public,https://petition.parliament.uk/petitions/716397,closed,3396,716397,2025-04-03,,,2025-10-03
Stop benefits and free healthcare for immigrants who have not worked in the UK,https://petition.parliament.uk/petitions/716399,closed,12936,716399,2025-03-24,,,2025-09-24
Require airlines to allow name changes if a passenger can’t travel,https://petition.parliament.uk/petitions/716438,closed,32,716438,2025-03-26,,,2025-09-26
Increase Funding for Mental Health Services in Schools for Students’ Well-being,https://petition.parliament.uk/petitions/716442,closed,285,716442,2025-03-31,,,2025-09-30
Introduce a new enforcement scheme for businesses that violate the Equality Act ,https://petition.parliament.uk/petitions/716461,closed,34,716461,2025-04-02,,,2025-10-02
Require financial service providers to issue updates about service disruptions,https://petition.parliament.uk/petitions/716471,closed,28,716471,2025-03-25,,,2025-09-25
Review and strengthen enforcement of housing and equality laws in rental sector,https://petition.parliament.uk/petitions/716476,closed,28,716476,2025-04-02,,,2025-10-02
Review safeguarding of disabled children in schools and accessibility ,https://petition.parliament.uk/petitions/716491,closed,48,716491,2025-04-03,,,2025-10-03
Equalise the minimum wage for 18-20 year olds and 21+ workers,https://petition.parliament.uk/petitions/716492,closed,61,716492,2025-03-31,,,2025-09-30
Remove CWS Bill clauses and provide tangible support to home educating parents,https://petition.parliament.uk/petitions/716515,closed,32576,716515,2025-04-01,,,2025-10-01
Allow care workers to bring their families to the UK,https://petition.parliament.uk/petitions/716517,closed,327,716517,2025-03-25,,,2025-09-25
Take action to improve waiting times for access to work applications,https://petition.parliament.uk/petitions/716527,closed,573,716527,2025-03-27,,,2025-09-27
Abolish personal allowance tapering,https://petition.parliament.uk/petitions/716530,closed,40,716530,2025-04-22,,,2025-10-22
Review protections for victims to keep custody of their children,https://petition.parliament.uk/petitions/716548,closed,110,716548,2025-04-03,,,2025-10-03
Require the use of sexed language in government-funded health communications ,https://petition.parliament.uk/petitions/716553,closed,12139,716553,2025-04-01,,,2025-10-01
Introduce 18 year residency and English language requirements to vote in general,https://petition.parliament.uk/petitions/716570,closed,341,716570,2025-04-03,,,2025-10-03
Define Anti-Palestinian Racism (APR) & launch an inquiry into APR,https://petition.parliament.uk/petitions/716576,closed,5017,716576,2025-03-24,,,2025-09-24
Review enforcement of law around vehicle transporter licenses ,https://petition.parliament.uk/petitions/716587,closed,28,716587,2025-04-01,,,2025-10-01
Apply sanctions to the US,https://petition.parliament.uk/petitions/716617,closed,53,716617,2025-04-25,,,2025-10-25
Require food establishments to have adrenaline autoinjectors readily available,https://petition.parliament.uk/petitions/716622,closed,42,716622,2025-03-27,,,2025-09-27
Criminalise homophobia and transphobia,https://petition.parliament.uk/petitions/716635,closed,1239,716635,2025-04-01,,,2025-10-01
Triple government spending on expanding prison capacity,https://petition.parliament.uk/petitions/716652,closed,35,716652,2025-03-24,,,2025-09-24
Recognise the production and serving of cask ale as Intangible Cultural Heritage,https://petition.parliament.uk/petitions/716686,closed,41026,716686,2025-04-01,,,2025-10-01
Improve regulations of holiday rental properties,https://petition.parliament.uk/petitions/716706,closed,71,716706,2025-03-27,,,2025-09-27
Extend universal credit payments to cover 53 week rent years,https://petition.parliament.uk/petitions/716711,closed,67,716711,2025-03-27,,,2025-09-27
"Hold a referendum on any proposal to transfer UK overseas territory
",https://petition.parliament.uk/petitions/716731,closed,79,716731,2025-03-25,,,2025-09-25
Introduce legal standards for hedgehog houses,https://petition.parliament.uk/petitions/716755,closed,218,716755,2025-03-25,,,2025-09-25
Require care homes to have a 1 to 5 staff to resident ratio,https://petition.parliament.uk/petitions/716756,closed,39,716756,2025-03-28,,,2025-09-28
Require venues to have full accessibility info on their websites,https://petition.parliament.uk/petitions/716757,closed,777,716757,2025-03-26,,,2025-09-26
"Make ""Stolen Valour"" a Criminal Offence",https://petition.parliament.uk/petitions/716765,closed,2472,716765,2025-03-25,,,2025-09-25
Exempt workers over 60 from National Insurance payments,https://petition.parliament.uk/petitions/716793,closed,454,716793,2025-03-31,,,2025-09-30
Stop the DVLA selling information to private companies,https://petition.parliament.uk/petitions/716819,closed,105,716819,2025-03-28,,,2025-09-28
Hold an urgent Citizens’ Assembly on AI and enact its recommendations,https://petition.parliament.uk/petitions/716823,closed,85,716823,2025-03-24,,,2025-09-24
Prevent the switching off of analogue landlines and fund public payphones,https://petition.parliament.uk/petitions/716843,closed,69,716843,2025-03-31,,,2025-09-30
Introduce publicly accessible naloxone distribution points in high risk areas,https://petition.parliament.uk/petitions/716866,closed,34,716866,2025-03-25,,,2025-09-25
Stronger Product Safety & Copyright protection on Non-UK E-Commerce Platforms,https://petition.parliament.uk/petitions/716873,closed,159,716873,2025-03-28,,,2025-09-28
Add animal care to the national curriculum ,https://petition.parliament.uk/petitions/716897,closed,69,716897,2025-04-25,,,2025-10-25
Ban state schools from making Religious Studies a mandatory GCSE subject,https://petition.parliament.uk/petitions/716922,closed,42,716922,2025-03-28,,,2025-09-28
Put the dangers of methanol poisoning on the school curriculum,https://petition.parliament.uk/petitions/716935,closed,12442,716935,2025-04-15,,,2025-10-15
Require CCTV cameras in all SEN schools and settings such as transport,https://petition.parliament.uk/petitions/716939,closed,377,716939,2025-03-25,,,2025-09-25
Provide urgent ring-fenced funding for counsellors in every school in England,https://petition.parliament.uk/petitions/716942,closed,847,716942,2025-03-26,,,2025-09-26
Change the switch back to British Summer Time (BST) to approx 1st March,https://petition.parliament.uk/petitions/716983,closed,36,716983,2025-03-25,,,2025-09-25
Specify China under Enhanced Tier of the Foreign Influence Registration Scheme,https://petition.parliament.uk/petitions/716992,closed,5914,716992,2025-04-08,,,2025-10-08
Do not support deployment of small modular reactors,https://petition.parliament.uk/petitions/717008,closed,19,717008,2025-03-26,,,2025-09-26
Replace percentage pay increases with flat rate rise for public sector employees,https://petition.parliament.uk/petitions/717026,closed,30,717026,2025-04-08,,,2025-10-08
Allow Sponsored workers to work for 24hrs per week in a second job ,https://petition.parliament.uk/petitions/717033,closed,27,717033,2025-03-25,,,2025-09-25
Amend the guidance on developing school uniform policy: require practicality,https://petition.parliament.uk/petitions/717040,closed,100,717040,2025-04-09,,,2025-10-09
Review anti-dumping measures and duties,https://petition.parliament.uk/petitions/717056,closed,19,717056,2025-04-01,,,2025-10-01
Provide funding for nit nurses to visit schools,https://petition.parliament.uk/petitions/717062,closed,40,717062,2025-03-28,,,2025-09-28
End the Injustice: Grant British Nationals (Overseas) Full UK Citizenship,https://petition.parliament.uk/petitions/717065,closed,36182,717065,2025-03-27,,,2025-09-27
Require airlines to provide/sell sanitary products,https://petition.parliament.uk/petitions/717071,closed,49,717071,2025-03-26,,,2025-09-26
Review marginal cost pricing and energy bills,https://petition.parliament.uk/petitions/717088,closed,64,717088,2025-03-27,,,2025-09-27
Grant £10K per year to small retailers facing losses from shoplifting,https://petition.parliament.uk/petitions/717092,closed,305,717092,2025-03-28,,,2025-09-28
Make St Swithin's Day a Bank Holiday,https://petition.parliament.uk/petitions/717103,closed,39,717103,2025-03-26,,,2025-09-26
Reform the taxation system: Increase the number of tax bands & abolish NI & VAT,https://petition.parliament.uk/petitions/717108,closed,74,717108,2025-04-03,,,2025-10-03
Treat unmarried couples the same as married couples for inheritance tax,https://petition.parliament.uk/petitions/717117,closed,28,717117,2025-03-26,,,2025-09-26
Extend FOIA to any private company providing services under government contract,https://petition.parliament.uk/petitions/717120,closed,675,717120,2025-03-25,,,2025-09-25
"Legislate for Mobile Phones to have Hardware ""Kill Switch"" to help reduce thefts",https://petition.parliament.uk/petitions/717126,closed,46,717126,2025-04-16,,,2025-10-16
Amend planning regulations to help enable commercial on-site living spaces,https://petition.parliament.uk/petitions/717130,closed,17,717130,2025-03-27,,,2025-09-27
Stop self-employed parents from using the CMS,https://petition.parliament.uk/petitions/717141,closed,22,717141,2025-04-02,,,2025-10-02
Set an ambitious target for building more apartments,https://petition.parliament.uk/petitions/717178,closed,19,717178,2025-03-31,,,2025-09-30
Fund more doctor postgraduate training posts in the NHS,https://petition.parliament.uk/petitions/717182,closed,553,717182,2025-03-25,,,2025-09-25
"Unban the supply of plastic straws, stirrers and cotton buds",https://petition.parliament.uk/petitions/717192,closed,35,717192,2025-03-26,,,2025-09-26
Require councils to limit temporary accommodation to a maximum of 4 years,https://petition.parliament.uk/petitions/717197,closed,190,717197,2025-04-01,,,2025-10-01
Repeal the Investigatory Powers Act,https://petition.parliament.uk/petitions/717199,closed,192,717199,2025-03-28,,,2025-09-28
"Strengthen law on tortoise breeding, ownership and imports",https://petition.parliament.uk/petitions/717208,closed,37,717208,2025-03-27,,,2025-09-27
Abolish stamp duty for downsizers of pension age,https://petition.parliament.uk/petitions/717227,closed,43,717227,2025-03-25,,,2025-09-25
Cap the cost of council fines at 100% of the original charge,https://petition.parliament.uk/petitions/717233,closed,28,717233,2025-03-27,,,2025-09-27
"Require licences for all air guns, including bb guns, and knives",https://petition.parliament.uk/petitions/717243,closed,42,717243,2025-03-28,,,2025-09-28
Introduce a minimum trainee teacher wage equivalent to Teaching Assistant salary,https://petition.parliament.uk/petitions/717249,closed,559,717249,2025-04-08,,,2025-10-08
Require banks and building societies to keep providing pass books for savings,https://petition.parliament.uk/petitions/717264,closed,36,717264,2025-03-27,,,2025-09-27
Require air-freighted produce to be labelled as such,https://petition.parliament.uk/petitions/717266,closed,25,717266,2025-03-27,,,2025-09-27
Require candidates for MP to be registered to vote and residents of the UK ,https://petition.parliament.uk/petitions/717298,closed,5806,717298,2025-03-27,,,2025-09-27
"Ban lab grown meat for pet food, and do not approve it for human consumption",https://petition.parliament.uk/petitions/717302,closed,69,717302,2025-03-31,,,2025-09-30
"Start a government ""do not drop litter"" campaign",https://petition.parliament.uk/petitions/717322,closed,1186,717322,2025-03-26,,,2025-09-26
Require schools to teach about organised crime & increase police funding ,https://petition.parliament.uk/petitions/717326,closed,23,717326,2025-04-03,,,2025-10-03
Establish a Royal Commission on assisted dying,https://petition.parliament.uk/petitions/717366,closed,1473,717366,2025-03-27,,,2025-09-27
Create a new national agency specifically dealing with anti-social behaviour,https://petition.parliament.uk/petitions/717378,closed,35,717378,2025-03-27,,,2025-09-27
Make substance use during pregnancy and breastfeeding a specific offence,https://petition.parliament.uk/petitions/717389,closed,56,717389,2025-04-04,,,2025-10-04
"Raise the 20% tax bracket to £20,000 and 40% tax bracket to £80,180",https://petition.parliament.uk/petitions/717392,closed,132,717392,2025-03-27,,,2025-09-27
Change child maintenance liability so it's not based on income,https://petition.parliament.uk/petitions/717395,closed,49,717395,2025-03-26,,,2025-09-26
Create a new independent regulatory body for vets,https://petition.parliament.uk/petitions/717434,closed,1793,717434,2025-04-08,,,2025-10-08
Ban workplace or private pensions being considered in divorce settlements,https://petition.parliament.uk/petitions/717443,closed,40,717443,2025-03-26,,,2025-09-26
Stop Energy Companies charging more for day time usage when on Economy 7,https://petition.parliament.uk/petitions/717458,closed,25,717458,2025-04-16,,,2025-10-16
Issue a statement defending Canada’s Sovereignty,https://petition.parliament.uk/petitions/717482,closed,64,717482,2025-05-16,,,2025-11-16
Hold a UK referendum before joining any defence and security pact with the EU.,https://petition.parliament.uk/petitions/717489,closed,23530,717489,2025-04-15,,,2025-10-15
Allow vehicles to be road taxed in 3 month increments,https://petition.parliament.uk/petitions/717498,closed,17,717498,2025-04-17,,,2025-10-17
Change Long Service medal for UK emergency personnel from 20 years to 15 years,https://petition.parliament.uk/petitions/717510,closed,17,717510,2025-03-26,,,2025-09-26
Create an Emergency Services medal for members that are injured on duty,https://petition.parliament.uk/petitions/717518,closed,568,717518,2025-03-26,,,2025-09-26
Grace period for UK Tax Residents to Report Worldwide Income and Assets,https://petition.parliament.uk/petitions/717519,closed,163,717519,2025-03-27,,,2025-09-27
Government to only issue contracts to organisations that have a DEI policy,https://petition.parliament.uk/petitions/717528,closed,102,717528,2025-03-27,,,2025-09-27
Review NHS Policies relating to surgery for transgender people,https://petition.parliament.uk/petitions/717558,closed,53,717558,2025-05-09,,,2025-11-09
Impose a 25% tariff on all goods imported into the UK,https://petition.parliament.uk/petitions/717565,closed,11,717565,2025-04-01,,,2025-10-01
Ban the sale of secondhand and unroadworthy cars to underage drivers,https://petition.parliament.uk/petitions/717568,closed,854,717568,2025-03-27,,,2025-09-27
Change law regarding owners giving up their dogs,https://petition.parliament.uk/petitions/717598,closed,422,717598,2025-04-02,,,2025-10-02
Launch a public enquiry into Veterans UK,https://petition.parliament.uk/petitions/717609,closed,2192,717609,2025-03-27,,,2025-09-27
Require all Family Law Professionals to have training on neurodivergence ,https://petition.parliament.uk/petitions/717617,closed,67,717617,2025-03-28,,,2025-09-28
Review the curriculum to prioritise practical skills,https://petition.parliament.uk/petitions/717620,closed,30,717620,2025-03-27,,,2025-09-27
Remove visa requirements for non-UK spouses of UK citizens to visit the UK,https://petition.parliament.uk/petitions/717651,closed,178,717651,2025-04-01,,,2025-10-01
Require all schools to let pupils wear their own clothes on Monday and Friday,https://petition.parliament.uk/petitions/717653,closed,187,717653,2025-05-06,,,2025-11-06
"Legalise the picking, buying, selling and consumption of psilocybin Mushrooms",https://petition.parliament.uk/petitions/717659,closed,172,717659,2025-03-31,,,2025-09-30
Require providers of temporary accommodation to allow pets ,https://petition.parliament.uk/petitions/717673,closed,47,717673,2025-03-31,,,2025-09-30
Require schools to teach students about knife crime as part of the curriculum,https://petition.parliament.uk/petitions/717674,closed,150,717674,2025-05-13,,,2025-11-13
2-year ILR spouse visa route for all long-term residents on prior visas ,https://petition.parliament.uk/petitions/717683,closed,47,717683,2025-03-28,,,2025-09-28
Provide funding for a programme to clear the rubble & rebuild in Gaza,https://petition.parliament.uk/petitions/717684,closed,283,717684,2025-04-17,,,2025-10-17
Review Government's approach to redacting Polish Military Records held by MoD,https://petition.parliament.uk/petitions/717688,closed,2908,717688,2025-04-17,,,2025-10-17
Give Hate Crime Victims Access to Safe Housing: End Discriminatory Rules,https://petition.parliament.uk/petitions/717732,closed,65,717732,2025-04-30,,,2025-10-30
Increase investment in Higher Education,https://petition.parliament.uk/petitions/717734,closed,75,717734,2025-04-01,,,2025-10-01
Strengthen laws on Phone Theft & stolen data,https://petition.parliament.uk/petitions/717736,closed,73,717736,2025-04-03,,,2025-10-03
 Lower the time for UK-born children to apply for ILR from 7 years to 5 years,https://petition.parliament.uk/petitions/717746,closed,115,717746,2025-05-27,,,2025-11-27
Require all to have GB licence to drive here & fund more enforcement.,https://petition.parliament.uk/petitions/717758,closed,104,717758,2025-04-11,,,2025-10-11
Reduce the state pension age for women due to menopause symptoms,https://petition.parliament.uk/petitions/717775,closed,81,717775,2025-04-01,,,2025-10-01
Require landowners to protect public footpaths in areas shared with cattle,https://petition.parliament.uk/petitions/717785,closed,82,717785,2025-03-31,,,2025-09-30
Hold regional referendums on local government and devolution changes,https://petition.parliament.uk/petitions/717798,closed,107,717798,2025-04-15,,,2025-10-15
Regulate Sodium Nitrite & Improve Mental Health Services to Prevent Suicides,https://petition.parliament.uk/petitions/717816,closed,43,717816,2025-04-04,,,2025-10-04
Reverse guidance stopping refugees gaining citizenship,https://petition.parliament.uk/petitions/717817,closed,30637,717817,2025-05-12,,,2025-11-12
Negotiate UK-wide recognition of older person's bus passes,https://petition.parliament.uk/petitions/717827,closed,1965,717827,2025-03-27,,,2025-09-27
Provide funding to make more NHS dentists available,https://petition.parliament.uk/petitions/717828,closed,849,717828,2025-03-28,,,2025-09-28
Ban shops that aren’t registered vape shops from selling vaping products,https://petition.parliament.uk/petitions/717840,closed,57,717840,2025-03-28,,,2025-09-28
Introduce the history of trains and railways to the National Curriculum,https://petition.parliament.uk/petitions/717844,closed,46,717844,2025-04-30,,,2025-10-30
Fund support for elderly or unwell parents who are carers for disabled children ,https://petition.parliament.uk/petitions/717850,closed,326,717850,2025-03-28,,,2025-09-28
End the Practice of sectioning & Review the Mental Health Act,https://petition.parliament.uk/petitions/717887,closed,27,717887,2025-04-28,,,2025-10-28
Change the mathematics curriculum to be more relevant to real life,https://petition.parliament.uk/petitions/717895,closed,35,717895,2025-03-31,,,2025-09-30
Fund treatment for R-CPD on the NHS,https://petition.parliament.uk/petitions/717898,closed,317,717898,2025-04-01,,,2025-10-01
"Make burning, desecration or harming religious books a specific criminal offence",https://petition.parliament.uk/petitions/717905,closed,25,717905,2025-03-27,,,2025-09-27
End financial support for meat & dairy producers and put VAT on their products,https://petition.parliament.uk/petitions/717908,closed,27,717908,2025-04-01,,,2025-10-01
Ban online sales of cameras disguised as household items,https://petition.parliament.uk/petitions/717919,closed,31,717919,2025-03-28,,,2025-09-28
Establish a bank holiday on the Monday after Remembrance Sunday,https://petition.parliament.uk/petitions/717925,closed,3566,717925,2025-03-28,,,2025-09-28
Make illegal to drive off after hitting any animal or wildlife without reporting,https://petition.parliament.uk/petitions/717937,closed,64,717937,2025-03-27,,,2025-09-27
Launch a public inquiry to investigate political bias in the national media ,https://petition.parliament.uk/petitions/717938,closed,124,717938,2025-04-03,,,2025-10-03
Ban ‘payment per fine’ incentives for Anti-Social Behaviour penalties,https://petition.parliament.uk/petitions/717945,closed,80,717945,2025-04-30,,,2025-10-30
Require that driverless cars avoid harming hedgehogs,https://petition.parliament.uk/petitions/717952,closed,57,717952,2025-04-07,,,2025-10-07
Urgent Action Needed: New Measures to Address Hepatitis B,https://petition.parliament.uk/petitions/717963,closed,100,717963,2025-04-03,,,2025-10-03
Expel all US military personnel from military bases in the UK,https://petition.parliament.uk/petitions/717971,closed,65,717971,2025-04-04,,,2025-10-04
Fund automated external defibrillators for homes,https://petition.parliament.uk/petitions/717976,closed,17,717976,2025-04-03,,,2025-10-03
Stop Vets insisting total payment upfront when pets are covered by insurance,https://petition.parliament.uk/petitions/717997,closed,91,717997,2025-04-01,,,2025-10-01
Review support for British International medical graduates & others to join NHS,https://petition.parliament.uk/petitions/718055,closed,37,718055,2025-04-04,,,2025-10-04
"Require cyclists to stay 2 metres away from pedestrians and horse riders
",https://petition.parliament.uk/petitions/718128,closed,94,718128,2025-04-01,,,2025-10-01
Ban service charges on houses,https://petition.parliament.uk/petitions/718158,closed,35,718158,2025-03-28,,,2025-09-28
Hold a referendum on a future UK Security/Defence pact with any European country,https://petition.parliament.uk/petitions/718160,closed,342,718160,2025-05-13,,,2025-11-13
Immediately remove FATCA reporting requirements on UK financial institutions,https://petition.parliament.uk/petitions/718181,closed,106,718181,2025-03-28,,,2025-09-28
Require schools to notify parents with PR of welfare concerns about their child,https://petition.parliament.uk/petitions/718188,closed,64,718188,2025-04-01,,,2025-10-01
Create a specific offence to prevent harassment of people breastfeeding,https://petition.parliament.uk/petitions/718232,closed,847,718232,2025-03-28,,,2025-09-28
Publish the economic impact of removing or raising the £100k tax cliff edge,https://petition.parliament.uk/petitions/718244,closed,2922,718244,2025-04-17,,,2025-10-17
Allow employees to claim tax relief for private medical treatment,https://petition.parliament.uk/petitions/718271,closed,32,718271,2025-05-27,,,2025-11-27
Justice for ESN Survivors: apologise and fund financial compensation,https://petition.parliament.uk/petitions/718292,closed,814,718292,2025-04-01,,,2025-10-01
Fund more support for fathers in family courts,https://petition.parliament.uk/petitions/718299,closed,133,718299,2025-03-28,,,2025-09-28
Review children's critical care decision law,https://petition.parliament.uk/petitions/718330,closed,2914,718330,2025-04-17,,,2025-10-17
Create a set of standards for private parking firms that ensure transparency,https://petition.parliament.uk/petitions/718339,closed,64,718339,2025-04-03,,,2025-10-03
Fund more support for student midwives,https://petition.parliament.uk/petitions/718363,closed,161,718363,2025-03-31,,,2025-09-30
Establish an Independent Inquiry into alleged Sexual Abuse in the Armed Forces,https://petition.parliament.uk/petitions/718388,closed,164,718388,2025-05-21,,,2025-11-21
Democratically elect National Park Authorities & the Broads Authority ,https://petition.parliament.uk/petitions/718403,closed,70,718403,2025-04-10,,,2025-10-10
Shut the migrant hotels down now and deport illegal migrants housed there,https://petition.parliament.uk/petitions/718406,closed,257442,718406,2025-04-01,2025-07-28,2025-10-20,2025-10-01
Create a version of the European Accessibility Act (EAA),https://petition.parliament.uk/petitions/718415,closed,52,718415,2025-03-31,,,2025-09-30
Provide funding to increase police presence from midnight till 6am ,https://petition.parliament.uk/petitions/718423,closed,42,718423,2025-03-31,,,2025-09-30
Require motor dealerships to comply with the Motor Ombudsman's Code of Practice,https://petition.parliament.uk/petitions/718428,closed,23,718428,2025-04-03,,,2025-10-03
Fund more financial support for Counselling Psychology Doctorate,https://petition.parliament.uk/petitions/718438,closed,459,718438,2025-04-01,,,2025-10-01
Require a one-week minimum payment period for charges such as tolls,https://petition.parliament.uk/petitions/718440,closed,56,718440,2025-04-03,,,2025-10-03
Fund monitoring for those advised to stop mental health medication,https://petition.parliament.uk/petitions/718451,closed,48,718451,2025-05-15,,,2025-11-15
Deploy UK peacekeeping troops to Ukraine to help secure European freedom,https://petition.parliament.uk/petitions/718463,closed,49,718463,2025-04-01,,,2025-10-01
Funding to reduce long waiting lists for urgent cardiology appointments,https://petition.parliament.uk/petitions/718465,closed,40,718465,2025-04-01,,,2025-10-01
Fund childminders to access publicly funded courses beyond level 3 ,https://petition.parliament.uk/petitions/718472,closed,16,718472,2025-05-19,,,2025-11-19
Make redundancy illegal whilst on maternity leave/for 6 months after,https://petition.parliament.uk/petitions/718511,closed,52,718511,2025-04-01,,,2025-10-01
Create an asylum scheme for LGBT+ Russians to seek asylum in the UK,https://petition.parliament.uk/petitions/718525,closed,72,718525,2025-05-02,,,2025-11-02
Stop the Data (Use and Access) Bill,https://petition.parliament.uk/petitions/718528,closed,775,718528,2025-04-28,,,2025-10-28
Establish an electoral process and MP to represent UK Overseas Citizens,https://petition.parliament.uk/petitions/718550,closed,701,718550,2025-04-01,,,2025-10-01
Strengthen consumer protections on new build homes,https://petition.parliament.uk/petitions/718575,closed,981,718575,2025-04-01,,,2025-10-01
Review laws allowing perpetrators of domestic abuse legal access to children,https://petition.parliament.uk/petitions/718576,closed,187,718576,2025-05-01,,,2025-11-01
Abolish the luxury vehicle tax for electric vehicles.,https://petition.parliament.uk/petitions/718584,closed,55,718584,2025-04-07,,,2025-10-07
Increase the annual cash ISA allowance to £25000 per annum,https://petition.parliament.uk/petitions/718593,closed,2120,718593,2025-04-04,,,2025-10-04
"Do not lower or remove the £20,000 annual cash ISA allowance",https://petition.parliament.uk/petitions/718599,closed,385,718599,2025-04-22,,,2025-10-22
Require media retractions be made as visible as original headlines or articles,https://petition.parliament.uk/petitions/718602,closed,228,718602,2025-04-16,,,2025-10-16
"Stronger legislation to ban and stop all puppy farming

",https://petition.parliament.uk/petitions/718634,closed,264,718634,2025-04-28,,,2025-10-28
Extend the Victims Right to Review Scheme for Victims of Domestic Abuse,https://petition.parliament.uk/petitions/718640,closed,45,718640,2025-04-09,,,2025-10-09
Review the regulations for weight loss injections,https://petition.parliament.uk/petitions/718642,closed,247,718642,2025-04-15,,,2025-10-15
 Increase UK support for Ukraine & take stronger measures against Russia,https://petition.parliament.uk/petitions/718643,closed,116,718643,2025-04-01,,,2025-10-01
"Form a centralised microchip & DNA database for dog breeding, care, and welfare ",https://petition.parliament.uk/petitions/718656,closed,1187,718656,2025-04-16,,,2025-10-16
"Introduce Licensing and Regulation for Dog and Cat Rescues to Protect Welfare
",https://petition.parliament.uk/petitions/718660,closed,109647,718660,2025-04-08,2025-09-17,2026-01-26,2025-10-08
Allow category C and category D driving licences to be used interchangeably,https://petition.parliament.uk/petitions/718662,closed,18,718662,2025-04-01,,,2025-10-01
Increase funding for volleyball facilities and training,https://petition.parliament.uk/petitions/718671,closed,18,718671,2025-04-07,,,2025-10-07
Introduce minimum hours of driving lessons before practical driving test,https://petition.parliament.uk/petitions/718676,closed,362,718676,2025-04-01,,,2025-10-01
Give students a legal right to access school toilets when they have their period,https://petition.parliament.uk/petitions/718682,closed,916,718682,2025-04-17,,,2025-10-17
"Amend Investigatory Powers Act: bar Govt from protected, private customer data",https://petition.parliament.uk/petitions/718721,closed,53,718721,2025-04-04,,,2025-10-04
Make suicide at or caused by work reportable to Health and Safety Executive,https://petition.parliament.uk/petitions/718755,closed,43,718755,2025-04-16,,,2025-10-16
Fund more staff training and better facilities in psychiatric hospitals,https://petition.parliament.uk/petitions/718797,closed,10400,718797,2025-03-31,,,2025-09-30
Review Section 91(14) orders,https://petition.parliament.uk/petitions/718826,closed,70,718826,2025-04-22,,,2025-10-22
Explore sources of funding for a European Rare Earths Consortium.,https://petition.parliament.uk/petitions/718861,closed,38,718861,2025-04-11,,,2025-10-11
Full funding for tuition fees for disabled adults who want to return to college,https://petition.parliament.uk/petitions/718877,closed,44,718877,2025-04-14,,,2025-10-14
Reform Money Claim Court paper process and waive some fees ,https://petition.parliament.uk/petitions/718882,closed,50,718882,2025-04-08,,,2025-10-08
Stop ex-prime ministers being able to claim expenses from the taxpayer,https://petition.parliament.uk/petitions/718895,closed,276,718895,2025-04-17,,,2025-10-17
Let the Public Decide: Hold a UK Referendum on Swiss-Style Direct Democracy.,https://petition.parliament.uk/petitions/718906,closed,115,718906,2025-04-15,,,2025-10-15
Protect Privacy: Stop Mandatory Age Verification on Adult Websites,https://petition.parliament.uk/petitions/718907,closed,1985,718907,2025-04-03,,,2025-10-03
Require social housing landlords to ensure properties have a C EPC rating,https://petition.parliament.uk/petitions/718910,closed,387,718910,2025-05-15,,,2025-11-15
Repeal all law of EU origin from UK law completely,https://petition.parliament.uk/petitions/718917,closed,137,718917,2025-04-17,,,2025-10-17
Legalise euthanasia for late onset Dementia,https://petition.parliament.uk/petitions/718954,closed,441,718954,2025-04-08,,,2025-10-08
Lower VED caps: £10 for Zero Emission + £30 for Internal Combustion vehicles,https://petition.parliament.uk/petitions/718980,closed,16,718980,2025-04-11,,,2025-10-11
Nationalise GCSE and A-Level exam boards.,https://petition.parliament.uk/petitions/719002,closed,39,719002,2025-04-07,,,2025-10-07
"Offer asylum for Transgender, Non-binary, & Intersex US Citizens & use diplomacy",https://petition.parliament.uk/petitions/719045,closed,182,719045,2025-05-01,,,2025-11-01
Review the enforcement of cannabis laws,https://petition.parliament.uk/petitions/719060,closed,91,719060,2025-04-04,,,2025-10-04
Make it a legal requirement that all electric vehicles have artificial sound,https://petition.parliament.uk/petitions/719067,closed,113,719067,2025-04-02,,,2025-10-02
Base Extended Producer Responsibility fees for packaging on units not weight,https://petition.parliament.uk/petitions/719074,closed,48,719074,2025-04-02,,,2025-10-02
Change national insurance contributions when reached max for state pension,https://petition.parliament.uk/petitions/719078,closed,57,719078,2025-04-04,,,2025-10-04
Introduce more regulations around the sale and use of crossbows,https://petition.parliament.uk/petitions/719090,closed,500,719090,2025-04-11,,,2025-10-11
Fund more pregnancy scans past 20 weeks on the NHS,https://petition.parliament.uk/petitions/719111,closed,42,719111,2025-04-02,,,2025-10-02
Transfer UK Warrior Infantry Fighting Vehicles to Ukraine,https://petition.parliament.uk/petitions/719124,closed,20067,719124,2025-04-04,,,2025-10-04
Fund more early intervention support for people struggling with mental health,https://petition.parliament.uk/petitions/719129,closed,377,719129,2025-04-02,,,2025-10-02
Fund the building of 1500 artificial sports pitches by start of 2027,https://petition.parliament.uk/petitions/719130,closed,36,719130,2025-04-07,,,2025-10-07
Stop Child Maintenance if parents are denied access to their children,https://petition.parliament.uk/petitions/719152,closed,221,719152,2025-04-04,,,2025-10-04
Stronger rules to ensure foreign businesses pay the right VAT,https://petition.parliament.uk/petitions/719166,closed,55,719166,2025-05-01,,,2025-11-01
Ensure employers pensions contributions are a minimum of ten percent,https://petition.parliament.uk/petitions/719175,closed,24,719175,2025-04-04,,,2025-10-04
Ban the sale of small animals from pet shops and third-party sellers in the UK,https://petition.parliament.uk/petitions/719176,closed,343,719176,2025-04-28,,,2025-10-28
Fund free NHS prescriptions for people with Rheumatoid Arthritis,https://petition.parliament.uk/petitions/719179,closed,54,719179,2025-04-03,,,2025-10-03
"Ban herbicides containing Glyphosate to protect people, food and the environment",https://petition.parliament.uk/petitions/719180,closed,473,719180,2025-04-25,,,2025-10-25
Regularly assess & consider the economic benefits of EU Customs Union membership,https://petition.parliament.uk/petitions/719194,closed,3769,719194,2025-04-04,,,2025-10-04
Make destroying or vandalising the Union Flag a criminal offence,https://petition.parliament.uk/petitions/719227,closed,1252,719227,2025-04-03,,,2025-10-03
Require schools to ban students use of smartphones during school hours,https://petition.parliament.uk/petitions/719230,closed,510,719230,2025-04-30,,,2025-10-30
Grant Ukrainian citizens visa-free short-term entry to the UK,https://petition.parliament.uk/petitions/719249,closed,44,719249,2025-04-03,,,2025-10-03
Introduce a new law protecting dogs from dangerous out of control dogs ,https://petition.parliament.uk/petitions/719263,closed,133,719263,2025-04-07,,,2025-10-07
Don't increase defence spending to 2.5% of GDP & change approach,https://petition.parliament.uk/petitions/719265,closed,1023,719265,2025-04-03,,,2025-10-03
Make a specific offence for a taxi driver to have sexual contact with a customer,https://petition.parliament.uk/petitions/719266,closed,707,719266,2025-04-11,,,2025-10-11
Hold newspaper editors legally responsible for dangerous inaccuracies published,https://petition.parliament.uk/petitions/719274,closed,94,719274,2025-04-09,,,2025-10-09
Ban restrictions on overnight parking for motorhomes and campervans,https://petition.parliament.uk/petitions/719292,closed,4636,719292,2025-04-07,,,2025-10-07
Restore UK Leadership in Global Development – Reverse Aid Cuts,https://petition.parliament.uk/petitions/719301,closed,296,719301,2025-04-08,,,2025-10-08
Update on consultation on Overseas Dentist Provisional Registration Route,https://petition.parliament.uk/petitions/719304,closed,672,719304,2025-04-04,,,2025-10-04
Tax Relief for Blue Light Workers ,https://petition.parliament.uk/petitions/719333,closed,26,719333,2025-04-03,,,2025-10-03
Negotiate a minerals rights deal with Ukraine,https://petition.parliament.uk/petitions/719360,closed,25,719360,2025-04-29,,,2025-10-29
Add Fibromyalgia to the NHS Free Prescription Exemption List,https://petition.parliament.uk/petitions/719370,closed,122,719370,2025-04-15,,,2025-10-15
Ban Gambling Industry Donations to Political Parties and MPs,https://petition.parliament.uk/petitions/719385,closed,111,719385,2025-04-08,,,2025-10-08
Ban divorce settlements granting rights to financial assets to domestic abusers,https://petition.parliament.uk/petitions/719420,closed,69,719420,2025-04-17,,,2025-10-17
Require emergency service vehicles to use two-tone “nee nah” sirens.,https://petition.parliament.uk/petitions/719424,closed,45,719424,2025-04-23,,,2025-10-23
Funding for Hyperemesis Gravidarum care,https://petition.parliament.uk/petitions/719429,closed,11548,719429,2025-04-07,,,2025-10-07
Legislate against MPs receiving public funds if convicted,https://petition.parliament.uk/petitions/719436,closed,87,719436,2025-04-15,,,2025-10-15
Start funding and stop cutting resources for Youth services,https://petition.parliament.uk/petitions/719442,closed,40,719442,2025-04-28,,,2025-10-28
Create a trauma-informed task force to develop a strategy to address trauma ,https://petition.parliament.uk/petitions/719451,closed,3054,719451,2025-04-08,,,2025-10-08
Add Biomedical Scientists to the immigration salary list,https://petition.parliament.uk/petitions/719481,closed,242,719481,2025-04-04,,,2025-10-04
Enforce fair compensation for short-formed train services,https://petition.parliament.uk/petitions/719483,closed,28,719483,2025-04-07,,,2025-10-07
Review and fund mental health support for children under 10,https://petition.parliament.uk/petitions/719506,closed,26,719506,2025-04-22,,,2025-10-22
Introduce a reformed income tax band system with gradual increases from 20-45%,https://petition.parliament.uk/petitions/720092,closed,36,720092,2025-04-09,,,2025-10-09
Require online knife purchases to be collected in-person from the Post Office.,https://petition.parliament.uk/petitions/720152,closed,46,720152,2025-04-11,,,2025-10-11
Require property management & insurance companies to pay cladding repair costs,https://petition.parliament.uk/petitions/720244,closed,37,720244,2025-04-08,,,2025-10-08
Recall UK diplomats in the US and increase support for Ukraine,https://petition.parliament.uk/petitions/720358,closed,21,720358,2025-05-07,,,2025-11-07
Launch investigation into health of UK veterans who served in the Gulf War,https://petition.parliament.uk/petitions/720418,closed,27,720418,2025-04-08,,,2025-10-08
Review and reform how police deal with complaints,https://petition.parliament.uk/petitions/720437,closed,29,720437,2025-04-07,,,2025-10-07
Illegal immigrants entering this country to have DNA taken,https://petition.parliament.uk/petitions/720453,closed,597,720453,2025-04-09,,,2025-10-09
Ban import of petrol & diesel from countries which import & refine Russian oil,https://petition.parliament.uk/petitions/720455,closed,118,720455,2025-04-29,,,2025-10-29
"End the ""Special Relationship"" with the USA",https://petition.parliament.uk/petitions/720487,closed,122,720487,2025-04-04,,,2025-10-04
Strengthen the Animal Welfare Act 2006,https://petition.parliament.uk/petitions/720491,closed,21392,720491,2025-04-22,,,2025-10-22
Require all private care home and nursing home fees to be tax deductible,https://petition.parliament.uk/petitions/720519,closed,21,720519,2025-04-07,,,2025-10-07
Mandate major tv broadcasters to play the national anthem at the end of the day,https://petition.parliament.uk/petitions/720552,closed,49,720552,2025-04-08,,,2025-10-08
Introduce a voluntary 0.1% income tax to support Ukraine,https://petition.parliament.uk/petitions/720618,closed,34,720618,2025-04-04,,,2025-10-04
Lower the age for invites to regular mammograms to 40.,https://petition.parliament.uk/petitions/720626,closed,1574,720626,2025-04-11,,,2025-10-11
"Require producers to declare how much metal is in food, drink and supplements",https://petition.parliament.uk/petitions/720712,closed,277,720712,2025-04-24,,,2025-10-24
Change the term ‘shared ownership’ to ‘assured tenancy leasing’,https://petition.parliament.uk/petitions/720715,closed,19,720715,2025-05-21,,,2025-11-21
Fund dedicated vape bins so vapes don't lie on the ground,https://petition.parliament.uk/petitions/720728,closed,20,720728,2025-04-08,,,2025-10-08
Extend the parking period for disabled badge holders and change renewal rules,https://petition.parliament.uk/petitions/720754,closed,39,720754,2025-04-22,,,2025-10-22
Improve the National Speed Limit (NSL) road sign,https://petition.parliament.uk/petitions/720758,closed,23,720758,2025-04-09,,,2025-10-09
Create a voluntary contribution fund for the UK armed forces,https://petition.parliament.uk/petitions/720786,closed,21,720786,2025-04-07,,,2025-10-07
Repeal the Worker Protection (Amendment of Equality Act 2010) Act 2023,https://petition.parliament.uk/petitions/720787,closed,18,720787,2025-04-24,,,2025-10-24
Make 'Tragedy Chanting' at football stadia a specific criminal offence,https://petition.parliament.uk/petitions/720831,closed,1537,720831,2025-04-07,,,2025-10-07
The UK Gov should divest itself of foreign currency reserves it holds in US$,https://petition.parliament.uk/petitions/720838,closed,77,720838,2025-04-08,,,2025-10-08
"Review communication about ""collect and pay"" fees for Child Maintenance",https://petition.parliament.uk/petitions/720916,closed,38,720916,2025-04-04,,,2025-10-04
"Immediately increase defence spending to 4% GDP for 2yrs, then 3.5% GDP onwards",https://petition.parliament.uk/petitions/720924,closed,38,720924,2025-05-07,,,2025-11-07
Review IVF guidelines for women whose partner already has a child ,https://petition.parliament.uk/petitions/720925,closed,97,720925,2025-04-09,,,2025-10-09
Provide funding for research and treatment of Hyperemesis Gravidarum,https://petition.parliament.uk/petitions/720933,closed,113,720933,2025-04-04,,,2025-10-04
Support the proposed International Treaty to Ban the Political Abuse of Religion,https://petition.parliament.uk/petitions/720940,closed,53,720940,2025-04-17,,,2025-10-17
Introduce consequences for local authorities that ignore antisocial behaviour,https://petition.parliament.uk/petitions/720977,closed,62,720977,2025-04-17,,,2025-10-17
Implement recommendations of the Independent Review of Pornography Regulation,https://petition.parliament.uk/petitions/721006,closed,208,721006,2025-04-07,,,2025-10-07
Introduce a 12-month amnesty on APR and BPR policy proposals,https://petition.parliament.uk/petitions/721014,closed,7323,721014,2025-05-06,,,2025-11-06
Notify new parents of partner's criminal record when registering birth ,https://petition.parliament.uk/petitions/721015,closed,37,721015,2025-04-07,,,2025-10-07
Cap profits at 10% of revenues for essential goods and services,https://petition.parliament.uk/petitions/721066,closed,83,721066,2025-04-14,,,2025-10-14
Abolish the Minimum Income Floor in Universal Credit.,https://petition.parliament.uk/petitions/721073,closed,87,721073,2025-04-08,,,2025-10-08
Remove the 26-week rule & allow fathers to take paternity leave immediately.,https://petition.parliament.uk/petitions/721099,closed,34,721099,2025-04-11,,,2025-10-11
Ban guarantor policies for buying or renting homes,https://petition.parliament.uk/petitions/721111,closed,29,721111,2025-04-22,,,2025-10-22
"Review Commercial leases, introduce a standard lease document & duty of care",https://petition.parliament.uk/petitions/721122,closed,18,721122,2025-05-14,,,2025-11-14
Set up an independent inquiry into the UK’s involvement in the war in Gaza,https://petition.parliament.uk/petitions/721125,closed,4070,721125,2025-04-08,,,2025-10-08
End Capital Gains Tax on cryptocurrency gains,https://petition.parliament.uk/petitions/721161,closed,205,721161,2025-04-23,,,2025-10-23
Fund research for ketamine treatment for chronic pain,https://petition.parliament.uk/petitions/721164,closed,44,721164,2025-04-07,,,2025-10-07
Increase funding for research and financial support for women with endometriosis,https://petition.parliament.uk/petitions/721175,closed,287,721175,2025-04-15,,,2025-10-15
Provide Funding to Protect Eating Disorder Services for Under-18s,https://petition.parliament.uk/petitions/721210,closed,39,721210,2025-04-23,,,2025-10-23
Provide funding and relief to support struggling independent music venues,https://petition.parliament.uk/petitions/721218,closed,272,721218,2025-04-04,,,2025-10-04
Fund more Physician Associates roles in the NHS,https://petition.parliament.uk/petitions/721225,closed,5842,721225,2025-04-16,,,2025-10-16
"End military aid to Ukraine, seek peace deal & restore relations with Russia",https://petition.parliament.uk/petitions/721233,closed,123,721233,2025-05-22,,,2025-11-22
UK to propose Palestinian statehood at UN and press US to support it,https://petition.parliament.uk/petitions/721234,closed,315,721234,2025-06-19,,,2025-12-19
Increase funding for mediation and arbitration in family courts,https://petition.parliament.uk/petitions/721242,closed,188,721242,2025-04-08,,,2025-10-08
Require companies to use AI modelling instead of animal testing if possible,https://petition.parliament.uk/petitions/721258,closed,106,721258,2025-04-17,,,2025-10-17
Remove parents’ right to withdraw secondary school students from sex education,https://petition.parliament.uk/petitions/721277,closed,56,721277,2025-04-07,,,2025-10-07
Make sentences for re-offending violent youths the same as adults,https://petition.parliament.uk/petitions/721293,closed,111,721293,2025-04-08,,,2025-10-08
Raise the minimum age of paracetamol purchase from 16 to 18 years old,https://petition.parliament.uk/petitions/721297,closed,31,721297,2025-04-07,,,2025-10-07
Life sentence for death by dangerous driving,https://petition.parliament.uk/petitions/721342,closed,75,721342,2025-04-09,,,2025-10-09
Introduce bereavement leave for a pet dying,https://petition.parliament.uk/petitions/721369,closed,89,721369,2025-04-07,,,2025-10-07
Strengthen Safeguards related to Child Removal by Social Services,https://petition.parliament.uk/petitions/721373,closed,74,721373,2025-04-08,,,2025-10-08
"Prohibit police officers from having sexual relationships while undercover
",https://petition.parliament.uk/petitions/721401,closed,1481,721401,2025-05-14,,,2025-11-14
Introduce a 2% wealth tax on assets over £10 million & tax reform,https://petition.parliament.uk/petitions/721409,closed,1780,721409,2025-04-08,,,2025-10-08
Create a law to protect the neon sign making industry,https://petition.parliament.uk/petitions/721411,closed,552,721411,2025-04-08,,,2025-10-08
Ban all mid-terrace houses from becoming HMOs,https://petition.parliament.uk/petitions/721416,closed,199,721416,2025-04-17,,,2025-10-17
Introduce a tax on AI usage & modify AI regulation to help UK jobs & workers,https://petition.parliament.uk/petitions/721480,closed,78,721480,2025-04-17,,,2025-10-17
Simplify rules & create temporary visa for EU couples wanting to start a family,https://petition.parliament.uk/petitions/721488,closed,19,721488,2025-04-22,,,2025-10-22
Legalise the attachment of a small trailer to a mobility scooter,https://petition.parliament.uk/petitions/721492,closed,19,721492,2025-04-08,,,2025-10-08
Pay compensation to families of wronged Sub-Postmasters/mistresses ,https://petition.parliament.uk/petitions/721497,closed,317,721497,2025-04-17,,,2025-10-17
Fund/legislate for improved security and facilities for HGV drivers,https://petition.parliament.uk/petitions/721512,closed,488,721512,2025-04-07,,,2025-10-07
Exempt charities from increases to employer National Insurance Contributions,https://petition.parliament.uk/petitions/721526,closed,41,721526,2025-04-08,,,2025-10-08
Fund advertisement and communications about mental health support for veterans ,https://petition.parliament.uk/petitions/721533,closed,20,721533,2025-04-07,,,2025-10-07
Regulate processes that can be used for adoption of animals ,https://petition.parliament.uk/petitions/721535,closed,29,721535,2025-04-14,,,2025-10-14
Make conscription a condition of citizenship for migrants who entered illegally,https://petition.parliament.uk/petitions/721538,closed,246,721538,2025-05-20,,,2025-11-20
Protect Disabled people who cannot work from planned cuts to benefits,https://petition.parliament.uk/petitions/721547,closed,31388,721547,2025-04-08,,,2025-10-08
Legislate against 'price-gouging' practices,https://petition.parliament.uk/petitions/721555,closed,43,721555,2025-04-22,,,2025-10-22
Loosen nationality requirements for allied personnel to enter UK Armed Forces,https://petition.parliament.uk/petitions/721570,closed,19,721570,2025-04-10,,,2025-10-10
Add Morocco to the list of 'designated countries' for driving licence exchange,https://petition.parliament.uk/petitions/721633,closed,1268,721633,2025-04-10,,,2025-10-10
Change the driving theory test to be available in different languages,https://petition.parliament.uk/petitions/721651,closed,16,721651,2025-04-07,,,2025-10-07
Ban poppers,https://petition.parliament.uk/petitions/721652,closed,23,721652,2025-04-08,,,2025-10-08
Launch a public inquiry into concerns about free speech in the UK,https://petition.parliament.uk/petitions/721674,closed,2771,721674,2025-04-07,,,2025-10-07
"Require local authorities to add ""unmet needs"" as a Child Protection category",https://petition.parliament.uk/petitions/721682,closed,37,721682,2025-05-15,,,2025-11-15
Review PIP eligibility criteria and award payments based on medical diagnoses,https://petition.parliament.uk/petitions/721692,closed,397,721692,2025-04-08,,,2025-10-08
Revoke the Mutilations (Permitted Procedures) (England) Regulations,https://petition.parliament.uk/petitions/721697,closed,66,721697,2025-05-09,,,2025-11-09
Ban the import of foie gras into the UK,https://petition.parliament.uk/petitions/721701,closed,220,721701,2025-04-10,,,2025-10-10
Require restaurants to list all ingredients in their food when asked,https://petition.parliament.uk/petitions/721734,closed,678,721734,2025-04-23,,,2025-10-23
Make Breathwork and Emotional Wellbeing Part of the National Curriculum,https://petition.parliament.uk/petitions/721736,closed,80,721736,2025-04-08,,,2025-10-08
Make an agreed offer on a property legally binding,https://petition.parliament.uk/petitions/721744,closed,102,721744,2025-04-16,,,2025-10-16
Abolish the five person sponsor requirement for e-petitions,https://petition.parliament.uk/petitions/721779,closed,48,721779,2025-04-09,,,2025-10-09
Require the accuser in rape cases to hand over their phones to the police,https://petition.parliament.uk/petitions/721792,closed,819,721792,2025-04-24,,,2025-10-24
Legally require judges to hear children aged 10+ in family court proceedings,https://petition.parliament.uk/petitions/721795,closed,47,721795,2025-06-04,,,2025-12-04
Repeal the Coronavirus Act 2020,https://petition.parliament.uk/petitions/721819,closed,2921,721819,2025-04-08,,,2025-10-08
Review and support the continued operation of pubs to prevent more closures,https://petition.parliament.uk/petitions/721825,closed,12488,721825,2025-04-08,,,2025-10-08
Protect Disability Benefits: Stop Changes to PIP and Universal Credit,https://petition.parliament.uk/petitions/721828,closed,2157,721828,2025-04-14,,,2025-10-14
Ban fracking and drilling operations in coastal communities in England,https://petition.parliament.uk/petitions/721833,closed,148,721833,2025-04-17,,,2025-10-17
Strengthen laws on filming police officers,https://petition.parliament.uk/petitions/721841,closed,43,721841,2025-04-23,,,2025-10-23
Review foreign travel advice for Libya,https://petition.parliament.uk/petitions/721843,closed,1052,721843,2025-04-24,,,2025-10-24
Close national insurance loopholes for limited liability partnerships,https://petition.parliament.uk/petitions/721862,closed,35,721862,2025-04-28,,,2025-10-28
Ban per- and polyfluoroalkyl substances (PFAs) in menstrual products,https://petition.parliament.uk/petitions/721872,closed,79,721872,2025-04-09,,,2025-10-09
Lower citizenship application fees if in UK 10+ years with British born children,https://petition.parliament.uk/petitions/721877,closed,19,721877,2025-04-30,,,2025-10-30
Change free childcare scheme to direct payments into Tax-Free Childcare accts,https://petition.parliament.uk/petitions/721888,closed,1457,721888,2025-04-24,,,2025-10-24
Stop PIP Cuts: Protect Support for Disabled People,https://petition.parliament.uk/petitions/721918,closed,4234,721918,2025-04-14,,,2025-10-14
Review attendance rules in schools to support children with health requirements,https://petition.parliament.uk/petitions/721928,closed,58,721928,2025-04-29,,,2025-10-29
National service for young men unlikely to finish school and asylum seekers,https://petition.parliament.uk/petitions/721942,closed,111,721942,2025-05-14,,,2025-11-14
Fund free train travel for seniors,https://petition.parliament.uk/petitions/721979,closed,650,721979,2025-04-15,,,2025-10-15
Ban industry lobbyists from charity boards for 5 years after leaving their job,https://petition.parliament.uk/petitions/721989,closed,40,721989,2025-04-22,,,2025-10-22
Protect Military Families: Mandate 6ft Fences In Gardens,https://petition.parliament.uk/petitions/721991,closed,1060,721991,2025-04-16,,,2025-10-16
Fund planting more hedgerows to increase biodiversity,https://petition.parliament.uk/petitions/721998,closed,51,721998,2025-04-22,,,2025-10-22
Allow Type 1 diabetics to be individually assessed to join the Armed Forces,https://petition.parliament.uk/petitions/722004,closed,111,722004,2025-04-24,,,2025-10-24
Ban councils charging council tax on secondary properties,https://petition.parliament.uk/petitions/722012,closed,80,722012,2025-04-25,,,2025-10-25
Require cyclists to abide by same speed limits as motor vehicles,https://petition.parliament.uk/petitions/722016,closed,67,722016,2025-04-09,,,2025-10-09
Remove business rates and duty on alcohol sold in independently owned pubs,https://petition.parliament.uk/petitions/722044,closed,33,722044,2025-06-02,,,2025-12-02
Ban all UK economic & charitable activities with all illegal settlements,https://petition.parliament.uk/petitions/722076,closed,219,722076,2025-04-10,,,2025-10-10
Pause and review the net zero renewable energy development drive.,https://petition.parliament.uk/petitions/722078,closed,1476,722078,2025-04-30,,,2025-10-30
Review the PIP assessment process to adjust for neurodivergence and trauma,https://petition.parliament.uk/petitions/722084,closed,299,722084,2025-04-22,,,2025-10-22
Ban schools from suspending pupils under the age of 7,https://petition.parliament.uk/petitions/722096,closed,37,722096,2025-04-09,,,2025-10-09
Require schools to display school meal nutritional information,https://petition.parliament.uk/petitions/722105,closed,41,722105,2025-04-16,,,2025-10-16
Reduce the qualifying period for workplace pensions for emergency servicemen,https://petition.parliament.uk/petitions/722106,closed,15,722106,2025-04-16,,,2025-10-16
Hold Gig Economy Delivery companies accountable for ensuring legal road use,https://petition.parliament.uk/petitions/722118,closed,116,722118,2025-04-25,,,2025-10-25
Require all military sexual assault claims be handled by civilian authorities,https://petition.parliament.uk/petitions/722126,closed,104,722126,2025-04-14,,,2025-10-14
Ban town centre management companies and rangers,https://petition.parliament.uk/petitions/722138,closed,16,722138,2025-04-23,,,2025-10-23
Funding for ASD and ADHD assessments for children within 18 months of referral,https://petition.parliament.uk/petitions/722178,closed,189,722178,2025-04-16,,,2025-10-16
Fund cervical smear tests for women above age 64,https://petition.parliament.uk/petitions/722196,closed,71,722196,2025-04-17,,,2025-10-17
Regulate telemetric / AI robots,https://petition.parliament.uk/petitions/722205,closed,90,722205,2025-04-17,,,2025-10-17
Provide funding for local authorities to have more electric buses,https://petition.parliament.uk/petitions/722212,closed,34,722212,2025-04-09,,,2025-10-09
Change business rates relief for 25/26 back to 75%.,https://petition.parliament.uk/petitions/722220,closed,497,722220,2025-04-11,,,2025-10-11
Allocate funding to allow unpaid carers one night off,https://petition.parliament.uk/petitions/722224,closed,94,722224,2025-04-28,,,2025-10-28
Legislate to require tech companies to offer parental controls for under 17's,https://petition.parliament.uk/petitions/722248,closed,208,722248,2025-05-20,,,2025-11-20
"Fund more, newly designed knife banks outside every police station",https://petition.parliament.uk/petitions/722249,closed,225,722249,2025-04-22,,,2025-10-22
Fund access to abiraterone in England for high-risk prostate cancer patients,https://petition.parliament.uk/petitions/722253,closed,1032,722253,2025-04-17,,,2025-10-17
Do not refer to the state pensions as a benefit,https://petition.parliament.uk/petitions/722255,closed,288,722255,2025-04-17,,,2025-10-17
Require by law all sports netting to be tied up when not in use,https://petition.parliament.uk/petitions/722303,closed,12131,722303,2025-04-15,,,2025-10-15
"Regularly review public sector pay, and cap it at £50k per year",https://petition.parliament.uk/petitions/722314,closed,32,722314,2025-04-16,,,2025-10-16
Mandate Training for Large Land Purchasers to Protect the Countryside,https://petition.parliament.uk/petitions/722327,closed,77,722327,2025-06-12,,,2025-12-12
Require employers to provide 6 days of fully paid sick leave each year,https://petition.parliament.uk/petitions/722340,closed,50,722340,2025-04-29,,,2025-10-29
Impose retaliatory tariffs on US goods,https://petition.parliament.uk/petitions/722342,closed,45,722342,2025-04-17,,,2025-10-17
Legalise Bow Hunting,https://petition.parliament.uk/petitions/722350,closed,127,722350,2025-04-17,,,2025-10-17
Review enforcement of break time rules in the private care sector,https://petition.parliament.uk/petitions/722352,closed,17,722352,2025-04-22,,,2025-10-22
Withdraw the Children's Wellbeing and Schools Bill,https://petition.parliament.uk/petitions/722377,closed,166496,722377,2025-04-25,2025-10-07,2025-12-01,2025-10-25
Require CCTV in all nursery & child-minding settings,https://petition.parliament.uk/petitions/722388,closed,1064,722388,2025-04-23,,,2025-10-23
Ban realistic AI images claiming to depict politicians being published online.,https://petition.parliament.uk/petitions/722397,closed,53,722397,2025-04-11,,,2025-10-11
Review measures to tackle tax evasion and end offshore tax loopholes,https://petition.parliament.uk/petitions/722399,closed,154,722399,2025-04-17,,,2025-10-17
Child contact with parent arrested/bailed for domestic abuse to be supervised ,https://petition.parliament.uk/petitions/722406,closed,33,722406,2025-04-29,,,2025-10-29
Create AI-driven policy simulation game to boost public engagement and earn UBI,https://petition.parliament.uk/petitions/722407,closed,16,722407,2025-04-17,,,2025-10-17
Reduce Government Spending on Consultancies,https://petition.parliament.uk/petitions/722409,closed,55,722409,2025-04-23,,,2025-10-23
Exempt all registered motorcycles from paying Vehicle Excise Duty,https://petition.parliament.uk/petitions/722410,closed,154,722410,2025-04-22,,,2025-10-22
Review the legislation governing the credit rating system,https://petition.parliament.uk/petitions/722426,closed,39,722426,2025-04-17,,,2025-10-17
Provide free education transport for children aged 16-19 with EHCPs,https://petition.parliament.uk/petitions/722438,closed,504,722438,2025-04-29,,,2025-10-29
Require state-funded free-entry museums to charge a £5 entry fee for tourists,https://petition.parliament.uk/petitions/722443,closed,46,722443,2025-04-22,,,2025-10-22
Fund all GP surgeries to provide blood tests to patients with chronic illnesses,https://petition.parliament.uk/petitions/722446,closed,737,722446,2025-04-17,,,2025-10-17
Suspend parental rights when arrested on suspicion of murdering the child,https://petition.parliament.uk/petitions/722453,closed,560,722453,2025-04-28,,,2025-10-28
Provide funding on the improvement on social housing conditions.,https://petition.parliament.uk/petitions/722462,closed,48,722462,2025-04-17,,,2025-10-17
Call for a ceasefire in South Sudan & more humanitarian aid access,https://petition.parliament.uk/petitions/722465,closed,141,722465,2025-04-25,,,2025-10-25
Introduce a nationwide Baby Box scheme,https://petition.parliament.uk/petitions/722467,closed,42,722467,2025-05-01,,,2025-11-01
Amend Law to Permit Cockerels on Allotments,https://petition.parliament.uk/petitions/722482,closed,23,722482,2025-04-10,,,2025-10-10
Ban rodent traps that kill or hurt mice and other rodents,https://petition.parliament.uk/petitions/722485,closed,150,722485,2025-04-15,,,2025-10-15
Create a specific Minimum Wage for Security Personnel 10% higher than NMW,https://petition.parliament.uk/petitions/722518,closed,37,722518,2025-04-11,,,2025-10-11
Review road tax to fairly account for vehicle age and emissions,https://petition.parliament.uk/petitions/722527,closed,102,722527,2025-04-17,,,2025-10-17
Require companies to pay domiciliary care workers for on-call night shifts,https://petition.parliament.uk/petitions/722540,closed,22,722540,2025-04-28,,,2025-10-28
Require leisure companies to provide exclusive Additional Learning Need sessions,https://petition.parliament.uk/petitions/722557,closed,81,722557,2025-04-11,,,2025-10-11
Reverse the burden of proof in relation to consent in sexual assault cases,https://petition.parliament.uk/petitions/722562,closed,219,722562,2025-05-09,,,2025-11-09
Increase funding for schools and colleges,https://petition.parliament.uk/petitions/722583,closed,90,722583,2025-04-15,,,2025-10-15
Scrap the ‘3-Month Before and 9-Month After’ Rule for PIP Eligibility,https://petition.parliament.uk/petitions/722586,closed,99,722586,2025-04-16,,,2025-10-16
Ban prisoners and violent ex-convicts working in slaughterhouses,https://petition.parliament.uk/petitions/722692,closed,42,722692,2025-05-07,,,2025-11-07
Add more life skills to the national curriculum for secondary education,https://petition.parliament.uk/petitions/722726,closed,70,722726,2025-04-17,,,2025-10-17
Make the sex offender's registry publicly available to view for everyone.,https://petition.parliament.uk/petitions/722730,closed,11666,722730,2025-04-22,,,2025-10-22
Require an expert to examine a pet before seizure under the Dangerous Dogs Act,https://petition.parliament.uk/petitions/722737,closed,227,722737,2025-04-23,,,2025-10-23
Keep the LCWRA Universal Credit component for under 22's,https://petition.parliament.uk/petitions/722749,closed,180,722749,2025-04-24,,,2025-10-24
Cap the costs of gifts for MPs at £150,https://petition.parliament.uk/petitions/722772,closed,129,722772,2025-04-15,,,2025-10-15
Reinstate the Sustainable Farming Incentive (SFI) to support farmers and nature,https://petition.parliament.uk/petitions/722785,closed,182,722785,2025-04-22,,,2025-10-22
Increase funding for research into coeliac disease and treatment options,https://petition.parliament.uk/petitions/722789,closed,133,722789,2025-04-25,,,2025-10-25
Make misogyny a hate crime.,https://petition.parliament.uk/petitions/722809,closed,151,722809,2025-04-11,,,2025-10-11
New parental chaperone right in the entertainment industry,https://petition.parliament.uk/petitions/722813,closed,27,722813,2025-04-30,,,2025-10-30
Make all grass verge parking illegal,https://petition.parliament.uk/petitions/722818,closed,265,722818,2025-04-16,,,2025-10-16
Make Dependent Visa Extension Periods Flexible to Prevent Unnecessary IHS Fees,https://petition.parliament.uk/petitions/722857,closed,15,722857,2025-04-25,,,2025-10-25
Require Local Authorities to provide more notice for care funding rates,https://petition.parliament.uk/petitions/722859,closed,432,722859,2025-05-01,,,2025-11-01
Require full public consultation on proposed PIP reforms in the Green Paper,https://petition.parliament.uk/petitions/722864,closed,220,722864,2025-05-07,,,2025-11-07
Remove all duplicate telecommunications infrastructure & enforce sharing deals,https://petition.parliament.uk/petitions/722865,closed,506,722865,2025-04-25,,,2025-10-25
Ensure the renewal of LPWGS beyond March 2026 without any caps,https://petition.parliament.uk/petitions/722870,closed,210,722870,2025-04-23,,,2025-10-23
Ban insurance companies requiring women to declare taking HRT for menopause,https://petition.parliament.uk/petitions/722874,closed,57,722874,2025-04-29,,,2025-10-29
Review replacing JSA & ESA with Unemployment Insurance for overseas citizens,https://petition.parliament.uk/petitions/722881,closed,11,722881,2025-05-01,,,2025-11-01
Introduce mandatory anti-bullying programmes in schools,https://petition.parliament.uk/petitions/722882,closed,167,722882,2025-04-29,,,2025-10-29
MPs to receive positive feedback from constituents before getting paid.,https://petition.parliament.uk/petitions/722894,closed,59,722894,2025-04-22,,,2025-10-22
Repeal the Online Safety Act,https://petition.parliament.uk/petitions/722903,closed,550137,722903,2025-04-22,2025-07-25,2025-12-15,2025-10-22
Grant asylum to White South Africans and provide emergency support,https://petition.parliament.uk/petitions/722909,closed,157,722909,2025-05-20,,,2025-11-20
Ban companies from charging more for hygiene products targeted to females,https://petition.parliament.uk/petitions/722919,closed,263,722919,2025-04-17,,,2025-10-17
Give conditional amnesty to undocumented migrants living in the UK for 10+ years,https://petition.parliament.uk/petitions/722957,closed,56,722957,2025-04-24,,,2025-10-24
Require new cars to include a spare wheel,https://petition.parliament.uk/petitions/722979,closed,65,722979,2025-04-22,,,2025-10-22
Require all employers to give full-time employees 30 days annual leave,https://petition.parliament.uk/petitions/722984,closed,126,722984,2025-04-17,,,2025-10-17
Owners to be able to claim compensation for pet suffering due to vet negligence,https://petition.parliament.uk/petitions/722985,closed,109,722985,2025-05-08,,,2025-11-08
Penalties for Local Authorities if their EHCP decision is overturned at Tribunal,https://petition.parliament.uk/petitions/723001,closed,3562,723001,2025-04-25,,,2025-10-25
Increase max sentence for injury caused due to dangerous driving to 10 years,https://petition.parliament.uk/petitions/723004,closed,591,723004,2025-04-23,,,2025-10-23
Lower the age for invites to regular mammograms to 21,https://petition.parliament.uk/petitions/723013,closed,119,723013,2025-04-22,,,2025-10-22
Fund every GP to have a dedicated Chronic Pain/Fibromyalgia Practitioner.,https://petition.parliament.uk/petitions/723029,closed,207,723029,2025-04-22,,,2025-10-22
Require All Local Authorities To Ensure That All Taxi Ranks Are Accessible,https://petition.parliament.uk/petitions/723033,closed,29,723033,2025-04-28,,,2025-10-28
Lower the age of child criminal responsibility for attacks and murder,https://petition.parliament.uk/petitions/723050,closed,69,723050,2025-04-30,,,2025-10-30
Automatic Deputyship to parents once child with disabilities turns 18,https://petition.parliament.uk/petitions/723071,closed,189,723071,2025-04-22,,,2025-10-22
Require local authorities to freeze Council Tax at current levels,https://petition.parliament.uk/petitions/723076,closed,55,723076,2025-04-28,,,2025-10-28
Make the climate emergency a lawful excuse in criminal cases,https://petition.parliament.uk/petitions/723083,closed,450,723083,2025-05-13,,,2025-11-13
Ban the sale of defaced power tools & large power tool sales at car boot fairs,https://petition.parliament.uk/petitions/723110,closed,90,723110,2025-04-28,,,2025-10-28
Collect water from motorways & add more lighting to make them safer to drive on,https://petition.parliament.uk/petitions/723113,closed,22,723113,2025-04-23,,,2025-10-23
Prohibit the wearing of all full-face coverings in public spaces,https://petition.parliament.uk/petitions/723131,closed,71145,723131,2025-05-02,,,2025-11-02
Repeal the Human Rights Act 1998,https://petition.parliament.uk/petitions/723147,closed,290,723147,2025-04-28,,,2025-10-28
Review and reform the court system to address delays,https://petition.parliament.uk/petitions/723186,closed,40,723186,2025-04-30,,,2025-10-30
Require parliamentary supermajority for certain overseas military action & bases,https://petition.parliament.uk/petitions/723202,closed,26,723202,2025-05-13,,,2025-11-13
Abolish all taxpayer-funded expenses for government employees,https://petition.parliament.uk/petitions/723203,closed,112,723203,2025-04-29,,,2025-10-29
Ban the production and sale of small animal cages,https://petition.parliament.uk/petitions/723214,closed,795,723214,2025-04-25,,,2025-10-25
Call for the UK to Withdraw from the 1951 Refugee Convention,https://petition.parliament.uk/petitions/723216,closed,450,723216,2025-04-25,,,2025-10-25
Raise the minimum legal age to make adult content to 25,https://petition.parliament.uk/petitions/723253,closed,222,723253,2025-04-25,,,2025-10-25
Reform prisons to become self-funded working prisons,https://petition.parliament.uk/petitions/723295,closed,65,723295,2025-05-30,,,2025-11-30
Increase funding for indoor sport facilities for sports like volleyball,https://petition.parliament.uk/petitions/723315,closed,41,723315,2025-06-20,,,2025-12-20
Cap the Indefinite Leave to Remain fee at £3000 ,https://petition.parliament.uk/petitions/723337,closed,357,723337,2025-04-30,,,2025-10-30
Enable Ukrainian students to take their GCSEs in Ukrainian,https://petition.parliament.uk/petitions/723356,closed,90,723356,2025-05-09,,,2025-11-09
Advise the Commonwealth not to grant membership to the USA,https://petition.parliament.uk/petitions/723375,closed,33,723375,2025-05-08,,,2025-11-08
Stop all intelligence sharing with the US,https://petition.parliament.uk/petitions/723411,closed,73,723411,2025-05-01,,,2025-11-01
Ban puppy yoga classes,https://petition.parliament.uk/petitions/723467,closed,43,723467,2025-05-01,,,2025-11-01
Make reading a separate subject on the national curriculum,https://petition.parliament.uk/petitions/723469,closed,18,723469,2025-04-30,,,2025-10-30
Fund campaign and incentives to prioritise British food and reduce food miles,https://petition.parliament.uk/petitions/723471,closed,75,723471,2025-04-30,,,2025-10-30
Increase funding for the DVLA to reduce delays to medical license decisions ,https://petition.parliament.uk/petitions/723482,closed,71,723482,2025-04-28,,,2025-10-28
Create a new legal designation for political parties as distinct legal entities,https://petition.parliament.uk/petitions/723505,closed,22,723505,2025-05-06,,,2025-11-06
Make glasses VAT exempt due to wearer’s having no choice but to wear glasses,https://petition.parliament.uk/petitions/723510,closed,129,723510,2025-04-25,,,2025-10-25
Tag and trace all illegal immigrants,https://petition.parliament.uk/petitions/723533,closed,3033,723533,2025-04-28,,,2025-10-28
Ban housebuilding in the countryside,https://petition.parliament.uk/petitions/723565,closed,79,723565,2025-04-30,,,2025-10-30
Refund student loans for students who studied during the Covid pandemic,https://petition.parliament.uk/petitions/723578,closed,38,723578,2025-04-29,,,2025-10-29
Automatically award Higher Rate PIP to people diagnosed with Parkinson's disease,https://petition.parliament.uk/petitions/723589,closed,80,723589,2025-05-01,,,2025-11-01
Daisy Companion Law: Give emotional support animals equal status to service dogs,https://petition.parliament.uk/petitions/723619,closed,271,723619,2025-04-25,,,2025-10-25
 Require cyclists to pay road tax,https://petition.parliament.uk/petitions/723650,closed,85,723650,2025-04-28,,,2025-10-28
Protect consumers from cosmetic surgery financial scams,https://petition.parliament.uk/petitions/723654,closed,41,723654,2025-05-14,,,2025-11-14
Remove bedroom tax,https://petition.parliament.uk/petitions/723694,closed,150,723694,2025-05-06,,,2025-11-06
Stricter regulation of liquidation processes for debt avoidance,https://petition.parliament.uk/petitions/723712,closed,50,723712,2025-05-06,,,2025-11-06
Create a tax on clothing that contains micro-plastics,https://petition.parliament.uk/petitions/723727,closed,219,723727,2025-04-24,,,2025-10-24
Increase taxes on foreign tech companies & keep the Digital Services Tax,https://petition.parliament.uk/petitions/723728,closed,49,723728,2025-05-21,,,2025-11-21
Review GCSE balance of coursework and exams,https://petition.parliament.uk/petitions/723732,closed,79,723732,2025-05-06,,,2025-11-06
Prohibit cyclists on roads with speed limits over 30mph for public safety,https://petition.parliament.uk/petitions/723840,closed,75,723840,2025-04-24,,,2025-10-24
Decriminalise all drug possession for personal use & fund support,https://petition.parliament.uk/petitions/723858,closed,40,723858,2025-04-24,,,2025-10-24
Remove parental responsibility from parents with criminal records,https://petition.parliament.uk/petitions/723859,closed,28,723859,2025-04-24,,,2025-10-24
Review regulations on Battery Energy Storage Systems,https://petition.parliament.uk/petitions/723869,closed,2994,723869,2025-05-07,,,2025-11-07
"Regulate the sale of high sugar, artificially coloured sweets to children",https://petition.parliament.uk/petitions/723889,closed,34,723889,2025-04-30,,,2025-10-30
Remove speed limits on motorways,https://petition.parliament.uk/petitions/723892,closed,48,723892,2025-05-19,,,2025-11-19
Abolish the sentencing council and revoke its sentencing guidelines,https://petition.parliament.uk/petitions/723905,closed,66,723905,2025-04-25,,,2025-10-25
Promote a national boycott of US goods and travel,https://petition.parliament.uk/petitions/723915,closed,54,723915,2025-05-23,,,2025-11-23
Keep the state pension at 67 for those born before 1977,https://petition.parliament.uk/petitions/723920,closed,1672,723920,2025-04-29,,,2025-10-29
Require broadband providers to offer symmetrical upload and download speeds,https://petition.parliament.uk/petitions/723924,closed,74,723924,2025-05-06,,,2025-11-06
Create a Minister of State for Critical Minerals within DESNZ,https://petition.parliament.uk/petitions/723925,closed,19,723925,2025-04-29,,,2025-10-29
Donate migrant boats to emergency services and volunteer rescue teams,https://petition.parliament.uk/petitions/723938,closed,50,723938,2025-04-28,,,2025-10-28
Require breath analysers to be put in all new cars,https://petition.parliament.uk/petitions/723944,closed,40,723944,2025-04-24,,,2025-10-24
Make GMT+1 permanent in the UK,https://petition.parliament.uk/petitions/723945,closed,38,723945,2025-04-28,,,2025-10-28
"Fair funding for Early Years Care: To allow quality, training, and transparency",https://petition.parliament.uk/petitions/723948,closed,1606,723948,2025-05-07,,,2025-11-07
Review rules on & launch an inquiry into the removal of asbestos,https://petition.parliament.uk/petitions/723956,closed,71,723956,2025-05-01,,,2025-11-01
Abolish IPSA and set MP salaries to 160% of the 'National Living Wage' ,https://petition.parliament.uk/petitions/723958,closed,131,723958,2025-04-29,,,2025-10-29
Do not sign a trade deal with the USA,https://petition.parliament.uk/petitions/723979,closed,965,723979,2025-05-01,,,2025-11-01
Add Assault of a Roadworker to the Crime and Policing Bill,https://petition.parliament.uk/petitions/723981,closed,6800,723981,2025-04-24,,,2025-10-24
"Cancel disposable vape ban, mandate plain packaging & allow 18+ to purchase",https://petition.parliament.uk/petitions/723987,closed,61,723987,2025-04-23,,,2025-10-23
Require religious organisations to publish their child safeguarding policies ,https://petition.parliament.uk/petitions/723990,closed,48,723990,2025-05-01,,,2025-11-01
Abandon DWP Pathways to Work Green Paper & create National Disability Strategy,https://petition.parliament.uk/petitions/723991,closed,11036,723991,2025-04-28,,,2025-10-28
End regional monopolies in the water sector,https://petition.parliament.uk/petitions/724010,closed,56,724010,2025-05-20,,,2025-11-20
Require time & space for Muslim children to pray at school & education,https://petition.parliament.uk/petitions/724018,closed,230,724018,2025-05-13,,,2025-11-13
Require local authorities to fast track Blue Badges for seriously ill children,https://petition.parliament.uk/petitions/724066,closed,158,724066,2025-04-28,,,2025-10-28
Require councils to pause council tax bills for three months ,https://petition.parliament.uk/petitions/724089,closed,838,724089,2025-06-04,,,2025-12-04
Increase funding and strengthen penalties to stop EV charging point vandalism,https://petition.parliament.uk/petitions/724091,closed,57,724091,2025-05-01,,,2025-11-01
Review justice system approach to domestic & sexual abuse & coercive control,https://petition.parliament.uk/petitions/724096,closed,58,724096,2025-05-06,,,2025-11-06
Grant self-governing powers to Yorkshire,https://petition.parliament.uk/petitions/724102,closed,26,724102,2025-04-30,,,2025-10-30
Return the colour of UK passports from blue to red,https://petition.parliament.uk/petitions/724108,closed,33,724108,2025-04-25,,,2025-10-25
Base childcare support for working parents on household income,https://petition.parliament.uk/petitions/724109,closed,74,724109,2025-05-02,,,2025-11-02
Review regulation of water companies,https://petition.parliament.uk/petitions/724126,closed,386,724126,2025-05-12,,,2025-11-12
Require food outlets to label spice levels of all food,https://petition.parliament.uk/petitions/724132,closed,31,724132,2025-05-06,,,2025-11-06
"Higher tax on income of £400,000, and exit tax if they move to another country",https://petition.parliament.uk/petitions/724154,closed,1300,724154,2025-05-06,,,2025-11-06
Establish the AI Security Institute as a statutory body,https://petition.parliament.uk/petitions/724156,closed,39,724156,2025-05-08,,,2025-11-08
Fund and implement A Universal Basic Income (UBI),https://petition.parliament.uk/petitions/724181,closed,178,724181,2025-04-25,,,2025-10-25
Review and publish government guidelines/procedures for state visit invitations,https://petition.parliament.uk/petitions/724217,closed,201,724217,2025-05-09,,,2025-11-09
Harsher punishments for sex offenders and bans near schools,https://petition.parliament.uk/petitions/724225,closed,1282,724225,2025-05-06,,,2025-11-06
Increase NHS funding for women’s health including hubs and access to care,https://petition.parliament.uk/petitions/724227,closed,99,724227,2025-05-30,,,2025-11-30
Adopt the same bus driving hour regulations as used in the EU,https://petition.parliament.uk/petitions/724239,closed,38,724239,2025-05-06,,,2025-11-06
Allow mobile use solely for real-time traffic updates when vehicles are stopped,https://petition.parliament.uk/petitions/724253,closed,24,724253,2025-05-06,,,2025-11-06
Phase out and ban the sale of plastic manual toothbrushes by 2040,https://petition.parliament.uk/petitions/724290,closed,125,724290,2025-04-25,,,2025-10-25
Seek to create UK/European defence force to assist Ukrainian forces,https://petition.parliament.uk/petitions/724317,closed,62,724317,2025-04-28,,,2025-10-28
Prohibit and stop any building on our Green Belt Land,https://petition.parliament.uk/petitions/724330,closed,8382,724330,2025-04-25,,,2025-10-25
Require pension schemes to offer the option to invest in UK companies only ,https://petition.parliament.uk/petitions/724339,closed,40,724339,2025-04-30,,,2025-10-30
Add checkpoints on the border between Ireland & Northern Ireland,https://petition.parliament.uk/petitions/724345,closed,41,724345,2025-04-25,,,2025-10-25
Provide employment right for all to have a paid day off on their birthday,https://petition.parliament.uk/petitions/724372,closed,25,724372,2025-05-01,,,2025-11-01
Ban Drop-off charges at airports,https://petition.parliament.uk/petitions/724381,closed,2222,724381,2025-05-19,,,2025-11-19
Restrict the sale of high caffeine drinks to adults only,https://petition.parliament.uk/petitions/724398,closed,30,724398,2025-04-28,,,2025-10-28
Allow motorbike riders with a current CBT to get road experience without paying.,https://petition.parliament.uk/petitions/724409,closed,25,724409,2025-04-28,,,2025-10-28
Require medical students to work 5 years minimum in the NHS after graduation,https://petition.parliament.uk/petitions/724410,closed,103,724410,2025-05-01,,,2025-11-01
Require election & manifesto pledges to be implemented and legally enforced,https://petition.parliament.uk/petitions/724417,closed,157,724417,2025-05-28,,,2025-11-28
Make neurodiversity training mandatory for all education staff,https://petition.parliament.uk/petitions/724432,closed,30556,724432,2025-04-29,,,2025-10-29
Create a 'Homes for Palestine' Sponsorship and Visa Scheme,https://petition.parliament.uk/petitions/724433,closed,1205,724433,2025-05-01,,,2025-11-01
Oppose revised guidelines on New Medicine Service Subcontracting for Pharmacies,https://petition.parliament.uk/petitions/724435,closed,154,724435,2025-05-06,,,2025-11-06
Allow BNO students in the process of getting ILR to apply as home students,https://petition.parliament.uk/petitions/724441,closed,126,724441,2025-05-23,,,2025-11-23
Remove IT and related roles eligibility for the skilled worker visa,https://petition.parliament.uk/petitions/724513,closed,39,724513,2025-05-19,,,2025-11-19
Only grant asylum to citizens of immediate neighbouring countries,https://petition.parliament.uk/petitions/724525,closed,72,724525,2025-04-29,,,2025-10-29
Require NHS hospitals & clinics to provide after-treatment surveys,https://petition.parliament.uk/petitions/724564,closed,368,724564,2025-05-07,,,2025-11-07
Publish updated statistics on Armed Forces Veteran suicides annually,https://petition.parliament.uk/petitions/724575,closed,5360,724575,2025-05-16,,,2025-11-16
Revoke Parental Responsibility & Rights from Sexually Abusive Parents,https://petition.parliament.uk/petitions/724590,closed,179,724590,2025-05-01,,,2025-11-01
Increase the ISA limit - £20k for cash ISA's and £20k for stocks & shares ISA's,https://petition.parliament.uk/petitions/724592,closed,73,724592,2025-05-01,,,2025-11-01
Prohibit police officers guilty of serious crimes from receiving their pension,https://petition.parliament.uk/petitions/724596,closed,92,724596,2025-05-13,,,2025-11-13
Make international GPs automatically eligible for ILR after completing training,https://petition.parliament.uk/petitions/724636,closed,776,724636,2025-04-29,,,2025-10-29
Increase regulation of AI chatbots to protect children from grooming and harm,https://petition.parliament.uk/petitions/724650,closed,92,724650,2025-05-23,,,2025-11-23
Make existing register include all political donations & system tracing funding,https://petition.parliament.uk/petitions/724682,closed,39,724682,2025-05-12,,,2025-11-12
Expand who can issue fit notes to include paramedics and other registered HCPS,https://petition.parliament.uk/petitions/724695,closed,37,724695,2025-05-13,,,2025-11-13
Require Give Way signs to be positioned on major slip roads,https://petition.parliament.uk/petitions/724698,closed,25,724698,2025-05-01,,,2025-11-01
Exempt properties rented by three unrelated people from HMO rules,https://petition.parliament.uk/petitions/724700,closed,27,724700,2025-05-06,,,2025-11-06
Make mass littering and disturbances in a cinema a fineable crime,https://petition.parliament.uk/petitions/724706,closed,30,724706,2025-05-07,,,2025-11-07
Statutory time-off on full pay for parents who experience pregnancy loss,https://petition.parliament.uk/petitions/724719,closed,40,724719,2025-04-29,,,2025-10-29
Require local authorities to allow free parking: minimum 15 mins on public roads,https://petition.parliament.uk/petitions/724723,closed,34,724723,2025-05-30,,,2025-11-30
Review SWE processes & the Fitness to Practice guidance,https://petition.parliament.uk/petitions/724726,closed,459,724726,2025-05-09,,,2025-11-09
Require workplaces/schools to allow people to leave due to period pain,https://petition.parliament.uk/petitions/724728,closed,97,724728,2025-05-19,,,2025-11-19
Create an Open Work Visa for Skilled Workers after 3 years,https://petition.parliament.uk/petitions/724738,closed,469,724738,2025-04-30,,,2025-10-30
Provide funding to develop a national programme for SEN children during holiday,https://petition.parliament.uk/petitions/724745,closed,511,724745,2025-05-01,,,2025-11-01
Review the primary school curriculum to prepare children for secondary school,https://petition.parliament.uk/petitions/724749,closed,26,724749,2025-05-15,,,2025-11-15
Fund fire safety sessions to educate young people and prevent wildfires,https://petition.parliament.uk/petitions/724751,closed,57,724751,2025-05-08,,,2025-11-08
Require restaurants to offer healthy kids’ meal options,https://petition.parliament.uk/petitions/724753,closed,50,724753,2025-05-01,,,2025-11-01
Introduce increased regulation of letting agents,https://petition.parliament.uk/petitions/724770,closed,61,724770,2025-05-01,,,2025-11-01
Ban councils considering PIP/DLA as income for council tax reduction schemes,https://petition.parliament.uk/petitions/724786,closed,175,724786,2025-05-30,,,2025-11-30
Protect hares and their young from shooting during the breeding season,https://petition.parliament.uk/petitions/724795,closed,56427,724795,2025-04-29,,,2025-10-29
Require the US flag to be prominently displayed on US goods sold in the UK,https://petition.parliament.uk/petitions/724799,closed,43,724799,2025-04-30,,,2025-10-30
"Make people aged 70 retake their driving test, and do so every 5 years",https://petition.parliament.uk/petitions/724820,closed,313,724820,2025-04-29,,,2025-10-29
Add Sri Lanka as an eligible country for driving licence conversion,https://petition.parliament.uk/petitions/724821,closed,98,724821,2025-05-01,,,2025-11-01
Require reptile shops to ensure higher standards in reptile care and equipment,https://petition.parliament.uk/petitions/724835,closed,62,724835,2025-05-07,,,2025-11-07
"Review & Reform the Probation Service, apologise & enshrine Victims Code in law",https://petition.parliament.uk/petitions/724838,closed,3389,724838,2025-05-13,,,2025-11-13
Ban all zoos,https://petition.parliament.uk/petitions/724839,closed,53,724839,2025-04-28,,,2025-10-28
Standardise and regulate job listings and applications processes,https://petition.parliament.uk/petitions/724842,closed,45,724842,2025-05-07,,,2025-11-07
Require all employers to include parental leave policies in job listings,https://petition.parliament.uk/petitions/724858,closed,802,724858,2025-04-30,,,2025-10-30
Increase funding for co-operatives in the UK International Development Budget,https://petition.parliament.uk/petitions/724897,closed,5445,724897,2025-04-29,,,2025-10-29
Abolish Estate management fees on New build estates for freehold properties,https://petition.parliament.uk/petitions/724903,closed,2330,724903,2025-06-24,,,2025-12-24
Review Workplace Protections for Disabled People,https://petition.parliament.uk/petitions/724913,closed,51,724913,2025-04-29,,,2025-10-29
Give vets powers to seize animals if there is neglect or abuse & punish owners,https://petition.parliament.uk/petitions/724921,closed,762,724921,2025-05-12,,,2025-11-12
Ban the sale and planting of the invasive plant: Spanish Bluebell + hybrids,https://petition.parliament.uk/petitions/724931,closed,39,724931,2025-05-20,,,2025-11-20
Legislation on the use of tactical contact when pursuing two-wheeled vehicles,https://petition.parliament.uk/petitions/724961,closed,47,724961,2025-05-13,,,2025-11-13
Ban private limited companies from owning residential housing,https://petition.parliament.uk/petitions/724965,closed,95,724965,2025-05-19,,,2025-11-19
Require unlimited companies to publish their accounts,https://petition.parliament.uk/petitions/724970,closed,50,724970,2025-06-18,,,2025-12-18
Revoke The Selective Licensing of Houses (Additional Conditions) Order 2015,https://petition.parliament.uk/petitions/724989,closed,998,724989,2025-04-30,,,2025-10-30
Abolish the Driving theory and hazard perception tests,https://petition.parliament.uk/petitions/724997,closed,34,724997,2025-04-30,,,2025-10-30
Require mortgage providers to offer a fixed rate for the duration of the loan,https://petition.parliament.uk/petitions/725010,closed,37,725010,2025-05-02,,,2025-11-02
Greatly reduce the duty and tax charged on beer.,https://petition.parliament.uk/petitions/725013,closed,50,725013,2025-05-01,,,2025-11-01
Government to do more to protect victims of false allegations,https://petition.parliament.uk/petitions/725015,closed,395,725015,2025-05-06,,,2025-11-06
Raise the maximum age a child can be for parents to claim learning allowance,https://petition.parliament.uk/petitions/725027,closed,36,725027,2025-05-19,,,2025-11-19
Legalise Everyday Carry of Folding Pocket Knives with Common Locking Mechanisms,https://petition.parliament.uk/petitions/725030,closed,93,725030,2025-05-09,,,2025-11-09
Include qualifications and occupation in anti-discrimination laws,https://petition.parliament.uk/petitions/725047,closed,24,725047,2025-05-13,,,2025-11-13
Provide a legal right to access certain services without a digital device,https://petition.parliament.uk/petitions/725049,closed,10911,725049,2025-05-20,,,2025-11-20
Reduce the minimum retirement age for Prison Officers to 60,https://petition.parliament.uk/petitions/725069,closed,12713,725069,2025-05-06,,,2025-11-06
Reduce the retirement age for NHS staff to 55,https://petition.parliament.uk/petitions/725079,closed,43,725079,2025-05-01,,,2025-11-01
Add children’s unused personal allowance to their parents’ personal allowance,https://petition.parliament.uk/petitions/725091,closed,23,725091,2025-05-12,,,2025-11-12
Ban Child Abuse Activist Groups live streaming content,https://petition.parliament.uk/petitions/725111,closed,49,725111,2025-05-12,,,2025-11-12
Introduce a national licensing scheme for commercial dog walking,https://petition.parliament.uk/petitions/725128,closed,128,725128,2025-06-05,,,2025-12-05
Ban printer companies from disabling ink after subscription ends,https://petition.parliament.uk/petitions/725133,closed,70,725133,2025-04-30,,,2025-10-30
Random Microchip Checks and Harsher Penalties for Abandoning Cats,https://petition.parliament.uk/petitions/725137,closed,176,725137,2025-05-20,,,2025-11-20
Ban the use of tasers on all children and disabled adults,https://petition.parliament.uk/petitions/725153,closed,72,725153,2025-04-29,,,2025-10-29
Implement measures to reduce child poverty,https://petition.parliament.uk/petitions/725167,closed,2553,725167,2025-05-19,,,2025-11-19
Make it easier to obtain a licence to produce/grow medical cannabis,https://petition.parliament.uk/petitions/725168,closed,150,725168,2025-04-30,,,2025-10-30
Fund stab vests as standard PPE for all prison officers,https://petition.parliament.uk/petitions/725170,closed,238,725170,2025-05-12,,,2025-11-12
Exempt employed British passport holders from paying income tax,https://petition.parliament.uk/petitions/725192,closed,26,725192,2025-04-30,,,2025-10-30
Mandate the removal of charging order on private property after 12 years,https://petition.parliament.uk/petitions/725213,closed,13,725213,2025-05-07,,,2025-11-07
Amend Equality Act to define the terms woman and man not based on biological sex,https://petition.parliament.uk/petitions/725223,closed,5135,725223,2025-05-12,,,2025-11-12
Review enforcement of employment law for unpaid internships,https://petition.parliament.uk/petitions/725231,closed,95,725231,2025-05-13,,,2025-11-13
Change the rules around road signage for motorists,https://petition.parliament.uk/petitions/725235,closed,52,725235,2025-05-16,,,2025-11-16
Introduce a legal requirement for transgender and non-binary only spaces,https://petition.parliament.uk/petitions/725239,closed,103,725239,2025-05-14,,,2025-11-14
"Require prison sentences to be served consecutively, not concurrently",https://petition.parliament.uk/petitions/725248,closed,909,725248,2025-04-30,,,2025-10-30
Review outsourcing jobs and services abroad and immigration policy,https://petition.parliament.uk/petitions/725255,closed,81,725255,2025-05-22,,,2025-11-22
Exempt Armed Forces members & Veterans repaying Student Loans & create grants,https://petition.parliament.uk/petitions/725285,closed,24,725285,2025-05-13,,,2025-11-13
Cap arranged bank overdraft fees at 10%,https://petition.parliament.uk/petitions/725300,closed,35,725300,2025-06-09,,,2025-12-09
Amend Law so Definitions of Man & Woman Include Transgender and Intersex People,https://petition.parliament.uk/petitions/725324,closed,2180,725324,2025-06-02,,,2025-12-02
More funding for young people struggling with mental health,https://petition.parliament.uk/petitions/725331,closed,107,725331,2025-05-30,,,2025-11-30
Launch a public inquiry into UK arms exports to Israel and suspend all licences,https://petition.parliament.uk/petitions/725341,closed,3873,725341,2025-06-02,,,2025-12-02
Allow people who require Epi-Pens to serve in the armed forces,https://petition.parliament.uk/petitions/725362,closed,18,725362,2025-05-01,,,2025-11-01
Require prospective pet owners to be tested by an animal professional,https://petition.parliament.uk/petitions/725391,closed,41,725391,2025-05-01,,,2025-11-01
Governance within the whisky cask market,https://petition.parliament.uk/petitions/725398,closed,56,725398,2025-05-13,,,2025-11-13
"Retain Public Order Act 1986, The Racial & Religious Hatred Act 2006",https://petition.parliament.uk/petitions/725399,closed,46,725399,2025-05-12,,,2025-11-12
Ban trade deals that result in lowering food standards,https://petition.parliament.uk/petitions/725411,closed,81,725411,2025-05-22,,,2025-11-22
Require people over 70 have a compulsory eye tests every 2 years to drive,https://petition.parliament.uk/petitions/725445,closed,171,725445,2025-05-08,,,2025-11-08
Any legislative or judicial review must consult the groups it impacts,https://petition.parliament.uk/petitions/725457,closed,79,725457,2025-05-12,,,2025-11-12
Allow elderly disabled people to claim the state pension early,https://petition.parliament.uk/petitions/725464,closed,1154,725464,2025-05-06,,,2025-11-06
Eliminate VAT on hot takeaway food,https://petition.parliament.uk/petitions/725467,closed,626,725467,2025-05-01,,,2025-11-01
Fund free prescriptions for people living with Inflammatory Bowel Disease (IBD),https://petition.parliament.uk/petitions/725486,closed,195,725486,2025-05-01,,,2025-11-01
 Redirect some foreign aid to fund services for British children,https://petition.parliament.uk/petitions/725488,closed,219,725488,2025-06-02,,,2025-12-02
Delay introducing Making Tax Digital until more support for the Self-Employed,https://petition.parliament.uk/petitions/725490,closed,183,725490,2025-05-16,,,2025-11-16
Fund the creation of more SEN schools,https://petition.parliament.uk/petitions/725491,closed,484,725491,2025-05-01,,,2025-11-01
Give trans people legal access to single-sex spaces of their acquired gender,https://petition.parliament.uk/petitions/725515,closed,2410,725515,2025-05-23,,,2025-11-23
Create a public body to represent vulnerable and low-income people in the UK,https://petition.parliament.uk/petitions/725529,closed,60,725529,2025-05-16,,,2025-11-16
Prevent police withholding bodycam footage under FOIA,https://petition.parliament.uk/petitions/725540,closed,63,725540,2025-05-08,,,2025-11-08
Do not scrap the Work Capability Assessment (WCA),https://petition.parliament.uk/petitions/725550,closed,476,725550,2025-05-02,,,2025-11-02
Introduce tax relief on Restricted Stock Units (RSUs) ,https://petition.parliament.uk/petitions/725552,closed,56,725552,2025-05-12,,,2025-11-12
Immediately ban all vehicles that fail their MOT from being driven,https://petition.parliament.uk/petitions/725554,closed,15,725554,2025-05-12,,,2025-11-12
Fund publicly accessible naloxone and adrenaline autoinjectors (EpiPens),https://petition.parliament.uk/petitions/725555,closed,43,725555,2025-05-07,,,2025-11-07
Change the ‘grey belt’ definition in the National Planning Policy Framework,https://petition.parliament.uk/petitions/725558,closed,42142,725558,2025-05-14,,,2025-11-14
Require flea treatment packaging to include warnings about toxicity,https://petition.parliament.uk/petitions/725571,closed,75,725571,2025-05-02,,,2025-11-02
Ban the sale of nicotine products to anyone born on or after 1 January 2009,https://petition.parliament.uk/petitions/725581,closed,53,725581,2025-05-13,,,2025-11-13
Remove counter signatory identification requirement for passport applications,https://petition.parliament.uk/petitions/725584,closed,42,725584,2025-05-07,,,2025-11-07
Add military preparation and cadet training into the national curriculum,https://petition.parliament.uk/petitions/725585,closed,103,725585,2025-05-07,,,2025-11-07
Fund training for staff to recognise spiritual experience in mental health care,https://petition.parliament.uk/petitions/725594,closed,22,725594,2025-05-13,,,2025-11-13
"Establish a ""First Job"" Tax break for Young Workers",https://petition.parliament.uk/petitions/725603,closed,69,725603,2025-05-13,,,2025-11-13
Review transparency around additional charges to mortgages,https://petition.parliament.uk/petitions/725617,closed,20,725617,2025-05-23,,,2025-11-23
Make Gender Neutral Toilets a legal requirement in all public areas,https://petition.parliament.uk/petitions/725623,closed,386,725623,2025-05-09,,,2025-11-09
Reform curriculum to prioritise more outdoor learning/the outdoor environment,https://petition.parliament.uk/petitions/725630,closed,61,725630,2025-05-07,,,2025-11-07
Seek a No-Fly Zone over Central and Western Ukraine,https://petition.parliament.uk/petitions/725634,closed,117,725634,2025-05-07,,,2025-11-07
"Review and reduce the £3,000 weekly cap for child maintenance purposes",https://petition.parliament.uk/petitions/725646,closed,25,725646,2025-05-12,,,2025-11-12
Require supermarkets to offer nutrition-based filtering and alerts online,https://petition.parliament.uk/petitions/725648,closed,25,725648,2025-05-08,,,2025-11-08
Require confirmation of next of kin in writing and legally recognise wishes,https://petition.parliament.uk/petitions/725652,closed,20,725652,2025-05-14,,,2025-11-14
Call for a Public Inquiry into Systemic Issues in Children’s Social Care,https://petition.parliament.uk/petitions/725655,closed,1351,725655,2025-06-20,,,2025-12-20
Require retailers to have anti-abuse policies,https://petition.parliament.uk/petitions/725656,closed,53,725656,2025-05-15,,,2025-11-15
Ban insured deposit protection schemes,https://petition.parliament.uk/petitions/725657,closed,37,725657,2025-06-02,,,2025-12-02
Remove the ‘right to roam’ status applicable to domesticated cats,https://petition.parliament.uk/petitions/725658,closed,268,725658,2025-05-06,,,2025-11-06
Dedicate funding for investment in Eco-Innovative Housing Projects,https://petition.parliament.uk/petitions/725669,closed,48,725669,2025-05-27,,,2025-11-27
Introduce measures to ensure fair pay for rideshare drivers,https://petition.parliament.uk/petitions/725671,closed,1908,725671,2025-05-07,,,2025-11-07
Political parties to be funded only by membership fees and a government grant,https://petition.parliament.uk/petitions/725701,closed,418,725701,2025-05-13,,,2025-11-13
Create letterboxes for the homeless & advertise support available,https://petition.parliament.uk/petitions/725714,closed,46,725714,2025-05-14,,,2025-11-14
Protect Northern Ireland Veterans from Prosecutions,https://petition.parliament.uk/petitions/725716,closed,209956,725716,2025-05-09,2025-05-22,2025-07-14,2025-11-09
Criminalise all coercive or controlling behaviour,https://petition.parliament.uk/petitions/725738,closed,47,725738,2025-05-12,,,2025-11-12
Ban parents from using their children to create social media content,https://petition.parliament.uk/petitions/725746,closed,172,725746,2025-05-12,,,2025-11-12
Allow people to take their driving theory test in Arabic,https://petition.parliament.uk/petitions/725753,closed,31,725753,2025-05-14,,,2025-11-14
New legislation to regulate how online marketplaces manage seller accounts,https://petition.parliament.uk/petitions/725756,closed,32,725756,2025-06-10,,,2025-12-10
Review the way the criminal justice system supports male victims,https://petition.parliament.uk/petitions/725766,closed,66,725766,2025-05-12,,,2025-11-12
Require Universities in England to hold mandatory workshops on consent,https://petition.parliament.uk/petitions/725778,closed,45,725778,2025-05-14,,,2025-11-14
Make ‘open call’ auditions regulated,https://petition.parliament.uk/petitions/725798,closed,20,725798,2025-05-13,,,2025-11-13
Help to return Ukrainian children that have been forcibly taken by Russia,https://petition.parliament.uk/petitions/725804,closed,1718,725804,2025-05-30,,,2025-11-30
Review Access to HRT & HRT monitoring for Trans People & guidance and training,https://petition.parliament.uk/petitions/725817,closed,65,725817,2025-05-30,,,2025-11-30
Skilled worker visa holders & UK taxpayers eligible for Childcare Benefits,https://petition.parliament.uk/petitions/725832,closed,76,725832,2025-05-28,,,2025-11-28
Fund Soundproof Bereavement Suites & training for staff on maternity wards,https://petition.parliament.uk/petitions/725833,closed,124,725833,2025-05-13,,,2025-11-13
Introduce a new secondary property tax,https://petition.parliament.uk/petitions/725844,closed,105,725844,2025-06-03,,,2025-12-03
"Psychosis: increase research funding into diagnosis, prevention and medication",https://petition.parliament.uk/petitions/725846,closed,872,725846,2025-05-15,,,2025-11-15
Regulate the sale and advertisement of nicotine pouches to protect children,https://petition.parliament.uk/petitions/725848,closed,64,725848,2025-05-13,,,2025-11-13
Fund paid rest breaks for all NHS nursing staff,https://petition.parliament.uk/petitions/725874,closed,70,725874,2025-05-23,,,2025-11-23
Change the speed limit for single-carriageway rural roads from 60mph to 30mph,https://petition.parliament.uk/petitions/725877,closed,2000,725877,2025-05-13,,,2025-11-13
Prevent Sex Offenders from Applying for Removal from the Sex Offenders Register,https://petition.parliament.uk/petitions/725879,closed,163,725879,2025-05-30,,,2025-11-30
Provide funding to put an NHS dentist in all GP surgeries,https://petition.parliament.uk/petitions/725892,closed,138,725892,2025-05-14,,,2025-11-14
Lower bowel cancer screening age to 30 & funding for investigation of symptoms,https://petition.parliament.uk/petitions/725909,closed,12286,725909,2025-06-02,,,2025-12-02
Give local MPs a legal role in enforcing LA's antisocial behaviour policies,https://petition.parliament.uk/petitions/725914,closed,18,725914,2025-06-03,,,2025-12-03
Remove the right for convicted sex offenders to appeal their sentence,https://petition.parliament.uk/petitions/725923,closed,669,725923,2025-05-27,,,2025-11-27
Support newly qualified nurses: Review barriers to NHS jobs,https://petition.parliament.uk/petitions/725928,closed,90102,725928,2025-06-18,,,2025-12-18
Fund broader STI testing to include microbiome testing on the NHS,https://petition.parliament.uk/petitions/725933,closed,39,725933,2025-05-12,,,2025-11-12
Review the death certification reforms which came into place on 9th Sept 2024,https://petition.parliament.uk/petitions/725942,closed,27,725942,2025-05-14,,,2025-11-14
Significantly strengthen and expand tax relief for the audio-visual sector,https://petition.parliament.uk/petitions/725948,closed,37,725948,2025-05-15,,,2025-11-15
Raise income threshold for free school meals to reflect cost of living crisis,https://petition.parliament.uk/petitions/725968,closed,40,725968,2025-05-13,,,2025-11-13
Require local authorities to support estranged adults up to age 25,https://petition.parliament.uk/petitions/725979,closed,67,725979,2025-05-23,,,2025-11-23
Make it mandatory to register defibrillators on a national database,https://petition.parliament.uk/petitions/726000,closed,92,726000,2025-05-14,,,2025-11-14
Reform Child Maintenance – require parental mediation and proof of care,https://petition.parliament.uk/petitions/726008,closed,31,726008,2025-05-29,,,2025-11-29
Reverse the changes to the Adoption and Special Guardianship Support Fund,https://petition.parliament.uk/petitions/726029,closed,98,726029,2025-05-23,,,2025-11-23
Create a new bank holiday celebrating face to face social time,https://petition.parliament.uk/petitions/726031,closed,42,726031,2025-05-15,,,2025-11-15
"Funding so every under 1 in A&E, urgent care, paediatrics to have urine sample",https://petition.parliament.uk/petitions/726036,closed,22,726036,2025-06-03,,,2025-12-03
Review Primary Curriculum to ensure alignment with Children’s Developmental Need,https://petition.parliament.uk/petitions/726049,closed,295,726049,2025-05-22,,,2025-11-22
Require vets to check cats and dogs recorded microchip details yearly,https://petition.parliament.uk/petitions/726084,closed,47,726084,2025-05-27,,,2025-11-27
Make Addressing the Climate Emergency a Statutory duty for Councils,https://petition.parliament.uk/petitions/726089,closed,1424,726089,2025-05-13,,,2025-11-13
Stop criminalising kids - raise the age of criminal responsibility to 18,https://petition.parliament.uk/petitions/726101,closed,32,726101,2025-05-19,,,2025-11-19
Increase minimum penalties for hate crimes against transgender people,https://petition.parliament.uk/petitions/726120,closed,68,726120,2025-05-21,,,2025-11-21
Stop the Planning and Infrastructure Bill 2025 to Protect Nature,https://petition.parliament.uk/petitions/726174,closed,14151,726174,2025-05-13,,,2025-11-13
"Create a 24/7 death certification, burial, and repatriation service",https://petition.parliament.uk/petitions/726196,closed,78,726196,2025-06-06,,,2025-12-06
Fund mandatory endometriosis training for all NHS staff,https://petition.parliament.uk/petitions/726209,closed,987,726209,2025-06-12,,,2025-12-12
Fund social housing for military personnel leaving HM Forces,https://petition.parliament.uk/petitions/726213,closed,97,726213,2025-05-14,,,2025-11-14
Enable self-employed to include childcare costs in allowable expenses,https://petition.parliament.uk/petitions/726222,closed,1899,726222,2025-05-14,,,2025-11-14
Bring back full Right to buy discount & give notice of future changes,https://petition.parliament.uk/petitions/726223,closed,507,726223,2025-05-19,,,2025-11-19
Voluntary employment and training scheme for those with learning difficulties,https://petition.parliament.uk/petitions/726233,closed,101,726233,2025-05-27,,,2025-11-27
Review the use of speed cameras,https://petition.parliament.uk/petitions/726234,closed,49,726234,2025-05-21,,,2025-11-21
Require MPs & Councillors to have minimum 5 yrs employment in industry/commerce,https://petition.parliament.uk/petitions/726248,closed,57,726248,2025-05-20,,,2025-11-20
Give licenced security officers specific powers under the law,https://petition.parliament.uk/petitions/726258,closed,50,726258,2025-06-23,,,2025-12-23
Legally classify the creation & use of sexual deep fakes as sexual assault,https://petition.parliament.uk/petitions/726264,closed,418,726264,2025-05-23,,,2025-11-23
Prohibit disclosure of pre-trial therapy notes in sexual assault investigations,https://petition.parliament.uk/petitions/726286,closed,105,726286,2025-05-27,,,2025-11-27
"Capital punishment for officials guilty of treason, corruption, misconduct",https://petition.parliament.uk/petitions/726287,closed,1143,726287,2025-05-13,,,2025-11-13
Abolish the Energy Profits Levy,https://petition.parliament.uk/petitions/726290,closed,934,726290,2025-05-15,,,2025-11-15
Require all phone numbers be added to a public register,https://petition.parliament.uk/petitions/726313,closed,20,726313,2025-05-13,,,2025-11-13
Fund more support for children with SEN & allow term-time holidays,https://petition.parliament.uk/petitions/726381,closed,80,726381,2025-06-13,,,2025-12-13
Establish a Public Portal for Victims of Mistaken Criminal Identity,https://petition.parliament.uk/petitions/726383,closed,29,726383,2025-05-23,,,2025-11-23
Ban the sale of disposable BBQs during periods of high wildfire risk,https://petition.parliament.uk/petitions/726390,closed,351,726390,2025-05-14,,,2025-11-14
"Do not house illegal migrants in private rentals, deport them immediately",https://petition.parliament.uk/petitions/726409,closed,3839,726409,2025-06-25,,,2025-12-25
Exclude pre-marriage assets from divorce settlements in England and Wales,https://petition.parliament.uk/petitions/726410,closed,59,726410,2025-05-15,,,2025-11-15
Apply for the UK to rejoin the EU fully - do not just 'reset' the relationship,https://petition.parliament.uk/petitions/726413,closed,26756,726413,2025-05-13,,,2025-11-13
Establish an Independent Review of NHS Extraction-Based Orthodontics,https://petition.parliament.uk/petitions/726447,closed,95,726447,2025-06-18,,,2025-12-18
Create new background checks for jurors on sexual or domestic abuse trials,https://petition.parliament.uk/petitions/726450,closed,74,726450,2025-05-15,,,2025-11-15
Require companies to cap price increases to 20% during school holidays,https://petition.parliament.uk/petitions/726455,closed,100,726455,2025-06-02,,,2025-12-02
Ban nurseries charging fees when closed and cap fees,https://petition.parliament.uk/petitions/726468,closed,80,726468,2025-05-22,,,2025-11-22
Do not ban level 7 qualified non-medical aesthetic practitioners from practising,https://petition.parliament.uk/petitions/726480,closed,77,726480,2025-05-22,,,2025-11-22
Introduce a Minister for Deportations at the Home Office,https://petition.parliament.uk/petitions/726483,closed,212,726483,2025-05-23,,,2025-11-23
Make any sexual contact with an animal a criminal offence,https://petition.parliament.uk/petitions/726493,closed,172,726493,2025-05-19,,,2025-11-19
Exempt people from paying National Insurance Contributions after 35 years,https://petition.parliament.uk/petitions/726495,closed,100,726495,2025-05-16,,,2025-11-16
Increase funding for more frequent bus services connecting rural areas,https://petition.parliament.uk/petitions/726506,closed,43,726506,2025-05-27,,,2025-11-27
Introduce an elected Supreme Court,https://petition.parliament.uk/petitions/726507,closed,42,726507,2025-05-29,,,2025-11-29
Ensure GCSE students have access to formulae and equation sheets post 2027,https://petition.parliament.uk/petitions/726508,closed,41,726508,2025-06-03,,,2025-12-03
Minimum pay of £15/hour for Care Assistants in the private sector and care homes,https://petition.parliament.uk/petitions/726510,closed,182,726510,2025-05-22,,,2025-11-22
Ban Digital Billboards in Cities to Reduce Light Pollution/Adverts & Save Energy,https://petition.parliament.uk/petitions/726512,closed,78,726512,2025-05-16,,,2025-11-16
Ban Live Facial Recognition (LFR) in all public and private spaces,https://petition.parliament.uk/petitions/726514,closed,677,726514,2025-05-27,,,2025-11-27
Require all public buildings to display the Union Jack flag,https://petition.parliament.uk/petitions/726537,closed,525,726537,2025-05-23,,,2025-11-23
Require all PIP assessments & reviews be conducted by doctors,https://petition.parliament.uk/petitions/726541,closed,508,726541,2025-05-19,,,2025-11-19
Introduce a government-backed motor vehicle insurance provider,https://petition.parliament.uk/petitions/726584,closed,31,726584,2025-05-16,,,2025-11-16
Increase UK investment in renewable energy,https://petition.parliament.uk/petitions/726594,closed,62,726594,2025-06-02,,,2025-12-02
Fund Solar Panels for not-for-profit leisure centres,https://petition.parliament.uk/petitions/726598,closed,52,726598,2025-05-19,,,2025-11-19
Increase engine power limit for motorcycle drivers on CBT license,https://petition.parliament.uk/petitions/726605,closed,45,726605,2025-05-16,,,2025-11-16
Require all vets to open at weekends,https://petition.parliament.uk/petitions/726610,closed,45,726610,2025-05-16,,,2025-11-16
Reduce the 7-Year Route for UK-born children to apply for ILR to 3 Years,https://petition.parliament.uk/petitions/726621,closed,47,726621,2025-06-20,,,2025-12-20
Review & modernise the GCSE curriculum to teach life skills & support students,https://petition.parliament.uk/petitions/726644,closed,65,726644,2025-05-28,,,2025-11-28
"Fund off-road cycle paths linking every village, town and city in the country",https://petition.parliament.uk/petitions/726694,closed,53,726694,2025-05-20,,,2025-11-20
Provide funding so refuge spaces are free for all,https://petition.parliament.uk/petitions/726696,closed,26,726696,2025-06-10,,,2025-12-10
Provide funding to make all asthma-related medication free on prescription,https://petition.parliament.uk/petitions/726704,closed,170,726704,2025-05-19,,,2025-11-19
Increase funding for EHCPs to help address funding gaps in schools,https://petition.parliament.uk/petitions/726705,closed,487,726705,2025-05-16,,,2025-11-16
Launch an inquiry into online disinformation on social media platforms,https://petition.parliament.uk/petitions/726721,closed,69,726721,2025-05-20,,,2025-11-20
Require energy companies to offer analogue meters ,https://petition.parliament.uk/petitions/726722,closed,650,726722,2025-06-17,,,2025-12-17
Provide transgender people with more gender options on their birth certificate,https://petition.parliament.uk/petitions/726723,closed,53,726723,2025-05-19,,,2025-11-19
Launch a public inquiry into business rates and small businesses,https://petition.parliament.uk/petitions/726726,closed,140,726726,2025-06-13,,,2025-12-13
Exempt first time buyers from stamp duty,https://petition.parliament.uk/petitions/726732,closed,233,726732,2025-05-19,,,2025-11-19
Require all doctors to receive perimenopause training & GPs to have specialists,https://petition.parliament.uk/petitions/726736,closed,1714,726736,2025-06-03,,,2025-12-03
Scrap six-year time limit for claims in Overseas Operations Act,https://petition.parliament.uk/petitions/726743,closed,110,726743,2025-06-10,,,2025-12-10
Require all employers to provide sanitary products at the workplace,https://petition.parliament.uk/petitions/726757,closed,69,726757,2025-06-02,,,2025-12-02
Change speeding penalties to 1point for up to 25MPH on a 20MPH road,https://petition.parliament.uk/petitions/726766,closed,2702,726766,2025-05-20,,,2025-11-20
Fund free Meningitis B & ACWY vaccines on the NHS for all,https://petition.parliament.uk/petitions/726768,closed,748,726768,2025-05-19,,,2025-11-19
Ban songs about knife crime and violence on social media and music apps,https://petition.parliament.uk/petitions/726814,closed,78,726814,2025-05-27,,,2025-11-27
Review and strengthen mandatory allergy training for all food industry staff,https://petition.parliament.uk/petitions/726823,closed,1562,726823,2025-05-30,,,2025-11-30
Make paternity tests compulsory before registering a birth,https://petition.parliament.uk/petitions/726836,closed,72,726836,2025-06-02,,,2025-12-02
Require all social housing flats to have a personal balcony/garden,https://petition.parliament.uk/petitions/726851,closed,52,726851,2025-06-02,,,2025-12-02
Review Children’s Wellbeing and Schools Bill’s impact on non-school settings,https://petition.parliament.uk/petitions/726859,closed,597,726859,2025-05-30,,,2025-11-30
Stop the importation of honey bees into GB from the EU via Northern Ireland,https://petition.parliament.uk/petitions/726878,closed,1523,726878,2025-05-27,,,2025-11-27
Expand menstrual health education & early screening for conditions,https://petition.parliament.uk/petitions/726911,closed,203,726911,2025-06-11,,,2025-12-11
Require fresh produce to be labelled with pesticides used,https://petition.parliament.uk/petitions/726919,closed,102,726919,2025-06-02,,,2025-12-02
Specialist Hospital Units for Vulnerable Young Adults with learning disabilities,https://petition.parliament.uk/petitions/726930,closed,50,726930,2025-05-28,,,2025-11-28
Grant automatic guardianship to parents of 18yr olds who lack mental capacity,https://petition.parliament.uk/petitions/726933,closed,43,726933,2025-05-27,,,2025-11-27
 Create a national register of wills & require all wills to be registered,https://petition.parliament.uk/petitions/726938,closed,52,726938,2025-06-02,,,2025-12-02
Establish a cap on Homes of Multiple Occupancy (HMO) in stressed communities,https://petition.parliament.uk/petitions/726949,closed,323,726949,2025-06-03,,,2025-12-03
 Give UK citizens the right to veto laws by national referendum,https://petition.parliament.uk/petitions/726955,closed,370,726955,2025-06-13,,,2025-12-13
Ban single-use expanded polypropylene packaging,https://petition.parliament.uk/petitions/726962,closed,199,726962,2025-05-27,,,2025-11-27
Ban balaclavas to prevent crime,https://petition.parliament.uk/petitions/726978,closed,159,726978,2025-05-27,,,2025-11-27
Fund access to bicycles for children so they can live active and healthy lives,https://petition.parliament.uk/petitions/726983,closed,76,726983,2025-05-27,,,2025-11-27
Get rid of alcohol duty and lower business rates for pubs,https://petition.parliament.uk/petitions/726994,closed,48,726994,2025-06-05,,,2025-12-05
Require companies to provide a simple method of cancelling online subscriptions,https://petition.parliament.uk/petitions/727003,closed,116,727003,2025-06-23,,,2025-12-23
New rules for migrants who arrive without ID or outside official entry points,https://petition.parliament.uk/petitions/727011,closed,383,727011,2025-06-18,,,2025-12-18
Require all food of US origin to be labelled for transparency,https://petition.parliament.uk/petitions/727013,closed,91,727013,2025-06-19,,,2025-12-19
"Provide funding for a nationwide, nature-rich river corridor network.",https://petition.parliament.uk/petitions/727016,closed,10420,727016,2025-06-04,,,2025-12-04
Introduce a National Children's Day for VE day on 8th May and fund celebrations ,https://petition.parliament.uk/petitions/727019,closed,43,727019,2025-05-30,,,2025-11-30
Publish the names and offences of people released early from prison,https://petition.parliament.uk/petitions/727051,closed,71,727051,2025-06-05,,,2025-12-05
"Fund better Functional Neurological Disorder care, treatment and support",https://petition.parliament.uk/petitions/727063,closed,17266,727063,2025-06-13,,,2025-12-13
Require all new trains to be fitted with seatbelts,https://petition.parliament.uk/petitions/727065,closed,31,727065,2025-06-09,,,2025-12-09
Temporary Ban on agricultural use of sewage cake,https://petition.parliament.uk/petitions/727078,closed,1146,727078,2025-05-28,,,2025-11-28
Add Parkinson's to list of conditions eligible for medical exemption certificate,https://petition.parliament.uk/petitions/727089,closed,78,727089,2025-06-02,,,2025-12-02
Fund and build air raid sirens system for civil defence,https://petition.parliament.uk/petitions/727094,closed,37,727094,2025-06-02,,,2025-12-02
Reintroduce the Help to Buy Equity Loan Scheme for First-Time Buyers,https://petition.parliament.uk/petitions/727103,closed,29,727103,2025-06-05,,,2025-12-05
Prohibit recording frontline workers without consent,https://petition.parliament.uk/petitions/727109,closed,153,727109,2025-06-03,,,2025-12-03
Allow people to transfer all their personal allowance to their spouse,https://petition.parliament.uk/petitions/727117,closed,79,727117,2025-06-02,,,2025-12-02
Make GCSE study leave a requirement in state schools in England,https://petition.parliament.uk/petitions/727121,closed,36,727121,2025-06-16,,,2025-12-16
Ban wing clipping for all birds,https://petition.parliament.uk/petitions/727133,closed,76,727133,2025-06-03,,,2025-12-03
Create a maximum height requirement for the XL Bully ban,https://petition.parliament.uk/petitions/727161,closed,28,727161,2025-06-02,,,2025-12-02
Lower the Drink Drive Limit in England to be in line with Scotland,https://petition.parliament.uk/petitions/727189,closed,50,727189,2025-05-27,,,2025-11-27
Fund free hospital parking in England for all patients,https://petition.parliament.uk/petitions/727190,closed,267,727190,2025-05-27,,,2025-11-27
"Raise the 40% tax threshold from £50,271 to £53,800",https://petition.parliament.uk/petitions/727197,closed,57,727197,2025-06-05,,,2025-12-05
Fund NHS Weight Loss Medication for People with Medication-Linked Weight Gain,https://petition.parliament.uk/petitions/727208,closed,41,727208,2025-06-03,,,2025-12-03
Ban public sector jobs from being replaced with external hires for 2 years,https://petition.parliament.uk/petitions/727221,closed,43,727221,2025-06-20,,,2025-12-20
Change rules to allow pets in airplane cabins going to and from the UK,https://petition.parliament.uk/petitions/727223,closed,2254,727223,2025-06-04,,,2025-12-04
Review extra time practices in secondary schools for GCSE and A levels,https://petition.parliament.uk/petitions/727227,closed,36,727227,2025-06-12,,,2025-12-12
Investigate safeguarding & social care referral practices for SEND children,https://petition.parliament.uk/petitions/727229,closed,705,727229,2025-06-13,,,2025-12-13
Create a Certificate of Sponsorship verification website and mobile app,https://petition.parliament.uk/petitions/727271,closed,15,727271,2025-06-02,,,2025-12-02
Ban the use of audible propane bird scarers,https://petition.parliament.uk/petitions/727276,closed,171,727276,2025-05-28,,,2025-11-28
Require all new homes to include a swift brick,https://petition.parliament.uk/petitions/727278,closed,246,727278,2025-06-02,,,2025-12-02
Require people on Universal Credit & fit to work to take a public sector job,https://petition.parliament.uk/petitions/727281,closed,108,727281,2025-06-16,,,2025-12-16
Hold a UK-wide review of student loans,https://petition.parliament.uk/petitions/727292,closed,39,727292,2025-06-13,,,2025-12-13
Increase full-time Carer's Allowance to at least £800 per week,https://petition.parliament.uk/petitions/727296,closed,4377,727296,2025-05-28,,,2025-11-28
New legislation: ensure informed consent is always given to avoid patient harm.,https://petition.parliament.uk/petitions/727305,closed,439,727305,2025-06-02,,,2025-12-02
Stop Means Testing Pensioners and increase the State Pension.,https://petition.parliament.uk/petitions/727306,closed,217,727306,2025-06-05,,,2025-12-05
Call an immediate general election,https://petition.parliament.uk/petitions/727309,closed,1059231,727309,2025-06-05,2025-08-06,2026-01-12,2025-12-05
Issue new guidance on teachers’ early retirement rights,https://petition.parliament.uk/petitions/727321,closed,5198,727321,2025-06-26,,,2025-12-26
Increase funding for the prison system to improve living standards,https://petition.parliament.uk/petitions/727327,closed,59,727327,2025-06-02,,,2025-12-02
Do not close social care visa to protect UK health and social care,https://petition.parliament.uk/petitions/727331,closed,75,727331,2025-06-05,,,2025-12-05
Establish a Home Deposit Scheme for Military Veterans,https://petition.parliament.uk/petitions/727332,closed,48,727332,2025-06-11,,,2025-12-11
Establish a workplace wellbeing rating and require workplaces to disclose them,https://petition.parliament.uk/petitions/727336,closed,199,727336,2025-06-11,,,2025-12-11
Introduce a law to protect patient advocates in NHS treatment,https://petition.parliament.uk/petitions/727342,closed,58,727342,2025-06-19,,,2025-12-19
Keep 5-year ILR terms to Hong Kong British National (Overseas) visas,https://petition.parliament.uk/petitions/727356,closed,114605,727356,2025-06-25,2025-07-04,2025-09-08,2025-12-25
"Urgently regulate e-scooters
",https://petition.parliament.uk/petitions/727359,closed,31487,727359,2025-06-18,,,2025-12-18
Keep the 5-Year ILR pathway for existing Skilled Worker visa holders,https://petition.parliament.uk/petitions/727360,closed,188125,727360,2025-05-23,2025-05-25,2025-09-08,2025-11-23
Protect Legal Migrants: do not implement the 10-Year ILR proposal,https://petition.parliament.uk/petitions/727372,closed,106570,727372,2025-05-23,2025-10-13,2026-02-02,2025-11-23
Independent Financial Broadcasting Service to Report on UK Government Spending,https://petition.parliament.uk/petitions/727394,closed,44,727394,2025-06-12,,,2025-12-12
Increase the minimum wage for care workers,https://petition.parliament.uk/petitions/727420,closed,96,727420,2025-06-09,,,2025-12-09
Extend the Adoption Support Fund to include adults up to 25 without an EHCP,https://petition.parliament.uk/petitions/727444,closed,190,727444,2025-06-11,,,2025-12-11
Review and strengthen Consumer Rights on ownership of digital devices and media,https://petition.parliament.uk/petitions/727445,closed,135,727445,2025-06-23,,,2025-12-23
Require Independent Scrutiny Before Passing any Education Laws Affecting Rights,https://petition.parliament.uk/petitions/727458,closed,4881,727458,2025-06-12,,,2025-12-12
Nationalise all water companies,https://petition.parliament.uk/petitions/727463,closed,732,727463,2025-06-02,,,2025-12-02
Ban fishing in 30% of the UK’s coastal waters to allow marine ecosystem recovery,https://petition.parliament.uk/petitions/727485,closed,421,727485,2025-06-09,,,2025-12-09
Lower the minimum age to take the DVLA Theory Test for cars to 16,https://petition.parliament.uk/petitions/727509,closed,38,727509,2025-06-03,,,2025-12-03
Require people to undergo a learning course & get a license to own a pet,https://petition.parliament.uk/petitions/727510,closed,75,727510,2025-06-13,,,2025-12-13
Reduce the school week to four days a week,https://petition.parliament.uk/petitions/727514,closed,126014,727514,2025-06-04,2025-09-20,2026-01-05,2025-12-04
Formal support framework for families of murdered British citizens overseas,https://petition.parliament.uk/petitions/727534,closed,22092,727534,2025-06-25,,,2025-12-25
Allow licences to be issued to wildlife rehabilitators to release grey squirrels,https://petition.parliament.uk/petitions/727553,closed,3130,727553,2025-06-04,,,2025-12-04
Make online bullying a specific crime & new rules for social media platforms,https://petition.parliament.uk/petitions/727554,closed,522,727554,2025-06-11,,,2025-12-11
Abolish Stamp Duty to Make Homeownership More Accessible for All,https://petition.parliament.uk/petitions/727559,closed,402,727559,2025-06-04,,,2025-12-04
Abolish all toll roads,https://petition.parliament.uk/petitions/727567,closed,42,727567,2025-06-04,,,2025-12-04
Require bus operators to refund fares for service cancellations,https://petition.parliament.uk/petitions/727576,closed,272,727576,2025-05-28,,,2025-11-28
Change the law to allow dogs and cats to travel in airplane cabins into the UK,https://petition.parliament.uk/petitions/727607,closed,755,727607,2025-06-05,,,2025-12-05
Make teachers exempt from changes introduced in the Home Office whitepaper,https://petition.parliament.uk/petitions/727615,closed,283,727615,2025-06-12,,,2025-12-12
Ban Trawling in All Marine Protected Areas (MPAs) in UK waters,https://petition.parliament.uk/petitions/727634,closed,1834,727634,2025-06-16,,,2025-12-16
Fund free or reduced gym prices for under 18's,https://petition.parliament.uk/petitions/727680,closed,24,727680,2025-06-02,,,2025-12-02
Implement road safety strategy to protect motorcyclists,https://petition.parliament.uk/petitions/727687,closed,42,727687,2025-06-19,,,2025-12-19
Fund free public transport for people aged 10-18,https://petition.parliament.uk/petitions/727708,closed,55,727708,2025-05-30,,,2025-11-30
Recognise Palestine as a State and seek immediate ceasefire in Gaza,https://petition.parliament.uk/petitions/727717,closed,17800,727717,2025-06-13,,,2025-12-13
Adopt the Yogyakarta Principles into UK law to ensure LGBTQ+ rights are upheld,https://petition.parliament.uk/petitions/727736,closed,1352,727736,2025-06-03,,,2025-12-03
Abolish Independent Office for Police Conduct by revoking relevant legislation,https://petition.parliament.uk/petitions/727760,closed,27,727760,2025-06-23,,,2025-12-23
Replace the Spring Bank Holiday with a November Bank Holiday,https://petition.parliament.uk/petitions/727763,closed,22,727763,2025-06-05,,,2025-12-05
Change law on partner consent for use of embryos for those unable to conceive ,https://petition.parliament.uk/petitions/727784,closed,40,727784,2025-06-19,,,2025-12-19
Scrap the proposed ban on importing puppies under 6 months old,https://petition.parliament.uk/petitions/727786,closed,43,727786,2025-06-16,,,2025-12-16
Fund free parking at NHS hospitals for people over 70,https://petition.parliament.uk/petitions/727792,closed,69,727792,2025-05-30,,,2025-11-30
Abolish the Life in the UK test,https://petition.parliament.uk/petitions/727829,closed,47,727829,2025-06-09,,,2025-12-09
Fund support for Speedway,https://petition.parliament.uk/petitions/727839,closed,51,727839,2025-06-09,,,2025-12-09
Replace First-Past-The-Post with Single Transferrable Vote & Alternative Vote,https://petition.parliament.uk/petitions/727860,closed,509,727860,2025-06-23,,,2025-12-23
Increase funding to build more council housing ,https://petition.parliament.uk/petitions/727874,closed,86,727874,2025-06-05,,,2025-12-05
Impose rent caps in major cities to stop rent hikes by landlords,https://petition.parliament.uk/petitions/727875,closed,80,727875,2025-06-05,,,2025-12-05
End the face tattoo ban in UK Armed Forces,https://petition.parliament.uk/petitions/727881,closed,37,727881,2025-06-05,,,2025-12-05
Make stamp duty payable on the difference in cost of the current & new home,https://petition.parliament.uk/petitions/727883,closed,35,727883,2025-06-09,,,2025-12-09
Add a “None of the above” option to ballot papers for all elections,https://petition.parliament.uk/petitions/727889,closed,219,727889,2025-06-20,,,2025-12-20
Update school uniform guidance to prioritise comfort for students in England,https://petition.parliament.uk/petitions/727890,closed,356,727890,2025-06-09,,,2025-12-09
Raise the annual limit on Commonwealth recruits for the UK Armed Forces,https://petition.parliament.uk/petitions/727912,closed,33,727912,2025-06-05,,,2025-12-05
Reform the way PIP assessments are conducted for deaf people,https://petition.parliament.uk/petitions/727919,closed,609,727919,2025-06-23,,,2025-12-23
Statutory sick pay from day 1 of absence for those with chronic illness,https://petition.parliament.uk/petitions/727943,closed,427,727943,2025-06-04,,,2025-12-04
Grant Malaysian Driving Licence Conversion,https://petition.parliament.uk/petitions/727944,closed,159,727944,2025-06-09,,,2025-12-09
Factor all fish kill from nuclear cooling inlets into fishing quotas,https://petition.parliament.uk/petitions/727952,closed,70,727952,2025-06-10,,,2025-12-10
Stop fines for taking children out of school on holiday,https://petition.parliament.uk/petitions/727960,closed,777,727960,2025-06-04,,,2025-12-04
Require a vote and consultation before implementing the new UK–EU Reset Deal,https://petition.parliament.uk/petitions/727961,closed,3540,727961,2025-06-16,,,2025-12-16
Have a new referendum on EU membership,https://petition.parliament.uk/petitions/727964,closed,555,727964,2025-06-04,,,2025-12-04
Require businesses to give workers time off on general election days,https://petition.parliament.uk/petitions/727997,closed,70,727997,2025-06-06,,,2025-12-06
Make Pakistan passport holders eligible for the UK Registered Traveller Service,https://petition.parliament.uk/petitions/728003,closed,42,728003,2025-06-24,,,2025-12-24
Require drivers to stop and take cats to the vets if they hit them in their car,https://petition.parliament.uk/petitions/728011,closed,10959,728011,2025-06-04,,,2025-12-04
Use Proportional Representation at the next General Election,https://petition.parliament.uk/petitions/728017,closed,47976,728017,2025-06-13,,,2025-12-13
Halt the EU Reset Agreement,https://petition.parliament.uk/petitions/728043,closed,187,728043,2025-06-26,,,2025-12-26
Introduce gas and electricity price caps for businesses,https://petition.parliament.uk/petitions/728047,closed,44,728047,2025-06-17,,,2025-12-17
Implement mandatory licences for builders,https://petition.parliament.uk/petitions/728060,closed,70,728060,2025-06-09,,,2025-12-09
Require schools to allow students refill water bottles and use the toilet,https://petition.parliament.uk/petitions/728086,closed,131,728086,2025-06-05,,,2025-12-05
Fund research using postural changes in SBP and HR to detect sepsis,https://petition.parliament.uk/petitions/728087,closed,23,728087,2025-06-11,,,2025-12-11
Reform SEND Education: Implement a Needs-Based Tiered School System in England,https://petition.parliament.uk/petitions/728090,closed,128,728090,2025-06-09,,,2025-12-09
Urge UN to send peacekeepers into Gaza & the West Bank,https://petition.parliament.uk/petitions/728104,closed,665,728104,2025-06-10,,,2025-12-10
Raise the age of compulsory education in England to Six & reform Early Education,https://petition.parliament.uk/petitions/728157,closed,778,728157,2025-06-06,,,2025-12-06
Ban all forms of conversion therapy,https://petition.parliament.uk/petitions/728168,closed,697,728168,2025-06-16,,,2025-12-16
Ban Private Dog Breeding and Strengthen Penalties for Animal Cruelty,https://petition.parliament.uk/petitions/728177,closed,219,728177,2025-06-06,,,2025-12-06
Change the law so neighbours cannot record in to private back gardens,https://petition.parliament.uk/petitions/728185,closed,106,728185,2025-06-05,,,2025-12-05
Regulate adult social care training,https://petition.parliament.uk/petitions/728187,closed,86,728187,2025-06-23,,,2025-12-23
Require political adverts to be truthful & factually accurate,https://petition.parliament.uk/petitions/728189,closed,150,728189,2025-06-06,,,2025-12-06
Fund air ambulances,https://petition.parliament.uk/petitions/728227,closed,75,728227,2025-06-09,,,2025-12-09
Ban AI scrapers from scraping websites that have opted out,https://petition.parliament.uk/petitions/728241,closed,83,728241,2025-06-12,,,2025-12-12
Legislate to protect rights of self-employed security personnel to fair payment,https://petition.parliament.uk/petitions/728272,closed,21,728272,2025-06-23,,,2025-12-23
Create a national pet health service for veterinary care,https://petition.parliament.uk/petitions/728285,closed,181,728285,2025-06-10,,,2025-12-10
Speed up the payment of tax repayments,https://petition.parliament.uk/petitions/728289,closed,28,728289,2025-06-11,,,2025-12-11
Require MPs to evidence all contributions in Parliament and introduce penalties,https://petition.parliament.uk/petitions/728293,closed,378,728293,2025-06-12,,,2025-12-12
Issue guidance so schools cannot give homework overnight,https://petition.parliament.uk/petitions/728304,closed,72,728304,2025-06-16,,,2025-12-16
Ban the Ring Flying disc to Protect Our Seals,https://petition.parliament.uk/petitions/728349,closed,102,728349,2025-06-10,,,2025-12-10
Provide funding to put up fences on all roads to protect wildlife,https://petition.parliament.uk/petitions/728360,closed,77,728360,2025-06-11,,,2025-12-11
Regulate and oversee hair strand testing used in family court cases,https://petition.parliament.uk/petitions/728370,closed,21,728370,2025-06-13,,,2025-12-13
Ban chemical castration in the criminal justice system,https://petition.parliament.uk/petitions/728374,closed,43,728374,2025-06-24,,,2025-12-24
Ban the sale and use of sunscreens containing ingredients that damage corals,https://petition.parliament.uk/petitions/728391,closed,94,728391,2025-06-13,,,2025-12-13
Keep the Graduate Route (PSW Visa) at 2 years for international students,https://petition.parliament.uk/petitions/728402,closed,1253,728402,2025-06-24,,,2025-12-24
Increase the weight threshold on dual purpose vehicles,https://petition.parliament.uk/petitions/728407,closed,36,728407,2025-06-20,,,2025-12-20
Longer sentences and disqualification for drug/drink drivers who injure someone,https://petition.parliament.uk/petitions/728415,closed,885,728415,2025-06-23,,,2025-12-23
Call for investigation into claims of irregularities in Poland's 2025 election,https://petition.parliament.uk/petitions/728424,closed,25,728424,2025-06-26,,,2025-12-26
Ban the release of balloons and sky lanterns,https://petition.parliament.uk/petitions/728452,closed,620,728452,2025-06-13,,,2025-12-13
Bring back the “Eat Out To Help Out” scheme,https://petition.parliament.uk/petitions/728465,closed,30,728465,2025-06-16,,,2025-12-16
"Fund more bins, CCTV, enforcement staff and raise fines to prevent littering",https://petition.parliament.uk/petitions/728466,closed,69,728466,2025-06-10,,,2025-12-10
Fund Full NHS Bursaries for Nurses & Midwives to Help Secure Our Workforce,https://petition.parliament.uk/petitions/728471,closed,76,728471,2025-06-16,,,2025-12-16
Ban the use of aversive dog training tools,https://petition.parliament.uk/petitions/728473,closed,2405,728473,2025-06-23,,,2025-12-23
Fund free public transport for all through an additional tax on income,https://petition.parliament.uk/petitions/728504,closed,28,728504,2025-06-12,,,2025-12-12
Automatically revoke spousal visas from abusive partners in the UK,https://petition.parliament.uk/petitions/728506,closed,180,728506,2025-06-20,,,2025-12-20
Set legal deadlines for NHS to provide medical reports for DWP tribunals,https://petition.parliament.uk/petitions/728519,closed,35,728519,2025-06-12,,,2025-12-12
Seek a UK-EU deal to scrap the Entry/Exit System for travel under 90 days,https://petition.parliament.uk/petitions/728535,closed,257,728535,2025-06-20,,,2025-12-20
Exempt Global Talent and 'highest skilled worker' visas from 10-year ILR rule,https://petition.parliament.uk/petitions/728549,closed,1470,728549,2025-06-25,,,2025-12-25
"Increase New State Pension and pay to all, abolish the old Basic State Pension.",https://petition.parliament.uk/petitions/728562,closed,2717,728562,2025-06-13,,,2025-12-13
Bring all Social Care into the Public Sector under the NHS & stop means testing.,https://petition.parliament.uk/petitions/728563,closed,130,728563,2025-06-13,,,2025-12-13
Give maternity leave to those who've suffered baby loss from 20 weeks gestation,https://petition.parliament.uk/petitions/728581,closed,251,728581,2025-06-26,,,2025-12-26
Give permits for parent and child bays to stop the misuse of these spaces,https://petition.parliament.uk/petitions/728595,closed,332,728595,2025-06-20,,,2025-12-20
Ban the sale and usage of smoke flares for non emergency usage,https://petition.parliament.uk/petitions/728599,closed,53,728599,2025-06-11,,,2025-12-11
Review family involvement in NHS Mental Healthcare of adult family members,https://petition.parliament.uk/petitions/728606,closed,36,728606,2025-06-20,,,2025-12-20
Ban dynamic ticket pricing for live events,https://petition.parliament.uk/petitions/728612,closed,2425,728612,2025-06-13,,,2025-12-13
Only UK residents who pay or have paid PAYE can vote in general elections,https://petition.parliament.uk/petitions/728634,closed,568,728634,2025-06-20,,,2025-12-20
Cap the Price of Non-Alcoholic Beer in UK,https://petition.parliament.uk/petitions/728635,closed,84,728635,2025-06-13,,,2025-12-13
Require shops to give away same-day expiring food before shop closing,https://petition.parliament.uk/petitions/728637,closed,183,728637,2025-06-13,,,2025-12-13
Create a Public Holiday on 15 June in England & Wales to commemorate Magna Carta,https://petition.parliament.uk/petitions/728652,closed,54,728652,2025-06-23,,,2025-12-23
Give State Pension to all at 60 and increase it to equal 48hrs of Living Wage,https://petition.parliament.uk/petitions/728656,closed,19992,728656,2025-06-24,,,2025-12-24
"Raise the standard tax-free Personal Allowance to £45,000.",https://petition.parliament.uk/petitions/728657,closed,254,728657,2025-06-11,,,2025-12-11
Fund Free TV licences for all pensioners.,https://petition.parliament.uk/petitions/728658,closed,15986,728658,2025-06-11,,,2025-12-11
Revoke the Community Protection Notice (CPN) power,https://petition.parliament.uk/petitions/728661,closed,44,728661,2025-06-19,,,2025-12-19
Fund scheme for retired police dogs,https://petition.parliament.uk/petitions/728671,closed,89,728671,2025-06-16,,,2025-12-16
Remove ban on people with certain mental health conditions joining military,https://petition.parliament.uk/petitions/728674,closed,18,728674,2025-06-23,,,2025-12-23
Funding so all infants are offered Type 1 Diabetes Testing in routine care,https://petition.parliament.uk/petitions/728677,closed,121152,728677,2025-06-20,2025-12-02,,2025-12-20
"Review possible penalties for social media posts, including the use of prison",https://petition.parliament.uk/petitions/728715,closed,191592,728715,2025-06-20,2025-06-21,2025-11-17,2025-12-20
Review and fund improved detection and diagnosis of prostate cancer,https://petition.parliament.uk/petitions/728751,closed,14374,728751,2025-06-24,,,2025-12-24
More safeguarding for children with FASD & criminalise alcohol use in pregnancy,https://petition.parliament.uk/petitions/728776,closed,49,728776,2025-06-23,,,2025-12-23
Allow parents to take their children out of school for 5 school days in a year,https://petition.parliament.uk/petitions/728790,closed,561,728790,2025-06-16,,,2025-12-16
"Review and reform how NHS Health Boards share, access & communicate patient data",https://petition.parliament.uk/petitions/728801,closed,309,728801,2025-06-24,,,2025-12-24
Ban door-to-door sales to protect vulnerable people,https://petition.parliament.uk/petitions/728828,closed,122,728828,2025-06-16,,,2025-12-16
Do not fund officers to patrol French beaches for illegal small boat crossings,https://petition.parliament.uk/petitions/728872,closed,176,728872,2025-06-26,,,2025-12-26
Require all children’s play centres to provide two dedicated SEN sessions a week,https://petition.parliament.uk/petitions/728885,closed,170,728885,2025-06-16,,,2025-12-16
Make CCTV mandatory in all taxis and private hire vehicles,https://petition.parliament.uk/petitions/728891,closed,8421,728891,2025-06-13,,,2025-12-13
Regulate recreational cannabis to protect UK users from contaminants,https://petition.parliament.uk/petitions/728930,closed,123,728930,2025-06-19,,,2025-12-19
Require all public buses to have toilets,https://petition.parliament.uk/petitions/729002,closed,34,729002,2025-06-18,,,2025-12-18
Ban horse-drawn hackney carriages,https://petition.parliament.uk/petitions/729016,closed,57,729016,2025-06-26,,,2025-12-26
Fund a National NHS Railcard for Healthcare Staff,https://petition.parliament.uk/petitions/729126,closed,4158,729126,2025-06-24,,,2025-12-24
Abolish Section 21 'no-fault' evictions with immediate effect,https://petition.parliament.uk/petitions/729348,closed,51,729348,2025-06-24,,,2025-12-24
