"Petition","URL","State","Signatures Count"
"Fund reconstruction surgery and psychosexual therapy for FGM survivors","https://petition.parliament.uk/petitions/700001","closed",939
"Apply for the UK to join the European Union as a full member as soon as possible","https://petition.parliament.uk/petitions/700005","closed",136650
"Require dating apps to ensure ID and DBS checks on users & ban violent offenders","https://petition.parliament.uk/petitions/700007","closed",1216
"Fund Covid booster vaccines for all, with priority for Long Covid sufferers","https://petition.parliament.uk/petitions/700009","closed",716
"Only allow alcohol to be sold in pubs and in wine stores between certain times
","https://petition.parliament.uk/petitions/700010","closed",90
"Donate migrant boats to Ukraine","https://petition.parliament.uk/petitions/700011","closed",436
"Limit the sale and use of Fireworks to licence holders only","https://petition.parliament.uk/petitions/700013","closed",87527
"Decriminalise Abortion","https://petition.parliament.uk/petitions/700014","closed",103653
"Provide funding to the NHS to offer full STI screening at beginning of pregnancy","https://petition.parliament.uk/petitions/700015","closed",1149
"Stop the Early Release of all Domestic Abusers Under the SDS40 Scheme","https://petition.parliament.uk/petitions/700016","closed",2078
"Support families by bringing nannies into the 15/30 hours free childcare scheme","https://petition.parliament.uk/petitions/700017","closed",2257
"Don't put an extra duty on vape products","https://petition.parliament.uk/petitions/700018","closed",1048
"Adapt EYFS and KS1 Literacy Curriculums to be inclusive for Non-Verbal children","https://petition.parliament.uk/petitions/700021","closed",2026
"Ban fossil fuel advertising and sponsorship","https://petition.parliament.uk/petitions/700024","closed",110519
"Maintain the £3 bus fare cap permanently","https://petition.parliament.uk/petitions/700027","closed",628
"Increase Carer's Allowance to equal minimum wage","https://petition.parliament.uk/petitions/700028","closed",11299
"Embed food, farming, and sustainability education into the national curriculum","https://petition.parliament.uk/petitions/700029","closed",14480
"More funding to diagnose & support individuals with ADHD & provide training ","https://petition.parliament.uk/petitions/700033","closed",1189
"Make breaking a manifesto against the law and trigger a General Election","https://petition.parliament.uk/petitions/700035","closed",53787
"Ban driven grouse shooting","https://petition.parliament.uk/petitions/700036","closed",104341
"Rights Beyond Borders: Improve employment policies for international students","https://petition.parliament.uk/petitions/700037","closed",4181
"Launch strategy to involve female asylum seekers in reframing asylum policy","https://petition.parliament.uk/petitions/700038","closed",52
"Reduce the immigration health surcharge for family visas","https://petition.parliament.uk/petitions/700039","closed",330
"Hold a referendum on re-joining the European Union","https://petition.parliament.uk/petitions/700041","closed",16594
"Allow parents to take their children out of school for up to 10 days fine free.","https://petition.parliament.uk/petitions/700047","closed",181597
"Reduce the maximum decibel limit on fireworks from 120 to 90","https://petition.parliament.uk/petitions/700049","closed",4197
"Negotiate a youth mobility scheme with the EU","https://petition.parliament.uk/petitions/700055","closed",1552
"Compensate people who have been harmed by sodium valproate","https://petition.parliament.uk/petitions/700057","closed",702
"Launch a railcard for those over the age of 30 covering all of the UK.","https://petition.parliament.uk/petitions/700058","closed",863
"Ensure all the press is regulated by a Press Recognition Panel approved body","https://petition.parliament.uk/petitions/700061","closed",1824
"Fund Breast Cancer Screening from Age 40 & Alternative Screening Options","https://petition.parliament.uk/petitions/700062","closed",4802
"Introduce a Long-Term Visit Visa for Parents of British Citizens and ILR Holders","https://petition.parliament.uk/petitions/700067","closed",4611
"Reverse changes to Winter Fuel Payment ","https://petition.parliament.uk/petitions/700074","closed",62034
"Hold a Public Inquiry into the state pension age change for 1950s women","https://petition.parliament.uk/petitions/700076","closed",7724
"Legalise use of privately owned e-scooters and e-bikes on public roads","https://petition.parliament.uk/petitions/700078","closed",443
"Exempt all social care providers from the employer NIC increase","https://petition.parliament.uk/petitions/700080","closed",40577
"Create an NHS staff recruitment agency","https://petition.parliament.uk/petitions/700082","closed",107
"Toughen up the law to ensure stricter punishment for child sexual abuse material","https://petition.parliament.uk/petitions/700084","closed",477
"Set rules about when a service/venue can describe itself as accessible","https://petition.parliament.uk/petitions/700085","closed",444
"Introduce 16 as the minimum age for children to have social media","https://petition.parliament.uk/petitions/700086","closed",132102
"Stop deducting carer's allowance from income based welfare","https://petition.parliament.uk/petitions/700091","closed",607
"Referendum on changing the Electoral System To Proportional Representation (PR)","https://petition.parliament.uk/petitions/700109","closed",42329
"Give State Pension to all at 60 and increase it to equal 48hrs at Living Wage","https://petition.parliament.uk/petitions/700113","closed",27456
"Legalise adult adoption","https://petition.parliament.uk/petitions/700114","closed",579
"Bring all social care into the public sector, under the NHS & stop means testing","https://petition.parliament.uk/petitions/700116","closed",411
"Fund free TV licences for all pensioners","https://petition.parliament.uk/petitions/700117","closed",54270
"Recognise Palestine as a State and seek immediate ceasefire in Gaza ","https://petition.parliament.uk/petitions/700119","closed",5034
"Stop Means Testing Pensioners and increase the State Pension","https://petition.parliament.uk/petitions/700120","closed",14563
"Abolish the basic State Pension, increase the new State Pension and pay to all.","https://petition.parliament.uk/petitions/700122","closed",5892
"Require a, ""no confidence,"" vote on the ballot for all elections/referendums.","https://petition.parliament.uk/petitions/700131","closed",2105
"Make Black history part of the curriculum in all schools","https://petition.parliament.uk/petitions/700134","closed",215
"Don't change inheritance tax relief for working farms","https://petition.parliament.uk/petitions/700138","closed",154007
"Call a General Election","https://petition.parliament.uk/petitions/700143","closed",3084715
"Set the age requirement to buy tobacco to 21, do not gradually increase it.
","https://petition.parliament.uk/petitions/700150","closed",93
"Create a scheme for long-term residents who overstayed their visa to gain ILR","https://petition.parliament.uk/petitions/700159","closed",30
"Fund at home smear test kits for females when requested.","https://petition.parliament.uk/petitions/700160","closed",154
"Require MPs proven to mislead public to resign and create 'fact check' committee","https://petition.parliament.uk/petitions/700161","closed",10205
"Impose Financial Sanctions Against The UAE","https://petition.parliament.uk/petitions/700162","closed",1143
"Reduce University student tuition fee cap from £9,250 to £3,000","https://petition.parliament.uk/petitions/700167","closed",278
"Remove the 28 day time limit from the unduly lenient sentence scheme for murder","https://petition.parliament.uk/petitions/700168","closed",14062
"Investigate the claims of £22 Billion black hole","https://petition.parliament.uk/petitions/700170","closed",1888
"Change the legal driving age to 15","https://petition.parliament.uk/petitions/700172","closed",235
"Fund menopause support being added to the NHS Health Checks for women over 40","https://petition.parliament.uk/petitions/700178","closed",2639
"Commercial Pilot Training to be VAT exempt and introduce new funding options","https://petition.parliament.uk/petitions/700183","closed",445
"Commission a public inquiry into the impact of the UK exiting the European Union","https://petition.parliament.uk/petitions/700184","closed",10653
"Don’t require health & care workers to update visa for additional work","https://petition.parliament.uk/petitions/700185","closed",70
"Create a public consultation on freedom of speech and disinformation","https://petition.parliament.uk/petitions/700186","closed",23426
"Run a public information campaign on the climate crisis
","https://petition.parliament.uk/petitions/700189","closed",24114
"Review how to turn the MHRA into a fully transparent, patient first regulator","https://petition.parliament.uk/petitions/700190","closed",3680
"Reform e-petitions - referendum at 1m, no word limits, immediate publication","https://petition.parliament.uk/petitions/700191","closed",611
"Reduce time & improve conditions for guinea-pigs in quarantine after entering UK","https://petition.parliament.uk/petitions/700197","closed",167
"Ban fireworks","https://petition.parliament.uk/petitions/700199","closed",497
"Review NHS approach to shared care for ADHD medication.","https://petition.parliament.uk/petitions/700214","closed",737
"Make Shared Ownership and Social Housing eligible for the Boiler Upgrade Scheme","https://petition.parliament.uk/petitions/700216","closed",104
"An independent evaluation of the Cass review on child gender services","https://petition.parliament.uk/petitions/700217","closed",17353
"Legalise Euthanasia for people with incurable mental and physical conditions.","https://petition.parliament.uk/petitions/700218","closed",273
"Review how the rights of trans athletes are respected in sports","https://petition.parliament.uk/petitions/700219","closed",2236
"Mandate that schools use trans students' chosen names and pronouns.","https://petition.parliament.uk/petitions/700221","closed",1539
"Make it illegal to sell, buy and use fireworks other than silent ones","https://petition.parliament.uk/petitions/700223","closed",1024
"Do not reduce the Right to Buy discount","https://petition.parliament.uk/petitions/700226","closed",5218
"Raise help to buy ISA threshold to up to £350,000 (or up to £550,000 in London)","https://petition.parliament.uk/petitions/700233","closed",135
"Make it illegal to smoke in a home if there are children living in it","https://petition.parliament.uk/petitions/700240","closed",65
"Require all MPs to be solely British Citizens","https://petition.parliament.uk/petitions/700244","closed",520
"Scrap GCSE exams","https://petition.parliament.uk/petitions/700247","closed",231
"Stop road tax on zero-emission vehicles (ZEVs) from 2025","https://petition.parliament.uk/petitions/700253","closed",1644
"Establish a capacity limit for trains.","https://petition.parliament.uk/petitions/700255","closed",150
"Calculate child maintenance based on net rather than gross pay","https://petition.parliament.uk/petitions/700259","closed",627
"Ban animal testing for human products and medicines","https://petition.parliament.uk/petitions/700262","closed",16302
"Stop all foreign aid","https://petition.parliament.uk/petitions/700263","closed",2317
"Require landfills that cause smells and toxins near residential areas to close","https://petition.parliament.uk/petitions/700273","closed",10322
"Require employers to fund private health insurance for their employees","https://petition.parliament.uk/petitions/700281","closed",65
"Provide day 1 financial support to parents caring for a seriously ill child","https://petition.parliament.uk/petitions/700285","closed",19396
"Fund more CAR T Cell Therapy for eligible patients","https://petition.parliament.uk/petitions/700292","closed",11234
"Introduce new air quality and PPE rules for health and social care settings","https://petition.parliament.uk/petitions/700304","closed",7911
"Do not change inheritance tax rules for pensions","https://petition.parliament.uk/petitions/700306","closed",865
"Cap all property management fees and service charges","https://petition.parliament.uk/petitions/700308","closed",1386
"Increase funding and support for animal rescue and rehabilitation organisations.","https://petition.parliament.uk/petitions/700310","closed",571
"Legally recognise Non-Binary as a gender","https://petition.parliament.uk/petitions/700312","closed",8290
"Extend the theory test expiry date from the current 2 years to 3 years","https://petition.parliament.uk/petitions/700314","closed",250
"Automatic fast track benefits for anyone diagnosed with a terminal illness.","https://petition.parliament.uk/petitions/700315","closed",2237
"End the Badger cull and adopt other approaches to bovine TB control","https://petition.parliament.uk/petitions/700317","closed",102458
"Commission a Treasury Review On The Practicalities Of Levying A Wealth Tax.","https://petition.parliament.uk/petitions/700319","closed",651
"Ban all forms of hunting and introduce harsher penalties","https://petition.parliament.uk/petitions/700320","closed",5583
"Review current legislation and regulation of gambling adverts","https://petition.parliament.uk/petitions/700323","closed",368
"Pay all unpaid carers carer's allowance, to recognise and support them","https://petition.parliament.uk/petitions/700326","closed",77
"Seek to expel the USA from the UN using Article 6 of the UN Charter","https://petition.parliament.uk/petitions/700331","closed",711
"Remove Permitted Development Rights for all additional telecoms infrastructure.","https://petition.parliament.uk/petitions/700333","closed",3270
"Introduce new rules for resurfacing roads so loose stones can't be left","https://petition.parliament.uk/petitions/700339","closed",487
"Fund a veterinary service for pets so people don’t have to pay vet fees","https://petition.parliament.uk/petitions/700344","closed",270
"Abolish whole life orders and reintroduce the death penalty","https://petition.parliament.uk/petitions/700357","closed",9085
"Review the NHS emergency treatment system","https://petition.parliament.uk/petitions/700364","closed",122
"Shorten the hours in which fireworks can be set off.","https://petition.parliament.uk/petitions/700371","closed",130
"Introduce a duty of candour to all MPs","https://petition.parliament.uk/petitions/700384","closed",370
"Reassess the classification of Cannabis and decriminalize it.","https://petition.parliament.uk/petitions/700385","closed",5494
"Allow BN(O)s ETA-free entry","https://petition.parliament.uk/petitions/700387","closed",12186
"Raise the standard tax-free Personal Allowance to £45,000","https://petition.parliament.uk/petitions/700391","closed",47717
"Create a rising tax rate to create a maximum income level","https://petition.parliament.uk/petitions/700392","closed",88
"Reform the Public Health Act to prevent future lockdowns without MP's scrutiny","https://petition.parliament.uk/petitions/700393","closed",346
"Enforce 11 p.m. fireworks curfew to protect community peace","https://petition.parliament.uk/petitions/700394","closed",139
"Seek to rejoin the European Union Single Market and start discussions now","https://petition.parliament.uk/petitions/700402","closed",1273
"Ban explicit violence and sexualisation in Computer & Video Games","https://petition.parliament.uk/petitions/700403","closed",67
"Require all businesses and public services to accept cash payments ","https://petition.parliament.uk/petitions/700404","closed",17106
"Change rules so parents with 50/50 shared care don’t pay child maintenance","https://petition.parliament.uk/petitions/700409","closed",669
"Stop individuals in non-fault accidents being charged more for car insurance","https://petition.parliament.uk/petitions/700412","closed",847
"Make GCSE exams free for home educated children under 18","https://petition.parliament.uk/petitions/700413","closed",13235
"Remove priority need requirements from homelessness legislation.","https://petition.parliament.uk/petitions/700423","closed",209
"Require police to delete data collected due to false allegations.","https://petition.parliament.uk/petitions/700425","closed",259
"New legislation; ensure informed consent is always given to avoid patient harm.","https://petition.parliament.uk/petitions/700427","closed",2966
"Change the law so those on life sentence for murder are not eligible for release","https://petition.parliament.uk/petitions/700435","closed",8400
"Nationalise the UK water industry","https://petition.parliament.uk/petitions/700436","closed",6369
"To create buffer zones around schools, stopping intimidation of staff & children","https://petition.parliament.uk/petitions/700442","closed",31
"Introduce presumed liability for civil cases from road traffic collisions","https://petition.parliament.uk/petitions/700451","closed",4916
"Legally Require All Job Listings to Show Salaries Upfront","https://petition.parliament.uk/petitions/700482","closed",10199
"Introduce requirements for firework sellers to inform buyers about laws","https://petition.parliament.uk/petitions/700518","closed",92
"Stop breed-specific legislation and euthanising banned dogs.","https://petition.parliament.uk/petitions/700525","closed",184
"Lower the English language test exemption age for BNO visa holders from 65 to 60","https://petition.parliament.uk/petitions/700528","closed",1762
"Protections for Migrant Workers in the Care Worker Visa Sponsorship System (COS)","https://petition.parliament.uk/petitions/700533","closed",240
"Funding so the NHS can provide all services free, and pet care","https://petition.parliament.uk/petitions/700534","closed",80
"Set dates when fireworks are allowed.","https://petition.parliament.uk/petitions/700537","closed",341
"Ban holiday companies raising prices in school holidays.","https://petition.parliament.uk/petitions/700540","closed",1897
"Exempt hospices from increase in employers’ national insurance","https://petition.parliament.uk/petitions/700550","closed",630
"Ban non-stun slaughter in the UK","https://petition.parliament.uk/petitions/700557","closed",109019
"Remove the automatic right of bishops to sit in the House of Lords
","https://petition.parliament.uk/petitions/700563","closed",1027
"Provide funding for at least 1 NHS ADHD specialist clinic in each county","https://petition.parliament.uk/petitions/700568","closed",76
"Allow for all students in full-time education to receive free prescriptions.","https://petition.parliament.uk/petitions/700570","closed",291
"Provide extra emergency funding into adult social care","https://petition.parliament.uk/petitions/700576","closed",91
"Hold a referendum to decide if the UK should leave the ECHR.","https://petition.parliament.uk/petitions/700614","closed",21730
"Increase maritime enforcement to intercept and return boats to France.","https://petition.parliament.uk/petitions/700617","closed",913
"Increase funding for border security and patrols in UK waters.","https://petition.parliament.uk/petitions/700619","closed",251
"Implement regular checks on the legal status of all visa holders in the UK.","https://petition.parliament.uk/petitions/700620","closed",168
"Update the dangerous dogs act to specifically protect horses","https://petition.parliament.uk/petitions/700623","closed",20712
"Introduce Commonwealth Immigration Routes","https://petition.parliament.uk/petitions/700626","closed",51
"Conduct a review of routes into work for new graduates.","https://petition.parliament.uk/petitions/700638","closed",335
"Ban all forms of conversion therapy","https://petition.parliament.uk/petitions/700652","closed",1274
"Stop third party sites selling DVSA practical exam bookings for profit","https://petition.parliament.uk/petitions/700656","closed",136
"Inform disabled people of high success rate for PIP appeals at tribunal","https://petition.parliament.uk/petitions/700658","closed",938
"Reclassify Ketamine as a Class A drug","https://petition.parliament.uk/petitions/700671","closed",2199
"Change foreign policy so the UK is neutral and not aligned with the West","https://petition.parliament.uk/petitions/700673","closed",108
"End funding for military interventions overseas and spend taxes in the UK ","https://petition.parliament.uk/petitions/700674","closed",104
"Develop an official written Constitution in the UK","https://petition.parliament.uk/petitions/700677","closed",100
"Urgently fulfil humanitarian obligations to Gaza","https://petition.parliament.uk/petitions/700682","closed",198966
"Introduce a referendum to decide: maintain or abolish the inheritance tax.","https://petition.parliament.uk/petitions/700686","closed",555
"Lower the voting age to 16 for general elections","https://petition.parliament.uk/petitions/700687","closed",565
"Require more qualifications for teachers/teaching assistants at SEN schools","https://petition.parliament.uk/petitions/700700","closed",126
"End the Safety Valve programme and provide funding to cover SEND deficits","https://petition.parliament.uk/petitions/700708","closed",1321
"Fund the development of allergen free, vegan-friendly medications","https://petition.parliament.uk/petitions/700712","closed",522
"Fund month of celebrations of Britain's uniformed services","https://petition.parliament.uk/petitions/700714","closed",416
"Review the employer NI changes announced in the Budget","https://petition.parliament.uk/petitions/700716","closed",83
"Review of the Royal Duchies, Crown estate and sovereign grant","https://petition.parliament.uk/petitions/700719","closed",285
"Have a General Election every year as requested in 1839 by the Chartist Movement","https://petition.parliament.uk/petitions/700731","closed",249
"Reinstate full HS2 route to Manchester & Leeds to combat regional inequality.","https://petition.parliament.uk/petitions/700734","closed",199
"Hold a referendum for London to become an independent country/city state","https://petition.parliament.uk/petitions/700737","closed",28
"Reintroduce UK National ID cards for British citizens.","https://petition.parliament.uk/petitions/700738","closed",273
"Stop local councils from selling social housing to private investors","https://petition.parliament.uk/petitions/700742","closed",496
"Introduce stricter regulation of event ticket sales, resales and dynamic pricing","https://petition.parliament.uk/petitions/700756","closed",147
"Raise the maximum assisted speed to 20mph for E-bikes","https://petition.parliament.uk/petitions/700758","closed",73
"Remove Universal Credit ‘Take-home Pay’ deductions for lone parent households","https://petition.parliament.uk/petitions/700764","closed",134
"Introduce a compensation scheme for WASPI women","https://petition.parliament.uk/petitions/700765","closed",161788
"Fund routine breast screening invitations to women beyond the age of 71","https://petition.parliament.uk/petitions/700767","closed",173
"Make St. David's Day on March the 1st a Public Holiday","https://petition.parliament.uk/petitions/700770","closed",890
"Create path to Settlement for Ukrainians in the UK","https://petition.parliament.uk/petitions/700776","closed",35948
"Stop the Government from raising the tuition fee cap","https://petition.parliament.uk/petitions/700781","closed",300
"Give BN(O) visa holders access to funded childcare hours for working parents","https://petition.parliament.uk/petitions/700785","closed",24
"Increase maintenance loans for university students","https://petition.parliament.uk/petitions/700800","closed",76
"Change rules so that small cats and dogs are allowed in airplane cabins","https://petition.parliament.uk/petitions/700802","closed",580
"Drivers who hit cats in their car should stop and take the cat to a vet","https://petition.parliament.uk/petitions/700808","closed",1474
"Move Tax Bands in line with minimum wage increases","https://petition.parliament.uk/petitions/700810","closed",242
"Close the borders! Suspend ALL immigration for 5 years!","https://petition.parliament.uk/petitions/700824","closed",229773
"Ban higher car insurance premiums for over 70s based on age","https://petition.parliament.uk/petitions/700837","closed",2140
"Amend the law to allow universities to review the formation of student societies","https://petition.parliament.uk/petitions/700843","closed",21
"Create a national badge for parent and child spaces.","https://petition.parliament.uk/petitions/700850","closed",149
"Entitlement to bereavement leave after baby loss in first 24 weeks of pregnancy.","https://petition.parliament.uk/petitions/700852","closed",187
"Prohibit gambling on the timing and/or outcome of elections","https://petition.parliament.uk/petitions/700854","closed",103
"Hold a public inquiry into the work of the Family Courts","https://petition.parliament.uk/petitions/700857","closed",229
"Introduce 'Grow Your Own' Laws for Legal Medical Cannabis Patients (CBPM)","https://petition.parliament.uk/petitions/700860","closed",13029
"Legislate to ensure any gifts to MPs are taxed
 
","https://petition.parliament.uk/petitions/700865","closed",290
"Establishment of Minimum Standards for Student Housing","https://petition.parliament.uk/petitions/700869","closed",102
"Ban Food Allergy Waivers","https://petition.parliament.uk/petitions/700887","closed",75
"Review the role of Physicians Associates (PAs)","https://petition.parliament.uk/petitions/700913","closed",185
"Immediately stop all arms exports to Israel & seek ceasefire in Gaza","https://petition.parliament.uk/petitions/700918","closed",67305
"Make motorway lessons a mandatory part of UK driving test & lessons","https://petition.parliament.uk/petitions/700930","closed",65
"Review Tax Credit Overpayment system","https://petition.parliament.uk/petitions/700931","closed",29
"Fund routine Prostate Cancer screening","https://petition.parliament.uk/petitions/700934","closed",437
"Make it Law for Registered Medical Staff in the NHS to Wear Body Cameras","https://petition.parliament.uk/petitions/700946","closed",86
"National measures to prevent people leaving dog faeces on the streets.","https://petition.parliament.uk/petitions/700979","closed",193
"Protect Cats: Make Reporting Cat Accidents a Legal Requirement","https://petition.parliament.uk/petitions/700990","closed",2548
"Offer healthcare workers on tier2 visa ILR after 2 years instead of 5 years","https://petition.parliament.uk/petitions/700991","closed",4475
"Create dedicated section for UK passport holders at arrival in UK airports","https://petition.parliament.uk/petitions/700993","closed",142
"Increase statutory maternity pay.","https://petition.parliament.uk/petitions/701004","closed",361
"Provide Funding for Neurodiversity Diagnostic Assessments in State Schools","https://petition.parliament.uk/petitions/701005","closed",85
"Introduce a low interest deposit loan to help all first time buyers","https://petition.parliament.uk/petitions/701011","closed",61
"Require and fund all serving Police Dogs to have adequate protective equipment.","https://petition.parliament.uk/petitions/701016","closed",185
"Fund a scheme for 20 Years’ service Medals for PCSOs.","https://petition.parliament.uk/petitions/701023","closed",3461
"Require all delivery riders to have passed their driving test","https://petition.parliament.uk/petitions/701034","closed",148
"Ban nepotism in the workplace","https://petition.parliament.uk/petitions/701040","closed",66
"Introduce New Safe Haven Law and baby boxes to Save Infants and Support Mothers","https://petition.parliament.uk/petitions/701043","closed",82
"Restrict the use of disclaimers by police to relinquish ownership of dogs","https://petition.parliament.uk/petitions/701046","closed",123
"Fund free 'I Voted' stickers at polling stations during general elections.","https://petition.parliament.uk/petitions/701048","closed",44
"Abolish Non-Crime Hate Incidents","https://petition.parliament.uk/petitions/701051","closed",35002
"Reinstate the hard shoulder on all motorways","https://petition.parliament.uk/petitions/701062","closed",685
"Make the sale of catapults/ammunition and carrying catapults in public illegal.","https://petition.parliament.uk/petitions/701064","closed",24521
"Abolish the tv licence","https://petition.parliament.uk/petitions/701068","closed",37664
"Conduct a review of immigration laws and their impact on BNO holders.","https://petition.parliament.uk/petitions/701072","closed",113
"Make disclosing someone else’s HIV status illegal","https://petition.parliament.uk/petitions/701076","closed",57
"Change rules around royal taxation","https://petition.parliament.uk/petitions/701078","closed",125
"Allow healthcare surcharge to rollover if applicant hasn't used the NHS","https://petition.parliament.uk/petitions/701080","closed",61
"Extend the Freedom of Information Act to Registered Social Landlords (RSLs)","https://petition.parliament.uk/petitions/701088","closed",46
"Hold a statutory public inquiry into historical abuse of LGBT service personnel","https://petition.parliament.uk/petitions/701090","closed",101
"Increase the UK national speed limits","https://petition.parliament.uk/petitions/701098","closed",563
"Create more regulations for 'dark kitchens' operating in residential areas","https://petition.parliament.uk/petitions/701099","closed",38
"Taping all Social Service Interactions with people, to be provided in court","https://petition.parliament.uk/petitions/701101","closed",72
"Ban High-Silica Engineered Stone Worktops.","https://petition.parliament.uk/petitions/701109","closed",235
"Remove the ban on semi automatic firearms over .22 calibre.","https://petition.parliament.uk/petitions/701115","closed",337
"Enact the Socio-Economic Duty of the Equality Act 2010.","https://petition.parliament.uk/petitions/701117","closed",222
"Increase regulation of political advertising","https://petition.parliament.uk/petitions/701119","closed",149
"Secure the release and return of British nationals arbitrarily detained in India","https://petition.parliament.uk/petitions/701132","closed",5862
"Allow carers already in UK on sponsored visa to work for any CQC care provider","https://petition.parliament.uk/petitions/701137","closed",11542
"Increase the DWP Christmas bonus for benefit claimants to £20","https://petition.parliament.uk/petitions/701138","closed",766
"Criminalise individuals for discrimination against disabled employees in UK.","https://petition.parliament.uk/petitions/701141","closed",70
"Fund more training for police in dog control matters.","https://petition.parliament.uk/petitions/701154","closed",1381
"Fund wigs for all people who have hair loss due to a medical condition","https://petition.parliament.uk/petitions/701155","closed",130
"Shorten residency period for undocumented migrants to apply to regularise status","https://petition.parliament.uk/petitions/701156","closed",1918
"Allow transgender people to self-identify their legal gender.","https://petition.parliament.uk/petitions/701159","closed",128749
"Provide schools with money to fund teaching assistants in every class.","https://petition.parliament.uk/petitions/701162","closed",74
"Enable disabled bus pass users to travel during peak times across England","https://petition.parliament.uk/petitions/701163","closed",639
"Lower the application age for the police to 16 and allow appointment at 17","https://petition.parliament.uk/petitions/701168","closed",26
"Reduce the minimum length of the school week","https://petition.parliament.uk/petitions/701169","closed",42
"Review access to Hormone Replacement Therapy for Transgender Youth","https://petition.parliament.uk/petitions/701171","closed",173
"Indefinitely detain non-UK national terror suspects without charge","https://petition.parliament.uk/petitions/701187","closed",80
"Reverse the Tax Treatment of Double Cab Pickup Trucks in the 2024 Autumn Budget","https://petition.parliament.uk/petitions/701193","closed",2015
"Ban in-game currency from video games","https://petition.parliament.uk/petitions/701211","closed",59
"Ban LED headlights","https://petition.parliament.uk/petitions/701233","closed",6268
"UK Government to assess whether COP could be held online once every two years","https://petition.parliament.uk/petitions/701235","closed",33
"Ban the sale of caged birds.","https://petition.parliament.uk/petitions/701241","closed",171
"Automatic driving ban until driving test retake for 12 Points on a Licence.","https://petition.parliament.uk/petitions/701247","closed",423
"Hold a Public Inquiry into the Dart Charge system","https://petition.parliament.uk/petitions/701250","closed",46
"Ban the use of prong dog collars","https://petition.parliament.uk/petitions/701256","closed",166
"Stop arms sales and any military support to Ukraine and Israel","https://petition.parliament.uk/petitions/701260","closed",291
"Ban all charging for the use of public lavatories.","https://petition.parliament.uk/petitions/701265","closed",200
"Don't apply VAT to independent school fees, or remove business rates relief.","https://petition.parliament.uk/petitions/701268","closed",115560
"Pass a law to ban the addition of iron to food","https://petition.parliament.uk/petitions/701271","closed",90
"Create a CPI-adjusted Unmarried Childless Person Nil-rate Inheritance Tax band","https://petition.parliament.uk/petitions/701286","closed",33
"Increase the Lifetime ISA house price limit in line with inflation ","https://petition.parliament.uk/petitions/701287","closed",299
"Hold a review into job opportunities for newly qualified nurses","https://petition.parliament.uk/petitions/701289","closed",35
"Ban wind farms on protected peat land in England","https://petition.parliament.uk/petitions/701290","closed",15437
"Increase the installation of solar panels on commercial rooftops and carparks.","https://petition.parliament.uk/petitions/701293","closed",367
"Legislate to make identity theft a specific criminal offence.","https://petition.parliament.uk/petitions/701294","closed",107
"Require employers to notify unsuccessful job candidates and give feedback","https://petition.parliament.uk/petitions/701297","closed",152
"Ban all Fox and Stag Hunting with Dogs - including Trail Hunting","https://petition.parliament.uk/petitions/701300","closed",1501
"Ban ALL Stick on Covers for Windscreens.","https://petition.parliament.uk/petitions/701301","closed",36
"Fund nirsevimab for extremely premature babies’ protection prior to discharge","https://petition.parliament.uk/petitions/701312","closed",542
"Regulate Fair Internet Costs and Speed Equality for Households Across the UK","https://petition.parliament.uk/petitions/701328","closed",69
"Abolish the House of Lords","https://petition.parliament.uk/petitions/701336","closed",174
"RAAC Homeowners Justice: National Fund, Legislative Reform & Public Inquiry Now!","https://petition.parliament.uk/petitions/701337","closed",7655
"Hold a referendum on achieving net zero goals.","https://petition.parliament.uk/petitions/701342","closed",7041
"Increase statutory paternity leave from two weeks to four weeks.","https://petition.parliament.uk/petitions/701343","closed",155
"Government funding for home-educated children: ensure fair educational support.","https://petition.parliament.uk/petitions/701361","closed",212
"Reverse decision to increase the cap on bus fares from £2 to £3.","https://petition.parliament.uk/petitions/701368","closed",589
"Dual Cab pickup trucks keep commercial status beyond April 2025","https://petition.parliament.uk/petitions/701375","closed",379
"Increase Private pay in the army so it's not the same as the Recruits'","https://petition.parliament.uk/petitions/701377","closed",60
"Impose economic sanctions on Israel.","https://petition.parliament.uk/petitions/701379","closed",17167
"Make the registration to the Prompt Payment Code mandatory for all companies","https://petition.parliament.uk/petitions/701387","closed",81
"Review the way that student Maintenance Loans are calculated.","https://petition.parliament.uk/petitions/701392","closed",82
"Direct the UKHSA to monitor COVID infections that occur in particular settings.","https://petition.parliament.uk/petitions/701396","closed",1604
"Increase funding for SEND in schools.","https://petition.parliament.uk/petitions/701409","closed",189
"Don’t tax people on any overtime they work.","https://petition.parliament.uk/petitions/701418","closed",2978
"Do not ban social media for under 16s.","https://petition.parliament.uk/petitions/701425","closed",46
"Require schools to remove processed meats from school dinners","https://petition.parliament.uk/petitions/701433","closed",441
"Create a public holiday in November to honour and remember our veterans","https://petition.parliament.uk/petitions/701436","closed",201
"Make it easier for parents to get EOTAS via an EHC plan.","https://petition.parliament.uk/petitions/701442","closed",133
"Increase the number of politicians at remembrance ceremonies","https://petition.parliament.uk/petitions/701444","closed",18
"Bring the Parking Code of Practice into law, as per the 2019 Act of Parliament.","https://petition.parliament.uk/petitions/701453","closed",672
"Introduce statutory provision for independence referendums in Scotland & Wales.","https://petition.parliament.uk/petitions/701455","closed",7101
"Fund screening for neurodivergent conditions in schools & teacher training","https://petition.parliament.uk/petitions/701461","closed",3052
"Put tighter restrictions on the selling of knives.","https://petition.parliament.uk/petitions/701464","closed",95
"Ban wind farm onshore asset development on green belt land","https://petition.parliament.uk/petitions/701471","closed",5289
"Remove transgender content from RHSE curriculum","https://petition.parliament.uk/petitions/701472","closed",376
"Broaden eligibility for de facto adoptions from non-Hague countries","https://petition.parliament.uk/petitions/701476","closed",23
"Create a new body to regulate landlord and freeholder service charges","https://petition.parliament.uk/petitions/701479","closed",12125
"Introduce a rehoming scheme for banned breeds","https://petition.parliament.uk/petitions/701481","closed",432
"Create the right to examine council witnesses in moving traffic contraventions","https://petition.parliament.uk/petitions/701491","closed",307
"Introduce Fines for Missed GP Appointments","https://petition.parliament.uk/petitions/701502","closed",57
"Fund the creation of bike lanes for all main roads","https://petition.parliament.uk/petitions/701509","closed",371
"Make it a legal requirement for employees to have neurodiversity training","https://petition.parliament.uk/petitions/701510","closed",105
"Provide grants of £25,000 for independent tackle shops.","https://petition.parliament.uk/petitions/701511","closed",202
"Fund Awareness and Training Regarding Functional Neurological Disorders (FND)","https://petition.parliament.uk/petitions/701517","closed",11818
"Do not deduct housing element of Universal Credit","https://petition.parliament.uk/petitions/701521","closed",37
"Review the enforcement of legal standards in care homes to ensure it's effective","https://petition.parliament.uk/petitions/701525","closed",37
"Provide funding to optical services to pay for BSL interpreters","https://petition.parliament.uk/petitions/701526","closed",381
"Make Neurodiversity a protected characteristic in the Equality Act.","https://petition.parliament.uk/petitions/701538","closed",501
"Seek to Rejoin the EU Pet Passport Scheme","https://petition.parliament.uk/petitions/701540","closed",10612
"Allow Veterans of the Armed Forces to claim their state pension at the age of 60","https://petition.parliament.uk/petitions/701542","closed",896
"Grant Indefinite Leave to Remain for Long-Term International Students in the UK","https://petition.parliament.uk/petitions/701544","closed",84
"Pause plans for Bedford - Cambridge rail link pending a full, independent review","https://petition.parliament.uk/petitions/701546","closed",4346
"Pass a new 'Freedom of Speech Protection Act'","https://petition.parliament.uk/petitions/701561","closed",462
"Review the NICs increase for not-for-profit public service providers","https://petition.parliament.uk/petitions/701562","closed",41
"Improve the Financial Assistance Scheme for pensioners","https://petition.parliament.uk/petitions/701564","closed",2480
"Raise the maximum weight limit for Light Goods Vehicles to 3750kg.","https://petition.parliament.uk/petitions/701585","closed",148
"Review the rules on suspending SIA licenses","https://petition.parliament.uk/petitions/701587","closed",208
"Save the National Citizens Service","https://petition.parliament.uk/petitions/701592","closed",322
"Introduce breeder licences, a dog database & harsher punishments for dog abuse","https://petition.parliament.uk/petitions/701598","closed",1348
"Repeal the Climate Change Act 2008 and Net Zero targets","https://petition.parliament.uk/petitions/701600","closed",21323
"Ban ground rent on all leasehold properties.","https://petition.parliament.uk/petitions/701602","closed",234
"Include Wales in the Union Flag","https://petition.parliament.uk/petitions/701611","closed",2576
"Extend consumer protection laws on fast food orders","https://petition.parliament.uk/petitions/701620","closed",43
"Create the Department of Government Efficiency","https://petition.parliament.uk/petitions/701630","closed",359
"Introduce scheme for reduced or free public transport fares","https://petition.parliament.uk/petitions/701647","closed",205
"Change the house purchasing process to protect sellers","https://petition.parliament.uk/petitions/701658","closed",52
"Introduce the mandatory neutering of cats by 6 months of age.
","https://petition.parliament.uk/petitions/701661","closed",2110
"Legally require all secondary schools in England to teach financial education","https://petition.parliament.uk/petitions/701663","closed",7231
"Make it a legal requirement for individuals to report child sexual abuse","https://petition.parliament.uk/petitions/701669","closed",138
"Require e-bike riders to be licensed & regulated like mopeds","https://petition.parliament.uk/petitions/701672","closed",168
"Hold an inquiry before transferring the Chagos Islands to Mauritius","https://petition.parliament.uk/petitions/701675","closed",269
"Increase funding for Early years providers.","https://petition.parliament.uk/petitions/701693","closed",4649
"Declare a state of emergency to prioritise climate action","https://petition.parliament.uk/petitions/701700","closed",161
"Change laws around amendments on birth certificates","https://petition.parliament.uk/petitions/701702","closed",49
"Introduce regulations for Hairdressers and Barbers","https://petition.parliament.uk/petitions/701705","closed",338
"Review the Access to Work Scheme","https://petition.parliament.uk/petitions/701711","closed",1368
"Review the Vaccine Damage Payment Scheme","https://petition.parliament.uk/petitions/701729","closed",4140
"Base university home fee status on visa application date, not arrival date","https://petition.parliament.uk/petitions/701732","closed",48
"Vote against the Assisted Dying Bill","https://petition.parliament.uk/petitions/701742","closed",720
"Fund a national checkup scheme at menopause in England","https://petition.parliament.uk/petitions/701751","closed",51
"Cap public electric vehicle (EV) charging station rates.","https://petition.parliament.uk/petitions/701754","closed",240
"Establish a statutory body to mediate disputes within the motor industry.","https://petition.parliament.uk/petitions/701759","closed",16
"Introduce licences, number plates and insurance requirements for cyclists","https://petition.parliament.uk/petitions/701762","closed",276
"Review the rules on complaint escalation to Ombudsmen/ADR in all industries","https://petition.parliament.uk/petitions/701763","closed",19
"Fund Medicinal Reviews for Patients Prescribed Highly Addictive Drugs","https://petition.parliament.uk/petitions/701764","closed",57
"Create an ombudsman for online trading","https://petition.parliament.uk/petitions/701768","closed",27
"Change requirements for ILR for those who have graduated and worked for 3 years","https://petition.parliament.uk/petitions/701769","closed",14189
"Ban Variable Direct Debits","https://petition.parliament.uk/petitions/701772","closed",26
"Change the requirements of how often MPs attend a Parliamentary sitting.","https://petition.parliament.uk/petitions/701773","closed",602
"Make it a legal offence for a parent to be absent from their child's life. ","https://petition.parliament.uk/petitions/701777","closed",77
"Create a fast-track system for benefit claims for cancer patients","https://petition.parliament.uk/petitions/701780","closed",5124
"Ensure the NIHR dedicates at least 3% of annual funding to menopause research","https://petition.parliament.uk/petitions/701782","closed",520
"Allow employees to deduct living expenses from salary before it’s taxed.","https://petition.parliament.uk/petitions/701784","closed",948
"Review the enforcement policy guidance for LAs to protect mobile home owners.","https://petition.parliament.uk/petitions/701798","closed",1634
"Introduce a legal right to paid bereavement leave","https://petition.parliament.uk/petitions/701809","closed",3101
"Ban school uniforms","https://petition.parliament.uk/petitions/701824","closed",240
"Make Saint David's Day (Wales) and Saint George's Day (England) Bank Holidays","https://petition.parliament.uk/petitions/701833","closed",337
"Devolve The Crown Estate In Wales","https://petition.parliament.uk/petitions/701837","closed",1598
"We are petitioning for a National Referendum on Assisted Dying","https://petition.parliament.uk/petitions/701838","closed",11385
"Fund more counselling services specific to victims of sexual violence","https://petition.parliament.uk/petitions/701840","closed",98
"Require parliamentary scrutiny of any proposal to amend the Royal Mail USO","https://petition.parliament.uk/petitions/701850","closed",22922
"Require rent increases to be based on inflation and salaries, freeze for 3 years","https://petition.parliament.uk/petitions/701852","closed",53
"Cap private dental charges","https://petition.parliament.uk/petitions/701866","closed",99
"Allow local authorities to use council tax to fund local NHS services","https://petition.parliament.uk/petitions/701868","closed",21
"Increase landowners rights against parking on their property without permission","https://petition.parliament.uk/petitions/701869","closed",70
"Make it a criminal offence for under 18s to vape or smoke","https://petition.parliament.uk/petitions/701870","closed",59
"Reverse Cadet Forces Funding Cuts by Min of Defence and the Dept of Education.","https://petition.parliament.uk/petitions/701884","closed",17098
"Stop members of the Government and Parliament from attending WEF meetings","https://petition.parliament.uk/petitions/701885","closed",1015
"Legally require unanimous jury verdicts for serious offences.","https://petition.parliament.uk/petitions/701886","closed",285
"Lower the age that someone can be considered a victim of domestic abuse","https://petition.parliament.uk/petitions/701895","closed",1416
"Fund more school places for autistic children without learning disabilities","https://petition.parliament.uk/petitions/701901","closed",358
"Review police pursuit rules to ensure proportionality and safety","https://petition.parliament.uk/petitions/701906","closed",163
"Require car insurance companies to insure the car, not the driver","https://petition.parliament.uk/petitions/701913","closed",984
"Ban sunbed use due to health risks + the large cost to the NHS from skin cancers","https://petition.parliament.uk/petitions/701922","closed",173
"Review the Highways Act 1980 to allow safe EV charging cables across pavements","https://petition.parliament.uk/petitions/701923","closed",65
"Create a licence to ensure safe use of smart devices like phones","https://petition.parliament.uk/petitions/701924","closed",29
"Introduce stricter minimum penalties for acts of animal cruelty.","https://petition.parliament.uk/petitions/701925","closed",3470
"Make hedgehog highways mandatory on all new fencing.","https://petition.parliament.uk/petitions/701939","closed",770
"Institute a maximum cap for the interest rate on credit cards and personal loans","https://petition.parliament.uk/petitions/701945","closed",62
"UK Government to open talks with EU on rejoining Custom Union and Single Market","https://petition.parliament.uk/petitions/701946","closed",273
"Exempt Commonwealth soldiers from the Life in the UK test after 6yrs Service.","https://petition.parliament.uk/petitions/701953","closed",33
"Grant all asylum seekers the right to work","https://petition.parliament.uk/petitions/701958","closed",64
"Make all forms of 'geo-engineering' affecting the environment illegal","https://petition.parliament.uk/petitions/701963","closed",160632
"Introduce a cap for motorcycle insurance prices","https://petition.parliament.uk/petitions/701964","closed",63
"Require companies put political party logo on all products if they fund a party","https://petition.parliament.uk/petitions/701965","closed",83
"Offer injured veterans housing in surplus military accommodation","https://petition.parliament.uk/petitions/701966","closed",78
"Scrap the APD increase for essential regional flights and consider a reform","https://petition.parliament.uk/petitions/701971","closed",31
"Introduce a new tax code for emergency workers and armed forces","https://petition.parliament.uk/petitions/701972","closed",27
"Seek to secure trade deals with the US and Canada","https://petition.parliament.uk/petitions/701974","closed",54
"Create system for injured veterans to apply for disability benefits","https://petition.parliament.uk/petitions/701975","closed",51
"Require more time spent in physical education classes in primary schools","https://petition.parliament.uk/petitions/701976","closed",24
"Child against parent violence to be recognised as domestic abuse & more support","https://petition.parliament.uk/petitions/701997","closed",186
"Deploy the Royal Navy to help stop illegal immigrants entering the UK","https://petition.parliament.uk/petitions/701998","closed",1711
"Stop giving homework to primary and secondary school students","https://petition.parliament.uk/petitions/702003","closed",4621
"Scrap the Sugar tax on soft drinks","https://petition.parliament.uk/petitions/702008","closed",138
"Stop the permitted development right to extend upwards","https://petition.parliament.uk/petitions/702014","closed",55
"Require drivers to retake their driving test at age 60.","https://petition.parliament.uk/petitions/702017","closed",128
"Hold a national referendum on the UK’s diplomatic relationship with Israel.","https://petition.parliament.uk/petitions/702030","closed",474
"Fund improvements to secondary care community mental health services ","https://petition.parliament.uk/petitions/702031","closed",2900
"Make autism training mandatory for teachers in schools to help understanding","https://petition.parliament.uk/petitions/702034","closed",137
"Standardise Women’s Titles as ""Ms"" and Eliminate Titles Based on Marital Status","https://petition.parliament.uk/petitions/702037","closed",99
"Ban Fur Imports into the UK","https://petition.parliament.uk/petitions/702043","closed",1186
"Make micro companies exempt from the employer national insurance increase","https://petition.parliament.uk/petitions/702058","closed",25
"Increase tariffs on all imports ","https://petition.parliament.uk/petitions/702062","closed",33
"Prohibit publishers irrevocably disabling video games they have already sold","https://petition.parliament.uk/petitions/702074","closed",189887
"Review and mandate DNA testing to end honey fraud and protect real producers.","https://petition.parliament.uk/petitions/702077","closed",844
"Conduct a review into the merits of co-operative exams","https://petition.parliament.uk/petitions/702078","closed",19
"Change the earliest days of ILR application from 28days to 180days before 5years","https://petition.parliament.uk/petitions/702086","closed",204
"Reduce salary threshold of 38,700 for visa sponsorship requirements","https://petition.parliament.uk/petitions/702099","closed",428
"Expand the winter fuel allowance to other vulnerable people.","https://petition.parliament.uk/petitions/702104","closed",896
"We want a referendum on 7 changes to our voting system","https://petition.parliament.uk/petitions/702106","closed",57
"Change the drinking age in pubs to 14 and alcohol purchasing age in pubs to 16","https://petition.parliament.uk/petitions/702117","closed",89
"Ban horse racing","https://petition.parliament.uk/petitions/702124","closed",1229
"Review the prescribing and sale of topical corticosteroids","https://petition.parliament.uk/petitions/702135","closed",2106
"Review regulation around hysterectomies in private hospitals","https://petition.parliament.uk/petitions/702137","closed",1209
"Make teaching BSL mandatory in all schools","https://petition.parliament.uk/petitions/702139","closed",279
"Exemption from stamp duty changes if mortgage offers predate the Autumn budget","https://petition.parliament.uk/petitions/702150","closed",88
"Cabinet ministers to publish annual tax returns","https://petition.parliament.uk/petitions/702153","closed",83
"Referendum on whether to abolish the Welsh Parliament","https://petition.parliament.uk/petitions/702156","closed",1414
"Require licences to use air rifles ","https://petition.parliament.uk/petitions/702158","closed",187
"Set limits on the length of lane closures for roadworks","https://petition.parliament.uk/petitions/702161","closed",123
"Make children eligible for free childcare from the date of their 3rd birthday","https://petition.parliament.uk/petitions/702181","closed",46
"Launch a Government Review on protecting UK democracy and China","https://petition.parliament.uk/petitions/702194","closed",40
"Ensure needs of autistic people are met in any future pandemic response","https://petition.parliament.uk/petitions/702200","closed",506
"Introduce a Statutory Levy on Bookmakers to Fund Greyhound Welfare","https://petition.parliament.uk/petitions/702202","closed",4753
"Change fine rules so only one parent is charged for a child taken out of school","https://petition.parliament.uk/petitions/702206","closed",28
"Change election rules so that only people who live in the area can stand","https://petition.parliament.uk/petitions/702213","closed",134
"Boost the UK economy & reduce unemployment by reducing corporation tax","https://petition.parliament.uk/petitions/702224","closed",42
"Allow other religions to solemnise weddings ","https://petition.parliament.uk/petitions/702231","closed",25
"Change building regulations to enhance sustainability","https://petition.parliament.uk/petitions/702238","closed",98
"Ban websites from making people pay a fee to reject cookies","https://petition.parliament.uk/petitions/702245","closed",263
"Extend Right to Buy to Housing Association Residents.","https://petition.parliament.uk/petitions/702252","closed",93
"Increase funding for Endometriosis care and support","https://petition.parliament.uk/petitions/702256","closed",566
"Stop the roll out and use of trusted digital identity services","https://petition.parliament.uk/petitions/702263","closed",2228
"Don't introduce unique child identifier and increased home education regulation","https://petition.parliament.uk/petitions/702270","closed",10693
"Remove Sugary Foods from School Menus in England to Promote Children's Health.","https://petition.parliament.uk/petitions/702272","closed",165
"Reform university applications so students know their grades when applying.","https://petition.parliament.uk/petitions/702273","closed",36
"Provide funding to support Breast & Cervical Cancer Screening for Disabled Women","https://petition.parliament.uk/petitions/702277","closed",3294
"Allow migrants with settled status to vote in UK Parliament elections","https://petition.parliament.uk/petitions/702278","closed",45
"Make all types of animal snares illegal in England","https://petition.parliament.uk/petitions/702287","closed",331
"Make Daylight Saving Time Permanent in the UK","https://petition.parliament.uk/petitions/702292","closed",459
"Make parental alienation a criminal offence","https://petition.parliament.uk/petitions/702299","closed",691
"Review of Universal Credit and Job Centre Operations","https://petition.parliament.uk/petitions/702303","closed",339
"Ban Reselling Tickets for Above Face-Value and Dynamic Pricing","https://petition.parliament.uk/petitions/702304","closed",808
"Regulate funeral directors","https://petition.parliament.uk/petitions/702329","closed",54
"Change the law, so that UK citizens can force an immediate General Election","https://petition.parliament.uk/petitions/702341","closed",20762
"Introduce a new benefit for university students","https://petition.parliament.uk/petitions/702349","closed",36
"Increase inheritance tax relief for businesses based on number of employees","https://petition.parliament.uk/petitions/702386","closed",22
"Make onion, garlic and other alliums recognised allergens on food labels","https://petition.parliament.uk/petitions/702394","closed",56
"Increase child maintenance payments","https://petition.parliament.uk/petitions/702396","closed",51
"Create a single, UK-wide exemption certificate for XL Bullies","https://petition.parliament.uk/petitions/702410","closed",113
"Review quality of school food","https://petition.parliament.uk/petitions/702413","closed",49
"Review the Legal Expense Insurance industry","https://petition.parliament.uk/petitions/702420","closed",18
"Enact measures to combat knife crime","https://petition.parliament.uk/petitions/702424","closed",40254
"Mandate drivers attach plates displaying their penalty points on their vehicle","https://petition.parliament.uk/petitions/702425","closed",38
"Amend the Equality Act 2010 to include professions in protected characteristics","https://petition.parliament.uk/petitions/702437","closed",88
"Require existing homes to meet new electrical regulations","https://petition.parliament.uk/petitions/702438","closed",15
"Place a ban on party whips in Parliament","https://petition.parliament.uk/petitions/702444","closed",163
"Require coercive control awareness training for some sectors","https://petition.parliament.uk/petitions/702449","closed",661
"Implement a strategy to protect motorcyclists from imports of unsafe clothing","https://petition.parliament.uk/petitions/702450","closed",7155
"Household products to display environmental impact ratings.","https://petition.parliament.uk/petitions/702452","closed",89
"Allow conjugal visits for prisoners in England and Wales","https://petition.parliament.uk/petitions/702458","closed",1948
"Allow Ukrainians who are disabled to apply for immediate ILR","https://petition.parliament.uk/petitions/702461","closed",129
"Allow Visa applicants to pay health surcharge in instalments ","https://petition.parliament.uk/petitions/702465","closed",2969
"Take action to prevent UK supplied missiles being fired into Russia","https://petition.parliament.uk/petitions/702468","closed",77
"Deduct private health care charges from NI contributions.","https://petition.parliament.uk/petitions/702473","closed",26
"Introduce differentiated energy pricing, tax breaks and a Transition Energy Fund","https://petition.parliament.uk/petitions/702479","closed",35
"Hold a referendum on continued UK support for Ukraine","https://petition.parliament.uk/petitions/702489","closed",160
"Negotiate with EU to end the 90 day limit on staying in Schengen area countries","https://petition.parliament.uk/petitions/702491","closed",158
"Require food and drink companies to use Nutri-Score on their packaging","https://petition.parliament.uk/petitions/702492","closed",34
"Automatically disclose a violent offender’s history to a partner","https://petition.parliament.uk/petitions/702498","closed",86
"Fund a new COPD strategy, including psychological interventions","https://petition.parliament.uk/petitions/702505","closed",51
"Stop sending military aid to Ukraine","https://petition.parliament.uk/petitions/702525","closed",621
"Change the legal driving age to 16","https://petition.parliament.uk/petitions/702531","closed",61
"Lift restrictions on prescribing puberty blockers to trans children.","https://petition.parliament.uk/petitions/702538","closed",14272
"Remove visa requirement: Albania, Kosovo, Montenegro, North Macedonia, Serbia","https://petition.parliament.uk/petitions/702539","closed",97
"A commission to investigate the feasibility & introduction of a Land Value Tax","https://petition.parliament.uk/petitions/702551","closed",252
"Ban the sale of cut-down Christmas trees","https://petition.parliament.uk/petitions/702600","closed",34
"Require all products to show origin of production.","https://petition.parliament.uk/petitions/702605","closed",80
"Increase the statutory paternity leave allowance for fathers of multiple births","https://petition.parliament.uk/petitions/702606","closed",229
"Change building regulations to ensure more women's toilets in public buildings","https://petition.parliament.uk/petitions/702612","closed",58
"Review the child maintenance service","https://petition.parliament.uk/petitions/702615","closed",746
"Launch a review into increasing speed limits on motorways and dual carriageways ","https://petition.parliament.uk/petitions/702636","closed",86
"Seek to start peace talks between Russia and Ukraine","https://petition.parliament.uk/petitions/702643","closed",89
"Replace the House of Lords with a new, half-elected, term-limited upper house","https://petition.parliament.uk/petitions/702648","closed",107
"Allow driving motorcycles up to 125cc without CBT on category B driving licence","https://petition.parliament.uk/petitions/702649","closed",97
"Change Universal Credit maximum holiday allowance","https://petition.parliament.uk/petitions/702674","closed",30
"Strengthen suitable environment criteria for dogs under animal welfare act","https://petition.parliament.uk/petitions/702676","closed",857
"Save Our High Streets Fairness for Small Businesses protect tenants from (PDRs)","https://petition.parliament.uk/petitions/702677","closed",98
"Ban male chick culling in egg production","https://petition.parliament.uk/petitions/702689","closed",151
"Review decision to cede sovereignty of the Chagos Islands to Mauritius","https://petition.parliament.uk/petitions/702712","closed",17648
"Review process for booking driving tests and ban the resale at inflated prices","https://petition.parliament.uk/petitions/702760","closed",11762
"Divert 15% of BBC licence fee income instead of the budget's taxes on farms","https://petition.parliament.uk/petitions/702779","closed",41
"Require Plant-Based Food Options to be the Default in Public Institutions.","https://petition.parliament.uk/petitions/702786","closed",87
"Review the system of expenses and allowances for MPs","https://petition.parliament.uk/petitions/702821","closed",955
"Reduce funds directed towards migrant support by 70%","https://petition.parliament.uk/petitions/702843","closed",619
"Raise the income tax personal allowance from £12,570 to £20,000 ","https://petition.parliament.uk/petitions/702844","closed",281794
"Extend free bus travel for people over 60 in England","https://petition.parliament.uk/petitions/702845","closed",101204
"Ban plastic food covers such as cling film","https://petition.parliament.uk/petitions/702851","closed",163
"Protect Free Speech in Public: Amend the Public Order Act 1986","https://petition.parliament.uk/petitions/702852","closed",153
"Introduce maintenance payments from third parties that contribute to divorce.","https://petition.parliament.uk/petitions/702900","closed",109
"Remove illegal immigrants from UK hotels and set up temporary camping sites","https://petition.parliament.uk/petitions/702908","closed",3555
"Reduce VAT for hospitality businesses","https://petition.parliament.uk/petitions/702928","closed",76
"Improve the family court system by abolishing Cafcass completely","https://petition.parliament.uk/petitions/702940","closed",58
"Reform the Dangerous Dogs Act (DDA) 1991: keep the public safe","https://petition.parliament.uk/petitions/702953","closed",1498
"Amend Children Act 1989 to presume grandchild-grandparent contact","https://petition.parliament.uk/petitions/702972","closed",493
"Reduce corporation tax for small businesses with profits under £50,000 to 13%","https://petition.parliament.uk/petitions/702979","closed",52
"Do Not Call a General Election","https://petition.parliament.uk/petitions/703000","closed",73
"Put British companies first: only tender government contracts to UK companies","https://petition.parliament.uk/petitions/703010","closed",204
"Provide tax refund for work commute expenses","https://petition.parliament.uk/petitions/703034","closed",84
"Cap car insurance prices","https://petition.parliament.uk/petitions/703058","closed",171
"Require all civil servants to work in the office 5 days a week","https://petition.parliament.uk/petitions/703090","closed",99
"To give more funding to Uniformed Youth Organisations to support young people.","https://petition.parliament.uk/petitions/703115","closed",42
"Independent Third-Party to handle and store NHS Health Records","https://petition.parliament.uk/petitions/703120","closed",46
"Make it illegal to smoke on hospital grounds","https://petition.parliament.uk/petitions/703125","closed",117
"Require news outlets to publish clear, accurate headlines","https://petition.parliament.uk/petitions/703126","closed",70
"Repeal the vagrancy act of 1824 & introduce “leave no trace laws”","https://petition.parliament.uk/petitions/703142","closed",139
"Don’t consider bonus or overtime payments when calculating universal credit","https://petition.parliament.uk/petitions/703143","closed",90
"Require schools to allow students to wear their own clothes at least once a week","https://petition.parliament.uk/petitions/703155","closed",27
"Reverse April 2024 COS Restrictions for Ofsted Regulated Care Workers","https://petition.parliament.uk/petitions/703185","closed",51
"Deport all immigrants that arrive illegally from safe countries","https://petition.parliament.uk/petitions/703195","closed",7875
"Improve benefits for veterans
","https://petition.parliament.uk/petitions/703200","closed",81
"Introduce Transport Discounts for Students based on their academic grades","https://petition.parliament.uk/petitions/703207","closed",16
"Review the monarch's powers to include crisis resolution","https://petition.parliament.uk/petitions/703209","closed",49
"Create a scheme to create employment opportunities for homeless people ","https://petition.parliament.uk/petitions/703217","closed",66
"Re-Recognise Somaliland as an Independent State","https://petition.parliament.uk/petitions/703233","closed",93
"Cap cost of food and pet food prices","https://petition.parliament.uk/petitions/703239","closed",119
"Provide free school meals to all school children","https://petition.parliament.uk/petitions/703256","closed",178
"Restrict the right to a Postal Vote to certain groups","https://petition.parliament.uk/petitions/703269","closed",89
"Ban large solar schemes on farmland/open countryside and promote solar on roofs","https://petition.parliament.uk/petitions/703284","closed",27297
"Require clothes labels to show the retailer the clothes were made for","https://petition.parliament.uk/petitions/703312","closed",52
"Reform the General Election System to Allow Direct Voting for Political Parties","https://petition.parliament.uk/petitions/703323","closed",52
"Amend the Recall of MPs Act 2015 for MPs who have misled voters","https://petition.parliament.uk/petitions/703329","closed",7015
"Review the UK political system","https://petition.parliament.uk/petitions/703330","closed",61
"To make Shrove Tuesday ""Pancake Day"" a national holiday in England and Wales","https://petition.parliament.uk/petitions/703366","closed",68
"Require TV channels to provide an opt out of distressing tv adverts","https://petition.parliament.uk/petitions/703377","closed",48
"Require schools to allow children to use the toilet at all times","https://petition.parliament.uk/petitions/703387","closed",245
"Introduce legislation restricting nonsurgical aesthetics to medical doctors only","https://petition.parliament.uk/petitions/703401","closed",2691
"Reduce excise duty on cigars and pipe tobacco","https://petition.parliament.uk/petitions/703443","closed",196
"Recognise gambling as a trade and form of income for child maintenance","https://petition.parliament.uk/petitions/703488","closed",44
"Make spiking an indictable offence ","https://petition.parliament.uk/petitions/703552","closed",75
"Require schools to have a half day on a Friday or Monday","https://petition.parliament.uk/petitions/703554","closed",60
"Require signage that barns or stables are 1/2 a mile ahead","https://petition.parliament.uk/petitions/703597","closed",32
"Review the allocation of mental health resources","https://petition.parliament.uk/petitions/703599","closed",85
"Increase defence spending by 0.15% of GDP per year, until it reaches 3.5% of GDP","https://petition.parliament.uk/petitions/703607","closed",767
"Introduce a mandatory driving test for moped/small motorcycle users","https://petition.parliament.uk/petitions/703618","closed",161
"Remove all live music license requirement for pubs, clubs and venues.","https://petition.parliament.uk/petitions/703624","closed",42
"Develop, publish, and implement a new National Dementia Strategy","https://petition.parliament.uk/petitions/703633","closed",757
"No visa restrictions to all citizens of Uzbekistan to enter the UK","https://petition.parliament.uk/petitions/703663","closed",18
"Include the Lord's Prayer in the national curriculum","https://petition.parliament.uk/petitions/703731","closed",380
"Abolish leasehold ownership","https://petition.parliament.uk/petitions/703733","closed",460
"Reduce income taxes on earnings under £50,000 and increase personal allowance","https://petition.parliament.uk/petitions/703743","closed",812
"Improve mental health services for neurodiverse young people","https://petition.parliament.uk/petitions/703764","closed",613
"Introduce compulsory voting, 50% winning threshold and non-of-the-above option","https://petition.parliament.uk/petitions/703780","closed",500
"Abolish inheritance tax","https://petition.parliament.uk/petitions/703787","closed",497
"Grant Voting Rights in General Elections to UK Residents with Settled Status","https://petition.parliament.uk/petitions/703789","closed",131
"Ban online pornography, and the making and selling of pornography","https://petition.parliament.uk/petitions/703790","closed",796
"Stop DWP repeating PIP assessments for disabled people","https://petition.parliament.uk/petitions/703827","closed",24442
"Ban smoking and vaping in public spaces","https://petition.parliament.uk/petitions/703841","closed",153
"Do not stop transgender people from receiving care in mainstream hospital wards","https://petition.parliament.uk/petitions/703861","closed",26750
"Create an employment right to take your leave whenever you want","https://petition.parliament.uk/petitions/703874","closed",35
"Impose penalties on MPs for deceit","https://petition.parliament.uk/petitions/703882","closed",142
"Fund access to GLP-1 medications through the NHS for women with PCOS","https://petition.parliament.uk/petitions/703901","closed",840
"Reverse restrictions to landlords’ finance cost relief.","https://petition.parliament.uk/petitions/703918","closed",993
"Increase Research Funding and Improve Treatment for Interstitial Cystitis (IC)","https://petition.parliament.uk/petitions/703933","closed",420
"Fund post-surgery bras/breast protheses voucher scheme for all women post cancer","https://petition.parliament.uk/petitions/703953","closed",3072
"Review state education and students’ wellbeing, especially for children with SEN","https://petition.parliament.uk/petitions/703964","closed",430
"Scrap the 2-child benefit cap","https://petition.parliament.uk/petitions/703975","closed",444
"Require voters to use pens when voting","https://petition.parliament.uk/petitions/703984","closed",111
"Remove all alcohol venues from the UK Parliament","https://petition.parliament.uk/petitions/703992","closed",196
"Separate Church and State","https://petition.parliament.uk/petitions/704014","closed",181
"Raise the Personal Allowance for pensioners from £12,570 to at least £25,000","https://petition.parliament.uk/petitions/704093","closed",1506
"Uprate state pensions for all UK pensioners living overseas","https://petition.parliament.uk/petitions/704130","closed",426
"Tax banks to recoup the £23bn they lost taxpayers in the banking crisis","https://petition.parliament.uk/petitions/704141","closed",204
"Abolish Business Rates for Early Years Nurseries in England","https://petition.parliament.uk/petitions/704187","closed",543
"All nannies, tutors and babysitters to have an enhanced DBS check.","https://petition.parliament.uk/petitions/704193","closed",485
"Ban ambient music in public places","https://petition.parliament.uk/petitions/704210","closed",230
"Give parents who split up automatic 50/50 shared care of their children","https://petition.parliament.uk/petitions/704218","closed",388
"Ban the use of generative 'AI' in all creative sectors","https://petition.parliament.uk/petitions/704291","closed",4509
"Create a primary adoption right for unclaimed stray dogs","https://petition.parliament.uk/petitions/704302","closed",56
"Referendum on UK sovereignty over the Chagos Islands.","https://petition.parliament.uk/petitions/704312","closed",1397
"Review the issuing of hormone prescriptions for transgender individuals by GPs","https://petition.parliament.uk/petitions/704447","closed",2075
"Ban the wearing of face-coverings during marches and protests","https://petition.parliament.uk/petitions/704472","closed",3767
"Remove VAT on defibrillators","https://petition.parliament.uk/petitions/704481","closed",70
"Charge Non UK registered vehicles to use UK roads to help fund road repairs","https://petition.parliament.uk/petitions/704599","closed",100
"Government to review NHS agenda for change.","https://petition.parliament.uk/petitions/704626","closed",156
"Require train companies to provide an unlimited subscription for train travel","https://petition.parliament.uk/petitions/704671","closed",41
"Require energy companies to incorporate standing charges into unit prices ","https://petition.parliament.uk/petitions/704678","closed",99
"Free hospital parking for all NHS staff in England ","https://petition.parliament.uk/petitions/704699","closed",445
"Public review of police practices to consider biases","https://petition.parliament.uk/petitions/704740","closed",82
"Introduce a training scheme for young people to qualify for benefits ","https://petition.parliament.uk/petitions/704784","closed",40
"Stop assessing student loans as income for Universal Credit","https://petition.parliament.uk/petitions/704787","closed",54
"Require all non-essential businesses to close on Christmas and Boxing Day","https://petition.parliament.uk/petitions/704790","closed",85
"Review hourly fee from Government to local authorities for childcare providers","https://petition.parliament.uk/petitions/704792","closed",87
"Legally enshrine the right of adults to physically transition using NHS services","https://petition.parliament.uk/petitions/704793","closed",83222
"Require all meat to be labelled to indicate the method of slaughter, as such","https://petition.parliament.uk/petitions/704797","closed",4693
"Reduce employer and employee NI contributions for apprenticeships","https://petition.parliament.uk/petitions/704815","closed",55
"Introduce an annual Windfall Tax on the most profitable Energy Firms","https://petition.parliament.uk/petitions/704838","closed",94
"Fund free period hygiene products via the NHS for all who need it","https://petition.parliament.uk/petitions/704841","closed",150
"Introduce juries in family courts","https://petition.parliament.uk/petitions/704891","closed",68
"Allow those on 5-year ILR route to combine time spent on all eligible visas","https://petition.parliament.uk/petitions/704940","closed",257
"Abolish the deadline for the purchase of new petrol and diesel cars","https://petition.parliament.uk/petitions/704957","closed",4043
"Require ministers to be Members of the House of Commons and not the Lords","https://petition.parliament.uk/petitions/704996","closed",64
"Ban all developments in high wildlife areas","https://petition.parliament.uk/petitions/705032","closed",238
"Ban energy companies from charging daily standing charges","https://petition.parliament.uk/petitions/705078","closed",349
"Deport all foreign criminals with effect immediately.","https://petition.parliament.uk/petitions/705093","closed",6846
"Require employers & recruiters to give specific reasons for job rejections","https://petition.parliament.uk/petitions/705120","closed",77
"Require All Family Law Professionals to have Training about Domestic Abuse","https://petition.parliament.uk/petitions/705129","closed",147
"Introduce IQ minimum for Government and Parliament members","https://petition.parliament.uk/petitions/705131","closed",76
"UK to advocate for freedom of speech and free press in Eritrea","https://petition.parliament.uk/petitions/705135","closed",38
"Review regulation of gambling self-exclusion schemes","https://petition.parliament.uk/petitions/705139","closed",31
"Reinstate release of certain serious offenders half-way through their sentence","https://petition.parliament.uk/petitions/705154","closed",12370
"Base vehicle excise duty on a combination of mileage and emissions","https://petition.parliament.uk/petitions/705187","closed",35
"Require train operators to allow under 18s to purchase child tickets","https://petition.parliament.uk/petitions/705193","closed",47
"Raise the National Living Wage to £12.50","https://petition.parliament.uk/petitions/705207","closed",60
"Increase funding and reduce waiting times for mental health services","https://petition.parliament.uk/petitions/705221","closed",111
"Only provide foreign aid for national disasters and emergencies","https://petition.parliament.uk/petitions/705222","closed",1188
"Regulate all mental health Therapists ","https://petition.parliament.uk/petitions/705247","closed",181
"Require schools to prioritise siblings over catchment area in admission policies","https://petition.parliament.uk/petitions/705274","closed",51
"Require labelling of beef & dairy from cows fed with additives to reduce methane","https://petition.parliament.uk/petitions/705287","closed",38037
"Hold a Royal Commission on reform of the Westminster voting system","https://petition.parliament.uk/petitions/705311","closed",2374
"Ensure Disabled Residents Can Access Their Own Homes","https://petition.parliament.uk/petitions/705318","closed",568
"Introduce a scheme to pay 15% of heating bill for some over 65s","https://petition.parliament.uk/petitions/705324","closed",63
"Update the Health and Safety at Work Act to be gender neutral","https://petition.parliament.uk/petitions/705328","closed",72
"Raise pay for civil servants and standardise pay bands across departments","https://petition.parliament.uk/petitions/705375","closed",30
"Ban the import of Antarctic Krill Products into the UK","https://petition.parliament.uk/petitions/705377","closed",265
"Debate NetZero policy so UK gas production isn’t replaced with foreign imports.","https://petition.parliament.uk/petitions/705382","closed",1195
"Stop financial and other support for asylum seekers","https://petition.parliament.uk/petitions/705383","closed",427448
"Ban immediately the use of dogs in scientific and regulatory procedures","https://petition.parliament.uk/petitions/705384","closed",257938
"Increase defence spending to a minimum of 3% of GDP with immediate effect.","https://petition.parliament.uk/petitions/705399","closed",316
"Fully Repeal the Gender Recognition Act","https://petition.parliament.uk/petitions/705403","closed",14646
"Fund the DVSA to increase the availability of practical driving tests","https://petition.parliament.uk/petitions/705408","closed",124
"Require pubs and food and drink businesses to have dog free areas","https://petition.parliament.uk/petitions/705422","closed",145
"Introduce a trained jury","https://petition.parliament.uk/petitions/705435","closed",30
"Review children’s services processes for removing children from their parents","https://petition.parliament.uk/petitions/705471","closed",72
"Make the state pension the same as the minimum wage for a full time worker","https://petition.parliament.uk/petitions/705477","closed",204
"Include investment property mortgages when calculating child maintenance","https://petition.parliament.uk/petitions/705492","closed",17
"Regulate veterinary practices to help make them more affordable","https://petition.parliament.uk/petitions/705499","closed",700
"Review how to close the gender health gap and improve women's healthcare","https://petition.parliament.uk/petitions/705507","closed",175
"Require care providers to reimburse care workers for use of personal vehicles","https://petition.parliament.uk/petitions/705517","closed",73
"Stop publicly funded legal aid to illegal immigrants","https://petition.parliament.uk/petitions/705520","closed",1657
"Ban vaping in pubs","https://petition.parliament.uk/petitions/705528","closed",119
"Abolish council tax banding. Everyone should pay the same","https://petition.parliament.uk/petitions/705531","closed",58
"UK Government To Create A British International Rail Company.","https://petition.parliament.uk/petitions/705580","closed",111
"Make it a crime to purposely delay ringing the emergency services","https://petition.parliament.uk/petitions/705601","closed",10385
"Include a ""Right to food and water"" in the Human Rights Act 1998","https://petition.parliament.uk/petitions/705620","closed",65
"Allow Road Legal Motorcycles to use Bridle paths","https://petition.parliament.uk/petitions/705625","closed",30
"Archie’s Army Law - Rights for parents with a child in critical care by injury","https://petition.parliament.uk/petitions/705644","closed",2535
"Declare a Bank Holiday in 2025 for the 80th anniversaries VE Day and VJ Day","https://petition.parliament.uk/petitions/705663","closed",735
"Recognise Police Special Constables under s50 of the Employment Rights Act 1996.","https://petition.parliament.uk/petitions/705673","closed",1112
"Extend Armed Forces preserved pensions to pre-1975 veterans","https://petition.parliament.uk/petitions/705682","closed",40
"Bank holiday for the 80th Anniversary of the end of WWII","https://petition.parliament.uk/petitions/705685","closed",46
"Create a Unified Database for Viewing All PCNs","https://petition.parliament.uk/petitions/705689","closed",23
"Prohibit short-selling on companies developing life-saving treatment","https://petition.parliament.uk/petitions/705751","closed",138
"Condemn human rights violations in Pakistan and consider how to support victims","https://petition.parliament.uk/petitions/705754","closed",173
"Impose a lifetime ban on animal ownership for anyone convicted of animal cruelty","https://petition.parliament.uk/petitions/705772","closed",16283
"Scrap student loan interest rates in England","https://petition.parliament.uk/petitions/705777","closed",718
"Mandate CCTV in any educational setting that cares for children with SEND","https://petition.parliament.uk/petitions/705801","closed",1225
"Don't send troops to Ukraine to support peacekeeping","https://petition.parliament.uk/petitions/705814","closed",6703
"Make it a legal requirement to call for an ambulance when required","https://petition.parliament.uk/petitions/705824","closed",70
"Ban the use of feed additives to reduce methane in cattle","https://petition.parliament.uk/petitions/705843","closed",400
"Reduce stamp duty for additional property & reinstate multiple dwellings relief","https://petition.parliament.uk/petitions/705856","closed",54
"Establish Harvest Day as a national bank holiday.","https://petition.parliament.uk/petitions/705867","closed",41
"Increase funding for transgender healthcare to reduce waiting times & train GPs","https://petition.parliament.uk/petitions/705870","closed",6318
"Regulate Generative AI imagery","https://petition.parliament.uk/petitions/705886","closed",355
"Legislate against reselling or giving up young puppies/kittens to a third party","https://petition.parliament.uk/petitions/705902","closed",136
"Pay pensioners the equivalent of the living wage of a 35 hour week.","https://petition.parliament.uk/petitions/705918","closed",15606
"Scrap RPI +3% interest on plan 2 & postgrad student loans & charge RPI only","https://petition.parliament.uk/petitions/705923","closed",85
"Lower financial requirement for Spouse Visa from £29,000 back to £18,600","https://petition.parliament.uk/petitions/705929","closed",2441
"Regulate Ultra Processed Food (UPF) packaging and marketing","https://petition.parliament.uk/petitions/705956","closed",259
"Provide funding to help the television industry and support TV freelancers","https://petition.parliament.uk/petitions/705960","closed",2848
"Change the threshold for Historic (Classic) vehicles to 25 years or less","https://petition.parliament.uk/petitions/705961","closed",44
"Allow the Commissioner for Standards to investigate MPs' constituent casework","https://petition.parliament.uk/petitions/705964","closed",166
"Give employers tax breaks on wages","https://petition.parliament.uk/petitions/705974","closed",28
"Hold a review into Gambling Commission changes to online gambling regulations.","https://petition.parliament.uk/petitions/705982","closed",21
"Launch an inquiry into excess deaths in 2020-2023","https://petition.parliament.uk/petitions/705986","closed",41
"Launch an inquiry into structural racism experienced by Travellers","https://petition.parliament.uk/petitions/705987","closed",35
"Change the CMS to make it more transparent for paying parents","https://petition.parliament.uk/petitions/706014","closed",45
"Amend Human Rights Act and review all laws","https://petition.parliament.uk/petitions/706016","closed",82
"Review UK immigration policies, including a cap the number of people arriving ","https://petition.parliament.uk/petitions/706038","closed",236
"Don't have an earnings limit for Carer's Allowance","https://petition.parliament.uk/petitions/706052","closed",86
"Remove VAT from pet veterinarian bills","https://petition.parliament.uk/petitions/706056","closed",171
"Reduce EV charging VAT rate from 20% to 5% on the public charging network","https://petition.parliament.uk/petitions/706078","closed",55
"We Want Affordable Housing for All.","https://petition.parliament.uk/petitions/706105","closed",157
"Compulsory immediate prison sentences for people convicted of rape","https://petition.parliament.uk/petitions/706130","closed",189
"Allow state pension recipients to claim full carer’s allowance","https://petition.parliament.uk/petitions/706141","closed",284
"Legally designate social media platforms as “Publishers”","https://petition.parliament.uk/petitions/706148","closed",35
"Change the legal definition of Rape to allow women to be charged with rape","https://petition.parliament.uk/petitions/706166","closed",252
"Equal Parental Leave for Fathers: Reform UK statutory Paternity leave Policies","https://petition.parliament.uk/petitions/706168","closed",219
"Require convicted MPs, Peers and Civil Servants to be removed from office","https://petition.parliament.uk/petitions/706177","closed",306
"Advocate for and act to support the protection of Hindu minorities in Bangladesh","https://petition.parliament.uk/petitions/706203","closed",67
"Review of compensation for those wrongfully imprisoned","https://petition.parliament.uk/petitions/706228","closed",36
"Abolish VAT on fitness services","https://petition.parliament.uk/petitions/706241","closed",39
"Increase the period an employment tribunal claim can be made to a year","https://petition.parliament.uk/petitions/706254","closed",29
"End public funding for faith schools","https://petition.parliament.uk/petitions/706266","closed",192
"Ban nurseries from charging parents for keeping their children off sick.","https://petition.parliament.uk/petitions/706294","closed",52
"End the use of cages and crates for all farmed animals","https://petition.parliament.uk/petitions/706302","closed",108278
"GPSR: Negotiate with the EU to let UK Businesses to Act as an Authorised Person","https://petition.parliament.uk/petitions/706304","closed",31
"Make hoverboards legal to use on public roads and footpaths","https://petition.parliament.uk/petitions/706311","closed",20
"Ban the Shaving of 90% of Tail Hair from the Draught Horse Breed.","https://petition.parliament.uk/petitions/706336","closed",562
"Introduce compulsory voting","https://petition.parliament.uk/petitions/706341","closed",179
"Changes of inspections for Early Years including how grading is given.","https://petition.parliament.uk/petitions/706342","closed",268
"Establish a Strategic Digital Assets Reserve","https://petition.parliament.uk/petitions/706344","closed",1063
"Extend parental bereavement leave after the loss of a child.","https://petition.parliament.uk/petitions/706347","closed",1596
"Make sponsorship cheaper and more flexible for small care businesses","https://petition.parliament.uk/petitions/706391","closed",71
"Regulate small animal breeding","https://petition.parliament.uk/petitions/706400","closed",227
"Allow Ukrainian children in the UK to apply for settlement","https://petition.parliament.uk/petitions/706401","closed",55
"Restrict lorries to the left lane on dual carriageways and motorways","https://petition.parliament.uk/petitions/706409","closed",46
"Remove the Asset Purchase Facility Deed of Indemnity ","https://petition.parliament.uk/petitions/706411","closed",41
"Remove actively farmed land from IHT valuations","https://petition.parliament.uk/petitions/706423","closed",48
"Have a public inquiry into the Driver and Vehicle Standards Agency","https://petition.parliament.uk/petitions/706426","closed",95
"Gift retired helicopters and a support package to Ukraine","https://petition.parliament.uk/petitions/706447","closed",109
"Hospital Treatment should not count towards School Absence figures","https://petition.parliament.uk/petitions/706456","closed",84
"Require there to be general election to replace a Prime Minister","https://petition.parliament.uk/petitions/706459","closed",534
"Ban on knife possession except for licensed/trade purposes & increase sentences","https://petition.parliament.uk/petitions/706494","closed",126
"Every school & college to be obliged to have an evacuation chair & training","https://petition.parliament.uk/petitions/706513","closed",104197
"Review traditional and social media regulation ","https://petition.parliament.uk/petitions/706535","closed",5753
"Ban all tobacco cigarettes completely.","https://petition.parliament.uk/petitions/706571","closed",47
"Increase the Army Cadet Force Budget to £50 million","https://petition.parliament.uk/petitions/706591","closed",65
"Introduce a new code of electoral ethics.","https://petition.parliament.uk/petitions/706611","closed",142
"A2 motorcycle licences to upgrade to an A license automatically after 2 years","https://petition.parliament.uk/petitions/706650","closed",3412
"Include science based Intelligently Designed Creation in the Science Curriculum","https://petition.parliament.uk/petitions/706659","closed",31
"Government to provide information about objects flying above US airbases in UK","https://petition.parliament.uk/petitions/706683","closed",157
"Regulate how social media firms maximise user engagement.","https://petition.parliament.uk/petitions/706694","closed",46
"Ban isolation in schools","https://petition.parliament.uk/petitions/706703","closed",424
"Set out a detailed plan to improve palliative care","https://petition.parliament.uk/petitions/706704","closed",52
"Legislate for a council tax discount for all pensioners","https://petition.parliament.uk/petitions/706707","closed",11201
"Make GCSE Science an optional subject","https://petition.parliament.uk/petitions/706737","closed",32
"Require licenses to use an electric bike or electric scooter","https://petition.parliament.uk/petitions/706750","closed",200
"Social Service visits for at risk children to be unannounced. Child must be seen","https://petition.parliament.uk/petitions/706781","closed",137
"Developers should make new medium to large housing estates fully adoptable.","https://petition.parliament.uk/petitions/706798","closed",69
"Minimum sentence of 30 years in prison for minors who commit premeditated murder","https://petition.parliament.uk/petitions/706843","closed",94
"Repeal the 2000 and 2006 Terrorism Acts and review other legislation","https://petition.parliament.uk/petitions/706847","closed",3535
"Require CCTV in all care settings.","https://petition.parliament.uk/petitions/706849","closed",554
"Grant Chagossians a referendum to decide the future of Chagos Islands","https://petition.parliament.uk/petitions/706882","closed",1181
"Postural Tachycardia Syndrome: fund training and facilities","https://petition.parliament.uk/petitions/706884","closed",21228
"Review the criminal justice system.","https://petition.parliament.uk/petitions/706886","closed",108
"Encourage banks not to refuse mortgages for properties with high service charge","https://petition.parliament.uk/petitions/706965","closed",29
"Review the case for building 90,000 social rent homes across England","https://petition.parliament.uk/petitions/706994","closed",127
"Cap of £10,000 per individual donor to political parties","https://petition.parliament.uk/petitions/707011","closed",1575
"Require coriander be displayed in bold text in all product ingredient lists","https://petition.parliament.uk/petitions/707041","closed",25
"Allow night workers the choice to opt out of the 48 hour working limit ","https://petition.parliament.uk/petitions/707048","closed",22
"Introduce employment rights for sex workers","https://petition.parliament.uk/petitions/707052","closed",261
"Review strategy for youth crime & anti-social behaviour, and increase funding","https://petition.parliament.uk/petitions/707063","closed",149
"Fund free public transport for diagnosed autistic people","https://petition.parliament.uk/petitions/707064","closed",122
"Restart issuing oil and gas licenses in the North Sea","https://petition.parliament.uk/petitions/707101","closed",10565
"Allow England to have a devolved parliament","https://petition.parliament.uk/petitions/707102","closed",50
"Create state-owned housing for MPs to use","https://petition.parliament.uk/petitions/707155","closed",72
"Ban AI until there is an international framework for its use and conduct checks","https://petition.parliament.uk/petitions/707170","closed",243
"Tighten the rules on political donations","https://petition.parliament.uk/petitions/707189","closed",144783
"Include hair colour as a protected characteristic under the Equality Act","https://petition.parliament.uk/petitions/707199","closed",37
"Protect single/lone parents under the Equality Act","https://petition.parliament.uk/petitions/707213","closed",40
"Review how law handles tool theft","https://petition.parliament.uk/petitions/707224","closed",63
"Stricter regulations on the breeding and sale/adoption of pets","https://petition.parliament.uk/petitions/707248","closed",70
"Ban cross-examination of victims of sexual abuse","https://petition.parliament.uk/petitions/707252","closed",67
"Remove requirement to have motor insurance unless you have past driving offences","https://petition.parliament.uk/petitions/707255","closed",44
"Compensate people excluded from Government COVID support schemes","https://petition.parliament.uk/petitions/707263","closed",1339
"Require all healthcare environments to be wheelchair accessible","https://petition.parliament.uk/petitions/707276","closed",149
"Require charities to introduce caps on their CEO's pay","https://petition.parliament.uk/petitions/707291","closed",99
"Deny free NHS healthcare to anyone found to smoke or vape.","https://petition.parliament.uk/petitions/707304","closed",28
"Fund improved care and support for individuals with FASD.","https://petition.parliament.uk/petitions/707325","closed",2461
"Require enhanced DBS checks for ALL employees in contact with vulnerable people","https://petition.parliament.uk/petitions/707330","closed",349
"Reform the funding of political parties in the UK, with a limit on donations.","https://petition.parliament.uk/petitions/707338","closed",76
"Review funding for our police services","https://petition.parliament.uk/petitions/707344","closed",168
"Make not having a fire/smoke alarm in a home illegal","https://petition.parliament.uk/petitions/707360","closed",42
"Remove VAT on life saving equipment","https://petition.parliament.uk/petitions/707370","closed",42
"Protect Driven Grouse Shooting","https://petition.parliament.uk/petitions/707392","closed",39
"Fund free regular prescriptions for mental health patients","https://petition.parliament.uk/petitions/707406","closed",128
"Introduce a written UK constitution, with protections like US first amendment.","https://petition.parliament.uk/petitions/707416","closed",69
"Hold a referendum on Reintroducing the Rwanda scheme.","https://petition.parliament.uk/petitions/707436","closed",200
"Pause Employment Rights Bill to assess impacts on SMEs","https://petition.parliament.uk/petitions/707451","closed",49
"Use diplomatic and trade influence to stop hot branding cattle around the world","https://petition.parliament.uk/petitions/707473","closed",65
"Introduce legislation in order to outlaw the installation of 5G masts","https://petition.parliament.uk/petitions/707479","closed",556
"Create a statutory property information service with house buying information","https://petition.parliament.uk/petitions/707485","closed",27
"Make MP recall rules stricter","https://petition.parliament.uk/petitions/707488","closed",73
"Require rail customers to be told the cheapest possible fare","https://petition.parliament.uk/petitions/707493","closed",69
"Review how to protect jobs from being taken by AI technology","https://petition.parliament.uk/petitions/707509","closed",122
"Create a scheme to help younger people get work experience.","https://petition.parliament.uk/petitions/707531","closed",49
"Amend the Pet Abduction Act to include horses","https://petition.parliament.uk/petitions/707542","closed",462
"Tougher Penalties for drivers with loud cars","https://petition.parliament.uk/petitions/707574","closed",155
"Make private flyers pay for their Carbon emissions","https://petition.parliament.uk/petitions/707608","closed",265
"Reduce council tax by 50% for single persons","https://petition.parliament.uk/petitions/707636","closed",1573
"Ban Insurance Increases After Non-Fault Claims","https://petition.parliament.uk/petitions/707654","closed",97
"Make automatic dissolution of Parliament every 4 years","https://petition.parliament.uk/petitions/707667","closed",59
"Allow families with SEN children 10 days term-time holiday without being fined","https://petition.parliament.uk/petitions/707685","closed",18610
"Give courts powers to order local authorities to fund family therapy","https://petition.parliament.uk/petitions/707691","closed",88
"Reduce the ILR qualifying period from 5 years to 3 years for legal immigrants","https://petition.parliament.uk/petitions/707698","closed",47087
"Fund more schools for children with special and additional needs","https://petition.parliament.uk/petitions/707709","closed",324
"Introduce a new rule for MPs to take an oath to adhere to the Nolan principles","https://petition.parliament.uk/petitions/707753","closed",57
"Hold landowners accountable for raptor persecution on their land","https://petition.parliament.uk/petitions/707755","closed",54
"Government to set out plans for reducing rail fares","https://petition.parliament.uk/petitions/707759","closed",385
"Mandate that HMRC refers all complaints to IOPC","https://petition.parliament.uk/petitions/707785","closed",33
"Increase the 5 year term required to obtain Indefinite Right to Remain in the UK","https://petition.parliament.uk/petitions/707800","closed",110
"Increase maximum animal cruelty punishment from five years to eight years","https://petition.parliament.uk/petitions/707848","closed",150
"Urge the Spanish government to discourage octopus farms","https://petition.parliament.uk/petitions/707851","closed",182
"Collect and publish data on companion animal euthanasia","https://petition.parliament.uk/petitions/707853","closed",1828
"Ban boilers that use natural gas in all new house builds","https://petition.parliament.uk/petitions/707891","closed",79
"Regulate bots purchasing collectibles online","https://petition.parliament.uk/petitions/707905","closed",41
"Abolish council Tax","https://petition.parliament.uk/petitions/707913","closed",853
"Stricter laws for delivery companies: provide location info & access to parcels","https://petition.parliament.uk/petitions/707922","closed",47
"Increase the incentive for employers employing an apprentice to £2,000","https://petition.parliament.uk/petitions/707932","closed",1305
"Review care for sickle cell patients within the NHS","https://petition.parliament.uk/petitions/707958","closed",3898
"Legalise recreational cannabis & release those convicted of cannabis offences.","https://petition.parliament.uk/petitions/707970","closed",1193
"Fund services for women 16-26 who may have suffered sexual abuse trauma","https://petition.parliament.uk/petitions/707978","closed",54
"Require political parties to pay inheritance tax on gifts ","https://petition.parliament.uk/petitions/707983","closed",62
"Ban Generative AI and review how to best regulate other AI tools","https://petition.parliament.uk/petitions/707995","closed",108
"Abolish the SIA (Security Industry Authority)","https://petition.parliament.uk/petitions/708013","closed",50
"Ban the sale of all rawhide products for pets","https://petition.parliament.uk/petitions/708014","closed",78
"Mandate the installation of solar panels on all new buildings","https://petition.parliament.uk/petitions/708076","closed",230
"Fund free prescriptions and eye tests for carers","https://petition.parliament.uk/petitions/708109","closed",49
"Review access to hysterectomies for women with PMDD & chronic conditions","https://petition.parliament.uk/petitions/708130","closed",61
"Review regulation utility companies dividends and infrastructure investment","https://petition.parliament.uk/petitions/708153","closed",91
"Set requirements for more background checks for certain professions","https://petition.parliament.uk/petitions/708256","closed",38
"Allow children whose parents are legally in UK to work as sports professionals","https://petition.parliament.uk/petitions/708268","closed",399
"Protect our freedoms: Ban facial recognition of public","https://petition.parliament.uk/petitions/708325","closed",304
"Introduce a distinct attendance code for flexischooling (Code F).","https://petition.parliament.uk/petitions/708358","closed",10869
"The UK should start talks on forming a CANZUK union","https://petition.parliament.uk/petitions/708393","closed",10407
"Require anti-spiking measurers, increase spiking support and awareness","https://petition.parliament.uk/petitions/708394","closed",357
"Introduce a new honours system for MPs & mayors","https://petition.parliament.uk/petitions/708432","closed",54
"Close salary linked public sector pension schemes to new members","https://petition.parliament.uk/petitions/708449","closed",91
"Fund the NHS to create a national database for NHS medical records","https://petition.parliament.uk/petitions/708467","closed",613
"Keep current payment for hosting under the Homes for Ukraine Scheme","https://petition.parliament.uk/petitions/708469","closed",43
"Fully implement all recommendations of the 2009 Laming Report immediately","https://petition.parliament.uk/petitions/708501","closed",37
"Remove parental responsibility from convicted perpetrators of domestic violence.","https://petition.parliament.uk/petitions/708519","closed",82
"Reduce paperwork for claiming agricultural subsidies","https://petition.parliament.uk/petitions/708540","closed",23
"Stop Religious Education (RE) being compulsory in English schools from Year 10","https://petition.parliament.uk/petitions/708542","closed",39
"Fund Emergency Shelter to anyone Homeless during all named storms.","https://petition.parliament.uk/petitions/708546","closed",2350
"Stop businesses from making staff use annual leave at Christmas","https://petition.parliament.uk/petitions/708549","closed",58
"Prevent the prosecution of veterans for historical offences.","https://petition.parliament.uk/petitions/708556","closed",1347
"We want the Government to grant birth parents the right to have adoptions review","https://petition.parliament.uk/petitions/708573","closed",38
"Introduce online voting in General Elections","https://petition.parliament.uk/petitions/708622","closed",66
"Legislate that bin collections cannot be more than two weeks apart.","https://petition.parliament.uk/petitions/708684","closed",417
"Abolish the requirement for two referees in the British citizenship application","https://petition.parliament.uk/petitions/708690","closed",32
"Allow the Police to use the public genealogy databases to investigate cold cases","https://petition.parliament.uk/petitions/708698","closed",228
"Improve statutory paternity leave in the UK to better support families.","https://petition.parliament.uk/petitions/708707","closed",2669
"Require all public places to have toilets accessible with a medical card","https://petition.parliament.uk/petitions/708712","closed",331
"Ban plastic packaging and use of PFAS in all food-related products","https://petition.parliament.uk/petitions/708727","closed",137
"Fund screening for cytomegalovirus (CMV) in pregnancy and further research.","https://petition.parliament.uk/petitions/708743","closed",111
"Reduce minimum retirement age for ambulance staff to 55","https://petition.parliament.uk/petitions/708806","closed",12741
"Increase funding for mental health services for the LGBT+Q community","https://petition.parliament.uk/petitions/708832","closed",162
"Retain the powers of local planning committees on building applications.","https://petition.parliament.uk/petitions/708852","closed",40
"Fund vouchers for special dietary foods","https://petition.parliament.uk/petitions/708888","closed",46
"Review how the justice system handles financial abuse","https://petition.parliament.uk/petitions/708889","closed",65
"Require DVSA to allow candidates to request Same-Gender Driving Test Examiners ","https://petition.parliament.uk/petitions/708910","closed",38
"Launch a crowdlending service for Government borrowing","https://petition.parliament.uk/petitions/708932","closed",27
"Ban UK exports of pesticides that are banned on UK farms.","https://petition.parliament.uk/petitions/708949","closed",62
"Fund more training for teachers on neurodivergence","https://petition.parliament.uk/petitions/708958","closed",336
"Legalise pepper spray as a method of self-defence

","https://petition.parliament.uk/petitions/708964","closed",578
"Set a price cap on food in school canteens","https://petition.parliament.uk/petitions/708978","closed",39
"Ban greyhound racing","https://petition.parliament.uk/petitions/709005","closed",433
"Spend more money on research into the effects of vaping.","https://petition.parliament.uk/petitions/709012","closed",111
"Hold a referendum on banning feed additives used to reduce methane in cattle.","https://petition.parliament.uk/petitions/709017","closed",52
"Reinstate legal aid in all areas","https://petition.parliament.uk/petitions/709020","closed",96
"Abolish Sunday trading laws to boost the economy","https://petition.parliament.uk/petitions/709029","closed",161
"Ban booking fees for all entertainment venues and events ","https://petition.parliament.uk/petitions/709039","closed",55
"Add hedgehogs to schedule 5 of the Wildlife & Countryside Act 1981","https://petition.parliament.uk/petitions/709054","closed",14993
"Give police stronger powers to tackle motorcycle theft & increase penalties","https://petition.parliament.uk/petitions/709059","closed",6820
"Create a Cold War Medal for veterans who served in the cold war.","https://petition.parliament.uk/petitions/709073","closed",248
"Allow self-certification of illness for up to 28 days, rather than 7 days.","https://petition.parliament.uk/petitions/709088","closed",65
"Revoke asylum for Syrian Refugees in light of the change of Government","https://petition.parliament.uk/petitions/709089","closed",433
"Collect and Publish statistics on crimes committed by illegal immigrants","https://petition.parliament.uk/petitions/709094","closed",699
"Amend Student Loan eligibility","https://petition.parliament.uk/petitions/709096","closed",21
"Reinstate the Winter Fuel Allowance for those who are paid the old state pension","https://petition.parliament.uk/petitions/709104","closed",434
"Fine food delivery companies that fail to ensure their cyclists use lights","https://petition.parliament.uk/petitions/709121","closed",45
"Require a licence for prostitution","https://petition.parliament.uk/petitions/709138","closed",45
"Increase Luxury Car supplement threshold to £53k, in line with inflation","https://petition.parliament.uk/petitions/709150","closed",256
"Amend UNECE Regulation No. 79","https://petition.parliament.uk/petitions/709180","closed",23
"Create mobile phone picture alert scheme for missing children","https://petition.parliament.uk/petitions/709187","closed",34
"Fund cannabis prescriptions for fibromyalgia and other pain conditions","https://petition.parliament.uk/petitions/709199","closed",257
"Do not allow any private companies to be involved in delivering NHS care","https://petition.parliament.uk/petitions/709219","closed",49
"Make all households with income under £200,000 eligible for free childcare","https://petition.parliament.uk/petitions/709230","closed",547
"Regulate the way that Gyms can increase the price in the middle of a contract.","https://petition.parliament.uk/petitions/709258","closed",35
"Change requirement to get advice on transferring DB pension","https://petition.parliament.uk/petitions/709289","closed",12
"Ban publishing information about people accused of crimes until proven guilty","https://petition.parliament.uk/petitions/709315","closed",53
"Abolish the Parliament Act 1911","https://petition.parliament.uk/petitions/709326","closed",50
"Do not allow people charged with rape to be released on bail","https://petition.parliament.uk/petitions/709327","closed",63
"Allow dependents to stay if someone switches to care visa","https://petition.parliament.uk/petitions/709341","closed",62
"Scrap the state pension and return some NI contributions","https://petition.parliament.uk/petitions/709362","closed",19
"Require employers to pay college students undertaking work placements","https://petition.parliament.uk/petitions/709383","closed",36
"Review medical care for those with temporomandibular disorders","https://petition.parliament.uk/petitions/709388","closed",27
"Review and seek changes to GPSR, and provide better support for small businesses","https://petition.parliament.uk/petitions/709393","closed",36
"Introduce conveyancing laws similar to those in Scotland, across England & Wales","https://petition.parliament.uk/petitions/709395","closed",94
"Require schools to teach pupils about physical & emotional abuse","https://petition.parliament.uk/petitions/709402","closed",48
"Create an independent Safeguarding Body.","https://petition.parliament.uk/petitions/709427","closed",33
"Introduce compulsory fee based licencing for deer stalking guides.","https://petition.parliament.uk/petitions/709443","closed",20
"Detain all migrants that enter the UK illegally","https://petition.parliament.uk/petitions/709445","closed",2345
"Require online account deletion to be simple and clear","https://petition.parliament.uk/petitions/709448","closed",121
"Ban higher car insurance premiums for young and new drivers","https://petition.parliament.uk/petitions/709463","closed",157
"Review powers of Child Maintenance Service regarding concealed income ","https://petition.parliament.uk/petitions/709484","closed",39
"Public inquiry into the selling of Family Asset Protection Trusts.","https://petition.parliament.uk/petitions/709507","closed",1229
"Limit the public budget for memorials to former Monarchs.","https://petition.parliament.uk/petitions/709520","closed",56
"Ban councils from offering 100% council tax reduction","https://petition.parliament.uk/petitions/709529","closed",39
"Conduct a review into the long-term effect of section 28","https://petition.parliament.uk/petitions/709535","closed",359
"Stricter Oversight and Safeguarding Measures for Home-Educated Children","https://petition.parliament.uk/petitions/709536","closed",43
"Ban police from using lethal methods when dogs are out of control","https://petition.parliament.uk/petitions/709553","closed",881
"New rules on internal exclusions and independent body to be established","https://petition.parliament.uk/petitions/709567","closed",42
"Make it illegal for parents to smack children","https://petition.parliament.uk/petitions/709573","closed",90
"Fund measures to reduce traffic","https://petition.parliament.uk/petitions/709589","closed",23
"Exempt all nurseries from Employer NI Contributions","https://petition.parliament.uk/petitions/709592","closed",4310
"Don't allow absent parents to take children from primary care givers","https://petition.parliament.uk/petitions/709606","closed",30
"Make it a legal requirement for all landlords to hold valid buildings insurance","https://petition.parliament.uk/petitions/709611","closed",47
"Change Delay compensation times on UK trains from 15 minutes to 10 minutes.","https://petition.parliament.uk/petitions/709614","closed",44
"Hold a referendum on restoring the Death Penalty for murder","https://petition.parliament.uk/petitions/709623","closed",818
"Independent Review of HMRC: Accountability for Taxpayer Justice","https://petition.parliament.uk/petitions/709630","closed",59
"Do not make any agreement with the EU on youth mobility","https://petition.parliament.uk/petitions/709638","closed",56
"Make suicide awareness mandatory for all secondary schools and sixth forms","https://petition.parliament.uk/petitions/709651","closed",128
"Publish a detailed plan to tackle illegal migration and stop boat crossings","https://petition.parliament.uk/petitions/709678","closed",687
"Bring back the death penalty for homicide of a child","https://petition.parliament.uk/petitions/709710","closed",142
"Limit the number of terms an elected mayor can serve","https://petition.parliament.uk/petitions/709729","closed",73
"Introduce Regulation of Private Parking Practices","https://petition.parliament.uk/petitions/709776","closed",95
"Provide funding for all schools to have a social worker","https://petition.parliament.uk/petitions/709785","closed",216
"Ban palm oil","https://petition.parliament.uk/petitions/709801","closed",174
"Make customer service email addresses/online forms a legal requirement","https://petition.parliament.uk/petitions/709807","closed",45
"Make politics a required subject up to GCSE","https://petition.parliament.uk/petitions/709820","closed",98
"Cap the price of food and drink in sport and music venues","https://petition.parliament.uk/petitions/709821","closed",56
"Ban social media influencers from promoting/advertising cosmetic surgery","https://petition.parliament.uk/petitions/709854","closed",682
"Stay on Greenwich Mean Time","https://petition.parliament.uk/petitions/709861","closed",131
"Create a law to recall local councils the public has lost faith in","https://petition.parliament.uk/petitions/709862","closed",46
" Ban non-recyclable plastic packaging and products.
","https://petition.parliament.uk/petitions/709869","closed",349
"Review the safeguarding and welfare of artists in the entertainment industry","https://petition.parliament.uk/petitions/709878","closed",3000
"Increase defence spending in the UK to at least 4% of GDP, immediately","https://petition.parliament.uk/petitions/709884","closed",56
"Pension credit: Allow claim if your partner is under state pension age","https://petition.parliament.uk/petitions/709893","closed",32
"Make it illegal across the country to park on and obstruct the pavement.","https://petition.parliament.uk/petitions/709899","closed",170
"Option for local referendums on hyperlocal tier of councils for all of England","https://petition.parliament.uk/petitions/709902","closed",30
"Require railway companies to operate Railway Passenger Services On Boxing Day","https://petition.parliament.uk/petitions/709916","closed",34
"Reduce the home building targets to 200,000 houses per year.","https://petition.parliament.uk/petitions/709930","closed",3383
"Change the law to allow short-term Blue Badges","https://petition.parliament.uk/petitions/709934","closed",96
"Re-establish Civil Defence Corps to enhance disaster response and emergencies.","https://petition.parliament.uk/petitions/709973","closed",296
"Government to set up and fund an Emergency Services Covenant Trust","https://petition.parliament.uk/petitions/709979","closed",313
"Ban overseas companies posing as UK companies & offering misleading products.","https://petition.parliament.uk/petitions/709982","closed",61
"Link the personal tax free allowance to a cost of living/ inflation index.","https://petition.parliament.uk/petitions/710008","closed",762
"Ban bonus payments and honours in all UK Government funded public bodies","https://petition.parliament.uk/petitions/710015","closed",41
"Require all elected public officials have a clean enhanced DBS prior to start","https://petition.parliament.uk/petitions/710016","closed",152
"Make the state pension tax exempt","https://petition.parliament.uk/petitions/710017","closed",17129
"Ban cousin marriages","https://petition.parliament.uk/petitions/710027","closed",579
"Life imprisonment for rapists without release","https://petition.parliament.uk/petitions/710049","closed",108
"Reverse decision to pause decisions on asylum applications from Syrians","https://petition.parliament.uk/petitions/710061","closed",4998
"Make the harassment of runners and joggers a new specific offence.","https://petition.parliament.uk/petitions/710064","closed",30
"Grant automatic visa extension and ILR for Ukrainians after 5 years","https://petition.parliament.uk/petitions/710067","closed",13713
"Criminalise ""wilfully deceiving the electorate for personal or political gain""","https://petition.parliament.uk/petitions/710078","closed",115
"Allow Graduate Visa to be extended","https://petition.parliament.uk/petitions/710084","closed",27
"Ban the use of all Single-Use Plastics","https://petition.parliament.uk/petitions/710087","closed",234
"Introduce Indian driving licence conversion to GB driving licence.","https://petition.parliament.uk/petitions/710116","closed",21
"Give the BOE an explicit dual mandate with a growth and inflation target.","https://petition.parliament.uk/petitions/710117","closed",19
"Introduce stricter requirements for infrastructure before building houses","https://petition.parliament.uk/petitions/710119","closed",112
"Allow chemists to dispense prescriptions without Pharmacist on site","https://petition.parliament.uk/petitions/710150","closed",39
"Do not postpone the local elections","https://petition.parliament.uk/petitions/710155","closed",791
"Increase funding for medical research on women's anatomy","https://petition.parliament.uk/petitions/710164","closed",244
" Fine all courier & parcel delivery companies failing to meet delivery targets","https://petition.parliament.uk/petitions/710179","closed",25
"Do not give £50m of aid for Syrians","https://petition.parliament.uk/petitions/710188","closed",204
"Remove non-qualifying status for leasehold flats","https://petition.parliament.uk/petitions/710193","closed",1225
"Give public option to opt out of taxes supporting British military operations","https://petition.parliament.uk/petitions/710207","closed",253
"Do not seek closer ties with the EU","https://petition.parliament.uk/petitions/710214","closed",829
"Ensure that student nurses are paid for their placement hours","https://petition.parliament.uk/petitions/710218","closed",4247
"Review and increase the amount of support care leavers get post-18","https://petition.parliament.uk/petitions/710233","closed",43
"New housing developments to be primary residences to minimise environmental harm","https://petition.parliament.uk/petitions/710267","closed",269
"Make it mandatory for all dogs to be on leads in public places.","https://petition.parliament.uk/petitions/710271","closed",437
"Change the law so that people can create private police forces","https://petition.parliament.uk/petitions/710273","closed",18
"Fund an information campaign for GPs on the 2 prostate cancer referral routes","https://petition.parliament.uk/petitions/710284","closed",183
"Create a scheme for refugees from Palestine and Israel to come to the UK","https://petition.parliament.uk/petitions/710297","closed",184
"Require online retailers to name intended delivery company prior to transaction","https://petition.parliament.uk/petitions/710311","closed",75
"Introduce Human Trafficking into the education curriculum","https://petition.parliament.uk/petitions/710319","closed",25
"Don't reduce the number of trials by jury","https://petition.parliament.uk/petitions/710321","closed",212
"Grant British citizenship to Kurdish people and acknowledge history","https://petition.parliament.uk/petitions/710337","closed",23
"Create an EU Hospitality Internship Programme in the UK","https://petition.parliament.uk/petitions/710349","closed",89
"Introduce a law preventing copyrighted work being used to train AI","https://petition.parliament.uk/petitions/710364","closed",654
"More funding to enforce traffic offences committed by cycle/scooter users","https://petition.parliament.uk/petitions/710396","closed",59
"Call for Fair Treatment of people on private and family life visas","https://petition.parliament.uk/petitions/710400","closed",38
"Require all schools to finish by 2.30 pm","https://petition.parliament.uk/petitions/710423","closed",30
"Review the regulation of solicitors","https://petition.parliament.uk/petitions/710443","closed",83
"Ban new waste incinerators and revoke permits where building has not begun","https://petition.parliament.uk/petitions/710486","closed",16882
"Tighten the regulations on electric vehicle charger providers","https://petition.parliament.uk/petitions/710487","closed",24
"Require local elections to be held annually","https://petition.parliament.uk/petitions/710522","closed",62
"Ensure football fans hold majority stake in clubs","https://petition.parliament.uk/petitions/710527","closed",35
"Reform the Financial Ombudsman Service (FoS)","https://petition.parliament.uk/petitions/710531","closed",29
"Require social media platforms to identify and remove all unsafe content.","https://petition.parliament.uk/petitions/710557","closed",83
"Ban MPs having second jobs whilst in office","https://petition.parliament.uk/petitions/710565","closed",222
"British citizenship by birth in the United Kingdom for all","https://petition.parliament.uk/petitions/710594","closed",46
"Restrict voting rights to British citizens who are long-term residents","https://petition.parliament.uk/petitions/710596","closed",1147
"Review NHS Compensation for cases of negligence","https://petition.parliament.uk/petitions/710611","closed",72
"Continue funding Level 7 NHS Apprenticeships -Clinical Associate Psychologists","https://petition.parliament.uk/petitions/710626","closed",1203
"Appoint a Manufacturing Industry expert in Government to champion industry needs","https://petition.parliament.uk/petitions/710642","closed",1357
"Allow tax relief on training for self-employed people to set up new businesses","https://petition.parliament.uk/petitions/710644","closed",24
"Subject the deployment of any non-UK nuclear weapons in the UK to a referendum","https://petition.parliament.uk/petitions/710648","closed",37
"Provide funding to separate Gynaecology/women’s health from Maternity services","https://petition.parliament.uk/petitions/710649","closed",328
"Ban private, corporate and special interest groups funding political parties","https://petition.parliament.uk/petitions/710651","closed",69
"Promote plant-based foods over meat and dairy for a healthier Britain","https://petition.parliament.uk/petitions/710663","closed",30425
"Abolish and replace Ofwat, and new legislation on investment in the water system","https://petition.parliament.uk/petitions/710667","closed",107
"Review civic education in secondary schools.","https://petition.parliament.uk/petitions/710669","closed",28
"Reintroduce the death penalty for people found guilty of terrorism","https://petition.parliament.uk/petitions/710686","closed",349
"School Minibus Safety - Remove Section 19 Exemptions for Schools","https://petition.parliament.uk/petitions/710694","closed",2280
"Fund increased access to menstrual products to address period poverty ","https://petition.parliament.uk/petitions/710759","closed",194
"Raise the expensive car supplement threshold to £50k","https://petition.parliament.uk/petitions/710764","closed",260
"Launch a Government Alcohol Awareness Campaign to Educate the Public","https://petition.parliament.uk/petitions/710785","closed",52
"Regulate Cabin Baggage Dimensions Across Airlines and Cap Baggage Fees","https://petition.parliament.uk/petitions/710787","closed",442
"Review how the law & police treat life changing assaults without physical injury","https://petition.parliament.uk/petitions/710804","closed",24
"The government should build and provide a real time tax spending dashboard","https://petition.parliament.uk/petitions/710824","closed",52
"Review law around consent and disclosing sex or trans identity","https://petition.parliament.uk/petitions/710834","closed",167
"Cap on interest rises for Mortgages so people don't lose their homes","https://petition.parliament.uk/petitions/710836","closed",51
"Stricter regulation on the advertisement of alcohol","https://petition.parliament.uk/petitions/710852","closed",49
"Ban selling knives online","https://petition.parliament.uk/petitions/710870","closed",77
"Require Property Management agents to disclose all Service Charge Accounts","https://petition.parliament.uk/petitions/710879","closed",42
"Do not cut funding from the Latin Excellence Programme","https://petition.parliament.uk/petitions/710892","closed",52
"Make it illegal for sound to be played on public transport without headphones.","https://petition.parliament.uk/petitions/710901","closed",155
"Stop the ""Safe Return Review"" Policy for Refugees in the UK","https://petition.parliament.uk/petitions/710902","closed",35
"Require social media companies to have human helpline for compromised accounts","https://petition.parliament.uk/petitions/710905","closed",59
"Require all social housing providers to sound insulate all managed buildings.","https://petition.parliament.uk/petitions/710918","closed",44
"Mandatory life sentence for involvement in trafficking women & children for sex","https://petition.parliament.uk/petitions/710922","closed",234
"Ban politicians from becoming ambassadors.","https://petition.parliament.uk/petitions/710924","closed",41
"Outlaw marriages of couples with over 10 years age gap, where one is under 25","https://petition.parliament.uk/petitions/710925","closed",62
"Review the affordability of the rental market","https://petition.parliament.uk/petitions/710931","closed",47
"Allow traffic to turn left on red lights if clear","https://petition.parliament.uk/petitions/710933","closed",37
"Ban overseas employment of MPs.","https://petition.parliament.uk/petitions/710946","closed",111
"Ban naming of suspects unless guilt is proven","https://petition.parliament.uk/petitions/710954","closed",52
"Mandatory extension of Visas for international student to accommodate resits","https://petition.parliament.uk/petitions/710959","closed",20
"Increase support for children affected from being bullied","https://petition.parliament.uk/petitions/710972","closed",427
"Fund Memorial for Gaza Children Honouring Peace, Compassion","https://petition.parliament.uk/petitions/710975","closed",2159
"Teach diabetes prevention to secondary school children","https://petition.parliament.uk/petitions/710992","closed",87
"Require all state nurseries, schools and colleges to have the same term dates.","https://petition.parliament.uk/petitions/710997","closed",34
"Require local referenda when introducing new unitary and strategic authorities","https://petition.parliament.uk/petitions/711000","closed",107
"Retain legal right to assessment and support in education for children with SEND","https://petition.parliament.uk/petitions/711021","closed",132789
"Require all pubs and restaurants to close on Christmas Day","https://petition.parliament.uk/petitions/711087","closed",42
"Instead of sending young people to prison, send them to do military service","https://petition.parliament.uk/petitions/711099","closed",74
"Regulate the brightness and type of vehicle headlights allowed","https://petition.parliament.uk/petitions/711112","closed",1151
"Make Misconduct in a Public Office a statutory offence","https://petition.parliament.uk/petitions/711128","closed",54
"Create a new body to record and resolve local noise nuisances","https://petition.parliament.uk/petitions/711151","closed",116
"Protect VED Exemptions for qualifying Vehicles Beyond April 2025","https://petition.parliament.uk/petitions/711153","closed",18
"Require drivers to re-sit driving test if they knock a motorcyclist off a bike
","https://petition.parliament.uk/petitions/711180","closed",54
"Introduce a tapered approach to the Winter Fuel Allowance.","https://petition.parliament.uk/petitions/711186","closed",63
"Hold a referendum on the abolition of the monarchy.","https://petition.parliament.uk/petitions/711228","closed",728
"Keep Local Government LOCAL. Stop plans for county scale unitary authorities.","https://petition.parliament.uk/petitions/711232","closed",135
"Ratify the Indigenous and Tribal Peoples Convention, 1989","https://petition.parliament.uk/petitions/711241","closed",65
"Government to create a national ID card for disabled people and carers.","https://petition.parliament.uk/petitions/711271","closed",117
"Ban businesses adding service charges to bills without prior customer consent","https://petition.parliament.uk/petitions/711294","closed",516
"Abolish the requirement for voter ID when voting.","https://petition.parliament.uk/petitions/711322","closed",87
"Require RA committee members to reveal conflicts of interest with the Landlord.","https://petition.parliament.uk/petitions/711332","closed",31
"Grant Cornwall nation status","https://petition.parliament.uk/petitions/711355","closed",24011
"Don’t abandon the Chalk Stream recovery pack ","https://petition.parliament.uk/petitions/711368","closed",13081
"Hold an emergency referendum to reinstate the gallows death penalty for treason","https://petition.parliament.uk/petitions/711371","closed",109
"Any crime involving a knife to get a minimum 10 year custodial sentence","https://petition.parliament.uk/petitions/711379","closed",159
"Ban Applied Behaviour Analysis Therapy designed to reduce Autistic Stimming","https://petition.parliament.uk/petitions/711392","closed",179
"Ban demonstrations/protests on remembrance day 11/11.","https://petition.parliament.uk/petitions/711414","closed",118
"Allow metal detectorists to search land prior to building development","https://petition.parliament.uk/petitions/711417","closed",92
"Fund the RSV injection for people over 79, especially the vulnerable.","https://petition.parliament.uk/petitions/711424","closed",32
"Review and reform child custody arrangements","https://petition.parliament.uk/petitions/711426","closed",321
"Reopen the British embassy in Syria.","https://petition.parliament.uk/petitions/711431","closed",71
"Revoke the BBC's royal charter & right to charge a licence fee","https://petition.parliament.uk/petitions/711434","closed",524
"Remove all electronic devices from paedophiles and child murderers' prison cells","https://petition.parliament.uk/petitions/711446","closed",92
"Transfer all child sex offenders and child murderers overseas","https://petition.parliament.uk/petitions/711457","closed",37
"Review the tax system","https://petition.parliament.uk/petitions/711458","closed",291
"Provide an exact number of prisoners who have murdered children aged under 16","https://petition.parliament.uk/petitions/711460","closed",26
"Require electoral candidates to declare interests in their nomination papers","https://petition.parliament.uk/petitions/711463","closed",76
"Require AUTOMATIC by election if an MP changes party during a term of office","https://petition.parliament.uk/petitions/711480","closed",126
"Amend the British Museum Act 1963 to allow for the return of artefacts","https://petition.parliament.uk/petitions/711483","closed",50
"Hold an automatic general election on resignation of any Prime Minister.","https://petition.parliament.uk/petitions/711488","closed",471
"Introduce stricter penalties and enforcement for shoplifting.","https://petition.parliament.uk/petitions/711498","closed",92
"Review how police deal with dogs, including using tranquiliser guns.","https://petition.parliament.uk/petitions/711499","closed",60
"Implement Proportional Property-Based Fines for Illegal Fox Hunting.","https://petition.parliament.uk/petitions/711520","closed",51
"Change the DVLA requirements for motor caravan conversions.","https://petition.parliament.uk/petitions/711531","closed",23
"Make vandalism and theft of vans a specific offence","https://petition.parliament.uk/petitions/711542","closed",70
"Hold a referendum on the proposed ban on new ICE cars in 2030","https://petition.parliament.uk/petitions/711554","closed",231
"An Annual Day of Remembrance for children killed in wars, conflicts and violence","https://petition.parliament.uk/petitions/711556","closed",40
"Repeal the Hunting Act 2004","https://petition.parliament.uk/petitions/711568","closed",34
"Change the ‘whole month’ approach to change of circumstances in Universal Credit","https://petition.parliament.uk/petitions/711597","closed",54
"Mandate that all dentists provide minimum amount of NHS services","https://petition.parliament.uk/petitions/711611","closed",253
"Increase funding for IVF & fertility treatments to increase access.","https://petition.parliament.uk/petitions/711621","closed",4495
"Photograph all claimants for DWP Benefits","https://petition.parliament.uk/petitions/711640","closed",82
"More investment in tidal energy generation","https://petition.parliament.uk/petitions/711648","closed",56
"Change the amount of redundancy from 20 years maximum to full employment term.","https://petition.parliament.uk/petitions/711658","closed",31
"Review the affordability of care homes","https://petition.parliament.uk/petitions/711679","closed",66
"Make income threshold for student loan repayments £60,000 and charge no interest","https://petition.parliament.uk/petitions/711682","closed",55
"Referendum on illegal migration.","https://petition.parliament.uk/petitions/711690","closed",2832
"Ban the use of private jets rather than putting additives in cow's food","https://petition.parliament.uk/petitions/711767","closed",77
"Ban private providers from providing home and social care","https://petition.parliament.uk/petitions/711776","closed",68
"Allow more healthcare workers to display green beacons when on call","https://petition.parliament.uk/petitions/711812","closed",37
"Ban textual based large audience social media platforms","https://petition.parliament.uk/petitions/711838","closed",29
"Reduce Discrimination: option to omit birthplace in passports & driving licenses","https://petition.parliament.uk/petitions/711854","closed",23
"Provide funding to preserve and protect cemeteries around the UK.","https://petition.parliament.uk/petitions/711892","closed",10857
"Review how Home Office deals with applications for ILR due to domestic violence","https://petition.parliament.uk/petitions/711921","closed",1980
"Launch a Public Inquiry into Grooming Gangs","https://petition.parliament.uk/petitions/711976","closed",30260
"Bring back capital punishment for the rape of a child ","https://petition.parliament.uk/petitions/711979","closed",2593
"Refuse ability to claim asylum for convicted criminals","https://petition.parliament.uk/petitions/712046","closed",469
"Protect Railway Workers Against Violent Crime","https://petition.parliament.uk/petitions/712057","closed",8967
"Ban people from flying drones over police stations and private properties","https://petition.parliament.uk/petitions/712074","closed",388
"Make the teaching of criminal offences & their consequences compulsory in school","https://petition.parliament.uk/petitions/712115","closed",1056
"Introduce harsher sentencing for theft and fund increased police presence","https://petition.parliament.uk/petitions/712121","closed",59
"Enforce trade and weapon laws: stop online traders selling knives to children","https://petition.parliament.uk/petitions/712134","closed",86
"Regulate lifeguard provision and require them to use coloured flags","https://petition.parliament.uk/petitions/712143","closed",2293
"Require restaurant chains to provide Braille and accessible menus","https://petition.parliament.uk/petitions/712208","closed",246
"Keep stamp duty threshold for first time home buyers at £425,000 or more","https://petition.parliament.uk/petitions/712322","closed",83
"Increase regulation of Giveaway and Competition Websites","https://petition.parliament.uk/petitions/712330","closed",22
"Replace First Past the Post (FPTP) with the Alternative Vote (AV)","https://petition.parliament.uk/petitions/712397","closed",96
"Ban the suffering, fast-growing 'frankenchicken' breeds","https://petition.parliament.uk/petitions/712437","closed",105
"Require registration, mot, road tax and insurance for all e-bikes","https://petition.parliament.uk/petitions/712439","closed",291
"Establish a reparations scheme for victims of Grooming Gangs","https://petition.parliament.uk/petitions/712441","closed",98
"12 month minimum sentence and 6 month rehabilitation course for knife carrying","https://petition.parliament.uk/petitions/712461","closed",56
"Introduce Licensing for Mobile Phones to Prevent Scams and Protect Consumers","https://petition.parliament.uk/petitions/712497","closed",26
"Remove 2 year threshold for unfair dismissal claims ","https://petition.parliament.uk/petitions/712498","closed",43
"Introduce self-defence into the secondary school PE curriculum for all students","https://petition.parliament.uk/petitions/712530","closed",99
"Fund free DNA ancestry tests for Transatlantic Slave Trade Descendants","https://petition.parliament.uk/petitions/712532","closed",22
"Introduce extensive teaching on deforestation to curriculum for all school ages","https://petition.parliament.uk/petitions/712550","closed",475
"Amend false and misleading information offence under Care Act 2014","https://petition.parliament.uk/petitions/712557","closed",35
"Provide funding to address roadside litter across motorways and towns
","https://petition.parliament.uk/petitions/712566","closed",73
"Review and extend Sunday Trading Hours","https://petition.parliament.uk/petitions/712584","closed",73
"Require councils to keep streetlights on during the hours of darkness","https://petition.parliament.uk/petitions/712585","closed",87
"Do not abolish the requirement for voter ID when voting","https://petition.parliament.uk/petitions/712594","closed",60
"Ban prisoner segregation for periods of more than 15 days","https://petition.parliament.uk/petitions/712636","closed",5838
"To promote animal adoption, ban the sale of cats and dogs","https://petition.parliament.uk/petitions/712638","closed",61
"Remove all sanctions on Syria","https://petition.parliament.uk/petitions/712650","closed",5408
"Change the options so that pensions can be paid monthly","https://petition.parliament.uk/petitions/712661","closed",32
"Stop income tax on hospitality employees tips/gratuities","https://petition.parliament.uk/petitions/712667","closed",45
"Make it a criminal offence to mislead or lie in public office","https://petition.parliament.uk/petitions/712668","closed",202
"Immediately ban charities issuing s 21 notices, and revoke those issued","https://petition.parliament.uk/petitions/712679","closed",36
" Change the oath of military and the police","https://petition.parliament.uk/petitions/712680","closed",4507
"Introduce measures to address longevity and repair of products","https://petition.parliament.uk/petitions/712691","closed",50
"Fund free wheelchairs for people who need them","https://petition.parliament.uk/petitions/712737","closed",125
"Stop ""gender critical beliefs"" being protected under the Equality Act","https://petition.parliament.uk/petitions/712741","closed",8642
"Allow motorcycles in bus lanes as default","https://petition.parliament.uk/petitions/712763","closed",27090
"Stop Bonus Payments for Civil Servants","https://petition.parliament.uk/petitions/712820","closed",80
"Make the pensions of former Prime Ministers performance-based","https://petition.parliament.uk/petitions/712845","closed",175
"Establish Complaints Commission for Social Care, Health, Education & Benefits","https://petition.parliament.uk/petitions/712848","closed",2619
"Levy vaccine manufacturers to fund Vaccine Damage Payments and remove indemnity","https://petition.parliament.uk/petitions/712912","closed",38
"Fund training & trauma assessments post discharge from mental health units","https://petition.parliament.uk/petitions/712944","closed",288
"Give automatic equal benefits rights to separated parents who are co-parenting","https://petition.parliament.uk/petitions/712981","closed",58
"Work with others to give frozen Russian assets to Ukraine","https://petition.parliament.uk/petitions/712988","closed",498
"If assisted suicide Bill passes, create fund for care costs for terminally ill
","https://petition.parliament.uk/petitions/712997","closed",43
"Fund more school transportation to increase safety for children","https://petition.parliament.uk/petitions/713041","closed",67
"Government to fund the creation of more arts, drama and music clubs","https://petition.parliament.uk/petitions/713053","closed",36
"Exclude Commission and Incentive-based Pay from Minimum Wage Calculations","https://petition.parliament.uk/petitions/713058","closed",30
"Ban junk mail generically addressed to ""The Occupier"", ""The Householder"" etc","https://petition.parliament.uk/petitions/713061","closed",126
"Introduce a parliamentarian audit function","https://petition.parliament.uk/petitions/713100","closed",63
"Increase speed limit from 70 mph to 90 mph on motorways.","https://petition.parliament.uk/petitions/713108","closed",101
"Provide funding for all pregnant women to have an ultrasound for CHD","https://petition.parliament.uk/petitions/713118","closed",803
"Raise the maximum price for MOT tests for the first time since 2010","https://petition.parliament.uk/petitions/713119","closed",731
"Do not restrict vape flavours","https://petition.parliament.uk/petitions/713128","closed",12887
"Repeal the Occupiers Liability Act 1984","https://petition.parliament.uk/petitions/713130","closed",50
"Increase SEND funding for Early Years","https://petition.parliament.uk/petitions/713148","closed",225
"Referendum on abolishing the Greater London Assembly & Mayor of London position","https://petition.parliament.uk/petitions/713174","closed",94
"Fund access to Holistic Needs Assessment for all NHS cancer patients & follow-up","https://petition.parliament.uk/petitions/713180","closed",2606
"Change how news sites announce celebrity deaths","https://petition.parliament.uk/petitions/713204","closed",36
"Require councils to be responsible for stray cats","https://petition.parliament.uk/petitions/713213","closed",54
"Set up an independent task force separate from police to target grooming gangs","https://petition.parliament.uk/petitions/713221","closed",80
"Change interim driving disqualifications from 6 months to until sentencing.","https://petition.parliament.uk/petitions/713245","closed",1212
"Mandatory minimum sentences for offences relating to indecent images of children","https://petition.parliament.uk/petitions/713278","closed",212
"Review minimum sentences for perpetrators of violence and sexual abuse","https://petition.parliament.uk/petitions/713293","closed",131
"Review the Life in the UK test","https://petition.parliament.uk/petitions/713308","closed",21
"Introduce 20% maximum commission rate for private hire (ride hailing companies)","https://petition.parliament.uk/petitions/713392","closed",98
"Ban AI tools to write and mark school assignments","https://petition.parliament.uk/petitions/713395","closed",56
"Create a national welfare team to oversee kennels holding seized dogs","https://petition.parliament.uk/petitions/713398","closed",1238
"Require bars and clubs to assign Security personnel to oversee restrooms","https://petition.parliament.uk/petitions/713443","closed",25
"Review process for Foster Carers transferring between local authorities","https://petition.parliament.uk/petitions/713444","closed",88
"Ban behavioural data extraction for advertising","https://petition.parliament.uk/petitions/713456","closed",461
"End the mandate for students aged 16-18 to resit GCSE Maths and English","https://petition.parliament.uk/petitions/713471","closed",38
"Require social media companies to implement independent fact-checking","https://petition.parliament.uk/petitions/713487","closed",52
"Restrict post-2021 migrants from acquiring Indefinite Leave to Remain","https://petition.parliament.uk/petitions/713505","closed",144
"Review, and simplify regulations about the operation of Large Goods Vehicles ","https://petition.parliament.uk/petitions/713562","closed",24
"Decide on any change to the commission payable on the sale of a Park Home","https://petition.parliament.uk/petitions/713567","closed",5644
"Create a public register of domestic abuse offenders","https://petition.parliament.uk/petitions/713569","closed",1097
"Do not describe sexual abuse of children as ""grooming"" by ""grooming gangs""","https://petition.parliament.uk/petitions/713571","closed",241
"Postgraduate loans for tuition fees should not count as income for benefits","https://petition.parliament.uk/petitions/713572","closed",23
"Stop 25p age addition for pensioners 80+, instead fund the NHS for elderly","https://petition.parliament.uk/petitions/713588","closed",37
"Ban chewing tobacco to prevent cancer and litter","https://petition.parliament.uk/petitions/713589","closed",351
"New offence for giving injectable aesthetics without qualifications & insurance","https://petition.parliament.uk/petitions/713594","closed",36
"Stop taxis operating outside their licensing area","https://petition.parliament.uk/petitions/713602","closed",862
"Media companies to be restricted from attending inquests not of public interest","https://petition.parliament.uk/petitions/713635","closed",15
"Extend the 2007 workplace smoking ban and 2015 car smoking ban to include vapes","https://petition.parliament.uk/petitions/713673","closed",93
"Remove sanctions against Russia if ceasefire deal agreed with Ukraine","https://petition.parliament.uk/petitions/713677","closed",35
"Increase funding for people with Parkinson’s and implement the ""Parky Charter""","https://petition.parliament.uk/petitions/713714","closed",113439
"Make aggressive social media auditing a criminal offence","https://petition.parliament.uk/petitions/713717","closed",252
"Require drug testing for employees in certain roles","https://petition.parliament.uk/petitions/713730","closed",45
"Require councils to give everyone a month off of paying council tax","https://petition.parliament.uk/petitions/713786","closed",412
"Reintroduce the dog licence for dog owners","https://petition.parliament.uk/petitions/713793","closed",257
"Ensure plurality of political coverage across UK broadcast media at all times","https://petition.parliament.uk/petitions/713798","closed",17051
"Parliament to approve nominations of non-career diplomat positions ","https://petition.parliament.uk/petitions/713813","closed",83
"Reduce the time required to qualify for Cold Weather Payments","https://petition.parliament.uk/petitions/713852","closed",45
"Incorporate the UNCRDP into domestic law and appoint a Secretary of State","https://petition.parliament.uk/petitions/713868","closed",1017
"Ban artificial intelligence-produced imagery and art from being copyrighted","https://petition.parliament.uk/petitions/713888","closed",1080
"Allow British Citizens by Descent to upgrade their citizenship","https://petition.parliament.uk/petitions/713909","closed",3106
"Implement an ""HSE Owned Legal Register for Electricians""","https://petition.parliament.uk/petitions/713910","closed",2467
"Fund improvements for victims reporting rape","https://petition.parliament.uk/petitions/713920","closed",58
"Introduce measures to hold social media platforms to account for tackling scams","https://petition.parliament.uk/petitions/713921","closed",50
"Require social platforms let users change algorithms after baby loss/miscarriage","https://petition.parliament.uk/petitions/713924","closed",389
"Make Accents a Protected Characteristic under the Equality Act 2010","https://petition.parliament.uk/petitions/713933","closed",24
"Require schools to allow students to use their phones at break and lunch","https://petition.parliament.uk/petitions/713966","closed",89
"Fund a nationwide app for parking","https://petition.parliament.uk/petitions/713975","closed",42
"Raise the personal tax allowance to £13750","https://petition.parliament.uk/petitions/714019","closed",91
"Create a compensation scheme for businesses affected by rail strikes","https://petition.parliament.uk/petitions/714020","closed",42
"Disqualify current or ex Solicitors, Barristers & Judges from becoming MPs","https://petition.parliament.uk/petitions/714023","closed",44
"Review the police response to assaults on mental health nurses","https://petition.parliament.uk/petitions/714028","closed",6727
"Require hunting hounds to wear muzzles when on a trail or clean boot hunt","https://petition.parliament.uk/petitions/714034","closed",92
"Ensure companies don't make excess profits to bring prices down to a fair amount","https://petition.parliament.uk/petitions/714048","closed",65
"Close the child maintenance payment loophole for parents working abroad","https://petition.parliament.uk/petitions/714054","closed",43
"Fund offer of toxicology test for repetitive symptoms unexplained otherwise","https://petition.parliament.uk/petitions/714056","closed",2708
"Make it mandatory for all disabled bays to be painted yellow","https://petition.parliament.uk/petitions/714068","closed",66
"Climate policies: do more to engage and consider impacts on disabled people","https://petition.parliament.uk/petitions/714107","closed",93
"Give Wales the same funding per person for the rail network as England","https://petition.parliament.uk/petitions/714108","closed",974
"Abolish Vehicle Excise Duty and add the cost to Fuel Duty","https://petition.parliament.uk/petitions/714115","closed",35
"Review the legislation relating to asylum and refugees entering the UK","https://petition.parliament.uk/petitions/714121","closed",104
"Deport people with dual nationality who are found guilty of raping children","https://petition.parliament.uk/petitions/714124","closed",3562
"Fund free British Sign Language Courses for deaf people and their friends/family","https://petition.parliament.uk/petitions/714129","closed",567
"Make mortgage lenders consider rent as proof of affordability","https://petition.parliament.uk/petitions/714137","closed",73
"Stop funding for interfaith initiatives","https://petition.parliament.uk/petitions/714143","closed",25
"Introduce an Education Voucher Scheme for Equity in UK Education","https://petition.parliament.uk/petitions/714144","closed",76
"Increase funding for the NHS","https://petition.parliament.uk/petitions/714146","closed",64
"Do not repeal the Legacy Act","https://petition.parliament.uk/petitions/714168","closed",143
"Require magistrates courts to record court hearings so there is a record","https://petition.parliament.uk/petitions/714189","closed",52
"Amend the Health and Safety Act to make mental health training mandatory","https://petition.parliament.uk/petitions/714200","closed",544
"Ban the sale, ownership and access to smartphones for children 16 and under","https://petition.parliament.uk/petitions/714201","closed",692
"Raise the VAT threshold to £125,000","https://petition.parliament.uk/petitions/714203","closed",30
"Nationalise all public utilities: water, energy, telecoms, postal and buses","https://petition.parliament.uk/petitions/714210","closed",206
"Review the use of retail businesses as cover for illegality","https://petition.parliament.uk/petitions/714216","closed",327
"Require daily sports in schools and increase school sports funding","https://petition.parliament.uk/petitions/714217","closed",453
"Fund free prescriptions for organ transplant patient's lifelong medication","https://petition.parliament.uk/petitions/714221","closed",67
"Make assaulting a security worker a standalone offence","https://petition.parliament.uk/petitions/714242","closed",4492
"Fund more support for armed forces veterans when they leave","https://petition.parliament.uk/petitions/714248","closed",996
"Require inquests into the death of a child by suicide to be private","https://petition.parliament.uk/petitions/714260","closed",3030
"Make bullying a specific criminal offence","https://petition.parliament.uk/petitions/714263","closed",438
"Increase funding so councils can employ more lollipop people outside schools","https://petition.parliament.uk/petitions/714264","closed",27
"Make AED’s (Automated External Defibrillator) mandatory in public town centres","https://petition.parliament.uk/petitions/714269","closed",41
"Keep the requirement for voter ID when voting and limit postal voting","https://petition.parliament.uk/petitions/714271","closed",74
"Reverse the decision to axe the £4 million Latin Excellence Programme in schools","https://petition.parliament.uk/petitions/714298","closed",28
"Referendum on the UK to be neutral on Ukraine and end all bilateral agreements","https://petition.parliament.uk/petitions/714303","closed",2313
"Make Mental Health Assistant Practitioners (MHAPs) regulated professionals","https://petition.parliament.uk/petitions/714309","closed",36
"Allow Parliament to remove the London Mayor","https://petition.parliament.uk/petitions/714319","closed",39231
"Reform the British Spouse Visa System","https://petition.parliament.uk/petitions/714324","closed",1156
"Require social housing providers to allow XL bullies with exemption certificate","https://petition.parliament.uk/petitions/714335","closed",6220
"Fund Child Contact Centre visits for parents","https://petition.parliament.uk/petitions/714347","closed",211
"Reform the processes of arranging a funeral / collecting ashes","https://petition.parliament.uk/petitions/714368","closed",107
"NHS dental nurses to be entitled to an NHS pension","https://petition.parliament.uk/petitions/714371","closed",121
"End the Immigration Health Surcharge for National Insurance payers","https://petition.parliament.uk/petitions/714377","closed",48
"Funding for Gastric Pacemaker Treatment for Gastroparesis Patients","https://petition.parliament.uk/petitions/714390","closed",941
"Fund greater police presence in bike theft hotspots","https://petition.parliament.uk/petitions/714392","closed",583
"Make machines, which take payment on exit, mandatory for parking operators.","https://petition.parliament.uk/petitions/714398","closed",82
"Apply the same energy efficiency legislation to all property - not just rentals","https://petition.parliament.uk/petitions/714434","closed",979
"Review regulations imposed on tenants in temporary accommodation","https://petition.parliament.uk/petitions/714450","closed",89
"Make it illegal for the media to shame victims of romance fraud","https://petition.parliament.uk/petitions/714460","closed",151
"Scrap 100 Year Deal With Ukraine And Fund State Of The Art NHS Hospitals Instead","https://petition.parliament.uk/petitions/714468","closed",70
"Create an inclusive special envoy for home educating families","https://petition.parliament.uk/petitions/714481","closed",586
"Remove the expensive car supplement for secondhand cars","https://petition.parliament.uk/petitions/714484","closed",21
"Introduce random alcohol & drug testing within the House of Commons","https://petition.parliament.uk/petitions/714495","closed",2970
"Ban balaclavas except for winter activity use","https://petition.parliament.uk/petitions/714497","closed",779
"Create English regional assemblies (regional governments)","https://petition.parliament.uk/petitions/714502","closed",18
"Require general elections at least every 3 years instead of 5","https://petition.parliament.uk/petitions/714504","closed",113
"Require pension providers to contact their customers every 5 years","https://petition.parliament.uk/petitions/714517","closed",37
"Review how the legal system and police treat abuse cases","https://petition.parliament.uk/petitions/714518","closed",129
"Provide funding for a review of the efficacy of Pineal Gland Surgery ","https://petition.parliament.uk/petitions/714520","closed",2004
"Provide funding for a national crime reference number system","https://petition.parliament.uk/petitions/714521","closed",17
"Include more sports options for GCSE PE","https://petition.parliament.uk/petitions/714551","closed",1221
"Review the car insurance industry and car insurance premiums","https://petition.parliament.uk/petitions/714562","closed",67
"Introduce minimum age and driving experience for emergency response drivers","https://petition.parliament.uk/petitions/714563","closed",22
"Review assessment of and guidelines about ARFID in ASD children","https://petition.parliament.uk/petitions/714572","closed",38
"Make Nakba education part of the national curriculum","https://petition.parliament.uk/petitions/714586","closed",458
"Fund the NHS to employ Blood Bikers","https://petition.parliament.uk/petitions/714607","closed",61
"Shorten the school days in winter.","https://petition.parliament.uk/petitions/714623","closed",22
"Regulate the housing market more strictly","https://petition.parliament.uk/petitions/714639","closed",57
"Decrease the speed limit on country roads for the protection of animals","https://petition.parliament.uk/petitions/714644","closed",145
"Require all social media companies to allow infinite scrolling to be turned off","https://petition.parliament.uk/petitions/714658","closed",30
"Regulate & License the Non-Surgical Cosmetic Sector","https://petition.parliament.uk/petitions/714660","closed",99
"Raise the age of digital consent from 13 to 16","https://petition.parliament.uk/petitions/714661","closed",49
"Legal requirement to test and record blood group at birth for medical records","https://petition.parliament.uk/petitions/714669","closed",42
"Review and reform Cafcass to address systemic failings and protect families","https://petition.parliament.uk/petitions/714670","closed",245
"Remove people on the terror watch list from the UK","https://petition.parliament.uk/petitions/714695","closed",4758
"Amend Article 6 of the Human Rights Act to ensure a fair trial for Victims","https://petition.parliament.uk/petitions/714698","closed",74
"Remove Permitted Development rights for HMO property up to 6 unrelated persons.","https://petition.parliament.uk/petitions/714723","closed",81
"Require recycling facilities for blister packs in all dispensaries and chemists","https://petition.parliament.uk/petitions/714733","closed",466
"Give the Chagos Islands to the USA","https://petition.parliament.uk/petitions/714760","closed",37
"Do not introduce digital driving licences","https://petition.parliament.uk/petitions/714765","closed",862
"End the UK’s membership of the World Health Organisation","https://petition.parliament.uk/petitions/714790","closed",265
"Extend the closing date of the Plug-in Van and Truck Grant beyond 31 March 2025","https://petition.parliament.uk/petitions/714795","closed",15
"Add the subject of post-partum mental illness to the national curriculum","https://petition.parliament.uk/petitions/714804","closed",75
"Ban the Nazi salute, like in Germany, and Austria","https://petition.parliament.uk/petitions/714817","closed",734
"Fund all secondary schools to have metal detectors","https://petition.parliament.uk/petitions/714842","closed",74
"Increase the minimum sentence for the possession and use of a knife","https://petition.parliament.uk/petitions/714854","closed",81
"Fund airport-style security for all schools to screen students for drugs","https://petition.parliament.uk/petitions/714857","closed",20
"Require all household knives to have blunt ends","https://petition.parliament.uk/petitions/714865","closed",145
"Petition for Home Office to Add Residence number /  to Evisa","https://petition.parliament.uk/petitions/714882","closed",20
"Ban the sale of knives, crossbows and other weapons online","https://petition.parliament.uk/petitions/714887","closed",282
"Introduce national service for 16-year-olds who have serious criminal records","https://petition.parliament.uk/petitions/714896","closed",81
"Distinguish pets from other types of property in civil and family proceedings","https://petition.parliament.uk/petitions/714902","closed",5147
"Grant free British citizenship to Europeans with settled status","https://petition.parliament.uk/petitions/714914","closed",3429
"Review how NS&I contact Premium Bond prize winners","https://petition.parliament.uk/petitions/714919","closed",369
"Change cold weather payments so it's a daily payment","https://petition.parliament.uk/petitions/714920","closed",26
"Fund school dentists for every school","https://petition.parliament.uk/petitions/714925","closed",68
"Stop airport expansion: halt all airport expansion plans across the UK","https://petition.parliament.uk/petitions/714927","closed",10998
"Require all businesses to have environmental sustainability plans by 2030","https://petition.parliament.uk/petitions/714961","closed",37
"Name people under 18 who are found guilty of murder","https://petition.parliament.uk/petitions/714967","closed",79
"Stop bookmakers from banning or restricting customers","https://petition.parliament.uk/petitions/714988","closed",296
"Fund improvements for young people with SEND who visit GP surgeries","https://petition.parliament.uk/petitions/714990","closed",139
"Introduce military service sentences for carrying a bladed weapon","https://petition.parliament.uk/petitions/714998","closed",43
"Implement a ‘Statutory Dependents Pay’ for being off with your sick child","https://petition.parliament.uk/petitions/715000","closed",181
"Make ""ghost jobs"" illegal","https://petition.parliament.uk/petitions/715006","closed",329
" Increase funding to combat violence against women and girls in the UK & abroad","https://petition.parliament.uk/petitions/715036","closed",88
"Stop all non-British citizens from voting in elections","https://petition.parliament.uk/petitions/715041","closed",595
"Hold parents legally accountable for their children’s actions","https://petition.parliament.uk/petitions/715047","closed",61
"Provide funding for schools to hire a security guard to protect our children","https://petition.parliament.uk/petitions/715050","closed",42
"More direct communication between the NHS and the Government & Parliament","https://petition.parliament.uk/petitions/715059","closed",113
"Ban adoption when birth parents are alive","https://petition.parliament.uk/petitions/715062","closed",28
"Give small hospitality businesses 10% VAT relief","https://petition.parliament.uk/petitions/715075","closed",79
"Introduce whole life tariffs for under 18s who commit murder","https://petition.parliament.uk/petitions/715078","closed",149
"Reopen BNO applications for those born before 1997","https://petition.parliament.uk/petitions/715091","closed",548
"Lower the apprenticeship age to 14","https://petition.parliament.uk/petitions/715096","closed",63
"Require police to keep their body worn cameras on when dealing with people","https://petition.parliament.uk/petitions/715134","closed",48
"Make the carrying of ID cards mandatory","https://petition.parliament.uk/petitions/715184","closed",115
"Fund more shingles vaccines. Make it available for those age 60+","https://petition.parliament.uk/petitions/715203","closed",31
"Cease UK-Iraq trade and investment if child marriage is permitted in Iraq","https://petition.parliament.uk/petitions/715206","closed",58
"Provide funding to increase police presence on the streets","https://petition.parliament.uk/petitions/715220","closed",229
"Raise statutory maternity/paternity pay to match the National Living Wage","https://petition.parliament.uk/petitions/715292","closed",107966
"Regulate the keeping and breeding of all foxes, both native and non-native","https://petition.parliament.uk/petitions/715344","closed",70
"Repeal the Public Order Act 2023","https://petition.parliament.uk/petitions/715427","closed",1981
"Review how cases involving domestic violence are assigned to court location","https://petition.parliament.uk/petitions/715444","closed",34
"Re-join the Erasmus+ programme for UK students","https://petition.parliament.uk/petitions/715457","closed",305
"Ban the videoing of attacks being shared online","https://petition.parliament.uk/petitions/715470","closed",49
"Lower the age of criminal responsibility to stop gang culture and ASB","https://petition.parliament.uk/petitions/715473","closed",67
"Make it illegal for haulage companies to send HGVs into red weather warnings","https://petition.parliament.uk/petitions/715483","closed",104
"Grant the vote for London Mayor to all UK Residents","https://petition.parliament.uk/petitions/715511","closed",70907
"Pause and review the smart meter rollout","https://petition.parliament.uk/petitions/715512","closed",136
"Allocate annual funding to accelerate breakthroughs in MND research ","https://petition.parliament.uk/petitions/715520","closed",4848
"Require pickup of packaging boxes by companies making repeat deliveries","https://petition.parliament.uk/petitions/715546","closed",174
"Allow Gluten-Free applicants to join the British Army","https://petition.parliament.uk/petitions/715555","closed",58
"Introduce mandatory life sentences for child sex offences","https://petition.parliament.uk/petitions/715556","closed",2325
"Create a visa route for Palestinian Orphans and Simplify Adoption Processes","https://petition.parliament.uk/petitions/715558","closed",215
"Increase funding for ARFID treatment","https://petition.parliament.uk/petitions/715559","closed",1865
"Require food retailers to label products which are subject to shrinkflation","https://petition.parliament.uk/petitions/715577","closed",56
"Make bus travel free for secondary school students","https://petition.parliament.uk/petitions/715593","closed",122
"Ban schools from implementing policies relating to appearance except clothing","https://petition.parliament.uk/petitions/715608","closed",126
"Review the EHCP process. Timescales are not being met which is distressing.","https://petition.parliament.uk/petitions/715626","closed",1515
"Revoke visas of parents whose children are convicted of serious violent crime","https://petition.parliament.uk/petitions/715633","closed",93
"Implement a 5% Cap on Annual Council Tax Increases by Town and Parish Councils","https://petition.parliament.uk/petitions/715666","closed",79
"Change law so people over 16 get a whole life term if they commit knife crime","https://petition.parliament.uk/petitions/715668","closed",78
"Stop the closure of the Public Switched Telephone Network","https://petition.parliament.uk/petitions/715671","closed",57
"Add boxing and martial arts to the education curriculum","https://petition.parliament.uk/petitions/715681","closed",30
"Scrap the 100ml rule for hand luggage in airports","https://petition.parliament.uk/petitions/715696","closed",33
"Fund access to Lecanemab on the NHS","https://petition.parliament.uk/petitions/715702","closed",38
"Make it mandatory for drivers to provide Driving Licence to get insurance","https://petition.parliament.uk/petitions/715703","closed",1283
"Allow ICT (intracompany transfer) visas to count towards ILR","https://petition.parliament.uk/petitions/715704","closed",84
"Make a criminal offence not to label AI generated media & communication as such","https://petition.parliament.uk/petitions/715706","closed",253
"Introduce a right to roam law, also known as the right of responsible access","https://petition.parliament.uk/petitions/715708","closed",88
"Remove the VAT on Period Swimwear and Sportswear","https://petition.parliament.uk/petitions/715709","closed",847
"Retain the UK's stockpile of Plutonium and make more","https://petition.parliament.uk/petitions/715770","closed",139
"Fund a free, nationwide 'Parental Control App' to keep all children safe online","https://petition.parliament.uk/petitions/715773","closed",278
"Require local authorities to appoint a park homes officer","https://petition.parliament.uk/petitions/715781","closed",46
"Regulate price of car repairs and labour costs","https://petition.parliament.uk/petitions/715786","closed",34
"Allow Veterans who left before 1987 to claim compensation for hearing loss.","https://petition.parliament.uk/petitions/715800","closed",18429
"Scrap the UK Armed Forces’ blanket ban on recruits with diabetes","https://petition.parliament.uk/petitions/715802","closed",41
"Commit 1% of government spending to development of space activities","https://petition.parliament.uk/petitions/715831","closed",345
"Fund a full bursary and maintenance fund to train Learning Disability Nurses","https://petition.parliament.uk/petitions/715835","closed",3266
"Amend the Mobile Homes (Site Rules) (England) Regulations 2014","https://petition.parliament.uk/petitions/715848","closed",17
"Create a national process to ensure Mobile Homes Legislation is fully enforced","https://petition.parliament.uk/petitions/715850","closed",24
"Support Men’s Mental Health: End the Stigma, Expand Support, and Save Lives","https://petition.parliament.uk/petitions/715858","closed",69
"Put education on allergy & autoimmune based diets on the National Curriculum","https://petition.parliament.uk/petitions/715877","closed",34
"Allow the extension of visas for Ukrainian refugees not residing in the UK","https://petition.parliament.uk/petitions/715891","closed",69
"Ban AI companies from using music streaming to train AI","https://petition.parliament.uk/petitions/715896","closed",98
"More funding for GPs to provide face-to-face appointments and walk-in clinics","https://petition.parliament.uk/petitions/715936","closed",48
"Fund construction of new fighter jets","https://petition.parliament.uk/petitions/715946","closed",50
"Protect the 6 Nations Championship & Ensure Live Free to Air Broadcast","https://petition.parliament.uk/petitions/715965","closed",37
"Require sports to be available on free to air tv","https://petition.parliament.uk/petitions/715973","closed",144
"Abolish tuition fees for healthcare courses and pay students on NHS placements","https://petition.parliament.uk/petitions/716001","closed",8588
"Change the law so all investors can vote their shares","https://petition.parliament.uk/petitions/716003","closed",2580
"Fund more A&E services","https://petition.parliament.uk/petitions/716009","closed",45
"Make predatory lenders illegal in the UK","https://petition.parliament.uk/petitions/716015","closed",64
"Drivers arrested for drug driving to be banned immediately","https://petition.parliament.uk/petitions/716024","closed",252
"Reform Dog Laws: Licensing & Mandatory Training Instead of Breed Bans","https://petition.parliament.uk/petitions/716062","closed",93
"Make it legal responsibility for homeowners to maintain property exteriors","https://petition.parliament.uk/petitions/716071","closed",25
"Make it illegal to use ""enriched"" cages in farming ","https://petition.parliament.uk/petitions/716075","closed",97
"Ban the residential use of artificial grass","https://petition.parliament.uk/petitions/716095","closed",3274
"Teach Clare’s Law in school for young females & males","https://petition.parliament.uk/petitions/716100","closed",60
"Increase personal tax allowance for single parents","https://petition.parliament.uk/petitions/716144","closed",77
"Mandate life with minimum 40-year tariff for murder if the body is dismembered","https://petition.parliament.uk/petitions/716152","closed",65
"Make the Tour de France a Category A event so it is free-to-air","https://petition.parliament.uk/petitions/716157","closed",18471
"Require personal care in care homes to be done by carers of the same sex ","https://petition.parliament.uk/petitions/716189","closed",51
"Fund making Pet Neutering Free for all animals","https://petition.parliament.uk/petitions/716205","closed",56
"Change the law to allow 17 year olds to purchase alcohol in a pub","https://petition.parliament.uk/petitions/716208","closed",25
"Commit to not removing the presumption of parental involvement","https://petition.parliament.uk/petitions/716228","closed",920
"Change the law to tell parents if their child threatens suicide to a doctor","https://petition.parliament.uk/petitions/716245","closed",1541
"Require all workplaces to have Neurodiversity Advocates","https://petition.parliament.uk/petitions/716250","closed",154
"Non-molestation orders to be heard in magistrate or crown court not family court","https://petition.parliament.uk/petitions/716287","closed",25
"Require car parks to have an on-site payment point","https://petition.parliament.uk/petitions/716309","closed",146
"Require companies to provide information about supply chains for all products","https://petition.parliament.uk/petitions/716356","closed",54
"Replace RE with 'Equality and acceptance' in the national curriculum ","https://petition.parliament.uk/petitions/716357","closed",31
"Do not extend the BBC TV license fee to streaming services","https://petition.parliament.uk/petitions/716361","closed",353
"Require all MPs to publish their tax returns by law","https://petition.parliament.uk/petitions/716393","closed",687
"Stop building solar/wind farms until a cost-benefit analysis is made public","https://petition.parliament.uk/petitions/716397","closed",3396
"Stop benefits and free healthcare for immigrants who have not worked in the UK","https://petition.parliament.uk/petitions/716399","closed",12936
"Require airlines to allow name changes if a passenger can’t travel","https://petition.parliament.uk/petitions/716438","closed",32
"Increase Funding for Mental Health Services in Schools for Students’ Well-being","https://petition.parliament.uk/petitions/716442","closed",285
"Introduce a new enforcement scheme for businesses that violate the Equality Act ","https://petition.parliament.uk/petitions/716461","closed",34
"Require financial service providers to issue updates about service disruptions","https://petition.parliament.uk/petitions/716471","closed",28
"Review and strengthen enforcement of housing and equality laws in rental sector","https://petition.parliament.uk/petitions/716476","closed",28
"Review safeguarding of disabled children in schools and accessibility ","https://petition.parliament.uk/petitions/716491","closed",48
"Equalise the minimum wage for 18-20 year olds and 21+ workers","https://petition.parliament.uk/petitions/716492","closed",61
"Remove CWS Bill clauses and provide tangible support to home educating parents","https://petition.parliament.uk/petitions/716515","closed",32576
"Allow care workers to bring their families to the UK","https://petition.parliament.uk/petitions/716517","closed",327
"Take action to improve waiting times for access to work applications","https://petition.parliament.uk/petitions/716527","closed",573
"Abolish personal allowance tapering","https://petition.parliament.uk/petitions/716530","closed",40
"Review protections for victims to keep custody of their children","https://petition.parliament.uk/petitions/716548","closed",110
"Require the use of sexed language in government-funded health communications ","https://petition.parliament.uk/petitions/716553","closed",12139
"Introduce 18 year residency and English language requirements to vote in general","https://petition.parliament.uk/petitions/716570","closed",341
"Define Anti-Palestinian Racism (APR) & launch an inquiry into APR","https://petition.parliament.uk/petitions/716576","closed",5017
"Review enforcement of law around vehicle transporter licenses ","https://petition.parliament.uk/petitions/716587","closed",28
"Apply sanctions to the US","https://petition.parliament.uk/petitions/716617","closed",53
"Require food establishments to have adrenaline autoinjectors readily available","https://petition.parliament.uk/petitions/716622","closed",42
"Criminalise homophobia and transphobia","https://petition.parliament.uk/petitions/716635","closed",1239
"Triple government spending on expanding prison capacity","https://petition.parliament.uk/petitions/716652","closed",35
"Recognise the production and serving of cask ale as Intangible Cultural Heritage","https://petition.parliament.uk/petitions/716686","closed",41026
"Improve regulations of holiday rental properties","https://petition.parliament.uk/petitions/716706","closed",71
"Extend universal credit payments to cover 53 week rent years","https://petition.parliament.uk/petitions/716711","closed",67
"Hold a referendum on any proposal to transfer UK overseas territory
","https://petition.parliament.uk/petitions/716731","closed",79
"Introduce legal standards for hedgehog houses","https://petition.parliament.uk/petitions/716755","closed",218
"Require care homes to have a 1 to 5 staff to resident ratio","https://petition.parliament.uk/petitions/716756","closed",39
"Require venues to have full accessibility info on their websites","https://petition.parliament.uk/petitions/716757","closed",777
"Make ""Stolen Valour"" a Criminal Offence","https://petition.parliament.uk/petitions/716765","closed",2472
"Exempt workers over 60 from National Insurance payments","https://petition.parliament.uk/petitions/716793","closed",454
"Stop the DVLA selling information to private companies","https://petition.parliament.uk/petitions/716819","closed",105
"Hold an urgent Citizens’ Assembly on AI and enact its recommendations","https://petition.parliament.uk/petitions/716823","closed",85
"Prevent the switching off of analogue landlines and fund public payphones","https://petition.parliament.uk/petitions/716843","closed",69
"Introduce publicly accessible naloxone distribution points in high risk areas","https://petition.parliament.uk/petitions/716866","closed",34
"Stronger Product Safety & Copyright protection on Non-UK E-Commerce Platforms","https://petition.parliament.uk/petitions/716873","closed",159
"Add animal care to the national curriculum ","https://petition.parliament.uk/petitions/716897","closed",69
"Ban state schools from making Religious Studies a mandatory GCSE subject","https://petition.parliament.uk/petitions/716922","closed",42
"Put the dangers of methanol poisoning on the school curriculum","https://petition.parliament.uk/petitions/716935","closed",12442
"Require CCTV cameras in all SEN schools and settings such as transport","https://petition.parliament.uk/petitions/716939","closed",377
"Provide urgent ring-fenced funding for counsellors in every school in England","https://petition.parliament.uk/petitions/716942","closed",847
"Change the switch back to British Summer Time (BST) to approx 1st March","https://petition.parliament.uk/petitions/716983","closed",36
"Specify China under Enhanced Tier of the Foreign Influence Registration Scheme","https://petition.parliament.uk/petitions/716992","closed",5914
"Do not support deployment of small modular reactors","https://petition.parliament.uk/petitions/717008","closed",19
"Replace percentage pay increases with flat rate rise for public sector employees","https://petition.parliament.uk/petitions/717026","closed",30
"Allow Sponsored workers to work for 24hrs per week in a second job ","https://petition.parliament.uk/petitions/717033","closed",27
"Amend the guidance on developing school uniform policy: require practicality","https://petition.parliament.uk/petitions/717040","closed",100
"Review anti-dumping measures and duties","https://petition.parliament.uk/petitions/717056","closed",19
"Provide funding for nit nurses to visit schools","https://petition.parliament.uk/petitions/717062","closed",40
"End the Injustice: Grant British Nationals (Overseas) Full UK Citizenship","https://petition.parliament.uk/petitions/717065","closed",36182
"Require airlines to provide/sell sanitary products","https://petition.parliament.uk/petitions/717071","closed",49
"Review marginal cost pricing and energy bills","https://petition.parliament.uk/petitions/717088","closed",64
"Grant £10K per year to small retailers facing losses from shoplifting","https://petition.parliament.uk/petitions/717092","closed",305
"Make St Swithin's Day a Bank Holiday","https://petition.parliament.uk/petitions/717103","closed",39
"Reform the taxation system: Increase the number of tax bands & abolish NI & VAT","https://petition.parliament.uk/petitions/717108","closed",74
"Treat unmarried couples the same as married couples for inheritance tax","https://petition.parliament.uk/petitions/717117","closed",28
"Extend FOIA to any private company providing services under government contract","https://petition.parliament.uk/petitions/717120","closed",675
"Legislate for Mobile Phones to have Hardware ""Kill Switch"" to help reduce thefts","https://petition.parliament.uk/petitions/717126","closed",46
"Amend planning regulations to help enable commercial on-site living spaces","https://petition.parliament.uk/petitions/717130","closed",17
"Stop self-employed parents from using the CMS","https://petition.parliament.uk/petitions/717141","closed",22
"Set an ambitious target for building more apartments","https://petition.parliament.uk/petitions/717178","closed",19
"Fund more doctor postgraduate training posts in the NHS","https://petition.parliament.uk/petitions/717182","closed",553
"Unban the supply of plastic straws, stirrers and cotton buds","https://petition.parliament.uk/petitions/717192","closed",35
"Require councils to limit temporary accommodation to a maximum of 4 years","https://petition.parliament.uk/petitions/717197","closed",190
"Repeal the Investigatory Powers Act","https://petition.parliament.uk/petitions/717199","closed",192
"Strengthen law on tortoise breeding, ownership and imports","https://petition.parliament.uk/petitions/717208","closed",37
"Abolish stamp duty for downsizers of pension age","https://petition.parliament.uk/petitions/717227","closed",43
"Cap the cost of council fines at 100% of the original charge","https://petition.parliament.uk/petitions/717233","closed",28
"Require licences for all air guns, including bb guns, and knives","https://petition.parliament.uk/petitions/717243","closed",42
"Introduce a minimum trainee teacher wage equivalent to Teaching Assistant salary","https://petition.parliament.uk/petitions/717249","closed",559
"Require banks and building societies to keep providing pass books for savings","https://petition.parliament.uk/petitions/717264","closed",36
"Require air-freighted produce to be labelled as such","https://petition.parliament.uk/petitions/717266","closed",25
"Require candidates for MP to be registered to vote and residents of the UK ","https://petition.parliament.uk/petitions/717298","closed",5806
"Ban lab grown meat for pet food, and do not approve it for human consumption","https://petition.parliament.uk/petitions/717302","closed",69
"Start a government ""do not drop litter"" campaign","https://petition.parliament.uk/petitions/717322","closed",1186
"Require schools to teach about organised crime & increase police funding ","https://petition.parliament.uk/petitions/717326","closed",23
"Establish a Royal Commission on assisted dying","https://petition.parliament.uk/petitions/717366","closed",1473
"Create a new national agency specifically dealing with anti-social behaviour","https://petition.parliament.uk/petitions/717378","closed",35
"Make substance use during pregnancy and breastfeeding a specific offence","https://petition.parliament.uk/petitions/717389","closed",56
"Raise the 20% tax bracket to £20,000 and 40% tax bracket to £80,180","https://petition.parliament.uk/petitions/717392","closed",132
"Change child maintenance liability so it's not based on income","https://petition.parliament.uk/petitions/717395","closed",49
"Create a new independent regulatory body for vets","https://petition.parliament.uk/petitions/717434","closed",1793
"Ban workplace or private pensions being considered in divorce settlements","https://petition.parliament.uk/petitions/717443","closed",40
"Stop Energy Companies charging more for day time usage when on Economy 7","https://petition.parliament.uk/petitions/717458","closed",25
"Issue a statement defending Canada’s Sovereignty","https://petition.parliament.uk/petitions/717482","closed",64
"Hold a UK referendum before joining any defence and security pact with the EU.","https://petition.parliament.uk/petitions/717489","closed",23530
"Allow vehicles to be road taxed in 3 month increments","https://petition.parliament.uk/petitions/717498","closed",17
"Change Long Service medal for UK emergency personnel from 20 years to 15 years","https://petition.parliament.uk/petitions/717510","closed",17
"Create an Emergency Services medal for members that are injured on duty","https://petition.parliament.uk/petitions/717518","closed",568
"Grace period for UK Tax Residents to Report Worldwide Income and Assets","https://petition.parliament.uk/petitions/717519","closed",163
"Government to only issue contracts to organisations that have a DEI policy","https://petition.parliament.uk/petitions/717528","closed",102
"Review NHS Policies relating to surgery for transgender people","https://petition.parliament.uk/petitions/717558","closed",53
"Impose a 25% tariff on all goods imported into the UK","https://petition.parliament.uk/petitions/717565","closed",11
"Ban the sale of secondhand and unroadworthy cars to underage drivers","https://petition.parliament.uk/petitions/717568","closed",854
"Change law regarding owners giving up their dogs","https://petition.parliament.uk/petitions/717598","closed",422
"Launch a public enquiry into Veterans UK","https://petition.parliament.uk/petitions/717609","closed",2192
"Require all Family Law Professionals to have training on neurodivergence ","https://petition.parliament.uk/petitions/717617","closed",67
"Review the curriculum to prioritise practical skills","https://petition.parliament.uk/petitions/717620","closed",30
"Remove visa requirements for non-UK spouses of UK citizens to visit the UK","https://petition.parliament.uk/petitions/717651","closed",178
"Require all schools to let pupils wear their own clothes on Monday and Friday","https://petition.parliament.uk/petitions/717653","closed",187
"Legalise the picking, buying, selling and consumption of psilocybin Mushrooms","https://petition.parliament.uk/petitions/717659","closed",172
"Require providers of temporary accommodation to allow pets ","https://petition.parliament.uk/petitions/717673","closed",47
"Require schools to teach students about knife crime as part of the curriculum","https://petition.parliament.uk/petitions/717674","closed",150
"2-year ILR spouse visa route for all long-term residents on prior visas ","https://petition.parliament.uk/petitions/717683","closed",47
"Provide funding for a programme to clear the rubble & rebuild in Gaza","https://petition.parliament.uk/petitions/717684","closed",283
"Review Government's approach to redacting Polish Military Records held by MoD","https://petition.parliament.uk/petitions/717688","closed",2908
"Give Hate Crime Victims Access to Safe Housing: End Discriminatory Rules","https://petition.parliament.uk/petitions/717732","closed",65
"Increase investment in Higher Education","https://petition.parliament.uk/petitions/717734","closed",75
"Strengthen laws on Phone Theft & stolen data","https://petition.parliament.uk/petitions/717736","closed",73
" Lower the time for UK-born children to apply for ILR from 7 years to 5 years","https://petition.parliament.uk/petitions/717746","closed",115
"Require all to have GB licence to drive here & fund more enforcement.","https://petition.parliament.uk/petitions/717758","closed",104
"Reduce the state pension age for women due to menopause symptoms","https://petition.parliament.uk/petitions/717775","closed",81
"Require landowners to protect public footpaths in areas shared with cattle","https://petition.parliament.uk/petitions/717785","closed",82
"Hold regional referendums on local government and devolution changes","https://petition.parliament.uk/petitions/717798","closed",107
"Regulate Sodium Nitrite & Improve Mental Health Services to Prevent Suicides","https://petition.parliament.uk/petitions/717816","closed",43
"Reverse guidance stopping refugees gaining citizenship","https://petition.parliament.uk/petitions/717817","closed",30637
"Negotiate UK-wide recognition of older person's bus passes","https://petition.parliament.uk/petitions/717827","closed",1965
"Provide funding to make more NHS dentists available","https://petition.parliament.uk/petitions/717828","closed",849
"Ban shops that aren’t registered vape shops from selling vaping products","https://petition.parliament.uk/petitions/717840","closed",57
"Introduce the history of trains and railways to the National Curriculum","https://petition.parliament.uk/petitions/717844","closed",46
"Fund support for elderly or unwell parents who are carers for disabled children ","https://petition.parliament.uk/petitions/717850","closed",326
"End the Practice of sectioning & Review the Mental Health Act","https://petition.parliament.uk/petitions/717887","closed",27
"Change the mathematics curriculum to be more relevant to real life","https://petition.parliament.uk/petitions/717895","closed",35
"Fund treatment for R-CPD on the NHS","https://petition.parliament.uk/petitions/717898","closed",317
"Make burning, desecration or harming religious books a specific criminal offence","https://petition.parliament.uk/petitions/717905","closed",25
"End financial support for meat & dairy producers and put VAT on their products","https://petition.parliament.uk/petitions/717908","closed",27
"Ban online sales of cameras disguised as household items","https://petition.parliament.uk/petitions/717919","closed",31
"Establish a bank holiday on the Monday after Remembrance Sunday","https://petition.parliament.uk/petitions/717925","closed",3566
"Make illegal to drive off after hitting any animal or wildlife without reporting","https://petition.parliament.uk/petitions/717937","closed",64
"Launch a public inquiry to investigate political bias in the national media ","https://petition.parliament.uk/petitions/717938","closed",124
"Ban ‘payment per fine’ incentives for Anti-Social Behaviour penalties","https://petition.parliament.uk/petitions/717945","closed",80
"Require that driverless cars avoid harming hedgehogs","https://petition.parliament.uk/petitions/717952","closed",57
"Urgent Action Needed: New Measures to Address Hepatitis B","https://petition.parliament.uk/petitions/717963","closed",100
"Expel all US military personnel from military bases in the UK","https://petition.parliament.uk/petitions/717971","closed",65
"Fund automated external defibrillators for homes","https://petition.parliament.uk/petitions/717976","closed",17
"Stop Vets insisting total payment upfront when pets are covered by insurance","https://petition.parliament.uk/petitions/717997","closed",91
"Review support for British International medical graduates & others to join NHS","https://petition.parliament.uk/petitions/718055","closed",37
"Require cyclists to stay 2 metres away from pedestrians and horse riders
","https://petition.parliament.uk/petitions/718128","closed",94
"Ban service charges on houses","https://petition.parliament.uk/petitions/718158","closed",35
"Hold a referendum on a future UK Security/Defence pact with any European country","https://petition.parliament.uk/petitions/718160","closed",342
"Immediately remove FATCA reporting requirements on UK financial institutions","https://petition.parliament.uk/petitions/718181","closed",106
"Require schools to notify parents with PR of welfare concerns about their child","https://petition.parliament.uk/petitions/718188","closed",64
"Create a specific offence to prevent harassment of people breastfeeding","https://petition.parliament.uk/petitions/718232","closed",847
"Publish the economic impact of removing or raising the £100k tax cliff edge","https://petition.parliament.uk/petitions/718244","closed",2922
"Allow employees to claim tax relief for private medical treatment","https://petition.parliament.uk/petitions/718271","closed",32
"Justice for ESN Survivors: apologise and fund financial compensation","https://petition.parliament.uk/petitions/718292","closed",814
"Fund more support for fathers in family courts","https://petition.parliament.uk/petitions/718299","closed",133
"Review children's critical care decision law","https://petition.parliament.uk/petitions/718330","closed",2914
"Create a set of standards for private parking firms that ensure transparency","https://petition.parliament.uk/petitions/718339","closed",64
"Fund more support for student midwives","https://petition.parliament.uk/petitions/718363","closed",161
"Establish an Independent Inquiry into alleged Sexual Abuse in the Armed Forces","https://petition.parliament.uk/petitions/718388","closed",164
"Democratically elect National Park Authorities & the Broads Authority ","https://petition.parliament.uk/petitions/718403","closed",70
"Shut the migrant hotels down now and deport illegal migrants housed there","https://petition.parliament.uk/petitions/718406","closed",257442
"Create a version of the European Accessibility Act (EAA)","https://petition.parliament.uk/petitions/718415","closed",52
"Provide funding to increase police presence from midnight till 6am ","https://petition.parliament.uk/petitions/718423","closed",42
"Require motor dealerships to comply with the Motor Ombudsman's Code of Practice","https://petition.parliament.uk/petitions/718428","closed",23
"Fund more financial support for Counselling Psychology Doctorate","https://petition.parliament.uk/petitions/718438","closed",459
"Require a one-week minimum payment period for charges such as tolls","https://petition.parliament.uk/petitions/718440","closed",56
"Fund monitoring for those advised to stop mental health medication","https://petition.parliament.uk/petitions/718451","closed",48
"Deploy UK peacekeeping troops to Ukraine to help secure European freedom","https://petition.parliament.uk/petitions/718463","closed",49
"Funding to reduce long waiting lists for urgent cardiology appointments","https://petition.parliament.uk/petitions/718465","closed",40
"Fund childminders to access publicly funded courses beyond level 3 ","https://petition.parliament.uk/petitions/718472","closed",16
"Make redundancy illegal whilst on maternity leave/for 6 months after","https://petition.parliament.uk/petitions/718511","closed",52
"Create an asylum scheme for LGBT+ Russians to seek asylum in the UK","https://petition.parliament.uk/petitions/718525","closed",72
"Stop the Data (Use and Access) Bill","https://petition.parliament.uk/petitions/718528","closed",775
"Establish an electoral process and MP to represent UK Overseas Citizens","https://petition.parliament.uk/petitions/718550","closed",701
"Strengthen consumer protections on new build homes","https://petition.parliament.uk/petitions/718575","closed",981
"Review laws allowing perpetrators of domestic abuse legal access to children","https://petition.parliament.uk/petitions/718576","closed",187
"Abolish the luxury vehicle tax for electric vehicles.","https://petition.parliament.uk/petitions/718584","closed",55
"Increase the annual cash ISA allowance to £25000 per annum","https://petition.parliament.uk/petitions/718593","closed",2120
"Do not lower or remove the £20,000 annual cash ISA allowance","https://petition.parliament.uk/petitions/718599","closed",385
"Require media retractions be made as visible as original headlines or articles","https://petition.parliament.uk/petitions/718602","closed",228
"Stronger legislation to ban and stop all puppy farming

","https://petition.parliament.uk/petitions/718634","closed",264
"Extend the Victims Right to Review Scheme for Victims of Domestic Abuse","https://petition.parliament.uk/petitions/718640","closed",45
"Review the regulations for weight loss injections","https://petition.parliament.uk/petitions/718642","closed",247
" Increase UK support for Ukraine & take stronger measures against Russia","https://petition.parliament.uk/petitions/718643","closed",116
"Form a centralised microchip & DNA database for dog breeding, care, and welfare ","https://petition.parliament.uk/petitions/718656","closed",1187
"Introduce Licensing and Regulation for Dog and Cat Rescues to Protect Welfare
","https://petition.parliament.uk/petitions/718660","closed",109647
"Allow category C and category D driving licences to be used interchangeably","https://petition.parliament.uk/petitions/718662","closed",18
"Increase funding for volleyball facilities and training","https://petition.parliament.uk/petitions/718671","closed",18
"Introduce minimum hours of driving lessons before practical driving test","https://petition.parliament.uk/petitions/718676","closed",362
"Give students a legal right to access school toilets when they have their period","https://petition.parliament.uk/petitions/718682","closed",916
"Amend Investigatory Powers Act: bar Govt from protected, private customer data","https://petition.parliament.uk/petitions/718721","closed",53
"Make suicide at or caused by work reportable to Health and Safety Executive","https://petition.parliament.uk/petitions/718755","closed",43
"Fund more staff training and better facilities in psychiatric hospitals","https://petition.parliament.uk/petitions/718797","closed",10400
"Review Section 91(14) orders","https://petition.parliament.uk/petitions/718826","closed",70
"Explore sources of funding for a European Rare Earths Consortium.","https://petition.parliament.uk/petitions/718861","closed",38
"Full funding for tuition fees for disabled adults who want to return to college","https://petition.parliament.uk/petitions/718877","closed",44
"Reform Money Claim Court paper process and waive some fees ","https://petition.parliament.uk/petitions/718882","closed",50
"Stop ex-prime ministers being able to claim expenses from the taxpayer","https://petition.parliament.uk/petitions/718895","closed",276
"Let the Public Decide: Hold a UK Referendum on Swiss-Style Direct Democracy.","https://petition.parliament.uk/petitions/718906","closed",115
"Protect Privacy: Stop Mandatory Age Verification on Adult Websites","https://petition.parliament.uk/petitions/718907","closed",1985
"Require social housing landlords to ensure properties have a C EPC rating","https://petition.parliament.uk/petitions/718910","closed",387
"Repeal all law of EU origin from UK law completely","https://petition.parliament.uk/petitions/718917","closed",137
"Legalise euthanasia for late onset Dementia","https://petition.parliament.uk/petitions/718954","closed",441
"Lower VED caps: £10 for Zero Emission + £30 for Internal Combustion vehicles","https://petition.parliament.uk/petitions/718980","closed",16
"Nationalise GCSE and A-Level exam boards.","https://petition.parliament.uk/petitions/719002","closed",39
"Offer asylum for Transgender, Non-binary, & Intersex US Citizens & use diplomacy","https://petition.parliament.uk/petitions/719045","closed",182
"Review the enforcement of cannabis laws","https://petition.parliament.uk/petitions/719060","closed",91
"Make it a legal requirement that all electric vehicles have artificial sound","https://petition.parliament.uk/petitions/719067","closed",113
"Base Extended Producer Responsibility fees for packaging on units not weight","https://petition.parliament.uk/petitions/719074","closed",48
"Change national insurance contributions when reached max for state pension","https://petition.parliament.uk/petitions/719078","closed",57
"Introduce more regulations around the sale and use of crossbows","https://petition.parliament.uk/petitions/719090","closed",500
"Fund more pregnancy scans past 20 weeks on the NHS","https://petition.parliament.uk/petitions/719111","closed",42
"Transfer UK Warrior Infantry Fighting Vehicles to Ukraine","https://petition.parliament.uk/petitions/719124","closed",20067
"Fund more early intervention support for people struggling with mental health","https://petition.parliament.uk/petitions/719129","closed",377
"Fund the building of 1500 artificial sports pitches by start of 2027","https://petition.parliament.uk/petitions/719130","closed",36
"Stop Child Maintenance if parents are denied access to their children","https://petition.parliament.uk/petitions/719152","closed",221
"Stronger rules to ensure foreign businesses pay the right VAT","https://petition.parliament.uk/petitions/719166","closed",55
"Ensure employers pensions contributions are a minimum of ten percent","https://petition.parliament.uk/petitions/719175","closed",24
"Ban the sale of small animals from pet shops and third-party sellers in the UK","https://petition.parliament.uk/petitions/719176","closed",343
"Fund free NHS prescriptions for people with Rheumatoid Arthritis","https://petition.parliament.uk/petitions/719179","closed",54
"Ban herbicides containing Glyphosate to protect people, food and the environment","https://petition.parliament.uk/petitions/719180","closed",473
"Regularly assess & consider the economic benefits of EU Customs Union membership","https://petition.parliament.uk/petitions/719194","closed",3769
"Make destroying or vandalising the Union Flag a criminal offence","https://petition.parliament.uk/petitions/719227","closed",1252
"Require schools to ban students use of smartphones during school hours","https://petition.parliament.uk/petitions/719230","closed",510
"Grant Ukrainian citizens visa-free short-term entry to the UK","https://petition.parliament.uk/petitions/719249","closed",44
"Introduce a new law protecting dogs from dangerous out of control dogs ","https://petition.parliament.uk/petitions/719263","closed",133
"Don't increase defence spending to 2.5% of GDP & change approach","https://petition.parliament.uk/petitions/719265","closed",1023
"Make a specific offence for a taxi driver to have sexual contact with a customer","https://petition.parliament.uk/petitions/719266","closed",707
"Hold newspaper editors legally responsible for dangerous inaccuracies published","https://petition.parliament.uk/petitions/719274","closed",94
"Ban restrictions on overnight parking for motorhomes and campervans","https://petition.parliament.uk/petitions/719292","closed",4636
"Restore UK Leadership in Global Development – Reverse Aid Cuts","https://petition.parliament.uk/petitions/719301","closed",296
"Update on consultation on Overseas Dentist Provisional Registration Route","https://petition.parliament.uk/petitions/719304","closed",672
"Tax Relief for Blue Light Workers ","https://petition.parliament.uk/petitions/719333","closed",26
"Negotiate a minerals rights deal with Ukraine","https://petition.parliament.uk/petitions/719360","closed",25
"Add Fibromyalgia to the NHS Free Prescription Exemption List","https://petition.parliament.uk/petitions/719370","closed",122
"Ban Gambling Industry Donations to Political Parties and MPs","https://petition.parliament.uk/petitions/719385","closed",111
"Ban divorce settlements granting rights to financial assets to domestic abusers","https://petition.parliament.uk/petitions/719420","closed",69
"Require emergency service vehicles to use two-tone “nee nah” sirens.","https://petition.parliament.uk/petitions/719424","closed",45
"Funding for Hyperemesis Gravidarum care","https://petition.parliament.uk/petitions/719429","closed",11548
"Legislate against MPs receiving public funds if convicted","https://petition.parliament.uk/petitions/719436","closed",87
"Start funding and stop cutting resources for Youth services","https://petition.parliament.uk/petitions/719442","closed",40
"Create a trauma-informed task force to develop a strategy to address trauma ","https://petition.parliament.uk/petitions/719451","closed",3054
"Add Biomedical Scientists to the immigration salary list","https://petition.parliament.uk/petitions/719481","closed",242
"Enforce fair compensation for short-formed train services","https://petition.parliament.uk/petitions/719483","closed",28
"Review and fund mental health support for children under 10","https://petition.parliament.uk/petitions/719506","closed",26
"Introduce a reformed income tax band system with gradual increases from 20-45%","https://petition.parliament.uk/petitions/720092","closed",36
"Require online knife purchases to be collected in-person from the Post Office.","https://petition.parliament.uk/petitions/720152","closed",46
"Require property management & insurance companies to pay cladding repair costs","https://petition.parliament.uk/petitions/720244","closed",37
"Recall UK diplomats in the US and increase support for Ukraine","https://petition.parliament.uk/petitions/720358","closed",21
"Launch investigation into health of UK veterans who served in the Gulf War","https://petition.parliament.uk/petitions/720418","closed",27
"Review and reform how police deal with complaints","https://petition.parliament.uk/petitions/720437","closed",29
"Illegal immigrants entering this country to have DNA taken","https://petition.parliament.uk/petitions/720453","closed",597
"Ban import of petrol & diesel from countries which import & refine Russian oil","https://petition.parliament.uk/petitions/720455","closed",118
"End the ""Special Relationship"" with the USA","https://petition.parliament.uk/petitions/720487","closed",122
"Strengthen the Animal Welfare Act 2006","https://petition.parliament.uk/petitions/720491","closed",21392
"Require all private care home and nursing home fees to be tax deductible","https://petition.parliament.uk/petitions/720519","closed",21
"Mandate major tv broadcasters to play the national anthem at the end of the day","https://petition.parliament.uk/petitions/720552","closed",49
"Introduce a voluntary 0.1% income tax to support Ukraine","https://petition.parliament.uk/petitions/720618","closed",34
"Lower the age for invites to regular mammograms to 40.","https://petition.parliament.uk/petitions/720626","closed",1574
"Require producers to declare how much metal is in food, drink and supplements","https://petition.parliament.uk/petitions/720712","closed",277
"Change the term ‘shared ownership’ to ‘assured tenancy leasing’","https://petition.parliament.uk/petitions/720715","closed",19
"Fund dedicated vape bins so vapes don't lie on the ground","https://petition.parliament.uk/petitions/720728","closed",20
"Extend the parking period for disabled badge holders and change renewal rules","https://petition.parliament.uk/petitions/720754","closed",39
"Improve the National Speed Limit (NSL) road sign","https://petition.parliament.uk/petitions/720758","closed",23
"Create a voluntary contribution fund for the UK armed forces","https://petition.parliament.uk/petitions/720786","closed",21
"Repeal the Worker Protection (Amendment of Equality Act 2010) Act 2023","https://petition.parliament.uk/petitions/720787","closed",18
"Make 'Tragedy Chanting' at football stadia a specific criminal offence","https://petition.parliament.uk/petitions/720831","closed",1537
"The UK Gov should divest itself of foreign currency reserves it holds in US$","https://petition.parliament.uk/petitions/720838","closed",77
"Review communication about ""collect and pay"" fees for Child Maintenance","https://petition.parliament.uk/petitions/720916","closed",38
"Immediately increase defence spending to 4% GDP for 2yrs, then 3.5% GDP onwards","https://petition.parliament.uk/petitions/720924","closed",38
"Review IVF guidelines for women whose partner already has a child ","https://petition.parliament.uk/petitions/720925","closed",97
"Provide funding for research and treatment of Hyperemesis Gravidarum","https://petition.parliament.uk/petitions/720933","closed",113
"Support the proposed International Treaty to Ban the Political Abuse of Religion","https://petition.parliament.uk/petitions/720940","closed",53
"Introduce consequences for local authorities that ignore antisocial behaviour","https://petition.parliament.uk/petitions/720977","closed",62
"Implement recommendations of the Independent Review of Pornography Regulation","https://petition.parliament.uk/petitions/721006","closed",208
"Introduce a 12-month amnesty on APR and BPR policy proposals","https://petition.parliament.uk/petitions/721014","closed",7323
"Notify new parents of partner's criminal record when registering birth ","https://petition.parliament.uk/petitions/721015","closed",37
"Cap profits at 10% of revenues for essential goods and services","https://petition.parliament.uk/petitions/721066","closed",83
"Abolish the Minimum Income Floor in Universal Credit.","https://petition.parliament.uk/petitions/721073","closed",87
"Remove the 26-week rule & allow fathers to take paternity leave immediately.","https://petition.parliament.uk/petitions/721099","closed",34
"Ban guarantor policies for buying or renting homes","https://petition.parliament.uk/petitions/721111","closed",29
"Review Commercial leases, introduce a standard lease document & duty of care","https://petition.parliament.uk/petitions/721122","closed",18
"Set up an independent inquiry into the UK’s involvement in the war in Gaza","https://petition.parliament.uk/petitions/721125","closed",4070
"End Capital Gains Tax on cryptocurrency gains","https://petition.parliament.uk/petitions/721161","closed",205
"Fund research for ketamine treatment for chronic pain","https://petition.parliament.uk/petitions/721164","closed",44
"Increase funding for research and financial support for women with endometriosis","https://petition.parliament.uk/petitions/721175","closed",287
"Provide Funding to Protect Eating Disorder Services for Under-18s","https://petition.parliament.uk/petitions/721210","closed",39
"Provide funding and relief to support struggling independent music venues","https://petition.parliament.uk/petitions/721218","closed",272
"Fund more Physician Associates roles in the NHS","https://petition.parliament.uk/petitions/721225","closed",5842
"End military aid to Ukraine, seek peace deal & restore relations with Russia","https://petition.parliament.uk/petitions/721233","closed",123
"UK to propose Palestinian statehood at UN and press US to support it","https://petition.parliament.uk/petitions/721234","closed",315
"Increase funding for mediation and arbitration in family courts","https://petition.parliament.uk/petitions/721242","closed",188
"Require companies to use AI modelling instead of animal testing if possible","https://petition.parliament.uk/petitions/721258","closed",106
"Remove parents’ right to withdraw secondary school students from sex education","https://petition.parliament.uk/petitions/721277","closed",56
"Make sentences for re-offending violent youths the same as adults","https://petition.parliament.uk/petitions/721293","closed",111
"Raise the minimum age of paracetamol purchase from 16 to 18 years old","https://petition.parliament.uk/petitions/721297","closed",31
"Life sentence for death by dangerous driving","https://petition.parliament.uk/petitions/721342","closed",75
"Introduce bereavement leave for a pet dying","https://petition.parliament.uk/petitions/721369","closed",89
"Strengthen Safeguards related to Child Removal by Social Services","https://petition.parliament.uk/petitions/721373","closed",74
"Prohibit police officers from having sexual relationships while undercover
","https://petition.parliament.uk/petitions/721401","closed",1481
"Introduce a 2% wealth tax on assets over £10 million & tax reform","https://petition.parliament.uk/petitions/721409","closed",1780
"Create a law to protect the neon sign making industry","https://petition.parliament.uk/petitions/721411","closed",552
"Ban all mid-terrace houses from becoming HMOs","https://petition.parliament.uk/petitions/721416","closed",199
"Introduce a tax on AI usage & modify AI regulation to help UK jobs & workers","https://petition.parliament.uk/petitions/721480","closed",78
"Simplify rules & create temporary visa for EU couples wanting to start a family","https://petition.parliament.uk/petitions/721488","closed",19
"Legalise the attachment of a small trailer to a mobility scooter","https://petition.parliament.uk/petitions/721492","closed",19
"Pay compensation to families of wronged Sub-Postmasters/mistresses ","https://petition.parliament.uk/petitions/721497","closed",317
"Fund/legislate for improved security and facilities for HGV drivers","https://petition.parliament.uk/petitions/721512","closed",488
"Exempt charities from increases to employer National Insurance Contributions","https://petition.parliament.uk/petitions/721526","closed",41
"Fund advertisement and communications about mental health support for veterans ","https://petition.parliament.uk/petitions/721533","closed",20
"Regulate processes that can be used for adoption of animals ","https://petition.parliament.uk/petitions/721535","closed",29
"Make conscription a condition of citizenship for migrants who entered illegally","https://petition.parliament.uk/petitions/721538","closed",246
"Protect Disabled people who cannot work from planned cuts to benefits","https://petition.parliament.uk/petitions/721547","closed",31388
"Legislate against 'price-gouging' practices","https://petition.parliament.uk/petitions/721555","closed",43
"Loosen nationality requirements for allied personnel to enter UK Armed Forces","https://petition.parliament.uk/petitions/721570","closed",19
"Add Morocco to the list of 'designated countries' for driving licence exchange","https://petition.parliament.uk/petitions/721633","closed",1268
"Change the driving theory test to be available in different languages","https://petition.parliament.uk/petitions/721651","closed",16
"Ban poppers","https://petition.parliament.uk/petitions/721652","closed",23
"Launch a public inquiry into concerns about free speech in the UK","https://petition.parliament.uk/petitions/721674","closed",2771
"Require local authorities to add ""unmet needs"" as a Child Protection category","https://petition.parliament.uk/petitions/721682","closed",37
"Review PIP eligibility criteria and award payments based on medical diagnoses","https://petition.parliament.uk/petitions/721692","closed",397
"Revoke the Mutilations (Permitted Procedures) (England) Regulations","https://petition.parliament.uk/petitions/721697","closed",66
"Ban the import of foie gras into the UK","https://petition.parliament.uk/petitions/721701","closed",220
"Require restaurants to list all ingredients in their food when asked","https://petition.parliament.uk/petitions/721734","closed",678
"Make Breathwork and Emotional Wellbeing Part of the National Curriculum","https://petition.parliament.uk/petitions/721736","closed",80
"Make an agreed offer on a property legally binding","https://petition.parliament.uk/petitions/721744","closed",102
"Abolish the five person sponsor requirement for e-petitions","https://petition.parliament.uk/petitions/721779","closed",48
"Require the accuser in rape cases to hand over their phones to the police","https://petition.parliament.uk/petitions/721792","closed",819
"Legally require judges to hear children aged 10+ in family court proceedings","https://petition.parliament.uk/petitions/721795","closed",47
"Repeal the Coronavirus Act 2020","https://petition.parliament.uk/petitions/721819","closed",2921
"Review and support the continued operation of pubs to prevent more closures","https://petition.parliament.uk/petitions/721825","closed",12488
"Protect Disability Benefits: Stop Changes to PIP and Universal Credit","https://petition.parliament.uk/petitions/721828","closed",2157
"Ban fracking and drilling operations in coastal communities in England","https://petition.parliament.uk/petitions/721833","closed",148
"Strengthen laws on filming police officers","https://petition.parliament.uk/petitions/721841","closed",43
"Review foreign travel advice for Libya","https://petition.parliament.uk/petitions/721843","closed",1052
"Close national insurance loopholes for limited liability partnerships","https://petition.parliament.uk/petitions/721862","closed",35
"Ban per- and polyfluoroalkyl substances (PFAs) in menstrual products","https://petition.parliament.uk/petitions/721872","closed",79
"Lower citizenship application fees if in UK 10+ years with British born children","https://petition.parliament.uk/petitions/721877","closed",19
"Change free childcare scheme to direct payments into Tax-Free Childcare accts","https://petition.parliament.uk/petitions/721888","closed",1457
"Stop PIP Cuts: Protect Support for Disabled People","https://petition.parliament.uk/petitions/721918","closed",4234
"Review attendance rules in schools to support children with health requirements","https://petition.parliament.uk/petitions/721928","closed",58
"National service for young men unlikely to finish school and asylum seekers","https://petition.parliament.uk/petitions/721942","closed",111
"Fund free train travel for seniors","https://petition.parliament.uk/petitions/721979","closed",650
"Ban industry lobbyists from charity boards for 5 years after leaving their job","https://petition.parliament.uk/petitions/721989","closed",40
"Protect Military Families: Mandate 6ft Fences In Gardens","https://petition.parliament.uk/petitions/721991","closed",1060
"Fund planting more hedgerows to increase biodiversity","https://petition.parliament.uk/petitions/721998","closed",51
"Allow Type 1 diabetics to be individually assessed to join the Armed Forces","https://petition.parliament.uk/petitions/722004","closed",111
"Ban councils charging council tax on secondary properties","https://petition.parliament.uk/petitions/722012","closed",80
"Require cyclists to abide by same speed limits as motor vehicles","https://petition.parliament.uk/petitions/722016","closed",67
"Remove business rates and duty on alcohol sold in independently owned pubs","https://petition.parliament.uk/petitions/722044","closed",33
"Ban all UK economic & charitable activities with all illegal settlements","https://petition.parliament.uk/petitions/722076","closed",219
"Pause and review the net zero renewable energy development drive.","https://petition.parliament.uk/petitions/722078","closed",1476
"Review the PIP assessment process to adjust for neurodivergence and trauma","https://petition.parliament.uk/petitions/722084","closed",299
"Ban schools from suspending pupils under the age of 7","https://petition.parliament.uk/petitions/722096","closed",37
"Require schools to display school meal nutritional information","https://petition.parliament.uk/petitions/722105","closed",41
"Reduce the qualifying period for workplace pensions for emergency servicemen","https://petition.parliament.uk/petitions/722106","closed",15
"Hold Gig Economy Delivery companies accountable for ensuring legal road use","https://petition.parliament.uk/petitions/722118","closed",116
"Require all military sexual assault claims be handled by civilian authorities","https://petition.parliament.uk/petitions/722126","closed",104
"Ban town centre management companies and rangers","https://petition.parliament.uk/petitions/722138","closed",16
"Funding for ASD and ADHD assessments for children within 18 months of referral","https://petition.parliament.uk/petitions/722178","closed",189
"Fund cervical smear tests for women above age 64","https://petition.parliament.uk/petitions/722196","closed",71
"Regulate telemetric / AI robots","https://petition.parliament.uk/petitions/722205","closed",90
"Provide funding for local authorities to have more electric buses","https://petition.parliament.uk/petitions/722212","closed",34
"Change business rates relief for 25/26 back to 75%.","https://petition.parliament.uk/petitions/722220","closed",497
"Allocate funding to allow unpaid carers one night off","https://petition.parliament.uk/petitions/722224","closed",94
"Legislate to require tech companies to offer parental controls for under 17's","https://petition.parliament.uk/petitions/722248","closed",208
"Fund more, newly designed knife banks outside every police station","https://petition.parliament.uk/petitions/722249","closed",225
"Fund access to abiraterone in England for high-risk prostate cancer patients","https://petition.parliament.uk/petitions/722253","closed",1032
"Do not refer to the state pensions as a benefit","https://petition.parliament.uk/petitions/722255","closed",288
"Require by law all sports netting to be tied up when not in use","https://petition.parliament.uk/petitions/722303","closed",12131
"Regularly review public sector pay, and cap it at £50k per year","https://petition.parliament.uk/petitions/722314","closed",32
"Mandate Training for Large Land Purchasers to Protect the Countryside","https://petition.parliament.uk/petitions/722327","closed",77
"Require employers to provide 6 days of fully paid sick leave each year","https://petition.parliament.uk/petitions/722340","closed",50
"Impose retaliatory tariffs on US goods","https://petition.parliament.uk/petitions/722342","closed",45
"Legalise Bow Hunting","https://petition.parliament.uk/petitions/722350","closed",127
"Review enforcement of break time rules in the private care sector","https://petition.parliament.uk/petitions/722352","closed",17
"Withdraw the Children's Wellbeing and Schools Bill","https://petition.parliament.uk/petitions/722377","closed",166496
"Require CCTV in all nursery & child-minding settings","https://petition.parliament.uk/petitions/722388","closed",1064
"Ban realistic AI images claiming to depict politicians being published online.","https://petition.parliament.uk/petitions/722397","closed",53
"Review measures to tackle tax evasion and end offshore tax loopholes","https://petition.parliament.uk/petitions/722399","closed",154
"Child contact with parent arrested/bailed for domestic abuse to be supervised ","https://petition.parliament.uk/petitions/722406","closed",33
"Create AI-driven policy simulation game to boost public engagement and earn UBI","https://petition.parliament.uk/petitions/722407","closed",16
"Reduce Government Spending on Consultancies","https://petition.parliament.uk/petitions/722409","closed",55
"Exempt all registered motorcycles from paying Vehicle Excise Duty","https://petition.parliament.uk/petitions/722410","closed",154
"Review the legislation governing the credit rating system","https://petition.parliament.uk/petitions/722426","closed",39
"Provide free education transport for children aged 16-19 with EHCPs","https://petition.parliament.uk/petitions/722438","closed",504
"Require state-funded free-entry museums to charge a £5 entry fee for tourists","https://petition.parliament.uk/petitions/722443","closed",46
"Fund all GP surgeries to provide blood tests to patients with chronic illnesses","https://petition.parliament.uk/petitions/722446","closed",737
"Suspend parental rights when arrested on suspicion of murdering the child","https://petition.parliament.uk/petitions/722453","closed",560
"Provide funding on the improvement on social housing conditions.","https://petition.parliament.uk/petitions/722462","closed",48
"Call for a ceasefire in South Sudan & more humanitarian aid access","https://petition.parliament.uk/petitions/722465","closed",141
"Introduce a nationwide Baby Box scheme","https://petition.parliament.uk/petitions/722467","closed",42
"Amend Law to Permit Cockerels on Allotments","https://petition.parliament.uk/petitions/722482","closed",23
"Ban rodent traps that kill or hurt mice and other rodents","https://petition.parliament.uk/petitions/722485","closed",150
"Create a specific Minimum Wage for Security Personnel 10% higher than NMW","https://petition.parliament.uk/petitions/722518","closed",37
"Review road tax to fairly account for vehicle age and emissions","https://petition.parliament.uk/petitions/722527","closed",102
"Require companies to pay domiciliary care workers for on-call night shifts","https://petition.parliament.uk/petitions/722540","closed",22
"Require leisure companies to provide exclusive Additional Learning Need sessions","https://petition.parliament.uk/petitions/722557","closed",81
"Reverse the burden of proof in relation to consent in sexual assault cases","https://petition.parliament.uk/petitions/722562","closed",219
"Increase funding for schools and colleges","https://petition.parliament.uk/petitions/722583","closed",90
"Scrap the ‘3-Month Before and 9-Month After’ Rule for PIP Eligibility","https://petition.parliament.uk/petitions/722586","closed",99
"Ban prisoners and violent ex-convicts working in slaughterhouses","https://petition.parliament.uk/petitions/722692","closed",42
"Add more life skills to the national curriculum for secondary education","https://petition.parliament.uk/petitions/722726","closed",70
"Make the sex offender's registry publicly available to view for everyone.","https://petition.parliament.uk/petitions/722730","closed",11666
"Require an expert to examine a pet before seizure under the Dangerous Dogs Act","https://petition.parliament.uk/petitions/722737","closed",227
"Keep the LCWRA Universal Credit component for under 22's","https://petition.parliament.uk/petitions/722749","closed",180
"Cap the costs of gifts for MPs at £150","https://petition.parliament.uk/petitions/722772","closed",129
"Reinstate the Sustainable Farming Incentive (SFI) to support farmers and nature","https://petition.parliament.uk/petitions/722785","closed",182
"Increase funding for research into coeliac disease and treatment options","https://petition.parliament.uk/petitions/722789","closed",133
"Make misogyny a hate crime.","https://petition.parliament.uk/petitions/722809","closed",151
"New parental chaperone right in the entertainment industry","https://petition.parliament.uk/petitions/722813","closed",27
"Make all grass verge parking illegal","https://petition.parliament.uk/petitions/722818","closed",265
"Make Dependent Visa Extension Periods Flexible to Prevent Unnecessary IHS Fees","https://petition.parliament.uk/petitions/722857","closed",15
"Require Local Authorities to provide more notice for care funding rates","https://petition.parliament.uk/petitions/722859","closed",432
"Require full public consultation on proposed PIP reforms in the Green Paper","https://petition.parliament.uk/petitions/722864","closed",220
"Remove all duplicate telecommunications infrastructure & enforce sharing deals","https://petition.parliament.uk/petitions/722865","closed",506
"Ensure the renewal of LPWGS beyond March 2026 without any caps","https://petition.parliament.uk/petitions/722870","closed",210
"Ban insurance companies requiring women to declare taking HRT for menopause","https://petition.parliament.uk/petitions/722874","closed",57
"Review replacing JSA & ESA with Unemployment Insurance for overseas citizens","https://petition.parliament.uk/petitions/722881","closed",11
"Introduce mandatory anti-bullying programmes in schools","https://petition.parliament.uk/petitions/722882","closed",167
"MPs to receive positive feedback from constituents before getting paid.","https://petition.parliament.uk/petitions/722894","closed",59
"Repeal the Online Safety Act","https://petition.parliament.uk/petitions/722903","closed",550137
"Grant asylum to White South Africans and provide emergency support","https://petition.parliament.uk/petitions/722909","closed",157
"Ban companies from charging more for hygiene products targeted to females","https://petition.parliament.uk/petitions/722919","closed",263
"Give conditional amnesty to undocumented migrants living in the UK for 10+ years","https://petition.parliament.uk/petitions/722957","closed",56
"Require new cars to include a spare wheel","https://petition.parliament.uk/petitions/722979","closed",65
"Require all employers to give full-time employees 30 days annual leave","https://petition.parliament.uk/petitions/722984","closed",126
"Owners to be able to claim compensation for pet suffering due to vet negligence","https://petition.parliament.uk/petitions/722985","closed",109
"Penalties for Local Authorities if their EHCP decision is overturned at Tribunal","https://petition.parliament.uk/petitions/723001","closed",3562
"Increase max sentence for injury caused due to dangerous driving to 10 years","https://petition.parliament.uk/petitions/723004","closed",591
"Lower the age for invites to regular mammograms to 21","https://petition.parliament.uk/petitions/723013","closed",119
"Fund every GP to have a dedicated Chronic Pain/Fibromyalgia Practitioner.","https://petition.parliament.uk/petitions/723029","closed",207
"Require All Local Authorities To Ensure That All Taxi Ranks Are Accessible","https://petition.parliament.uk/petitions/723033","closed",29
"Lower the age of child criminal responsibility for attacks and murder","https://petition.parliament.uk/petitions/723050","closed",69
"Automatic Deputyship to parents once child with disabilities turns 18","https://petition.parliament.uk/petitions/723071","closed",189
"Require local authorities to freeze Council Tax at current levels","https://petition.parliament.uk/petitions/723076","closed",55
"Make the climate emergency a lawful excuse in criminal cases","https://petition.parliament.uk/petitions/723083","closed",450
"Ban the sale of defaced power tools & large power tool sales at car boot fairs","https://petition.parliament.uk/petitions/723110","closed",90
"Collect water from motorways & add more lighting to make them safer to drive on","https://petition.parliament.uk/petitions/723113","closed",22
"Prohibit the wearing of all full-face coverings in public spaces","https://petition.parliament.uk/petitions/723131","closed",71145
"Repeal the Human Rights Act 1998","https://petition.parliament.uk/petitions/723147","closed",290
"Review and reform the court system to address delays","https://petition.parliament.uk/petitions/723186","closed",40
"Require parliamentary supermajority for certain overseas military action & bases","https://petition.parliament.uk/petitions/723202","closed",26
"Abolish all taxpayer-funded expenses for government employees","https://petition.parliament.uk/petitions/723203","closed",112
"Ban the production and sale of small animal cages","https://petition.parliament.uk/petitions/723214","closed",795
"Call for the UK to Withdraw from the 1951 Refugee Convention","https://petition.parliament.uk/petitions/723216","closed",450
"Raise the minimum legal age to make adult content to 25","https://petition.parliament.uk/petitions/723253","closed",222
"Reform prisons to become self-funded working prisons","https://petition.parliament.uk/petitions/723295","closed",65
"Increase funding for indoor sport facilities for sports like volleyball","https://petition.parliament.uk/petitions/723315","closed",41
"Cap the Indefinite Leave to Remain fee at £3000 ","https://petition.parliament.uk/petitions/723337","closed",357
"Enable Ukrainian students to take their GCSEs in Ukrainian","https://petition.parliament.uk/petitions/723356","closed",90
"Advise the Commonwealth not to grant membership to the USA","https://petition.parliament.uk/petitions/723375","closed",33
"Stop all intelligence sharing with the US","https://petition.parliament.uk/petitions/723411","closed",73
"Ban puppy yoga classes","https://petition.parliament.uk/petitions/723467","closed",43
"Make reading a separate subject on the national curriculum","https://petition.parliament.uk/petitions/723469","closed",18
"Fund campaign and incentives to prioritise British food and reduce food miles","https://petition.parliament.uk/petitions/723471","closed",75
"Increase funding for the DVLA to reduce delays to medical license decisions ","https://petition.parliament.uk/petitions/723482","closed",71
"Create a new legal designation for political parties as distinct legal entities","https://petition.parliament.uk/petitions/723505","closed",22
"Make glasses VAT exempt due to wearer’s having no choice but to wear glasses","https://petition.parliament.uk/petitions/723510","closed",129
"Tag and trace all illegal immigrants","https://petition.parliament.uk/petitions/723533","closed",3033
"Ban housebuilding in the countryside","https://petition.parliament.uk/petitions/723565","closed",79
"Refund student loans for students who studied during the Covid pandemic","https://petition.parliament.uk/petitions/723578","closed",38
"Automatically award Higher Rate PIP to people diagnosed with Parkinson's disease","https://petition.parliament.uk/petitions/723589","closed",80
"Daisy Companion Law: Give emotional support animals equal status to service dogs","https://petition.parliament.uk/petitions/723619","closed",271
" Require cyclists to pay road tax","https://petition.parliament.uk/petitions/723650","closed",85
"Protect consumers from cosmetic surgery financial scams","https://petition.parliament.uk/petitions/723654","closed",41
"Remove bedroom tax","https://petition.parliament.uk/petitions/723694","closed",150
"Stricter regulation of liquidation processes for debt avoidance","https://petition.parliament.uk/petitions/723712","closed",50
"Create a tax on clothing that contains micro-plastics","https://petition.parliament.uk/petitions/723727","closed",219
"Increase taxes on foreign tech companies & keep the Digital Services Tax","https://petition.parliament.uk/petitions/723728","closed",49
"Review GCSE balance of coursework and exams","https://petition.parliament.uk/petitions/723732","closed",79
"Prohibit cyclists on roads with speed limits over 30mph for public safety","https://petition.parliament.uk/petitions/723840","closed",75
"Decriminalise all drug possession for personal use & fund support","https://petition.parliament.uk/petitions/723858","closed",40
"Remove parental responsibility from parents with criminal records","https://petition.parliament.uk/petitions/723859","closed",28
"Review regulations on Battery Energy Storage Systems","https://petition.parliament.uk/petitions/723869","closed",2994
"Regulate the sale of high sugar, artificially coloured sweets to children","https://petition.parliament.uk/petitions/723889","closed",34
"Remove speed limits on motorways","https://petition.parliament.uk/petitions/723892","closed",48
"Abolish the sentencing council and revoke its sentencing guidelines","https://petition.parliament.uk/petitions/723905","closed",66
"Promote a national boycott of US goods and travel","https://petition.parliament.uk/petitions/723915","closed",54
"Keep the state pension at 67 for those born before 1977","https://petition.parliament.uk/petitions/723920","closed",1672
"Require broadband providers to offer symmetrical upload and download speeds","https://petition.parliament.uk/petitions/723924","closed",74
"Create a Minister of State for Critical Minerals within DESNZ","https://petition.parliament.uk/petitions/723925","closed",19
"Donate migrant boats to emergency services and volunteer rescue teams","https://petition.parliament.uk/petitions/723938","closed",50
"Require breath analysers to be put in all new cars","https://petition.parliament.uk/petitions/723944","closed",40
"Make GMT+1 permanent in the UK","https://petition.parliament.uk/petitions/723945","closed",38
"Fair funding for Early Years Care: To allow quality, training, and transparency","https://petition.parliament.uk/petitions/723948","closed",1606
"Review rules on & launch an inquiry into the removal of asbestos","https://petition.parliament.uk/petitions/723956","closed",71
"Abolish IPSA and set MP salaries to 160% of the 'National Living Wage' ","https://petition.parliament.uk/petitions/723958","closed",131
"Do not sign a trade deal with the USA","https://petition.parliament.uk/petitions/723979","closed",965
"Add Assault of a Roadworker to the Crime and Policing Bill","https://petition.parliament.uk/petitions/723981","closed",6800
"Cancel disposable vape ban, mandate plain packaging & allow 18+ to purchase","https://petition.parliament.uk/petitions/723987","closed",61
"Require religious organisations to publish their child safeguarding policies ","https://petition.parliament.uk/petitions/723990","closed",48
"Abandon DWP Pathways to Work Green Paper & create National Disability Strategy","https://petition.parliament.uk/petitions/723991","closed",11036
"End regional monopolies in the water sector","https://petition.parliament.uk/petitions/724010","closed",56
"Require time & space for Muslim children to pray at school & education","https://petition.parliament.uk/petitions/724018","closed",230
"Require local authorities to fast track Blue Badges for seriously ill children","https://petition.parliament.uk/petitions/724066","closed",158
"Require councils to pause council tax bills for three months ","https://petition.parliament.uk/petitions/724089","closed",838
"Increase funding and strengthen penalties to stop EV charging point vandalism","https://petition.parliament.uk/petitions/724091","closed",57
"Review justice system approach to domestic & sexual abuse & coercive control","https://petition.parliament.uk/petitions/724096","closed",58
"Grant self-governing powers to Yorkshire","https://petition.parliament.uk/petitions/724102","closed",26
"Return the colour of UK passports from blue to red","https://petition.parliament.uk/petitions/724108","closed",33
"Base childcare support for working parents on household income","https://petition.parliament.uk/petitions/724109","closed",74
"Review regulation of water companies","https://petition.parliament.uk/petitions/724126","closed",386
"Require food outlets to label spice levels of all food","https://petition.parliament.uk/petitions/724132","closed",31
"Higher tax on income of £400,000, and exit tax if they move to another country","https://petition.parliament.uk/petitions/724154","closed",1300
"Establish the AI Security Institute as a statutory body","https://petition.parliament.uk/petitions/724156","closed",39
"Fund and implement A Universal Basic Income (UBI)","https://petition.parliament.uk/petitions/724181","closed",178
"Review and publish government guidelines/procedures for state visit invitations","https://petition.parliament.uk/petitions/724217","closed",201
"Harsher punishments for sex offenders and bans near schools","https://petition.parliament.uk/petitions/724225","closed",1282
"Increase NHS funding for women’s health including hubs and access to care","https://petition.parliament.uk/petitions/724227","closed",99
"Adopt the same bus driving hour regulations as used in the EU","https://petition.parliament.uk/petitions/724239","closed",38
"Allow mobile use solely for real-time traffic updates when vehicles are stopped","https://petition.parliament.uk/petitions/724253","closed",24
"Phase out and ban the sale of plastic manual toothbrushes by 2040","https://petition.parliament.uk/petitions/724290","closed",125
"Seek to create UK/European defence force to assist Ukrainian forces","https://petition.parliament.uk/petitions/724317","closed",62
"Prohibit and stop any building on our Green Belt Land","https://petition.parliament.uk/petitions/724330","closed",8382
"Require pension schemes to offer the option to invest in UK companies only ","https://petition.parliament.uk/petitions/724339","closed",40
"Add checkpoints on the border between Ireland & Northern Ireland","https://petition.parliament.uk/petitions/724345","closed",41
"Provide employment right for all to have a paid day off on their birthday","https://petition.parliament.uk/petitions/724372","closed",25
"Ban Drop-off charges at airports","https://petition.parliament.uk/petitions/724381","closed",2222
"Restrict the sale of high caffeine drinks to adults only","https://petition.parliament.uk/petitions/724398","closed",30
"Allow motorbike riders with a current CBT to get road experience without paying.","https://petition.parliament.uk/petitions/724409","closed",25
"Require medical students to work 5 years minimum in the NHS after graduation","https://petition.parliament.uk/petitions/724410","closed",103
"Require election & manifesto pledges to be implemented and legally enforced","https://petition.parliament.uk/petitions/724417","closed",157
"Make neurodiversity training mandatory for all education staff","https://petition.parliament.uk/petitions/724432","closed",30556
"Create a 'Homes for Palestine' Sponsorship and Visa Scheme","https://petition.parliament.uk/petitions/724433","closed",1205
"Oppose revised guidelines on New Medicine Service Subcontracting for Pharmacies","https://petition.parliament.uk/petitions/724435","closed",154
"Allow BNO students in the process of getting ILR to apply as home students","https://petition.parliament.uk/petitions/724441","closed",126
"Remove IT and related roles eligibility for the skilled worker visa","https://petition.parliament.uk/petitions/724513","closed",39
"Only grant asylum to citizens of immediate neighbouring countries","https://petition.parliament.uk/petitions/724525","closed",72
"Require NHS hospitals & clinics to provide after-treatment surveys","https://petition.parliament.uk/petitions/724564","closed",368
"Publish updated statistics on Armed Forces Veteran suicides annually","https://petition.parliament.uk/petitions/724575","closed",5360
"Revoke Parental Responsibility & Rights from Sexually Abusive Parents","https://petition.parliament.uk/petitions/724590","closed",179
"Increase the ISA limit - £20k for cash ISA's and £20k for stocks & shares ISA's","https://petition.parliament.uk/petitions/724592","closed",73
"Prohibit police officers guilty of serious crimes from receiving their pension","https://petition.parliament.uk/petitions/724596","closed",92
"Make international GPs automatically eligible for ILR after completing training","https://petition.parliament.uk/petitions/724636","closed",776
"Increase regulation of AI chatbots to protect children from grooming and harm","https://petition.parliament.uk/petitions/724650","closed",92
"Make existing register include all political donations & system tracing funding","https://petition.parliament.uk/petitions/724682","closed",39
"Expand who can issue fit notes to include paramedics and other registered HCPS","https://petition.parliament.uk/petitions/724695","closed",37
"Require Give Way signs to be positioned on major slip roads","https://petition.parliament.uk/petitions/724698","closed",25
"Exempt properties rented by three unrelated people from HMO rules","https://petition.parliament.uk/petitions/724700","closed",27
"Make mass littering and disturbances in a cinema a fineable crime","https://petition.parliament.uk/petitions/724706","closed",30
"Statutory time-off on full pay for parents who experience pregnancy loss","https://petition.parliament.uk/petitions/724719","closed",40
"Require local authorities to allow free parking: minimum 15 mins on public roads","https://petition.parliament.uk/petitions/724723","closed",34
"Review SWE processes & the Fitness to Practice guidance","https://petition.parliament.uk/petitions/724726","closed",459
"Require workplaces/schools to allow people to leave due to period pain","https://petition.parliament.uk/petitions/724728","closed",97
"Create an Open Work Visa for Skilled Workers after 3 years","https://petition.parliament.uk/petitions/724738","closed",469
"Provide funding to develop a national programme for SEN children during holiday","https://petition.parliament.uk/petitions/724745","closed",511
"Review the primary school curriculum to prepare children for secondary school","https://petition.parliament.uk/petitions/724749","closed",26
"Fund fire safety sessions to educate young people and prevent wildfires","https://petition.parliament.uk/petitions/724751","closed",57
"Require restaurants to offer healthy kids’ meal options","https://petition.parliament.uk/petitions/724753","closed",50
"Introduce increased regulation of letting agents","https://petition.parliament.uk/petitions/724770","closed",61
"Ban councils considering PIP/DLA as income for council tax reduction schemes","https://petition.parliament.uk/petitions/724786","closed",175
"Protect hares and their young from shooting during the breeding season","https://petition.parliament.uk/petitions/724795","closed",56427
"Require the US flag to be prominently displayed on US goods sold in the UK","https://petition.parliament.uk/petitions/724799","closed",43
"Make people aged 70 retake their driving test, and do so every 5 years","https://petition.parliament.uk/petitions/724820","closed",313
"Add Sri Lanka as an eligible country for driving licence conversion","https://petition.parliament.uk/petitions/724821","closed",98
"Require reptile shops to ensure higher standards in reptile care and equipment","https://petition.parliament.uk/petitions/724835","closed",62
"Review & Reform the Probation Service, apologise & enshrine Victims Code in law","https://petition.parliament.uk/petitions/724838","closed",3389
"Ban all zoos","https://petition.parliament.uk/petitions/724839","closed",53
"Standardise and regulate job listings and applications processes","https://petition.parliament.uk/petitions/724842","closed",45
"Require all employers to include parental leave policies in job listings","https://petition.parliament.uk/petitions/724858","closed",802
"Increase funding for co-operatives in the UK International Development Budget","https://petition.parliament.uk/petitions/724897","closed",5445
"Abolish Estate management fees on New build estates for freehold properties","https://petition.parliament.uk/petitions/724903","closed",2330
"Review Workplace Protections for Disabled People","https://petition.parliament.uk/petitions/724913","closed",51
"Give vets powers to seize animals if there is neglect or abuse & punish owners","https://petition.parliament.uk/petitions/724921","closed",762
"Ban the sale and planting of the invasive plant: Spanish Bluebell + hybrids","https://petition.parliament.uk/petitions/724931","closed",39
"Legislation on the use of tactical contact when pursuing two-wheeled vehicles","https://petition.parliament.uk/petitions/724961","closed",47
"Ban private limited companies from owning residential housing","https://petition.parliament.uk/petitions/724965","closed",95
"Require unlimited companies to publish their accounts","https://petition.parliament.uk/petitions/724970","closed",50
"Revoke The Selective Licensing of Houses (Additional Conditions) Order 2015","https://petition.parliament.uk/petitions/724989","closed",998
"Abolish the Driving theory and hazard perception tests","https://petition.parliament.uk/petitions/724997","closed",34
"Require mortgage providers to offer a fixed rate for the duration of the loan","https://petition.parliament.uk/petitions/725010","closed",37
"Greatly reduce the duty and tax charged on beer.","https://petition.parliament.uk/petitions/725013","closed",50
"Government to do more to protect victims of false allegations","https://petition.parliament.uk/petitions/725015","closed",395
"Raise the maximum age a child can be for parents to claim learning allowance","https://petition.parliament.uk/petitions/725027","closed",36
"Legalise Everyday Carry of Folding Pocket Knives with Common Locking Mechanisms","https://petition.parliament.uk/petitions/725030","closed",93
"Include qualifications and occupation in anti-discrimination laws","https://petition.parliament.uk/petitions/725047","closed",24
"Provide a legal right to access certain services without a digital device","https://petition.parliament.uk/petitions/725049","closed",10911
"Reduce the minimum retirement age for Prison Officers to 60","https://petition.parliament.uk/petitions/725069","closed",12713
"Reduce the retirement age for NHS staff to 55","https://petition.parliament.uk/petitions/725079","closed",43
"Add children’s unused personal allowance to their parents’ personal allowance","https://petition.parliament.uk/petitions/725091","closed",23
"Ban Child Abuse Activist Groups live streaming content","https://petition.parliament.uk/petitions/725111","closed",49
"Introduce a national licensing scheme for commercial dog walking","https://petition.parliament.uk/petitions/725128","closed",128
"Ban printer companies from disabling ink after subscription ends","https://petition.parliament.uk/petitions/725133","closed",70
"Random Microchip Checks and Harsher Penalties for Abandoning Cats","https://petition.parliament.uk/petitions/725137","closed",176
"Ban the use of tasers on all children and disabled adults","https://petition.parliament.uk/petitions/725153","closed",72
"Implement measures to reduce child poverty","https://petition.parliament.uk/petitions/725167","closed",2553
"Make it easier to obtain a licence to produce/grow medical cannabis","https://petition.parliament.uk/petitions/725168","closed",150
"Fund stab vests as standard PPE for all prison officers","https://petition.parliament.uk/petitions/725170","closed",238
"Exempt employed British passport holders from paying income tax","https://petition.parliament.uk/petitions/725192","closed",26
"Mandate the removal of charging order on private property after 12 years","https://petition.parliament.uk/petitions/725213","closed",13
"Amend Equality Act to define the terms woman and man not based on biological sex","https://petition.parliament.uk/petitions/725223","closed",5135
"Review enforcement of employment law for unpaid internships","https://petition.parliament.uk/petitions/725231","closed",95
"Change the rules around road signage for motorists","https://petition.parliament.uk/petitions/725235","closed",52
"Introduce a legal requirement for transgender and non-binary only spaces","https://petition.parliament.uk/petitions/725239","closed",103
"Require prison sentences to be served consecutively, not concurrently","https://petition.parliament.uk/petitions/725248","closed",909
"Review outsourcing jobs and services abroad and immigration policy","https://petition.parliament.uk/petitions/725255","closed",81
"Exempt Armed Forces members & Veterans repaying Student Loans & create grants","https://petition.parliament.uk/petitions/725285","closed",24
"Cap arranged bank overdraft fees at 10%","https://petition.parliament.uk/petitions/725300","closed",35
"Amend Law so Definitions of Man & Woman Include Transgender and Intersex People","https://petition.parliament.uk/petitions/725324","closed",2180
"More funding for young people struggling with mental health","https://petition.parliament.uk/petitions/725331","closed",107
"Launch a public inquiry into UK arms exports to Israel and suspend all licences","https://petition.parliament.uk/petitions/725341","closed",3873
"Allow people who require Epi-Pens to serve in the armed forces","https://petition.parliament.uk/petitions/725362","closed",18
"Require prospective pet owners to be tested by an animal professional","https://petition.parliament.uk/petitions/725391","closed",41
"Governance within the whisky cask market","https://petition.parliament.uk/petitions/725398","closed",56
"Retain Public Order Act 1986, The Racial & Religious Hatred Act 2006","https://petition.parliament.uk/petitions/725399","closed",46
"Ban trade deals that result in lowering food standards","https://petition.parliament.uk/petitions/725411","closed",81
"Require people over 70 have a compulsory eye tests every 2 years to drive","https://petition.parliament.uk/petitions/725445","closed",171
"Any legislative or judicial review must consult the groups it impacts","https://petition.parliament.uk/petitions/725457","closed",79
"Allow elderly disabled people to claim the state pension early","https://petition.parliament.uk/petitions/725464","closed",1154
"Eliminate VAT on hot takeaway food","https://petition.parliament.uk/petitions/725467","closed",626
"Fund free prescriptions for people living with Inflammatory Bowel Disease (IBD)","https://petition.parliament.uk/petitions/725486","closed",195
" Redirect some foreign aid to fund services for British children","https://petition.parliament.uk/petitions/725488","closed",219
"Delay introducing Making Tax Digital until more support for the Self-Employed","https://petition.parliament.uk/petitions/725490","closed",183
"Fund the creation of more SEN schools","https://petition.parliament.uk/petitions/725491","closed",484
"Give trans people legal access to single-sex spaces of their acquired gender","https://petition.parliament.uk/petitions/725515","closed",2410
"Create a public body to represent vulnerable and low-income people in the UK","https://petition.parliament.uk/petitions/725529","closed",60
"Prevent police withholding bodycam footage under FOIA","https://petition.parliament.uk/petitions/725540","closed",63
"Do not scrap the Work Capability Assessment (WCA)","https://petition.parliament.uk/petitions/725550","closed",476
"Introduce tax relief on Restricted Stock Units (RSUs) ","https://petition.parliament.uk/petitions/725552","closed",56
"Immediately ban all vehicles that fail their MOT from being driven","https://petition.parliament.uk/petitions/725554","closed",15
"Fund publicly accessible naloxone and adrenaline autoinjectors (EpiPens)","https://petition.parliament.uk/petitions/725555","closed",43
"Change the ‘grey belt’ definition in the National Planning Policy Framework","https://petition.parliament.uk/petitions/725558","closed",42142
"Require flea treatment packaging to include warnings about toxicity","https://petition.parliament.uk/petitions/725571","closed",75
"Ban the sale of nicotine products to anyone born on or after 1 January 2009","https://petition.parliament.uk/petitions/725581","closed",53
"Remove counter signatory identification requirement for passport applications","https://petition.parliament.uk/petitions/725584","closed",42
"Add military preparation and cadet training into the national curriculum","https://petition.parliament.uk/petitions/725585","closed",103
"Fund training for staff to recognise spiritual experience in mental health care","https://petition.parliament.uk/petitions/725594","closed",22
"Establish a ""First Job"" Tax break for Young Workers","https://petition.parliament.uk/petitions/725603","closed",69
"Review transparency around additional charges to mortgages","https://petition.parliament.uk/petitions/725617","closed",20
"Make Gender Neutral Toilets a legal requirement in all public areas","https://petition.parliament.uk/petitions/725623","closed",386
"Reform curriculum to prioritise more outdoor learning/the outdoor environment","https://petition.parliament.uk/petitions/725630","closed",61
"Seek a No-Fly Zone over Central and Western Ukraine","https://petition.parliament.uk/petitions/725634","closed",117
"Review and reduce the £3,000 weekly cap for child maintenance purposes","https://petition.parliament.uk/petitions/725646","closed",25
"Require supermarkets to offer nutrition-based filtering and alerts online","https://petition.parliament.uk/petitions/725648","closed",25
"Require confirmation of next of kin in writing and legally recognise wishes","https://petition.parliament.uk/petitions/725652","closed",20
"Call for a Public Inquiry into Systemic Issues in Children’s Social Care","https://petition.parliament.uk/petitions/725655","closed",1351
"Require retailers to have anti-abuse policies","https://petition.parliament.uk/petitions/725656","closed",53
"Ban insured deposit protection schemes","https://petition.parliament.uk/petitions/725657","closed",37
"Remove the ‘right to roam’ status applicable to domesticated cats","https://petition.parliament.uk/petitions/725658","closed",268
"Dedicate funding for investment in Eco-Innovative Housing Projects","https://petition.parliament.uk/petitions/725669","closed",48
"Introduce measures to ensure fair pay for rideshare drivers","https://petition.parliament.uk/petitions/725671","closed",1908
"Political parties to be funded only by membership fees and a government grant","https://petition.parliament.uk/petitions/725701","closed",418
"Create letterboxes for the homeless & advertise support available","https://petition.parliament.uk/petitions/725714","closed",46
"Protect Northern Ireland Veterans from Prosecutions","https://petition.parliament.uk/petitions/725716","closed",209956
"Criminalise all coercive or controlling behaviour","https://petition.parliament.uk/petitions/725738","closed",47
"Ban parents from using their children to create social media content","https://petition.parliament.uk/petitions/725746","closed",172
"Allow people to take their driving theory test in Arabic","https://petition.parliament.uk/petitions/725753","closed",31
"New legislation to regulate how online marketplaces manage seller accounts","https://petition.parliament.uk/petitions/725756","closed",32
"Review the way the criminal justice system supports male victims","https://petition.parliament.uk/petitions/725766","closed",66
"Require Universities in England to hold mandatory workshops on consent","https://petition.parliament.uk/petitions/725778","closed",45
"Make ‘open call’ auditions regulated","https://petition.parliament.uk/petitions/725798","closed",20
"Help to return Ukrainian children that have been forcibly taken by Russia","https://petition.parliament.uk/petitions/725804","closed",1718
"Review Access to HRT & HRT monitoring for Trans People & guidance and training","https://petition.parliament.uk/petitions/725817","closed",65
"Skilled worker visa holders & UK taxpayers eligible for Childcare Benefits","https://petition.parliament.uk/petitions/725832","closed",76
"Fund Soundproof Bereavement Suites & training for staff on maternity wards","https://petition.parliament.uk/petitions/725833","closed",124
"Introduce a new secondary property tax","https://petition.parliament.uk/petitions/725844","closed",105
"Psychosis: increase research funding into diagnosis, prevention and medication","https://petition.parliament.uk/petitions/725846","closed",872
"Regulate the sale and advertisement of nicotine pouches to protect children","https://petition.parliament.uk/petitions/725848","closed",64
"Fund paid rest breaks for all NHS nursing staff","https://petition.parliament.uk/petitions/725874","closed",70
"Change the speed limit for single-carriageway rural roads from 60mph to 30mph","https://petition.parliament.uk/petitions/725877","closed",2000
"Prevent Sex Offenders from Applying for Removal from the Sex Offenders Register","https://petition.parliament.uk/petitions/725879","closed",163
"Provide funding to put an NHS dentist in all GP surgeries","https://petition.parliament.uk/petitions/725892","closed",138
"Lower bowel cancer screening age to 30 & funding for investigation of symptoms","https://petition.parliament.uk/petitions/725909","closed",12286
"Give local MPs a legal role in enforcing LA's antisocial behaviour policies","https://petition.parliament.uk/petitions/725914","closed",18
"Remove the right for convicted sex offenders to appeal their sentence","https://petition.parliament.uk/petitions/725923","closed",669
"Support newly qualified nurses: Review barriers to NHS jobs","https://petition.parliament.uk/petitions/725928","closed",90102
"Fund broader STI testing to include microbiome testing on the NHS","https://petition.parliament.uk/petitions/725933","closed",39
"Review the death certification reforms which came into place on 9th Sept 2024","https://petition.parliament.uk/petitions/725942","closed",27
"Significantly strengthen and expand tax relief for the audio-visual sector","https://petition.parliament.uk/petitions/725948","closed",37
"Raise income threshold for free school meals to reflect cost of living crisis","https://petition.parliament.uk/petitions/725968","closed",40
"Require local authorities to support estranged adults up to age 25","https://petition.parliament.uk/petitions/725979","closed",67
"Make it mandatory to register defibrillators on a national database","https://petition.parliament.uk/petitions/726000","closed",92
"Reform Child Maintenance – require parental mediation and proof of care","https://petition.parliament.uk/petitions/726008","closed",31
"Reverse the changes to the Adoption and Special Guardianship Support Fund","https://petition.parliament.uk/petitions/726029","closed",98
"Create a new bank holiday celebrating face to face social time","https://petition.parliament.uk/petitions/726031","closed",42
"Funding so every under 1 in A&E, urgent care, paediatrics to have urine sample","https://petition.parliament.uk/petitions/726036","closed",22
"Review Primary Curriculum to ensure alignment with Children’s Developmental Need","https://petition.parliament.uk/petitions/726049","closed",295
"Require vets to check cats and dogs recorded microchip details yearly","https://petition.parliament.uk/petitions/726084","closed",47
"Make Addressing the Climate Emergency a Statutory duty for Councils","https://petition.parliament.uk/petitions/726089","closed",1424
"Stop criminalising kids - raise the age of criminal responsibility to 18","https://petition.parliament.uk/petitions/726101","closed",32
"Increase minimum penalties for hate crimes against transgender people","https://petition.parliament.uk/petitions/726120","closed",68
"Stop the Planning and Infrastructure Bill 2025 to Protect Nature","https://petition.parliament.uk/petitions/726174","closed",14151
"Create a 24/7 death certification, burial, and repatriation service","https://petition.parliament.uk/petitions/726196","closed",78
"Fund mandatory endometriosis training for all NHS staff","https://petition.parliament.uk/petitions/726209","closed",987
"Fund social housing for military personnel leaving HM Forces","https://petition.parliament.uk/petitions/726213","closed",97
"Enable self-employed to include childcare costs in allowable expenses","https://petition.parliament.uk/petitions/726222","closed",1899
"Bring back full Right to buy discount & give notice of future changes","https://petition.parliament.uk/petitions/726223","closed",507
"Voluntary employment and training scheme for those with learning difficulties","https://petition.parliament.uk/petitions/726233","closed",101
"Review the use of speed cameras","https://petition.parliament.uk/petitions/726234","closed",49
"Require MPs & Councillors to have minimum 5 yrs employment in industry/commerce","https://petition.parliament.uk/petitions/726248","closed",57
"Give licenced security officers specific powers under the law","https://petition.parliament.uk/petitions/726258","closed",50
"Legally classify the creation & use of sexual deep fakes as sexual assault","https://petition.parliament.uk/petitions/726264","closed",418
"Prohibit disclosure of pre-trial therapy notes in sexual assault investigations","https://petition.parliament.uk/petitions/726286","closed",105
"Capital punishment for officials guilty of treason, corruption, misconduct","https://petition.parliament.uk/petitions/726287","closed",1143
"Abolish the Energy Profits Levy","https://petition.parliament.uk/petitions/726290","closed",934
"Require all phone numbers be added to a public register","https://petition.parliament.uk/petitions/726313","closed",20
"Fund more support for children with SEN & allow term-time holidays","https://petition.parliament.uk/petitions/726381","closed",80
"Establish a Public Portal for Victims of Mistaken Criminal Identity","https://petition.parliament.uk/petitions/726383","closed",29
"Ban the sale of disposable BBQs during periods of high wildfire risk","https://petition.parliament.uk/petitions/726390","closed",351
"Do not house illegal migrants in private rentals, deport them immediately","https://petition.parliament.uk/petitions/726409","closed",3839
"Exclude pre-marriage assets from divorce settlements in England and Wales","https://petition.parliament.uk/petitions/726410","closed",59
"Apply for the UK to rejoin the EU fully - do not just 'reset' the relationship","https://petition.parliament.uk/petitions/726413","closed",26756
"Establish an Independent Review of NHS Extraction-Based Orthodontics","https://petition.parliament.uk/petitions/726447","closed",95
"Create new background checks for jurors on sexual or domestic abuse trials","https://petition.parliament.uk/petitions/726450","closed",74
"Require companies to cap price increases to 20% during school holidays","https://petition.parliament.uk/petitions/726455","closed",100
"Ban nurseries charging fees when closed and cap fees","https://petition.parliament.uk/petitions/726468","closed",80
"Do not ban level 7 qualified non-medical aesthetic practitioners from practising","https://petition.parliament.uk/petitions/726480","closed",77
"Introduce a Minister for Deportations at the Home Office","https://petition.parliament.uk/petitions/726483","closed",212
"Make any sexual contact with an animal a criminal offence","https://petition.parliament.uk/petitions/726493","closed",172
"Exempt people from paying National Insurance Contributions after 35 years","https://petition.parliament.uk/petitions/726495","closed",100
"Increase funding for more frequent bus services connecting rural areas","https://petition.parliament.uk/petitions/726506","closed",43
"Introduce an elected Supreme Court","https://petition.parliament.uk/petitions/726507","closed",42
"Ensure GCSE students have access to formulae and equation sheets post 2027","https://petition.parliament.uk/petitions/726508","closed",41
"Minimum pay of £15/hour for Care Assistants in the private sector and care homes","https://petition.parliament.uk/petitions/726510","closed",182
"Ban Digital Billboards in Cities to Reduce Light Pollution/Adverts & Save Energy","https://petition.parliament.uk/petitions/726512","closed",78
"Ban Live Facial Recognition (LFR) in all public and private spaces","https://petition.parliament.uk/petitions/726514","closed",677
"Require all public buildings to display the Union Jack flag","https://petition.parliament.uk/petitions/726537","closed",525
"Require all PIP assessments & reviews be conducted by doctors","https://petition.parliament.uk/petitions/726541","closed",508
"Introduce a government-backed motor vehicle insurance provider","https://petition.parliament.uk/petitions/726584","closed",31
"Increase UK investment in renewable energy","https://petition.parliament.uk/petitions/726594","closed",62
"Fund Solar Panels for not-for-profit leisure centres","https://petition.parliament.uk/petitions/726598","closed",52
"Increase engine power limit for motorcycle drivers on CBT license","https://petition.parliament.uk/petitions/726605","closed",45
"Require all vets to open at weekends","https://petition.parliament.uk/petitions/726610","closed",45
"Reduce the 7-Year Route for UK-born children to apply for ILR to 3 Years","https://petition.parliament.uk/petitions/726621","closed",47
"Review & modernise the GCSE curriculum to teach life skills & support students","https://petition.parliament.uk/petitions/726644","closed",65
"Fund off-road cycle paths linking every village, town and city in the country","https://petition.parliament.uk/petitions/726694","closed",53
"Provide funding so refuge spaces are free for all","https://petition.parliament.uk/petitions/726696","closed",26
"Provide funding to make all asthma-related medication free on prescription","https://petition.parliament.uk/petitions/726704","closed",170
"Increase funding for EHCPs to help address funding gaps in schools","https://petition.parliament.uk/petitions/726705","closed",487
"Launch an inquiry into online disinformation on social media platforms","https://petition.parliament.uk/petitions/726721","closed",69
"Require energy companies to offer analogue meters ","https://petition.parliament.uk/petitions/726722","closed",650
"Provide transgender people with more gender options on their birth certificate","https://petition.parliament.uk/petitions/726723","closed",53
"Launch a public inquiry into business rates and small businesses","https://petition.parliament.uk/petitions/726726","closed",140
"Exempt first time buyers from stamp duty","https://petition.parliament.uk/petitions/726732","closed",233
"Require all doctors to receive perimenopause training & GPs to have specialists","https://petition.parliament.uk/petitions/726736","closed",1714
"Scrap six-year time limit for claims in Overseas Operations Act","https://petition.parliament.uk/petitions/726743","closed",110
"Require all employers to provide sanitary products at the workplace","https://petition.parliament.uk/petitions/726757","closed",69
"Change speeding penalties to 1point for up to 25MPH on a 20MPH road","https://petition.parliament.uk/petitions/726766","closed",2702
"Fund free Meningitis B & ACWY vaccines on the NHS for all","https://petition.parliament.uk/petitions/726768","closed",748
"Ban songs about knife crime and violence on social media and music apps","https://petition.parliament.uk/petitions/726814","closed",78
"Review and strengthen mandatory allergy training for all food industry staff","https://petition.parliament.uk/petitions/726823","closed",1562
"Make paternity tests compulsory before registering a birth","https://petition.parliament.uk/petitions/726836","closed",72
"Require all social housing flats to have a personal balcony/garden","https://petition.parliament.uk/petitions/726851","closed",52
"Review Children’s Wellbeing and Schools Bill’s impact on non-school settings","https://petition.parliament.uk/petitions/726859","closed",597
"Stop the importation of honey bees into GB from the EU via Northern Ireland","https://petition.parliament.uk/petitions/726878","closed",1523
"Expand menstrual health education & early screening for conditions","https://petition.parliament.uk/petitions/726911","closed",203
"Require fresh produce to be labelled with pesticides used","https://petition.parliament.uk/petitions/726919","closed",102
"Specialist Hospital Units for Vulnerable Young Adults with learning disabilities","https://petition.parliament.uk/petitions/726930","closed",50
"Grant automatic guardianship to parents of 18yr olds who lack mental capacity","https://petition.parliament.uk/petitions/726933","closed",43
" Create a national register of wills & require all wills to be registered","https://petition.parliament.uk/petitions/726938","closed",52
"Establish a cap on Homes of Multiple Occupancy (HMO) in stressed communities","https://petition.parliament.uk/petitions/726949","closed",323
" Give UK citizens the right to veto laws by national referendum","https://petition.parliament.uk/petitions/726955","closed",370
"Ban single-use expanded polypropylene packaging","https://petition.parliament.uk/petitions/726962","closed",199
"Ban balaclavas to prevent crime","https://petition.parliament.uk/petitions/726978","closed",159
"Fund access to bicycles for children so they can live active and healthy lives","https://petition.parliament.uk/petitions/726983","closed",76
"Get rid of alcohol duty and lower business rates for pubs","https://petition.parliament.uk/petitions/726994","closed",48
"Require companies to provide a simple method of cancelling online subscriptions","https://petition.parliament.uk/petitions/727003","closed",116
"New rules for migrants who arrive without ID or outside official entry points","https://petition.parliament.uk/petitions/727011","closed",383
"Require all food of US origin to be labelled for transparency","https://petition.parliament.uk/petitions/727013","closed",91
"Provide funding for a nationwide, nature-rich river corridor network.","https://petition.parliament.uk/petitions/727016","closed",10420
"Introduce a National Children's Day for VE day on 8th May and fund celebrations ","https://petition.parliament.uk/petitions/727019","closed",43
"Publish the names and offences of people released early from prison","https://petition.parliament.uk/petitions/727051","closed",71
"Fund better Functional Neurological Disorder care, treatment and support","https://petition.parliament.uk/petitions/727063","closed",17266
"Require all new trains to be fitted with seatbelts","https://petition.parliament.uk/petitions/727065","closed",31
"Temporary Ban on agricultural use of sewage cake","https://petition.parliament.uk/petitions/727078","closed",1146
"Add Parkinson's to list of conditions eligible for medical exemption certificate","https://petition.parliament.uk/petitions/727089","closed",78
"Fund and build air raid sirens system for civil defence","https://petition.parliament.uk/petitions/727094","closed",37
"Reintroduce the Help to Buy Equity Loan Scheme for First-Time Buyers","https://petition.parliament.uk/petitions/727103","closed",29
"Prohibit recording frontline workers without consent","https://petition.parliament.uk/petitions/727109","closed",153
"Allow people to transfer all their personal allowance to their spouse","https://petition.parliament.uk/petitions/727117","closed",79
"Make GCSE study leave a requirement in state schools in England","https://petition.parliament.uk/petitions/727121","closed",36
"Ban wing clipping for all birds","https://petition.parliament.uk/petitions/727133","closed",76
"Create a maximum height requirement for the XL Bully ban","https://petition.parliament.uk/petitions/727161","closed",28
"Lower the Drink Drive Limit in England to be in line with Scotland","https://petition.parliament.uk/petitions/727189","closed",50
"Fund free hospital parking in England for all patients","https://petition.parliament.uk/petitions/727190","closed",267
"Raise the 40% tax threshold from £50,271 to £53,800","https://petition.parliament.uk/petitions/727197","closed",57
"Fund NHS Weight Loss Medication for People with Medication-Linked Weight Gain","https://petition.parliament.uk/petitions/727208","closed",41
"Ban public sector jobs from being replaced with external hires for 2 years","https://petition.parliament.uk/petitions/727221","closed",43
"Change rules to allow pets in airplane cabins going to and from the UK","https://petition.parliament.uk/petitions/727223","closed",2254
"Review extra time practices in secondary schools for GCSE and A levels","https://petition.parliament.uk/petitions/727227","closed",36
"Investigate safeguarding & social care referral practices for SEND children","https://petition.parliament.uk/petitions/727229","closed",705
"Create a Certificate of Sponsorship verification website and mobile app","https://petition.parliament.uk/petitions/727271","closed",15
"Ban the use of audible propane bird scarers","https://petition.parliament.uk/petitions/727276","closed",171
"Require all new homes to include a swift brick","https://petition.parliament.uk/petitions/727278","closed",246
"Require people on Universal Credit & fit to work to take a public sector job","https://petition.parliament.uk/petitions/727281","closed",108
"Hold a UK-wide review of student loans","https://petition.parliament.uk/petitions/727292","closed",39
"Increase full-time Carer's Allowance to at least £800 per week","https://petition.parliament.uk/petitions/727296","closed",4377
"New legislation: ensure informed consent is always given to avoid patient harm.","https://petition.parliament.uk/petitions/727305","closed",439
"Stop Means Testing Pensioners and increase the State Pension.","https://petition.parliament.uk/petitions/727306","closed",217
"Call an immediate general election","https://petition.parliament.uk/petitions/727309","closed",1059231
"Issue new guidance on teachers’ early retirement rights","https://petition.parliament.uk/petitions/727321","closed",5198
"Increase funding for the prison system to improve living standards","https://petition.parliament.uk/petitions/727327","closed",59
"Do not close social care visa to protect UK health and social care","https://petition.parliament.uk/petitions/727331","closed",75
"Establish a Home Deposit Scheme for Military Veterans","https://petition.parliament.uk/petitions/727332","closed",48
"Establish a workplace wellbeing rating and require workplaces to disclose them","https://petition.parliament.uk/petitions/727336","closed",199
"Introduce a law to protect patient advocates in NHS treatment","https://petition.parliament.uk/petitions/727342","closed",58
"Keep 5-year ILR terms to Hong Kong British National (Overseas) visas","https://petition.parliament.uk/petitions/727356","closed",114605
"Urgently regulate e-scooters
","https://petition.parliament.uk/petitions/727359","closed",31487
"Keep the 5-Year ILR pathway for existing Skilled Worker visa holders","https://petition.parliament.uk/petitions/727360","closed",188125
"Protect Legal Migrants: do not implement the 10-Year ILR proposal","https://petition.parliament.uk/petitions/727372","closed",106570
"Independent Financial Broadcasting Service to Report on UK Government Spending","https://petition.parliament.uk/petitions/727394","closed",44
"Increase the minimum wage for care workers","https://petition.parliament.uk/petitions/727420","closed",96
"Extend the Adoption Support Fund to include adults up to 25 without an EHCP","https://petition.parliament.uk/petitions/727444","closed",190
"Review and strengthen Consumer Rights on ownership of digital devices and media","https://petition.parliament.uk/petitions/727445","closed",135
"Require Independent Scrutiny Before Passing any Education Laws Affecting Rights","https://petition.parliament.uk/petitions/727458","closed",4881
"Nationalise all water companies","https://petition.parliament.uk/petitions/727463","closed",732
"Ban fishing in 30% of the UK’s coastal waters to allow marine ecosystem recovery","https://petition.parliament.uk/petitions/727485","closed",421
"Lower the minimum age to take the DVLA Theory Test for cars to 16","https://petition.parliament.uk/petitions/727509","closed",38
"Require people to undergo a learning course & get a license to own a pet","https://petition.parliament.uk/petitions/727510","closed",75
"Reduce the school week to four days a week","https://petition.parliament.uk/petitions/727514","closed",126014
"Formal support framework for families of murdered British citizens overseas","https://petition.parliament.uk/petitions/727534","closed",22092
"Allow licences to be issued to wildlife rehabilitators to release grey squirrels","https://petition.parliament.uk/petitions/727553","closed",3130
"Make online bullying a specific crime & new rules for social media platforms","https://petition.parliament.uk/petitions/727554","closed",522
"Abolish Stamp Duty to Make Homeownership More Accessible for All","https://petition.parliament.uk/petitions/727559","closed",402
"Abolish all toll roads","https://petition.parliament.uk/petitions/727567","closed",42
"Require bus operators to refund fares for service cancellations","https://petition.parliament.uk/petitions/727576","closed",272
"Change the law to allow dogs and cats to travel in airplane cabins into the UK","https://petition.parliament.uk/petitions/727607","closed",755
"Make teachers exempt from changes introduced in the Home Office whitepaper","https://petition.parliament.uk/petitions/727615","closed",283
"Ban Trawling in All Marine Protected Areas (MPAs) in UK waters","https://petition.parliament.uk/petitions/727634","closed",1834
"Fund free or reduced gym prices for under 18's","https://petition.parliament.uk/petitions/727680","closed",24
"Implement road safety strategy to protect motorcyclists","https://petition.parliament.uk/petitions/727687","closed",42
"Fund free public transport for people aged 10-18","https://petition.parliament.uk/petitions/727708","closed",55
"Recognise Palestine as a State and seek immediate ceasefire in Gaza","https://petition.parliament.uk/petitions/727717","closed",17800
"Adopt the Yogyakarta Principles into UK law to ensure LGBTQ+ rights are upheld","https://petition.parliament.uk/petitions/727736","closed",1352
"Abolish Independent Office for Police Conduct by revoking relevant legislation","https://petition.parliament.uk/petitions/727760","closed",27
"Replace the Spring Bank Holiday with a November Bank Holiday","https://petition.parliament.uk/petitions/727763","closed",22
"Change law on partner consent for use of embryos for those unable to conceive ","https://petition.parliament.uk/petitions/727784","closed",40
"Scrap the proposed ban on importing puppies under 6 months old","https://petition.parliament.uk/petitions/727786","closed",43
"Fund free parking at NHS hospitals for people over 70","https://petition.parliament.uk/petitions/727792","closed",69
"Abolish the Life in the UK test","https://petition.parliament.uk/petitions/727829","closed",47
"Fund support for Speedway","https://petition.parliament.uk/petitions/727839","closed",51
"Replace First-Past-The-Post with Single Transferrable Vote & Alternative Vote","https://petition.parliament.uk/petitions/727860","closed",509
"Increase funding to build more council housing ","https://petition.parliament.uk/petitions/727874","closed",86
"Impose rent caps in major cities to stop rent hikes by landlords","https://petition.parliament.uk/petitions/727875","closed",80
"End the face tattoo ban in UK Armed Forces","https://petition.parliament.uk/petitions/727881","closed",37
"Make stamp duty payable on the difference in cost of the current & new home","https://petition.parliament.uk/petitions/727883","closed",35
"Add a “None of the above” option to ballot papers for all elections","https://petition.parliament.uk/petitions/727889","closed",219
"Update school uniform guidance to prioritise comfort for students in England","https://petition.parliament.uk/petitions/727890","closed",356
"Raise the annual limit on Commonwealth recruits for the UK Armed Forces","https://petition.parliament.uk/petitions/727912","closed",33
"Reform the way PIP assessments are conducted for deaf people","https://petition.parliament.uk/petitions/727919","closed",609
"Statutory sick pay from day 1 of absence for those with chronic illness","https://petition.parliament.uk/petitions/727943","closed",427
"Grant Malaysian Driving Licence Conversion","https://petition.parliament.uk/petitions/727944","closed",159
"Factor all fish kill from nuclear cooling inlets into fishing quotas","https://petition.parliament.uk/petitions/727952","closed",70
"Stop fines for taking children out of school on holiday","https://petition.parliament.uk/petitions/727960","closed",777
"Require a vote and consultation before implementing the new UK–EU Reset Deal","https://petition.parliament.uk/petitions/727961","closed",3540
"Have a new referendum on EU membership","https://petition.parliament.uk/petitions/727964","closed",555
"Require businesses to give workers time off on general election days","https://petition.parliament.uk/petitions/727997","closed",70
"Make Pakistan passport holders eligible for the UK Registered Traveller Service","https://petition.parliament.uk/petitions/728003","closed",42
"Require drivers to stop and take cats to the vets if they hit them in their car","https://petition.parliament.uk/petitions/728011","closed",10959
"Use Proportional Representation at the next General Election","https://petition.parliament.uk/petitions/728017","closed",47976
"Halt the EU Reset Agreement","https://petition.parliament.uk/petitions/728043","closed",187
"Introduce gas and electricity price caps for businesses","https://petition.parliament.uk/petitions/728047","closed",44
"Implement mandatory licences for builders","https://petition.parliament.uk/petitions/728060","closed",70
"Require schools to allow students refill water bottles and use the toilet","https://petition.parliament.uk/petitions/728086","closed",131
"Fund research using postural changes in SBP and HR to detect sepsis","https://petition.parliament.uk/petitions/728087","closed",23
"Reform SEND Education: Implement a Needs-Based Tiered School System in England","https://petition.parliament.uk/petitions/728090","closed",128
"Urge UN to send peacekeepers into Gaza & the West Bank","https://petition.parliament.uk/petitions/728104","closed",665
"Raise the age of compulsory education in England to Six & reform Early Education","https://petition.parliament.uk/petitions/728157","closed",778
"Ban all forms of conversion therapy","https://petition.parliament.uk/petitions/728168","closed",697
"Ban Private Dog Breeding and Strengthen Penalties for Animal Cruelty","https://petition.parliament.uk/petitions/728177","closed",219
"Change the law so neighbours cannot record in to private back gardens","https://petition.parliament.uk/petitions/728185","closed",106
"Regulate adult social care training","https://petition.parliament.uk/petitions/728187","closed",86
"Require political adverts to be truthful & factually accurate","https://petition.parliament.uk/petitions/728189","closed",150
"Fund air ambulances","https://petition.parliament.uk/petitions/728227","closed",75
"Ban AI scrapers from scraping websites that have opted out","https://petition.parliament.uk/petitions/728241","closed",83
"Legislate to protect rights of self-employed security personnel to fair payment","https://petition.parliament.uk/petitions/728272","closed",21
"Create a national pet health service for veterinary care","https://petition.parliament.uk/petitions/728285","closed",181
"Speed up the payment of tax repayments","https://petition.parliament.uk/petitions/728289","closed",28
"Require MPs to evidence all contributions in Parliament and introduce penalties","https://petition.parliament.uk/petitions/728293","closed",378
"Issue guidance so schools cannot give homework overnight","https://petition.parliament.uk/petitions/728304","closed",72
"Ban the Ring Flying disc to Protect Our Seals","https://petition.parliament.uk/petitions/728349","closed",102
"Provide funding to put up fences on all roads to protect wildlife","https://petition.parliament.uk/petitions/728360","closed",77
"Regulate and oversee hair strand testing used in family court cases","https://petition.parliament.uk/petitions/728370","closed",21
"Ban chemical castration in the criminal justice system","https://petition.parliament.uk/petitions/728374","closed",43
"Ban the sale and use of sunscreens containing ingredients that damage corals","https://petition.parliament.uk/petitions/728391","closed",94
"Keep the Graduate Route (PSW Visa) at 2 years for international students","https://petition.parliament.uk/petitions/728402","closed",1253
"Increase the weight threshold on dual purpose vehicles","https://petition.parliament.uk/petitions/728407","closed",36
"Longer sentences and disqualification for drug/drink drivers who injure someone","https://petition.parliament.uk/petitions/728415","closed",885
"Call for investigation into claims of irregularities in Poland's 2025 election","https://petition.parliament.uk/petitions/728424","closed",25
"Ban the release of balloons and sky lanterns","https://petition.parliament.uk/petitions/728452","closed",620
"Bring back the “Eat Out To Help Out” scheme","https://petition.parliament.uk/petitions/728465","closed",30
"Fund more bins, CCTV, enforcement staff and raise fines to prevent littering","https://petition.parliament.uk/petitions/728466","closed",69
"Fund Full NHS Bursaries for Nurses & Midwives to Help Secure Our Workforce","https://petition.parliament.uk/petitions/728471","closed",76
"Ban the use of aversive dog training tools","https://petition.parliament.uk/petitions/728473","closed",2405
"Fund free public transport for all through an additional tax on income","https://petition.parliament.uk/petitions/728504","closed",28
"Automatically revoke spousal visas from abusive partners in the UK","https://petition.parliament.uk/petitions/728506","closed",180
"Set legal deadlines for NHS to provide medical reports for DWP tribunals","https://petition.parliament.uk/petitions/728519","closed",35
"Seek a UK-EU deal to scrap the Entry/Exit System for travel under 90 days","https://petition.parliament.uk/petitions/728535","closed",257
"Exempt Global Talent and 'highest skilled worker' visas from 10-year ILR rule","https://petition.parliament.uk/petitions/728549","closed",1470
"Increase New State Pension and pay to all, abolish the old Basic State Pension.","https://petition.parliament.uk/petitions/728562","closed",2717
"Bring all Social Care into the Public Sector under the NHS & stop means testing.","https://petition.parliament.uk/petitions/728563","closed",130
"Give maternity leave to those who've suffered baby loss from 20 weeks gestation","https://petition.parliament.uk/petitions/728581","closed",251
"Give permits for parent and child bays to stop the misuse of these spaces","https://petition.parliament.uk/petitions/728595","closed",332
"Ban the sale and usage of smoke flares for non emergency usage","https://petition.parliament.uk/petitions/728599","closed",53
"Review family involvement in NHS Mental Healthcare of adult family members","https://petition.parliament.uk/petitions/728606","closed",36
"Ban dynamic ticket pricing for live events","https://petition.parliament.uk/petitions/728612","closed",2425
"Only UK residents who pay or have paid PAYE can vote in general elections","https://petition.parliament.uk/petitions/728634","closed",568
"Cap the Price of Non-Alcoholic Beer in UK","https://petition.parliament.uk/petitions/728635","closed",84
"Require shops to give away same-day expiring food before shop closing","https://petition.parliament.uk/petitions/728637","closed",183
"Create a Public Holiday on 15 June in England & Wales to commemorate Magna Carta","https://petition.parliament.uk/petitions/728652","closed",54
"Give State Pension to all at 60 and increase it to equal 48hrs of Living Wage","https://petition.parliament.uk/petitions/728656","closed",19992
"Raise the standard tax-free Personal Allowance to £45,000.","https://petition.parliament.uk/petitions/728657","closed",254
"Fund Free TV licences for all pensioners.","https://petition.parliament.uk/petitions/728658","closed",15986
"Revoke the Community Protection Notice (CPN) power","https://petition.parliament.uk/petitions/728661","closed",44
"Fund scheme for retired police dogs","https://petition.parliament.uk/petitions/728671","closed",89
"Remove ban on people with certain mental health conditions joining military","https://petition.parliament.uk/petitions/728674","closed",18
"Funding so all infants are offered Type 1 Diabetes Testing in routine care","https://petition.parliament.uk/petitions/728677","closed",121152
"Review possible penalties for social media posts, including the use of prison","https://petition.parliament.uk/petitions/728715","closed",191592
"Review and fund improved detection and diagnosis of prostate cancer","https://petition.parliament.uk/petitions/728751","closed",14374
"More safeguarding for children with FASD & criminalise alcohol use in pregnancy","https://petition.parliament.uk/petitions/728776","closed",49
"Allow parents to take their children out of school for 5 school days in a year","https://petition.parliament.uk/petitions/728790","closed",561
"Review and reform how NHS Health Boards share, access & communicate patient data","https://petition.parliament.uk/petitions/728801","closed",309
"Ban door-to-door sales to protect vulnerable people","https://petition.parliament.uk/petitions/728828","closed",122
"Do not fund officers to patrol French beaches for illegal small boat crossings","https://petition.parliament.uk/petitions/728872","closed",176
"Require all children’s play centres to provide two dedicated SEN sessions a week","https://petition.parliament.uk/petitions/728885","closed",170
"Make CCTV mandatory in all taxis and private hire vehicles","https://petition.parliament.uk/petitions/728891","closed",8421
"Regulate recreational cannabis to protect UK users from contaminants","https://petition.parliament.uk/petitions/728930","closed",123
"Require all public buses to have toilets","https://petition.parliament.uk/petitions/729002","closed",34
"Ban horse-drawn hackney carriages","https://petition.parliament.uk/petitions/729016","closed",57
"Fund a National NHS Railcard for Healthcare Staff","https://petition.parliament.uk/petitions/729126","closed",4158
"Abolish Section 21 'no-fault' evictions with immediate effect","https://petition.parliament.uk/petitions/729348","closed",51
