Petition,URL,State,Signatures Count,petition_id,opened_date,deadline_date,debate_threshold_reached,debate_date
Make all official travel passes acceptable as voter ID,https://petition.parliament.uk/petitions/707482,open,29,707482,2025-12-08,2026-06-08,,
Ban social media for under-16s to protect children,https://petition.parliament.uk/petitions/710283,open,4098,710283,2025-08-29,2026-02-28,,
Increase funding to improve prison conditions and rehabilitation services,https://petition.parliament.uk/petitions/710288,open,35,710288,2025-08-04,2026-02-04,,
"Pass an act for tartan woven in the Highlands, similar to Harris Tweed Act 1993",https://petition.parliament.uk/petitions/713728,open,1526,713728,2025-09-16,2026-03-16,,
Explain how the EU advisory referendum became a decision,https://petition.parliament.uk/petitions/713834,open,286,713834,2025-08-11,2026-02-11,,
"Make smart meters compulsory, with a deadline",https://petition.parliament.uk/petitions/716436,open,13,716436,2025-07-08,2026-01-08,,
Ban air fresheners & scented products in public spaces,https://petition.parliament.uk/petitions/717866,open,945,717866,2025-07-04,2026-01-04,,
Amend Church of England (Powers) Act so either House can suspend it for a year,https://petition.parliament.uk/petitions/719005,open,29,719005,2025-08-06,2026-02-06,,
Restore foreign aid spending to 0.7% as pledged in the Labour manifesto,https://petition.parliament.uk/petitions/719428,open,44,719428,2025-09-01,2026-03-01,,
Create a law introducing specific offence of manslaughter by drug supply,https://petition.parliament.uk/petitions/721368,open,179,721368,2025-07-25,2026-01-25,,
£1000 fine for loud exhaust pipes & seize vehicles of repeat offenders,https://petition.parliament.uk/petitions/722204,open,213,722204,2025-08-20,2026-02-20,,
Establish an independent defence review board to axe obsolete military spending,https://petition.parliament.uk/petitions/722611,open,29,722611,2025-08-07,2026-02-07,,
Allow reregistration of births to remove a parent from the birth certificate,https://petition.parliament.uk/petitions/722755,open,20,722755,2025-07-29,2026-01-29,,
Withdraw UK from Ottawa Treaty and the Convention on Cluster Munitions,https://petition.parliament.uk/petitions/724168,open,13,724168,2025-07-02,2026-01-02,,
Ban 8 hour a week employment contracts,https://petition.parliament.uk/petitions/725120,open,26,725120,2025-09-16,2026-03-16,,
Legislate to explicitly ban the Portsmouth Defence,https://petition.parliament.uk/petitions/725139,open,30,725139,2025-09-16,2026-03-16,,
More legal aid for fathers seeking access to their children,https://petition.parliament.uk/petitions/725169,open,71,725169,2025-07-24,2026-01-24,,
Public inquiry into public bodies' Equality Act interpretation,https://petition.parliament.uk/petitions/725986,open,46,725986,2025-07-17,2026-01-17,,
New legislation to improve performance of companies in the public interest,https://petition.parliament.uk/petitions/726092,open,42,726092,2025-09-15,2026-03-15,,
Do not put transgender people into prisons of their birth sex,https://petition.parliament.uk/petitions/726169,open,563,726169,2025-07-16,2026-01-16,,
State that biological males must not be housed in women’s prisons,https://petition.parliament.uk/petitions/726212,open,682,726212,2025-09-12,2026-03-12,,
"Review D&I workplace plans, particularly in emergency services & armed forces",https://petition.parliament.uk/petitions/726238,open,36,726238,2025-09-18,2026-03-18,,
We call on Government to urgently revise the mobile phone in schools guidance,https://petition.parliament.uk/petitions/726477,open,2355,726477,2025-08-06,2026-02-06,,
Require mobile network operators to provide PAC codes for previous 07 numbers,https://petition.parliament.uk/petitions/726634,open,20,726634,2025-07-16,2026-01-16,,
Protect Online Privacy – Ban Charging Users to Reject Tracking Cookies,https://petition.parliament.uk/petitions/726744,open,44,726744,2025-12-19,2026-06-19,,
Create an Autumn Bank Holiday in England & Wales,https://petition.parliament.uk/petitions/726755,open,24,726755,2025-12-02,2026-06-02,,
Add birth sex to special category data under GDPR,https://petition.parliament.uk/petitions/726809,open,45,726809,2025-10-10,2026-04-10,,
Mandate Local Hiring and Restrict Offshore Hiring of workers,https://petition.parliament.uk/petitions/726852,open,49,726852,2025-06-30,2025-12-30,,
Ban baled tyre exports to protect UK tyre recycling,https://petition.parliament.uk/petitions/726926,open,73,726926,2025-07-16,2026-01-16,,
Ban travel insurance premium hikes & refusals for people in clinical trials,https://petition.parliament.uk/petitions/726946,open,917,726946,2025-07-21,2026-01-21,,
Abolish and replace the Local Government Pension Scheme,https://petition.parliament.uk/petitions/726976,open,276,726976,2025-07-10,2026-01-10,,
Fund litter-picking stations on all public beaches,https://petition.parliament.uk/petitions/727015,open,48,727015,2025-07-01,2026-01-01,,
Allow English nurses to carry emergency prescription-only medications,https://petition.parliament.uk/petitions/727092,open,65,727092,2025-07-08,2026-01-08,,
"Make secondary schools teach about endometriosis, vaginismus & hormonal cycle",https://petition.parliament.uk/petitions/727120,open,1453,727120,2025-07-11,2026-01-11,,
 Make it Law for Water Companies to Object When Sewage Systems Are Over Capacity,https://petition.parliament.uk/petitions/727294,open,5103,727294,2025-07-10,2026-01-10,,
Scrap the BBC TV Licence & replace funding with adverts or paywall,https://petition.parliament.uk/petitions/727365,open,7357,727365,2025-07-01,2026-01-01,,
Make politicians legally responsible for their election promises,https://petition.parliament.uk/petitions/727386,open,202,727386,2025-09-08,2026-03-08,,
Immediately tighten immigration requirements,https://petition.parliament.uk/petitions/727491,open,579,727491,2025-06-27,2025-12-27,,
Ensure itemised contracted meals in childcare cost eligible for UC reimbursement,https://petition.parliament.uk/petitions/727502,open,27,727502,2025-06-30,2025-12-30,,
Review disciplinary processes for firearm officers in the line of duty,https://petition.parliament.uk/petitions/727571,open,123,727571,2025-07-11,2026-01-11,,
Require schools to notify parents if a pupil is distressed by results feedback,https://petition.parliament.uk/petitions/727657,open,2817,727657,2025-06-27,2025-12-27,,
Ban change of land use over a certain acreage or on the edge of towns/villages,https://petition.parliament.uk/petitions/727758,open,88,727758,2025-09-05,2026-03-05,,
Review protections for NHS skilled worker visa holders,https://petition.parliament.uk/petitions/727776,open,356,727776,2025-07-18,2026-01-18,,
End concurrent sentencing for heinous crimes,https://petition.parliament.uk/petitions/727899,open,5672,727899,2025-07-24,2026-01-24,,
Mark 30 years of DDA: Make all public buildings flat threshold,https://petition.parliament.uk/petitions/728064,open,174,728064,2025-07-03,2026-01-03,,
Introduce a ‘School Allergy Safety Bill’ to Protect School Pupils with Allergies,https://petition.parliament.uk/petitions/728067,open,13965,728067,2025-06-30,2025-12-30,,
Seek to amend the UK-India trade deal to ensure it is fair for UK IT workers,https://petition.parliament.uk/petitions/728091,open,66,728091,2025-07-16,2026-01-16,,
Review Pain Relief Standards For Invasive Women’s Health Procedures,https://petition.parliament.uk/petitions/728188,open,271,728188,2025-07-08,2026-01-08,,
Legislate to allow social services to force visits to non-engaging households,https://petition.parliament.uk/petitions/728195,open,967,728195,2025-07-14,2026-01-14,,
Introduce measures to protect women at risk of domestic violence,https://petition.parliament.uk/petitions/728371,open,1336,728371,2025-07-01,2026-01-01,,
Allow the release of wild boar and introduce a statutory close shooting season,https://petition.parliament.uk/petitions/728492,open,21,728492,2025-11-24,2026-05-24,,
The Government should block all trade with Israel including the blocking of arms,https://petition.parliament.uk/petitions/728574,open,1574,728574,2025-07-04,2026-01-04,,
Ban alcohol displays at checkouts and entrances in all supermarkets,https://petition.parliament.uk/petitions/728615,open,331,728615,2025-08-14,2026-02-14,,
Ban the sale of Israeli products until Israel ends its military actions in Gaza,https://petition.parliament.uk/petitions/728645,open,1068,728645,2025-07-08,2026-01-08,,
Overhaul and Enforce Reforms to Water Park Safety Regulations,https://petition.parliament.uk/petitions/728654,open,2279,728654,2025-07-01,2026-01-01,,
Require autism-friendly interview adjustments and sensory-friendly jobs,https://petition.parliament.uk/petitions/728699,open,289,728699,2025-06-30,2025-12-30,,
Introduce a super visa for parents to join the family the same as Canada,https://petition.parliament.uk/petitions/728719,open,344,728719,2025-06-30,2025-12-30,,
Allow letting agents to access tenants' criminal records before accepting,https://petition.parliament.uk/petitions/728727,open,60,728727,2025-06-30,2025-12-30,,
Require collaboration between social services and animal welfare to protect dogs,https://petition.parliament.uk/petitions/728732,open,54,728732,2025-06-27,2025-12-27,,
Fund free blood thinning medications for blood clots,https://petition.parliament.uk/petitions/728736,open,41,728736,2025-06-30,2025-12-30,,
Ban cheap renewable energy from being charged at the price of expensive gas,https://petition.parliament.uk/petitions/728752,open,642,728752,2025-07-09,2026-01-09,,
"Review all trade ties with Israel, suspend 2030 roadmap & impose trade sanctions",https://petition.parliament.uk/petitions/728765,open,11428,728765,2025-07-10,2026-01-10,,
Electric installation licence system & ban sale of materials to the unlicensed,https://petition.parliament.uk/petitions/728785,open,23,728785,2025-09-01,2026-03-01,,
Review consumer contract laws to stop non-agreed charges in construction,https://petition.parliament.uk/petitions/728806,open,23,728806,2025-11-06,2026-05-06,,
Fund the NHS to provide all services free at the point of use,https://petition.parliament.uk/petitions/728819,open,87,728819,2025-07-01,2026-01-01,,
Do not implement the Independent Sentencing Review and hold further review,https://petition.parliament.uk/petitions/728823,open,25,728823,2025-07-02,2026-01-02,,
Extend the winter fuel allowance for all over 60s & families with kids under-18,https://petition.parliament.uk/petitions/728844,open,123,728844,2025-07-10,2026-01-10,,
Allow Skilled workers to work unlimited extra hours with other employers,https://petition.parliament.uk/petitions/728846,open,155,728846,2025-06-30,2025-12-30,,
Abolish Penalty Points for Minor Speeding Offences,https://petition.parliament.uk/petitions/728856,open,53,728856,2025-06-30,2025-12-30,,
Introduce national service for all young people,https://petition.parliament.uk/petitions/728868,open,86,728868,2025-07-09,2026-01-09,,
No More Patchwork Paving: Change the resurfacing rules for utility companies.,https://petition.parliament.uk/petitions/728889,open,361,728889,2025-07-02,2026-01-02,,
Change foreign policy so the UK is neutral and not aligned with the 'West'.,https://petition.parliament.uk/petitions/728896,open,124,728896,2025-07-09,2026-01-09,,
"Ban ""small-scale fracking"" for onshore oil and gas",https://petition.parliament.uk/petitions/728912,open,10532,728912,2025-07-04,2026-01-04,,
Increase regulation of parking signage,https://petition.parliament.uk/petitions/728920,open,15622,728920,2025-07-07,2026-01-07,,
Remove custody sentence for some offences from Standard & Enhanced DBS check,https://petition.parliament.uk/petitions/728931,open,17,728931,2025-07-02,2026-01-02,,
Scrap sponsorship requirements for overseas healthcare workers to switch jobs,https://petition.parliament.uk/petitions/728943,open,25,728943,2025-08-14,2026-02-14,,
 Require unused website URLs to be made available after 12 months,https://petition.parliament.uk/petitions/728945,open,27,728945,2025-07-08,2026-01-08,,
Require companies to offer equal adoption and parental leave policies ,https://petition.parliament.uk/petitions/728950,open,40,728950,2025-07-09,2026-01-09,,
Ban surname changes for women after marriage,https://petition.parliament.uk/petitions/728965,open,18,728965,2025-07-02,2026-01-02,,
Create a Simpler Way to Upgrade from Automatic to Manual Driving Licence,https://petition.parliament.uk/petitions/728974,open,36,728974,2025-07-18,2026-01-18,,
Exempt medically discharged Commonwealth service people from immigration control,https://petition.parliament.uk/petitions/728988,open,188,728988,2025-07-09,2026-01-09,,
Reverse the ban on XL Bully dogs,https://petition.parliament.uk/petitions/729003,open,2975,729003,2025-07-09,2026-01-09,,
Leave the European Convention on Human Rights (ECHR),https://petition.parliament.uk/petitions/729027,open,22674,729027,2025-07-09,2026-01-09,,
Review Home Office Delays in processing immigration cases,https://petition.parliament.uk/petitions/729032,open,29,729032,2025-07-01,2026-01-01,,
Require car and phone makers to publish annual report of safety & repair issues,https://petition.parliament.uk/petitions/729052,open,26,729052,2025-07-04,2026-01-04,,
Require nurseries and early years providers to make social media pages private,https://petition.parliament.uk/petitions/729070,open,34,729070,2025-07-08,2026-01-08,,
Make Stamp Duty payment flexible,https://petition.parliament.uk/petitions/729071,open,2979,729071,2025-07-01,2026-01-01,,
Provide more funding for further biomedical research and education on CFS/ME,https://petition.parliament.uk/petitions/729073,open,1616,729073,2025-06-30,2025-12-30,,
Pause immigration until Home Office processes all pending asylum applications,https://petition.parliament.uk/petitions/729093,open,611,729093,2025-08-14,2026-02-14,,
Ban the sale of catapults and carrying catapults in public,https://petition.parliament.uk/petitions/729101,open,1276,729101,2025-07-01,2026-01-01,,
Ban industries serving food to the public from wearing latex gloves,https://petition.parliament.uk/petitions/729104,open,46,729104,2025-06-30,2025-12-30,,
Require care settings to carry out basic nail care,https://petition.parliament.uk/petitions/729118,open,26,729118,2025-07-02,2026-01-02,,
Introduce a free UK visa or other evacuation route for refugees from Gaza,https://petition.parliament.uk/petitions/729128,open,204,729128,2025-07-09,2026-01-09,,
Make using AI and generative language models in factual media a criminal offence,https://petition.parliament.uk/petitions/729133,open,84,729133,2025-06-30,2025-12-30,,
Fund mental health support for people who administered first aid,https://petition.parliament.uk/petitions/729144,open,110,729144,2025-07-01,2026-01-01,,
Review punishments for young offenders,https://petition.parliament.uk/petitions/729146,open,39,729146,2025-06-30,2025-12-30,,
Amend Section 27 of the Road Traffic Act 1988 to include all public highways,https://petition.parliament.uk/petitions/729152,open,868,729152,2025-06-30,2025-12-30,,
Recall of MPs Act to cover MPs excluded from parliamentary estate for 60 Days+,https://petition.parliament.uk/petitions/729157,open,39,729157,2025-08-06,2026-02-06,,
"Ban In-Contract Price Hikes—Honour Fixed Full Contract Deals, Despite Inflation",https://petition.parliament.uk/petitions/729185,open,58,729185,2025-07-02,2026-01-02,,
Do not release convicted domestic abusers early because of overcrowded prisons,https://petition.parliament.uk/petitions/729192,open,59,729192,2025-06-30,2025-12-30,,
Require AI companies to publish their training data,https://petition.parliament.uk/petitions/729195,open,59,729195,2025-07-01,2026-01-01,,
Hold a referendum on leaving the European Court of Human Rights,https://petition.parliament.uk/petitions/729212,open,11477,729212,2025-07-02,2026-01-02,,
Exempt 10+ year UK residents/taxpayers from the Life in the UK Test,https://petition.parliament.uk/petitions/729228,open,38,729228,2025-07-01,2026-01-01,,
Deport all illegal migrants in the United Kingdom,https://petition.parliament.uk/petitions/729231,open,16001,729231,2025-07-03,2026-01-03,,
Stop HMRC implementing making tax digital and enforcing quarterly submissions,https://petition.parliament.uk/petitions/729235,open,19989,729235,2025-07-02,2026-01-02,,
Remove VAT on all school uniform up to age 18,https://petition.parliament.uk/petitions/729243,open,483,729243,2025-08-06,2026-02-06,,
Hold tour operators accountable for the safety of accommodation provided,https://petition.parliament.uk/petitions/729245,open,79,729245,2025-07-02,2026-01-02,,
Remove parental responsibility from people convicted of DV with 10+ yr sentence,https://petition.parliament.uk/petitions/729258,open,447,729258,2025-08-15,2026-02-15,,
"Create a new, separate role of Police and Crime Commissioner for London",https://petition.parliament.uk/petitions/729259,open,67,729259,2025-07-08,2026-01-08,,
Require Government lecterns to always display the Coat of Arms,https://petition.parliament.uk/petitions/729272,open,21,729272,2025-07-08,2026-01-08,,
"Fund safe baby boxes for surrendering babies, for mothers & babies in need",https://petition.parliament.uk/petitions/729274,open,50,729274,2025-07-08,2026-01-08,,
Fund a Children & Young People’s Cancer Diagnosis Awareness Campaign,https://petition.parliament.uk/petitions/729287,open,448,729287,2025-07-07,2026-01-07,,
Fund more financial support for legal guardians of children and young people,https://petition.parliament.uk/petitions/729297,open,107,729297,2025-07-03,2026-01-03,,
Require internet providers to provide equal Internet Access for All Communities,https://petition.parliament.uk/petitions/729299,open,73,729299,2025-07-02,2026-01-02,,
Require all employers and schools to grant 3 days' holiday for Eid celebrations,https://petition.parliament.uk/petitions/729307,open,69,729307,2025-07-03,2026-01-03,,
Change England’s disabled bus pass so it can be used at any time on weekdays,https://petition.parliament.uk/petitions/729326,open,932,729326,2025-07-10,2026-01-10,,
New policies on deporting legal and illegal migrants & full ECHR withdrawal,https://petition.parliament.uk/petitions/729333,open,2515,729333,2025-07-18,2026-01-18,,
"Seek free movement agreement with Australia, Canada & New Zealand",https://petition.parliament.uk/petitions/729351,open,218,729351,2025-07-02,2026-01-02,,
"Require galleries segregate artists' sale proceeds, protect them from insolvency",https://petition.parliament.uk/petitions/729356,open,205,729356,2025-07-02,2026-01-02,,
"Raise the VAT threshold to £250,000 for small businesses",https://petition.parliament.uk/petitions/729362,open,107,729362,2025-07-08,2026-01-08,,
Do not change Access to Work scheme,https://petition.parliament.uk/petitions/729364,open,67,729364,2025-07-11,2026-01-11,,
Ban political parties from accepting party donations through cryptocurrency,https://petition.parliament.uk/petitions/729369,open,70,729369,2025-09-16,2026-03-16,,
Create a bank holiday on 12 July 2027 to celebrate the unification of England,https://petition.parliament.uk/petitions/729375,open,309,729375,2025-07-01,2026-01-01,,
Seek to join the European Economic Area,https://petition.parliament.uk/petitions/729377,open,52,729377,2025-07-08,2026-01-08,,
Fund healthcare framework and pathways for adults with Cerebral Palsy,https://petition.parliament.uk/petitions/729390,open,457,729390,2025-07-22,2026-01-22,,
"Review & transition voting to secure, encrypted, decentralized ledger technology",https://petition.parliament.uk/petitions/729408,open,37,729408,2025-07-07,2026-01-07,,
Require public sector funds to fully divest from the fossil fuel industry,https://petition.parliament.uk/petitions/729412,open,66,729412,2025-08-06,2026-02-06,,
No tax or national insurance on overtime for emergency service workers,https://petition.parliament.uk/petitions/729428,open,7832,729428,2025-06-30,2025-12-30,,
Require cyclists to wear helmets in cities by law,https://petition.parliament.uk/petitions/729430,open,73,729430,2025-07-15,2026-01-15,,
"Halt the new vaping duty tax, help protect small British businesses & consumers",https://petition.parliament.uk/petitions/729435,open,1758,729435,2025-07-01,2026-01-01,,
Make Play and Continuous Provision statutory in England's Key Stage 1 Curriculum,https://petition.parliament.uk/petitions/729440,open,105990,729440,2025-07-03,2026-01-03,2025-10-30,2026-01-26
Create a statutory body to oversee university academic appeals,https://petition.parliament.uk/petitions/729450,open,17,729450,2025-07-14,2026-01-14,,
Forced adoption inquiry & review adoption process/contact with birth families,https://petition.parliament.uk/petitions/729452,open,44,729452,2025-07-03,2026-01-03,,
Require neurodiversity education for children in schools,https://petition.parliament.uk/petitions/729455,open,348,729455,2025-06-30,2025-12-30,,
Keep the 2 child benefit cap,https://petition.parliament.uk/petitions/729459,open,7727,729459,2025-07-04,2026-01-04,,
Transparency and Review of the free zones and ports impacts,https://petition.parliament.uk/petitions/729478,open,10486,729478,2025-06-30,2025-12-30,,
Consult on and negotiate a youth mobility scheme with the EU,https://petition.parliament.uk/petitions/729480,open,433,729480,2025-07-01,2026-01-01,,
Close the Borders! Suspend ALL immigration for 5 years!,https://petition.parliament.uk/petitions/729482,open,7336,729482,2025-07-11,2026-01-11,,
Review Shared Ownership Salary Cap,https://petition.parliament.uk/petitions/729487,open,23,729487,2025-07-02,2026-01-02,,
Ban courier companies leaving parcels outside doors & fines for poor quality,https://petition.parliament.uk/petitions/729535,open,46,729535,2025-07-01,2026-01-01,,
Donate a small number of retired jets to Ukraine,https://petition.parliament.uk/petitions/729541,open,75,729541,2025-07-04,2026-01-04,,
Ban the use of pesticides in children’s playgrounds and in schools in England,https://petition.parliament.uk/petitions/729555,open,269,729555,2025-09-01,2026-03-01,,
Fund full clinical trials naltrexone to treat cancer,https://petition.parliament.uk/petitions/729564,open,1689,729564,2025-07-03,2026-01-03,,
Require all dog groomers to have formal qualifications,https://petition.parliament.uk/petitions/729581,open,25,729581,2025-07-01,2026-01-01,,
Make it an offence for a person's dog to kill another pet and prosecute owners,https://petition.parliament.uk/petitions/729597,open,61575,729597,2025-07-02,2026-01-02,,
"Review the DVLA (Driver & Vehicle Licensing Agency), including digitalisation",https://petition.parliament.uk/petitions/729604,open,528,729604,2025-07-07,2026-01-07,,
Fund/establish free virtual school for those unable to attend mainstream school,https://petition.parliament.uk/petitions/729623,open,32,729623,2025-07-01,2026-01-01,,
Apply proposed changes to the ILR qualifying period to those already here,https://petition.parliament.uk/petitions/729635,open,1959,729635,2025-07-07,2026-01-07,,
Review & regulate weight loss and health journey content on social media,https://petition.parliament.uk/petitions/729654,open,700,729654,2025-07-01,2026-01-01,,
"New Right to Buy discounts, social housing replacement and stricter resale rules",https://petition.parliament.uk/petitions/729656,open,96,729656,2025-07-07,2026-01-07,,
Review the medicines regulator and yellow card system to put the patient first,https://petition.parliament.uk/petitions/729668,open,113,729668,2025-07-02,2026-01-02,,
Do not use any taxpayer funds on asylum appeals. Charge the individual,https://petition.parliament.uk/petitions/729670,open,380,729670,2025-07-02,2026-01-02,,
Reinstate funding for all Level 7 solicitor apprenticeships,https://petition.parliament.uk/petitions/729675,open,18,729675,2025-07-01,2026-01-01,,
Create pathway for Afghans due to be resettled in the US to seek asylum in UK,https://petition.parliament.uk/petitions/729677,open,24,729677,2025-08-14,2026-02-14,,
Fund Rent payments for Working Care Leavers in Supported Accommodation,https://petition.parliament.uk/petitions/729679,open,223,729679,2025-07-01,2026-01-01,,
Change State Pension Eligibility Age For Builders And Groundworkers,https://petition.parliament.uk/petitions/729690,open,32,729690,2025-07-02,2026-01-02,,
Ban the non-stun slaughter of animals,https://petition.parliament.uk/petitions/729708,open,1138,729708,2025-09-01,2026-03-01,,
Tax small food businesses on sales after delivery platform deductions,https://petition.parliament.uk/petitions/729714,open,54,729714,2025-07-02,2026-01-02,,
Stop all armaments exports to Israel,https://petition.parliament.uk/petitions/729717,open,514,729717,2025-07-02,2026-01-02,,
Require schools to use world maps that reflect a country/continents true size,https://petition.parliament.uk/petitions/729778,open,27,729778,2025-07-01,2026-01-01,,
Clarify the legal definition of “adjacent to a highway” in planning law,https://petition.parliament.uk/petitions/729779,open,24,729779,2025-09-15,2026-03-15,,
Fund programme to humanely relocate seals found in rivers,https://petition.parliament.uk/petitions/729782,open,190,729782,2025-07-03,2026-01-03,,
Legalise E-Scooters for disabled people who are able to use them,https://petition.parliament.uk/petitions/729792,open,43,729792,2025-07-01,2026-01-01,,
Lower sponsorship costs and requirements for skilled immigrant workers in the UK,https://petition.parliament.uk/petitions/729798,open,36,729798,2025-07-01,2026-01-01,,
Full public funding for Level 7 Apprenticeships for people aged 22+,https://petition.parliament.uk/petitions/729844,open,46,729844,2025-07-01,2026-01-01,,
Send flotilla of ships with aid to break Israel’s blockade,https://petition.parliament.uk/petitions/729861,open,590,729861,2025-07-31,2026-01-31,,
Independent Body to deal with misconduct in Public Services & training,https://petition.parliament.uk/petitions/729869,open,236,729869,2025-07-04,2026-01-04,,
Make provision for a Global BBC licence fee,https://petition.parliament.uk/petitions/729873,open,32,729873,2025-07-04,2026-01-04,,
Fund an integrated program: Sleeping pods for the Homeless by the Homeless,https://petition.parliament.uk/petitions/729879,open,64,729879,2025-07-08,2026-01-08,,
All UK homeless citizens should be prioritised for hotel accommodation,https://petition.parliament.uk/petitions/729887,open,261,729887,2025-09-17,2026-03-17,,
"Cyclists to be licenced, registered to be on the road and have insurance",https://petition.parliament.uk/petitions/729915,open,309,729915,2025-07-01,2026-01-01,,
Ban plea deals in serious sexual offence cases against children & the vulnerable,https://petition.parliament.uk/petitions/729926,open,2022,729926,2025-07-02,2026-01-02,,
Ban bottom trawling in all UK waters & ratify UN High Seas Treaty,https://petition.parliament.uk/petitions/729945,open,617,729945,2025-07-04,2026-01-04,,
Review the NHS decision to make smear testing every 5 years if HPV negative ,https://petition.parliament.uk/petitions/729981,open,1148,729981,2025-07-02,2026-01-02,,
Mandate that murderers start their sentences in category A prisons,https://petition.parliament.uk/petitions/729988,open,2955,729988,2025-06-30,2025-12-30,,
"Fund cervical screening every 3 yrs or more frequently, lower minimum age to 18",https://petition.parliament.uk/petitions/730008,open,224,730008,2025-07-17,2026-01-17,,
Hold a referendum on stopping immigration into the UK for 30 years,https://petition.parliament.uk/petitions/730009,open,2129,730009,2025-07-17,2026-01-17,,
Fund and require routine cervical screening every 2 yrs,https://petition.parliament.uk/petitions/730019,open,262,730019,2025-07-29,2026-01-29,,
"Create a rising tax rate system, to set a maximum income level.",https://petition.parliament.uk/petitions/730021,open,65,730021,2025-07-01,2026-01-01,,
Change priority for social housing guidance to make all veterans eligible,https://petition.parliament.uk/petitions/730057,open,102,730057,2025-07-08,2026-01-08,,
Fund a National Climate Resilience Plan: protect communities from climate impact,https://petition.parliament.uk/petitions/730062,open,9980,730062,2025-07-02,2026-01-02,,
Add intersex to the Equality Act as a protected characteristic,https://petition.parliament.uk/petitions/730075,open,1238,730075,2025-07-09,2026-01-09,,
Ban churches from being given a use as another religious building,https://petition.parliament.uk/petitions/730085,open,792,730085,2025-08-11,2026-02-11,,
Set fixed prices that councils can charge for burials and ban leasehold plots,https://petition.parliament.uk/petitions/730091,open,30,730091,2025-07-10,2026-01-10,,
Review how police deal with counter-allegations in domestic abuse cases,https://petition.parliament.uk/petitions/730095,open,60,730095,2025-07-08,2026-01-08,,
Fund cervical smear check for all 6 months after giving birth/pregnancy,https://petition.parliament.uk/petitions/730116,open,41,730116,2025-07-17,2026-01-17,,
Ban holiday companies from charging higher prices in the school holidays,https://petition.parliament.uk/petitions/730119,open,1359,730119,2025-07-02,2026-01-02,,
Replace GCSE and A-Level memory-based exams with open-book formats,https://petition.parliament.uk/petitions/730126,open,88,730126,2025-07-02,2026-01-02,,
Change Council Tax so its based on how many occupants live in the household,https://petition.parliament.uk/petitions/730153,open,117,730153,2025-07-02,2026-01-02,,
Ban all Nitrates and Nitrites in all meat products & require dry curing instead,https://petition.parliament.uk/petitions/730172,open,56,730172,2025-07-02,2026-01-02,,
Fund a scheme to maintain graves on local authority owned sites,https://petition.parliament.uk/petitions/730187,open,43,730187,2025-07-08,2026-01-08,,
Review the use of closed courts for victims of domestic/sexual violence,https://petition.parliament.uk/petitions/730191,open,38,730191,2025-07-25,2026-01-25,,
Do not introduce Digital ID cards,https://petition.parliament.uk/petitions/730194,open,2973924,730194,2025-07-09,2026-01-09,2025-09-22,2025-12-08
Add Non molestation orders to Clare's Law disclosure and DBS automatically,https://petition.parliament.uk/petitions/730196,open,67,730196,2025-07-23,2026-01-23,,
Fund blood donation vans for workplace visits,https://petition.parliament.uk/petitions/730197,open,64,730197,2025-07-02,2026-01-02,,
Ban ultra-processed (NOVA  4) foods from all school meals,https://petition.parliament.uk/petitions/730206,open,106,730206,2025-07-02,2026-01-02,,
Review duration of A-Level exams,https://petition.parliament.uk/petitions/730208,open,24,730208,2025-07-17,2026-01-17,,
Exempt students with learning disabilities from VAT on private school fees,https://petition.parliament.uk/petitions/730212,open,39,730212,2025-07-02,2026-01-02,,
Ban parental controls for digital devices being used involuntarily on adults,https://petition.parliament.uk/petitions/730221,open,20,730221,2025-07-08,2026-01-08,,
Make front number plates optional,https://petition.parliament.uk/petitions/730222,open,89,730222,2025-07-03,2026-01-03,,
Lower the voting age to 16 for those who sign up to the military,https://petition.parliament.uk/petitions/730250,open,18,730250,2025-07-01,2026-01-01,,
Require dating sites to check domestic violence convictions & ban those users,https://petition.parliament.uk/petitions/730251,open,109,730251,2025-07-02,2026-01-02,,
Review the SEND Tribunal so special schools can refuse placements,https://petition.parliament.uk/petitions/730266,open,120,730266,2025-07-07,2026-01-07,,
"Fund, distribute and mandate storybooks on online safety for all school children",https://petition.parliament.uk/petitions/730271,open,105,730271,2025-07-11,2026-01-11,,
Require cyclists who use main roads to have an identification number plate,https://petition.parliament.uk/petitions/730274,open,94,730274,2025-07-02,2026-01-02,,
Ban all forms of public nudity except for emergency reasons,https://petition.parliament.uk/petitions/730288,open,25,730288,2025-07-16,2026-01-16,,
Change the DDA 1991 to stop breed bans and focus on behaviour,https://petition.parliament.uk/petitions/730292,open,10880,730292,2025-09-23,2026-03-23,,
Hold a referendum to decide if the UK should leave the ECHR.,https://petition.parliament.uk/petitions/730293,open,320,730293,2025-07-01,2026-01-01,,
Abolish VAT for all small businesses with a taxable turnover under £250k a year,https://petition.parliament.uk/petitions/730304,open,117,730304,2025-07-04,2026-01-04,,
Fund free bus travel and increase rail fare discounts for those 22 and under,https://petition.parliament.uk/petitions/730337,open,163,730337,2025-06-27,2025-12-27,,
"Require all review sites to offer free, independent arbitration to businesses",https://petition.parliament.uk/petitions/730339,open,36,730339,2025-07-01,2026-01-01,,
Ban intelligence services use of public personal data for creating/training AI,https://petition.parliament.uk/petitions/730342,open,200,730342,2025-07-23,2026-01-23,,
Change the age of eligibility for an AM moped licence to 14,https://petition.parliament.uk/petitions/730353,open,23,730353,2025-07-02,2026-01-02,,
Commit to no military involvement in attacks on Iran,https://petition.parliament.uk/petitions/730360,open,111,730360,2025-07-09,2026-01-09,,
Allow the culling of seagulls in urban and commercial areas & prevent nesting,https://petition.parliament.uk/petitions/730367,open,119,730367,2025-07-09,2026-01-09,,
"Government apology to India, Pakistan, and Bangladesh",https://petition.parliament.uk/petitions/730384,open,35,730384,2025-08-07,2026-02-07,,
Ban Scissor Traps for Moles and impose fines,https://petition.parliament.uk/petitions/730417,open,169,730417,2025-07-08,2026-01-08,,
Full audit of the UK gold reserves held at the Bank of England,https://petition.parliament.uk/petitions/730448,open,73,730448,2025-08-11,2026-02-11,,
Introduce new specific criminal offence of Adult Grooming & Exploitation,https://petition.parliament.uk/petitions/730458,open,82,730458,2025-08-11,2026-02-11,,
Mandate funding of active travel provision as part of any transport projects,https://petition.parliament.uk/petitions/730474,open,186,730474,2025-07-15,2026-01-15,,
"Public inquiry into the abolished defence of provocation, and issue apology",https://petition.parliament.uk/petitions/730498,open,69,730498,2025-07-08,2026-01-08,,
Waive English test for UK-educated adults applying for naturalisation,https://petition.parliament.uk/petitions/730505,open,66,730505,2025-07-03,2026-01-03,,
Include asexuality as a protected characteristic in the Equality Act 2010,https://petition.parliament.uk/petitions/730507,open,150,730507,2025-07-08,2026-01-08,,
Ringfence revenue from Vehicle Excise Duty for roads,https://petition.parliament.uk/petitions/730514,open,116,730514,2025-07-08,2026-01-08,,
Ban local councils from requiring work permits for under 16s eligible to work ,https://petition.parliament.uk/petitions/730516,open,116,730516,2025-07-07,2026-01-07,,
Increase foreign aid funding for children affected by war and conflict,https://petition.parliament.uk/petitions/730517,open,97,730517,2025-07-21,2026-01-21,,
Grooming gang national enquiry to name officials and consider failures to act,https://petition.parliament.uk/petitions/730532,open,288,730532,2025-10-01,2026-04-01,,
Force airlines to offer non-overbooked flight tickets,https://petition.parliament.uk/petitions/730537,open,27,730537,2025-07-08,2026-01-08,,
Review decision-making in asylum cases involving Ukrainian applicants,https://petition.parliament.uk/petitions/730539,open,141,730539,2025-08-13,2026-02-13,,
Change law: OFWAT to block dividends & executive bonuses when rationing water,https://petition.parliament.uk/petitions/730541,open,492,730541,2025-07-16,2026-01-16,,
Require key worker housing eligibility to include frontline charity workers,https://petition.parliament.uk/petitions/730542,open,203,730542,2025-07-08,2026-01-08,,
Grant Legal Right for Parents to Record All Interactions with Social Service,https://petition.parliament.uk/petitions/730552,open,1024,730552,2025-07-08,2026-01-08,,
Rule out BBC licence fee being linked to council tax,https://petition.parliament.uk/petitions/730557,open,1382,730557,2025-08-11,2026-02-11,,
Set out a pro-innovation strategy for blockchain and stablecoins,https://petition.parliament.uk/petitions/730568,open,44369,730568,2025-09-03,2026-03-03,,
Review support and payment for councillors in England,https://petition.parliament.uk/petitions/730571,open,121,730571,2025-07-23,2026-01-23,,
"Require all shops in England to sell alcohol in a separate, screened area",https://petition.parliament.uk/petitions/730587,open,95,730587,2025-07-10,2026-01-10,,
Legislate to upgrade all B class license holders to include the C1 category,https://petition.parliament.uk/petitions/730604,open,181,730604,2025-07-18,2026-01-18,,
Mandatory collection and publication of certain child sexual offender data,https://petition.parliament.uk/petitions/730605,open,259953,730605,2025-07-16,2026-01-16,2025-07-16,
Create a ‘Community First’ legal duty for charity legacy property sales,https://petition.parliament.uk/petitions/730613,open,35,730613,2025-07-29,2026-01-29,,
Require all social media platforms to verify identity of accounts,https://petition.parliament.uk/petitions/730639,open,8936,730639,2025-07-17,2026-01-17,,
Stop considering asylum requests for 2 years to control illegal migration,https://petition.parliament.uk/petitions/730643,open,277,730643,2025-07-23,2026-01-23,,
Broaden Grooming Gang Commission and ensure remit debated by MPs,https://petition.parliament.uk/petitions/730653,open,128,730653,2025-08-11,2026-02-11,,
Make prescriptions free in England like Wales and Scotland,https://petition.parliament.uk/petitions/730658,open,112,730658,2025-07-14,2026-01-14,,
"Calculate child maintenance from net pay, not gross pay",https://petition.parliament.uk/petitions/730665,open,121,730665,2025-07-09,2026-01-09,,
Develop government guidance encouraging councils to fly Pride & equality flags,https://petition.parliament.uk/petitions/730675,open,49,730675,2025-09-16,2026-03-16,,
Update the Highway Code Rule 243 to forbid parking/stopping on private driveways,https://petition.parliament.uk/petitions/730681,open,204,730681,2025-07-11,2026-01-11,,
Reverse Abortion Decriminalisation in England and Wales,https://petition.parliament.uk/petitions/730690,open,751,730690,2025-07-14,2026-01-14,,
Introduce Qualification exams to become an MP,https://petition.parliament.uk/petitions/730698,open,130,730698,2025-07-15,2026-01-15,,
Allow Displaced Care Workers to work temporarily without a new sponsorship,https://petition.parliament.uk/petitions/730717,open,27,730717,2025-08-14,2026-02-14,,
Ban the Use of Mobile Phones by Members of Parliament in the House of Commons,https://petition.parliament.uk/petitions/730728,open,96,730728,2025-07-17,2026-01-17,,
Enshrine women's right to choose an abortion in law,https://petition.parliament.uk/petitions/730729,open,84,730729,2025-08-01,2026-02-01,,
"RAAC Victim Justice – National Support Fund, New Legislation & public Inquiry",https://petition.parliament.uk/petitions/730731,open,691,730731,2025-07-10,2026-01-10,,
Set minimum parking space width in car parks as 3.6 metres,https://petition.parliament.uk/petitions/730749,open,102,730749,2025-07-29,2026-01-29,,
Stop the Chagos Deal ,https://petition.parliament.uk/petitions/730757,open,336,730757,2025-09-18,2026-03-18,,
Mandate bilingual Gaelic/English and Scots/English driving licences in Scotland,https://petition.parliament.uk/petitions/730760,open,28,730760,2025-07-11,2026-01-11,,
Stop VAT being added to Private school fees,https://petition.parliament.uk/petitions/730767,open,237,730767,2025-07-14,2026-01-14,,
Send the navy into the channel to help stop illegal migrants entering the UK,https://petition.parliament.uk/petitions/730769,open,1482,730769,2025-07-10,2026-01-10,,
Create a Public Accountability Act for Mismanaged Public Projects,https://petition.parliament.uk/petitions/730779,open,95,730779,2025-08-01,2026-02-01,,
Create a pathway for overstayers with health or tech skills to regularise status,https://petition.parliament.uk/petitions/730785,open,19,730785,2025-07-14,2026-01-14,,
Make large venues offer hygienic spaces for disabled medical needs,https://petition.parliament.uk/petitions/730786,open,249,730786,2025-07-10,2026-01-10,,
Fund free prescriptions for English university students,https://petition.parliament.uk/petitions/730803,open,69,730803,2025-07-14,2026-01-14,,
Mandate that free roaming pet cats must be neutered,https://petition.parliament.uk/petitions/730827,open,5736,730827,2025-07-14,2026-01-14,,
National Referendum on the Decriminalisation of Abortion in England and Wales,https://petition.parliament.uk/petitions/730832,open,61,730832,2025-07-16,2026-01-16,,
Match the funding rate of childminders of 2-4 yr olds with current under 2s rate,https://petition.parliament.uk/petitions/730837,open,869,730837,2025-07-17,2026-01-17,,
Seek to join the European Free Trade Association (EFTA),https://petition.parliament.uk/petitions/730858,open,69,730858,2025-07-14,2026-01-14,,
Ban the use of AI and electronic algorithms for filtering job applications,https://petition.parliament.uk/petitions/730874,open,88,730874,2025-07-21,2026-01-21,,
Stop the government banking with banks who invest in fossil fuel companies,https://petition.parliament.uk/petitions/730884,open,216,730884,2025-09-18,2026-03-18,,
CPR training to be mandatory for all employees in the workplace,https://petition.parliament.uk/petitions/730886,open,180,730886,2025-07-11,2026-01-11,,
Add Sickle Cell Disease to NHS Prescription Charge Exemption List,https://petition.parliament.uk/petitions/730899,open,28263,730899,2025-07-14,2026-01-14,,
Review evidence and fund addition of Fabry disease to the newborn screening test,https://petition.parliament.uk/petitions/730900,open,261,730900,2025-07-30,2026-01-30,,
 Fund the installation of free public bike repair stations in cities & towns,https://petition.parliament.uk/petitions/730903,open,41,730903,2025-07-15,2026-01-15,,
Mandate and fund air conditioning units in all English state-funded schools,https://petition.parliament.uk/petitions/730905,open,29,730905,2025-07-17,2026-01-17,,
Add the Progress Pride Flags to the flags that don’t require permission,https://petition.parliament.uk/petitions/730919,open,189,730919,2025-09-16,2026-03-16,,
Create a regulatory body to regulate and oversee estate management companies,https://petition.parliament.uk/petitions/730924,open,417,730924,2025-07-11,2026-01-11,,
 Government Funding for Nationwide Bluetongue Testing,https://petition.parliament.uk/petitions/730927,open,292,730927,2025-07-25,2026-01-25,,
Give Class D License Holders Class C1 and Class C License Holders D1 Entitlement,https://petition.parliament.uk/petitions/730944,open,27,730944,2025-09-02,2026-03-02,,
Make a new business grant scheme for Neurodivergent Entrepreneurs,https://petition.parliament.uk/petitions/730964,open,109,730964,2025-07-17,2026-01-17,,
Review & amend school attendance guidance on the “S” code & introduce a new code,https://petition.parliament.uk/petitions/730976,open,27,730976,2025-07-25,2026-01-25,,
Ensure the Reception Baseline Assessment can be carried out screen free,https://petition.parliament.uk/petitions/730977,open,54,730977,2025-07-21,2026-01-21,,
Create a UK-Wide Regional Equity Strategy to Tackle Systemic Inequality by 2030,https://petition.parliament.uk/petitions/730989,open,59,730989,2025-07-18,2026-01-18,,
Fund free music tuition for all secondary school children aged 11-16 in England,https://petition.parliament.uk/petitions/730991,open,906,730991,2025-07-16,2026-01-16,,
Set out how individuals will be held to account through grooming gangs inquiry,https://petition.parliament.uk/petitions/731006,open,89,731006,2025-08-05,2026-02-05,,
Ban greyhound racing,https://petition.parliament.uk/petitions/731016,open,33392,731016,2025-07-30,2026-01-30,,
Ban electrically-assisted pedal cycles in shared pedestrian-cycle spaces,https://petition.parliament.uk/petitions/731019,open,47,731019,2025-07-21,2026-01-21,,
Chemical castration for all those convicted of child sexual abuse,https://petition.parliament.uk/petitions/731035,open,205,731035,2025-07-21,2026-01-21,,
Launch inquiry into missing children & create new national prevention strategy,https://petition.parliament.uk/petitions/731059,open,70,731059,2025-07-22,2026-01-22,,
Require all buses to have air conditioning,https://petition.parliament.uk/petitions/731063,open,51,731063,2025-07-15,2026-01-15,,
Stop arms sales and any military support to Ukraine and Israel.,https://petition.parliament.uk/petitions/731065,open,78,731065,2025-08-11,2026-02-11,,
End funding for military interventions overseas and spend taxes in the UK.,https://petition.parliament.uk/petitions/731066,open,104,731066,2025-07-15,2026-01-15,,
Enact new Cybersecurity law that sets minimum standards and creates a regulator,https://petition.parliament.uk/petitions/731085,open,39,731085,2025-07-21,2026-01-21,,
Modernise treason laws to include terrorism and wilful betrayal of the state.,https://petition.parliament.uk/petitions/731086,open,126,731086,2025-11-06,2026-05-06,,
Legislate to allow recall of MPs found to have deliberately misled the public,https://petition.parliament.uk/petitions/731105,open,139,731105,2025-07-18,2026-01-18,,
Cancel SLC debt for educators with degrees earned before teacher apprenticeships,https://petition.parliament.uk/petitions/731113,open,41,731113,2025-07-16,2026-01-16,,
Fund new residential care centres for disabled children with complex needs,https://petition.parliament.uk/petitions/731118,open,67,731118,2025-07-16,2026-01-16,,
End all EU fishing rights in UK waters until France stops small boats,https://petition.parliament.uk/petitions/731131,open,1957,731131,2025-08-11,2026-02-11,,
Give funding to ice-cream vans to visit smaller villages,https://petition.parliament.uk/petitions/731139,open,32,731139,2025-07-18,2026-01-18,,
Ban gambling advertising on TV,https://petition.parliament.uk/petitions/731145,open,296,731145,2025-07-16,2026-01-16,,
Ban drinks manufacturers from tethering plastic caps to plastic bottles,https://petition.parliament.uk/petitions/731162,open,72,731162,2025-07-21,2026-01-21,,
Review the application of KYC checks at online casinos,https://petition.parliament.uk/petitions/731173,open,17,731173,2025-07-21,2026-01-21,,
Amend employment law to require additional pay for Sunday working,https://petition.parliament.uk/petitions/731186,open,30,731186,2025-07-28,2026-01-28,,
Funding and guidance for Equal Holiday Club Access for All SEN Children,https://petition.parliament.uk/petitions/731188,open,273,731188,2025-07-22,2026-01-22,,
Decouple electricity prices from gas and commit to phasing out fossil fuels,https://petition.parliament.uk/petitions/731190,open,123,731190,2025-07-23,2026-01-23,,
Update food allergens list to include nightshade family foods on food labelling,https://petition.parliament.uk/petitions/731191,open,51,731191,2025-07-17,2026-01-17,,
Create and fund third party regulator scheme for service charge disputes,https://petition.parliament.uk/petitions/731196,open,2100,731196,2025-07-21,2026-01-21,,
Regulate the use of ultrasonic pest repellent devices in the UK,https://petition.parliament.uk/petitions/731197,open,59,731197,2025-07-22,2026-01-22,,
"Set the income tax personal allowance to £15,597 & higher rate to £62,379.02",https://petition.parliament.uk/petitions/731219,open,6741,731219,2025-07-18,2026-01-18,,
Change law so all service stations must provide at least one EV charging point,https://petition.parliament.uk/petitions/731248,open,51,731248,2025-07-21,2026-01-21,,
Legalise the use of e-scooters for under 16s on public roads,https://petition.parliament.uk/petitions/731255,open,422,731255,2025-07-22,2026-01-22,,
 Raise ILR eligibility threshold to 15 years for future & current visa holders,https://petition.parliament.uk/petitions/731272,open,141,731272,2025-07-29,2026-01-29,,
Require non-smartphone alternatives for real word services provided on apps,https://petition.parliament.uk/petitions/731280,open,177,731280,2025-07-25,2026-01-25,,
Ban button batteries from children’s toys,https://petition.parliament.uk/petitions/731284,open,48,731284,2025-07-18,2026-01-18,,
Ban cycling on all public roads and fund the expansion of separate cycle lanes,https://petition.parliament.uk/petitions/731295,open,39,731295,2025-07-18,2026-01-18,,
30yr minimum sentence for all cases of murder & manslaughter involving a knife,https://petition.parliament.uk/petitions/731302,open,762,731302,2025-08-05,2026-02-05,,
Require that the role of Police Chief Constable be elected by police and staff,https://petition.parliament.uk/petitions/731303,open,29,731303,2025-07-18,2026-01-18,,
UK to join the joint statement on ECHR interpretation,https://petition.parliament.uk/petitions/731310,open,197,731310,2025-07-28,2026-01-28,,
Introduce requirement for all dogs to wear humane basket muzzle in public spaces,https://petition.parliament.uk/petitions/731324,open,58,731324,2025-07-21,2026-01-21,,
Fund and expand employment opportunities for newly qualified NHS nurses,https://petition.parliament.uk/petitions/731333,open,52,731333,2025-07-18,2026-01-18,,
Make all private mental health treatment VAT exempt,https://petition.parliament.uk/petitions/731335,open,47,731335,2025-08-07,2026-02-07,,
Allow Wales to hold an independence referendum,https://petition.parliament.uk/petitions/731342,open,261,731342,2025-07-29,2026-01-29,,
Launch an inquiry into the application of the bruising protocol,https://petition.parliament.uk/petitions/731350,open,17,731350,2025-08-18,2026-02-18,,
Require schools to let children use the toilet at all times in the school day,https://petition.parliament.uk/petitions/731355,open,19304,731355,2025-07-18,2026-01-18,,
Create a legal right for adults in hospital care to a named advocate ,https://petition.parliament.uk/petitions/731378,open,459,731378,2025-07-23,2026-01-23,,
Apologise to Irish women and their children who were repatriated to Ireland,https://petition.parliament.uk/petitions/731382,open,66,731382,2025-10-07,2026-04-07,,
Launch a review into job shortages facing new qualified midwives & fund support,https://petition.parliament.uk/petitions/731396,open,737,731396,2025-07-23,2026-01-23,,
Grant Rivers and Rias in England Legal Personhood,https://petition.parliament.uk/petitions/731397,open,4765,731397,2025-07-22,2026-01-22,,
Review & reform policing to meet modern needs and support frontline officers,https://petition.parliament.uk/petitions/731400,open,33,731400,2025-07-30,2026-01-30,,
"Replace the word ""prostitute"" in legislation with ""sex worker""",https://petition.parliament.uk/petitions/731401,open,315,731401,2025-07-29,2026-01-29,,
Use diplomatic influence to help get baby formula into Gaza,https://petition.parliament.uk/petitions/731404,open,401,731404,2025-07-24,2026-01-24,,
Ban vaping in public places,https://petition.parliament.uk/petitions/731405,open,160,731405,2025-08-01,2026-02-01,,
Explore options for London to have a closer relationship with the EU ,https://petition.parliament.uk/petitions/731416,open,22,731416,2025-08-06,2026-02-06,,
Reduce 20 year route to ILR to 15 years,https://petition.parliament.uk/petitions/731421,open,22,731421,2025-07-22,2026-01-22,,
Introduce a legal maximum temperature to work - 25 degrees Celsius,https://petition.parliament.uk/petitions/731468,open,66,731468,2025-07-22,2026-01-22,,
Require elected officials to keep comments open on official social media,https://petition.parliament.uk/petitions/731469,open,911,731469,2025-07-23,2026-01-23,,
Review how the NHS is checking eligibility for free treatment,https://petition.parliament.uk/petitions/731478,open,69,731478,2025-07-24,2026-01-24,,
Mandate AI job impact assessments and transition support for UK workers,https://petition.parliament.uk/petitions/731495,open,55,731495,2025-07-29,2026-01-29,,
New Disclosure and Safeguarding Mechanism for At-Risk Children,https://petition.parliament.uk/petitions/731497,open,15495,731497,2025-08-05,2026-02-05,,
Legal requirement to provide wheelchair access over cobblestones,https://petition.parliament.uk/petitions/731499,open,27,731499,2025-07-23,2026-01-23,,
Make a Legal Awareness Course mandatory for all spousal visa applicants ,https://petition.parliament.uk/petitions/731509,open,44,731509,2025-07-23,2026-01-23,,
Require restaurants to offer a non-religiously slaughtered meat option,https://petition.parliament.uk/petitions/731518,open,1232,731518,2025-07-25,2026-01-25,,
"Require all transport, roads, houses & public places to be wheelchair accessible",https://petition.parliament.uk/petitions/731531,open,44,731531,2025-07-23,2026-01-23,,
"Reduce all taxes (inc. business rates, NI) for all pubs and restaurants by 5%",https://petition.parliament.uk/petitions/731533,open,30,731533,2025-07-22,2026-01-22,,
Deny asylum applications & return migrants if they arrive from a safe country,https://petition.parliament.uk/petitions/731535,open,453,731535,2025-08-14,2026-02-14,,
Require car seats for children in all commercial vehicles,https://petition.parliament.uk/petitions/731538,open,27,731538,2025-07-18,2026-01-18,,
Review family court system to help prevent post-separation abuse,https://petition.parliament.uk/petitions/731554,open,4947,731554,2025-07-29,2026-01-29,,
Remove VAT on veterinary fees for pets,https://petition.parliament.uk/petitions/731567,open,1303,731567,2025-07-23,2026-01-23,,
Raise the minimum wage across the UK and keep pace with inflation,https://petition.parliament.uk/petitions/731569,open,92,731569,2025-07-22,2026-01-22,,
Do not require small businesses/micro-entities to file profit & loss accounts,https://petition.parliament.uk/petitions/731571,open,34,731571,2025-07-28,2026-01-28,,
Fund mandatory neurodevelopmental screening for all children,https://petition.parliament.uk/petitions/731574,open,6552,731574,2025-08-01,2026-02-01,,
Ban UK visas for citizens of countries who don’t take back illegal migrants,https://petition.parliament.uk/petitions/731582,open,424,731582,2025-07-22,2026-01-22,,
National day of remembrance for all children who died in orphanages in the UK,https://petition.parliament.uk/petitions/731589,open,51,731589,2025-07-23,2026-01-23,,
Ban all types of wire snares,https://petition.parliament.uk/petitions/731602,open,170,731602,2025-07-30,2026-01-30,,
Require a trained FLO to be assigned to families bereaved by suicide,https://petition.parliament.uk/petitions/731608,open,4760,731608,2025-08-05,2026-02-05,,
Introduce new Legislation for Light Commercial Delivery Vehicles,https://petition.parliament.uk/petitions/731617,open,24,731617,2025-07-23,2026-01-23,,
Allow people to listen to live commercial ATC (Air Traffic Control),https://petition.parliament.uk/petitions/731621,open,66,731621,2025-08-12,2026-02-12,,
"Hold a London-wide referendum on leaving the GLA, and giving the GLA more powers",https://petition.parliament.uk/petitions/731673,open,53,731673,2025-09-03,2026-03-03,,
Give British homeless same legal protection from destitution as asylum seekers,https://petition.parliament.uk/petitions/731681,open,331,731681,2025-10-13,2026-04-13,,
Require all asylum seekers to live in remote areas of the UK & work with the EU,https://petition.parliament.uk/petitions/731684,open,51,731684,2025-07-23,2026-01-23,,
Create a task force to find the asylum seekers the HO has lost contact with,https://petition.parliament.uk/petitions/731690,open,799,731690,2025-08-14,2026-02-14,,
Introduce Emancipation law to give minors more freedom,https://petition.parliament.uk/petitions/731701,open,32,731701,2025-07-25,2026-01-25,,
"Implement a policy against gender-based pricing, or ""Pink Tax""",https://petition.parliament.uk/petitions/731708,open,78,731708,2025-07-28,2026-01-28,,
Stop illegal migrants from accessing financial support,https://petition.parliament.uk/petitions/731719,open,731,731719,2025-07-23,2026-01-23,,
New rules on online gossip sites,https://petition.parliament.uk/petitions/731724,open,56,731724,2025-07-28,2026-01-28,,
"Amend terror law to remove ""damage to property"" as an element of terrorism",https://petition.parliament.uk/petitions/731733,open,159,731733,2025-08-04,2026-02-04,,
Reverse increase in the rate of employer’s NI contributions for small businesses,https://petition.parliament.uk/petitions/731751,open,44,731751,2025-07-23,2026-01-23,,
Revoke Genetic Technology (Precision Breeding) Regulations 2025 & the 2023 Act,https://petition.parliament.uk/petitions/731769,open,52,731769,2025-07-28,2026-01-28,,
New protections and support for construction workers,https://petition.parliament.uk/petitions/731772,open,30,731772,2025-08-04,2026-02-04,,
"Call 999 immediately, test for alcohol & drugs & tougher penalties post-accident",https://petition.parliament.uk/petitions/731773,open,40,731773,2025-08-15,2026-02-15,,
Hold a Referendum on Capital Punishment for heinous crimes,https://petition.parliament.uk/petitions/731789,open,118,731789,2025-07-29,2026-01-29,,
Require invoices be sent for all charges in ANPR carparks without onsite payment,https://petition.parliament.uk/petitions/731790,open,53,731790,2025-07-28,2026-01-28,,
Increase the government limit on council parking fines,https://petition.parliament.uk/petitions/731794,open,124,731794,2025-07-23,2026-01-23,,
Require companies to employ minimum 70% UK nationals before sponsoring others,https://petition.parliament.uk/petitions/731797,open,118,731797,2025-07-25,2026-01-25,,
Let people claim DLA past age 16 if caring for a non-Gillick Competent adult,https://petition.parliament.uk/petitions/731798,open,40,731798,2025-08-29,2026-02-28,,
Mandatory records of bicycle (& component) serial numbers at sale & ban removal,https://petition.parliament.uk/petitions/731810,open,24,731810,2025-07-25,2026-01-25,,
Cap cost of prison phone calls to 5p per minute & free weekly allowance,https://petition.parliament.uk/petitions/731825,open,147,731825,2025-08-06,2026-02-06,,
"Retain 5 Year ILR & Citizenship Route, Delay Public Funds Access Until Year 10",https://petition.parliament.uk/petitions/731835,open,4834,731835,2025-07-24,2026-01-24,,
Teach the full history of South Asian people who fought for Britain,https://petition.parliament.uk/petitions/731854,open,60,731854,2025-07-24,2026-01-24,,
Increase the maximum sentences for historical child abuse cases,https://petition.parliament.uk/petitions/731855,open,52,731855,2025-09-16,2026-03-16,,
Abolish the Party Whip system in Parliament,https://petition.parliament.uk/petitions/731862,open,85,731862,2025-07-24,2026-01-24,,
Expand offence of attempted murder to include all knife crime,https://petition.parliament.uk/petitions/731884,open,130,731884,2025-07-29,2026-01-29,,
Review high street regeneration & local community empowerment,https://petition.parliament.uk/petitions/731894,open,65,731894,2025-07-24,2026-01-24,,
Revert to an opt in system for Organ Donation & advertising campaign to promote,https://petition.parliament.uk/petitions/731916,open,46,731916,2025-08-20,2026-02-20,,
Require DBS checks for delivery drivers,https://petition.parliament.uk/petitions/731920,open,395,731920,2025-07-25,2026-01-25,,
Require construction of data centres to be halted & find eco-friendly solution,https://petition.parliament.uk/petitions/731939,open,158,731939,2025-07-25,2026-01-25,,
Require all nursing and care homes have to have air conditioning,https://petition.parliament.uk/petitions/731942,open,181,731942,2025-07-28,2026-01-28,,
"Require child prices on tickets for concerts, events & holidays for under 16s",https://petition.parliament.uk/petitions/731952,open,21,731952,2025-07-29,2026-01-29,,
Review how motorcycle licensing operates and is enforced,https://petition.parliament.uk/petitions/731970,open,23,731970,2025-07-24,2026-01-24,,
Require all companies to declare microplastic levels in their food & drinks,https://petition.parliament.uk/petitions/731983,open,202,731983,2025-08-01,2026-02-01,,
Free childcare entitlements for adopted children while parent on adoption leave,https://petition.parliament.uk/petitions/731984,open,98,731984,2025-07-24,2026-01-24,,
Make SuDS mandatory for all new developments,https://petition.parliament.uk/petitions/731993,open,42,731993,2025-07-28,2026-01-28,,
Legislate to mandate offer of electronic pension transfers and higher standards,https://petition.parliament.uk/petitions/731994,open,8095,731994,2025-07-24,2026-01-24,,
Fund independent dust and air quality checks in HS2-affected homes,https://petition.parliament.uk/petitions/731999,open,21,731999,2025-08-06,2026-02-06,,
Ban food delivery services from using engine-powered mopeds in the evening,https://petition.parliament.uk/petitions/732024,open,30,732024,2025-07-29,2026-01-29,,
Free school meals for all children,https://petition.parliament.uk/petitions/732029,open,432,732029,2025-07-24,2026-01-24,,
Replace any tanks lost in Ukraine to maintain the number originally given,https://petition.parliament.uk/petitions/732040,open,34,732040,2025-07-28,2026-01-28,,
Direct the UKHSA to monitor COVID infections that occur in particular settings,https://petition.parliament.uk/petitions/732047,open,1636,732047,2025-07-28,2026-01-28,,
Require freeholders and councils to allow leaseholders to install air con,https://petition.parliament.uk/petitions/732050,open,26,732050,2025-07-28,2026-01-28,,
"Raise the minimum wage, remove the benefit cap & fund affordable childcare",https://petition.parliament.uk/petitions/732066,open,75,732066,2025-08-06,2026-02-06,,
Implement the requirement for consent of both parents for child school enrolment,https://petition.parliament.uk/petitions/732073,open,17,732073,2025-07-29,2026-01-29,,
"Stop taxing overtime, work beyond 40 hours a week or outside contracted hours",https://petition.parliament.uk/petitions/732075,open,322,732075,2025-07-28,2026-01-28,,
Amend guidelines so serious crimes against disabled people get maximum sentence,https://petition.parliament.uk/petitions/732085,open,43,732085,2025-08-12,2026-02-12,,
Make violence against transport workers a specific criminal offence,https://petition.parliament.uk/petitions/732086,open,454,732086,2025-07-28,2026-01-28,,
Only allow UK citizens or residents with settled status to use the NHS,https://petition.parliament.uk/petitions/732089,open,258,732089,2025-07-30,2026-01-30,,
New scheme for all homes to be fitted with air conditioning,https://petition.parliament.uk/petitions/732120,open,31,732120,2025-07-29,2026-01-29,,
Legalise cannabis for women with chronic pain from endometriosis and adenomyosis,https://petition.parliament.uk/petitions/732128,open,91,732128,2025-07-28,2026-01-28,,
Review 5-year residency limit for Moldovans to exchange their driving licences,https://petition.parliament.uk/petitions/732141,open,3209,732141,2025-08-08,2026-02-08,,
Change the maximum cc for motorbike use by 16 year olds from 50cc to 125c,https://petition.parliament.uk/petitions/732142,open,48,732142,2025-07-25,2026-01-25,,
Review and ensure consistent recognition of BN(O) Holders in all systems & forms,https://petition.parliament.uk/petitions/732154,open,12,732154,2025-08-26,2026-02-26,,
"Reform social housing allocation with national, transparent, AI-assisted system",https://petition.parliament.uk/petitions/732187,open,20,732187,2025-07-28,2026-01-28,,
Introduce more council tax bands to reflect square footage,https://petition.parliament.uk/petitions/732191,open,47,732191,2025-07-25,2026-01-25,,
New regulation for joint bank accounts between parents and children,https://petition.parliament.uk/petitions/732202,open,104,732202,2025-07-25,2026-01-25,,
Make Road Traffic Safety a mandatory part of the National Curriculum,https://petition.parliament.uk/petitions/732210,open,858,732210,2025-07-25,2026-01-25,,
Fund safety enhancements for sea wall hand rails,https://petition.parliament.uk/petitions/732212,open,62,732212,2025-07-28,2026-01-28,,
Criminalise & legally require schools to tackle bullying in & out of school,https://petition.parliament.uk/petitions/732221,open,16041,732221,2025-09-17,2026-03-17,,
Abolish the Working Group on Anti-Muslim Hatred/Islamophobia Definition,https://petition.parliament.uk/petitions/732224,open,6021,732224,2025-08-05,2026-02-05,,
Fund a volunteer force to patrol our borders from illegal immigrants,https://petition.parliament.uk/petitions/732237,open,138,732237,2025-08-12,2026-02-12,,
Require fair access to PCN appeals and protect victims of number plate cloning,https://petition.parliament.uk/petitions/732238,open,61,732238,2025-08-01,2026-02-01,,
Formally recognise the killing of Armenians in 1915-1923 as genocide,https://petition.parliament.uk/petitions/732249,open,612,732249,2025-07-31,2026-01-31,,
Scrap the 2026 £1 Million Cap on Business Relief for Inheritance Tax,https://petition.parliament.uk/petitions/732251,open,60,732251,2025-08-19,2026-02-19,,
Restrict free access to public services to UK citizens only,https://petition.parliament.uk/petitions/732256,open,163,732256,2025-09-04,2026-03-04,,
Mandate breastfeeding policies & provisions in the workplace,https://petition.parliament.uk/petitions/732276,open,127,732276,2025-08-05,2026-02-05,,
Require coconut to be included on food and toiletries labelling,https://petition.parliament.uk/petitions/732285,open,34,732285,2025-07-25,2026-01-25,,
Review contrail mitigation strategies in light of jet fuel chemistry changes,https://petition.parliament.uk/petitions/732287,open,36,732287,2025-12-22,2026-06-22,,
"Compensation for Christmas Island H- bomb test veterans, families & inhabitants",https://petition.parliament.uk/petitions/732288,open,49,732288,2025-09-04,2026-03-04,,
Speed Up DBS Checks for Taxi and Private Hire Drivers,https://petition.parliament.uk/petitions/732290,open,22,732290,2025-07-28,2026-01-28,,
Give women’s health greater priority in the 10-Year Health Plan for England,https://petition.parliament.uk/petitions/732291,open,278,732291,2025-07-29,2026-01-29,,
Make all household garden bonfires illegal,https://petition.parliament.uk/petitions/732295,open,77,732295,2025-07-25,2026-01-25,,
Ban fear and psychological tactics in Government advice and messaging,https://petition.parliament.uk/petitions/732316,open,124,732316,2025-12-23,2026-06-23,,
Continue to support fostering for looked after children in compulsory education,https://petition.parliament.uk/petitions/732339,open,128,732339,2025-07-28,2026-01-28,,
Introduce Statutory Menstrual Leave for People with Endometriosis & Adenomyosis,https://petition.parliament.uk/petitions/732342,open,74635,732342,2025-07-29,2026-01-29,,
Extend the two year limit on theory tests for PDIs and extend pink licence time,https://petition.parliament.uk/petitions/732345,open,1484,732345,2025-07-29,2026-01-29,,
Introduce a digital postage stamp to business emails,https://petition.parliament.uk/petitions/732353,open,18,732353,2025-07-30,2026-01-30,,
Mandate businesses to accept card payment with non-compliance a criminal offence,https://petition.parliament.uk/petitions/732360,open,18,732360,2025-07-29,2026-01-29,,
Restrict Engine Size & Power by Age & create super licence for high-powered cars,https://petition.parliament.uk/petitions/732363,open,38,732363,2025-08-20,2026-02-20,,
Keep Sex Offenders on license and the register for life,https://petition.parliament.uk/petitions/732367,open,186,732367,2025-07-29,2026-01-29,,
"Improve accessibility standards in leisure vehicles, caravans and motorhomes",https://petition.parliament.uk/petitions/732368,open,124,732368,2025-07-30,2026-01-30,,
Add VAT to university tuition fees to ensure consistency in education tax policy,https://petition.parliament.uk/petitions/732373,open,75,732373,2025-08-28,2026-02-28,,
Ban UK insurance companies providing coverage to Russian vessels,https://petition.parliament.uk/petitions/732378,open,71,732378,2025-08-04,2026-02-04,,
Permit anonymity in petitions where the petitioner faces credible personal risk,https://petition.parliament.uk/petitions/732414,open,40,732414,2025-07-28,2026-01-28,,
Fund work on pavements to make them more disabled friendly,https://petition.parliament.uk/petitions/732446,open,127,732446,2025-07-28,2026-01-28,,
All biological and intended parents to be named on birth registration & reform,https://petition.parliament.uk/petitions/732448,open,52,732448,2025-08-14,2026-02-14,,
Introduce a 30% tax on all non-stun slaughter produce,https://petition.parliament.uk/petitions/732456,open,633,732456,2025-08-01,2026-02-01,,
Support newly qualified physiotherapists: Review barriers to NHS jobs,https://petition.parliament.uk/petitions/732464,open,884,732464,2025-07-29,2026-01-29,,
Mandate Ethical Rehoming for Lab and Breeding Animals by 2025,https://petition.parliament.uk/petitions/732487,open,1129,732487,2025-07-29,2026-01-29,,
Investigate & reform Companies House procedures to help prevent potential fraud,https://petition.parliament.uk/petitions/732491,open,58,732491,2025-08-07,2026-02-07,,
Give all British Citizens Overseas Access to Home Fees at English Universities,https://petition.parliament.uk/petitions/732511,open,59,732511,2025-07-29,2026-01-29,,
Fund councils to subsidise more mobility items for disabled and older people,https://petition.parliament.uk/petitions/732525,open,32,732525,2025-08-06,2026-02-06,,
Implement a dynamic Land Value Tax,https://petition.parliament.uk/petitions/732553,open,50,732553,2025-07-29,2026-01-29,,
Give people power to dismiss MPs – change the Recall of MPs Act,https://petition.parliament.uk/petitions/732555,open,254,732555,2025-09-01,2026-03-01,,
Limit the sale of fireworks to those running local council approved events only,https://petition.parliament.uk/petitions/732559,open,185458,732559,2025-08-20,2026-02-20,2025-11-09,2026-01-19
Review how mobility side of PIP is assessed for those that can drive,https://petition.parliament.uk/petitions/732563,open,128,732563,2025-08-04,2026-02-04,,
Fund increased wage for Teaching Assistants,https://petition.parliament.uk/petitions/732574,open,62,732574,2025-07-28,2026-01-28,,
Make prisoners with life sentences never eligible for release,https://petition.parliament.uk/petitions/732580,open,97,732580,2025-08-07,2026-02-07,,
Require a UK wide referendum before donating £10 Million or more to any country,https://petition.parliament.uk/petitions/732586,open,221,732586,2025-07-30,2026-01-30,,
Certify & Remove VAT on bee-friendly plants to support pollinator conservation,https://petition.parliament.uk/petitions/732592,open,73,732592,2025-07-31,2026-01-31,,
Government to support the Elections (Proportional Representation) Bill,https://petition.parliament.uk/petitions/732593,open,103,732593,2025-08-01,2026-02-01,,
Levy Water Companies to Fund Year-Round Water Testing to Safeguard Public Health,https://petition.parliament.uk/petitions/732603,open,124,732603,2025-08-20,2026-02-20,,
Deport all asylum seekers that have broken the law,https://petition.parliament.uk/petitions/732608,open,499,732608,2025-07-29,2026-01-29,,
Review how controlled substances are classified,https://petition.parliament.uk/petitions/732610,open,43,732610,2025-08-07,2026-02-07,,
Introduce tighter regulation of online crowdfunding sites,https://petition.parliament.uk/petitions/732623,open,51,732623,2025-07-31,2026-01-31,,
Require schools to allow students to wear skirts,https://petition.parliament.uk/petitions/732625,open,177,732625,2025-07-29,2026-01-29,,
Immediately deport foreign nationals who break the law,https://petition.parliament.uk/petitions/732628,open,821,732628,2025-07-29,2026-01-29,,
"Allow parents to take children out of school for educational, overnight trips",https://petition.parliament.uk/petitions/732644,open,124,732644,2025-08-05,2026-02-05,,
"Ban plastic hangers: help Save Earth, protect wildlife",https://petition.parliament.uk/petitions/732652,open,83,732652,2025-08-20,2026-02-20,,
Set VAT on all solar panel equipment to 0% at point of purchase,https://petition.parliament.uk/petitions/732665,open,53,732665,2025-08-01,2026-02-01,,
Allow children 16+ to work full time instead of mandatory education,https://petition.parliament.uk/petitions/732667,open,36,732667,2025-07-30,2026-01-30,,
Require all workplaces to pay employees every fortnight,https://petition.parliament.uk/petitions/732674,open,30,732674,2025-07-30,2026-01-30,,
Make Gross Payment Status the default for CIS-registered construction businesses,https://petition.parliament.uk/petitions/732699,open,34,732699,2025-07-29,2026-01-29,,
Legislate to help protect future generations from unsustainable debt,https://petition.parliament.uk/petitions/732704,open,48,732704,2025-07-30,2026-01-30,,
Replace life sentences with whole life terms for the most serious offenders,https://petition.parliament.uk/petitions/732705,open,234,732705,2025-08-13,2026-02-13,,
Cap prices and boost Healthy Start payments to help make baby formula affordable,https://petition.parliament.uk/petitions/732723,open,84,732723,2025-07-31,2026-01-31,,
Review protections for important trees: amend Forestry Act & list heritage trees,https://petition.parliament.uk/petitions/732726,open,10439,732726,2025-08-04,2026-02-04,,
Extra Financial Support by the Government for Students in Further Education,https://petition.parliament.uk/petitions/732734,open,18,732734,2025-08-07,2026-02-07,,
Create a salary-bridging loan scheme for parents on parental leave,https://petition.parliament.uk/petitions/732751,open,14,732751,2025-07-30,2026-01-30,,
Require all food products to show potassium levels on their packaging ,https://petition.parliament.uk/petitions/732771,open,115,732771,2025-08-13,2026-02-13,,
Require delivery sites for HGV car transporters to provide parking/loading areas,https://petition.parliament.uk/petitions/732778,open,51,732778,2025-08-01,2026-02-01,,
Introduce higher tax on plastic gardening pots,https://petition.parliament.uk/petitions/732791,open,53,732791,2025-08-13,2026-02-13,,
Fund and distribute a leaflet on climate change to every UK household,https://petition.parliament.uk/petitions/732802,open,349,732802,2025-08-04,2026-02-04,,
Release all records from each census after 75 years instead of 100 years,https://petition.parliament.uk/petitions/732818,open,41,732818,2025-07-31,2026-01-31,,
"Automatic rail fare cap, flexible season tickets & require smart ticketing",https://petition.parliament.uk/petitions/732825,open,68,732825,2025-08-13,2026-02-13,,
Require a full licence to be eligible for business use motor insurance policies,https://petition.parliament.uk/petitions/732827,open,58,732827,2025-07-30,2026-01-30,,
Increase funding for hospice care facilities,https://petition.parliament.uk/petitions/732847,open,381,732847,2025-07-30,2026-01-30,,
Intervene through military means to get food and baby formula into Gaza,https://petition.parliament.uk/petitions/732863,open,232,732863,2025-07-31,2026-01-31,,
Require public consultation before airfields and aerodromes can be closed,https://petition.parliament.uk/petitions/732869,open,5592,732869,2025-08-01,2026-02-01,,
Require installation and maintenance of air conditioning in all HGVs and vans,https://petition.parliament.uk/petitions/732870,open,38,732870,2025-08-01,2026-02-01,,
"Mandate Tracking of hired Bikes, E-Bikes and Scooters & timed suspensions",https://petition.parliament.uk/petitions/732875,open,137,732875,2025-07-31,2026-01-31,,
"Deduct neo-natal leave from return to work date for childcare funding purposes
",https://petition.parliament.uk/petitions/732892,open,82,732892,2025-08-12,2026-02-12,,
Funding for preventative NHS Mental Health Services & set minimum access times,https://petition.parliament.uk/petitions/732893,open,69,732893,2025-08-07,2026-02-07,,
Fund school bus service for all Primary & Secondary state schools students,https://petition.parliament.uk/petitions/732900,open,240,732900,2025-07-31,2026-01-31,,
Make it a specific criminal offence to walk dogs on hot pavements and roads,https://petition.parliament.uk/petitions/732903,open,47,732903,2025-08-01,2026-02-01,,
Make the Freedom of Information Act apply to sporting National Governing Bodies,https://petition.parliament.uk/petitions/732914,open,69,732914,2025-08-05,2026-02-05,,
Require companies to have a disability absence policy,https://petition.parliament.uk/petitions/732915,open,122,732915,2025-08-01,2026-02-01,,
Include AI in school IT curriculum,https://petition.parliament.uk/petitions/732917,open,22,732917,2025-07-31,2026-01-31,,
Ensure parity of esteem between mental and physical health services,https://petition.parliament.uk/petitions/732926,open,342,732926,2025-08-15,2026-02-15,,
Ban on requiring an app to access purchased tickets,https://petition.parliament.uk/petitions/732946,open,210,732946,2025-08-01,2026-02-01,,
Require nurseries to allow funded childcare hours at all times & boost funding,https://petition.parliament.uk/petitions/732977,open,68,732977,2025-08-19,2026-02-19,,
Regulate doulas and birth keepers,https://petition.parliament.uk/petitions/732980,open,101,732980,2025-07-30,2026-01-30,,
Review decision to abolish independent local Healthwatch,https://petition.parliament.uk/petitions/732993,open,10844,732993,2025-08-07,2026-02-07,,
Ban UK Border Force from picking up migrants in the Channel,https://petition.parliament.uk/petitions/732995,open,768,732995,2025-08-13,2026-02-13,,
Levy per carcass to fund independent continuous abattoir CCTV monitoring,https://petition.parliament.uk/petitions/733000,open,328,733000,2025-08-05,2026-02-05,,
Require the NHS to contract innovations that are successfully piloted,https://petition.parliament.uk/petitions/733015,open,137,733015,2025-08-13,2026-02-13,,
Review Section 47 of the Offences Against the Person Act 1861,https://petition.parliament.uk/petitions/733016,open,47,733016,2025-08-11,2026-02-11,,
Fund NHS dentists for all NHS staff,https://petition.parliament.uk/petitions/733019,open,56,733019,2025-08-01,2026-02-01,,
Make it mandatory for MPs to wear badges of the organisations lobbying them,https://petition.parliament.uk/petitions/733020,open,97,733020,2025-08-19,2026-02-19,,
"Universal basic electricity allowance for all households, with usage thresholds",https://petition.parliament.uk/petitions/733023,open,157,733023,2025-08-19,2026-02-19,,
Hold a General Election once every twelve months,https://petition.parliament.uk/petitions/733034,open,129,733034,2025-08-01,2026-02-01,,
Fund wheelchairs and changing places facilities for beaches,https://petition.parliament.uk/petitions/733047,open,151,733047,2025-07-30,2026-01-30,,
Improve regulation of letting agents including new statutory regulator,https://petition.parliament.uk/petitions/733067,open,162,733067,2025-08-05,2026-02-05,,
"Cap donations to political parties & politicians at £500 yearly, for each donor",https://petition.parliament.uk/petitions/733082,open,656,733082,2025-07-31,2026-01-31,,
Seek to rejoin EU single market,https://petition.parliament.uk/petitions/733085,open,155,733085,2025-08-04,2026-02-04,,
"Recognise & fund commemorations of the 1,100 Anniversary of England's Foundation",https://petition.parliament.uk/petitions/733090,open,30,733090,2025-08-15,2026-02-15,,
Funding for finger-prick glucose test for all unwell children of any age in A&E,https://petition.parliament.uk/petitions/733123,open,337,733123,2025-08-22,2026-02-22,,
Require police forces to provide preventative and ongoing PTSD support,https://petition.parliament.uk/petitions/733125,open,91,733125,2025-08-07,2026-02-07,,
Launch a review of the Domestic Abuse Protection Order system,https://petition.parliament.uk/petitions/733131,open,20,733131,2025-08-15,2026-02-15,,
Ban all peanuts and tree nuts on all flights to protect allergy sufferers,https://petition.parliament.uk/petitions/733137,open,434,733137,2025-07-31,2026-01-31,,
Review and reform education system based on Finland's to improve accessibility,https://petition.parliament.uk/petitions/733149,open,161,733149,2025-08-06,2026-02-06,,
Ban the sale of bottled water in plastic bottles,https://petition.parliament.uk/petitions/733152,open,67,733152,2025-08-06,2026-02-06,,
Fund NHS COVID boosters for Clinically Vulnerable people – keep covid boosters,https://petition.parliament.uk/petitions/733157,open,5072,733157,2025-08-27,2026-02-27,,
Abolish waiting period to retake DVSA instructional ability test & add training,https://petition.parliament.uk/petitions/733167,open,99,733167,2025-08-20,2026-02-20,,
Require businesses to keep doors closed when using heating or air conditioning,https://petition.parliament.uk/petitions/733168,open,35,733168,2025-08-04,2026-02-04,,
Halt the Pylon Network Expansion & support underground & undersea cabling,https://petition.parliament.uk/petitions/733182,open,2487,733182,2025-07-31,2026-01-31,,
Work with devolved governments to extend the grooming gangs inquiry,https://petition.parliament.uk/petitions/733193,open,401,733193,2025-09-25,2026-03-25,,
Require a Public Referendum Before Deploying Troops or Bombing Campaigns Abroad ,https://petition.parliament.uk/petitions/733195,open,163,733195,2025-09-04,2026-03-04,,
Require Ofwat to cap water bills during water shortages & increase reinvestment,https://petition.parliament.uk/petitions/733196,open,54,733196,2025-08-01,2026-02-01,,
Increase funding for community mental health services and crisis lines,https://petition.parliament.uk/petitions/733200,open,123,733200,2025-08-05,2026-02-05,,
Fund IV Fluid Treatment for POTS as a treatment option,https://petition.parliament.uk/petitions/733204,open,67,733204,2025-07-31,2026-01-31,,
Body cameras for all social workers to enhance accountability,https://petition.parliament.uk/petitions/733209,open,341,733209,2025-08-07,2026-02-07,,
Extend parental bereavement leave to 4 weeks after the loss of a child,https://petition.parliament.uk/petitions/733212,open,425,733212,2025-08-07,2026-02-07,,
Public mortgage scheme for first-time buyers with fixed interest & minimum term,https://petition.parliament.uk/petitions/733214,open,24,733214,2025-08-05,2026-02-05,,
Recognise Junior Service (16 - 18) in HM Armed Forces as Pensionable Service,https://petition.parliament.uk/petitions/733216,open,44,733216,2025-08-07,2026-02-07,,
Raise Apprenticeship Minimum Wages for Fair Pay,https://petition.parliament.uk/petitions/733219,open,84,733219,2025-08-07,2026-02-07,,
 Automatic 1-year driving ban for using a mobile whilst driving,https://petition.parliament.uk/petitions/733220,open,109,733220,2025-08-13,2026-02-13,,
Require clearer labelling of animal-derived ingredients,https://petition.parliament.uk/petitions/733222,open,98,733222,2025-08-06,2026-02-06,,
Lower the MIR for family visas to the National Minimum Wage,https://petition.parliament.uk/petitions/733233,open,91,733233,2025-09-02,2026-03-02,,
Average the income and study hours annually for carers allowance eligibility,https://petition.parliament.uk/petitions/733234,open,19,733234,2025-08-14,2026-02-14,,
Decriminalise the possession and use of marijuana & cannabis products in the UK,https://petition.parliament.uk/petitions/733235,open,180,733235,2025-08-13,2026-02-13,,
Fund a national memorial for those in unmarked / unnamed mental asylum graves,https://petition.parliament.uk/petitions/733261,open,165,733261,2025-08-26,2026-02-26,,
Fund the creation of a single National Police Trust using proceeds of crime,https://petition.parliament.uk/petitions/733268,open,1239,733268,2025-08-07,2026-02-07,,
Require MPs and Lords to answer children's questions in a live debate,https://petition.parliament.uk/petitions/733269,open,51,733269,2025-08-05,2026-02-05,,
Add professional employment mediation into the employment tribunal ADR process,https://petition.parliament.uk/petitions/733277,open,698,733277,2025-08-13,2026-02-13,,
"Fund free online access & release all historic birth, marriage & death records",https://petition.parliament.uk/petitions/733280,open,54,733280,2025-08-18,2026-02-18,,
Fund free period pads,https://petition.parliament.uk/petitions/733282,open,272,733282,2025-08-13,2026-02-13,,
Require Counselling and Mental Health Support for Blue Light Services,https://petition.parliament.uk/petitions/733291,open,118,733291,2025-07-31,2026-01-31,,
Allow parents to take their children out of school for up to 10 days fine free.,https://petition.parliament.uk/petitions/733300,open,3151,733300,2025-08-12,2026-02-12,,
Require all public places to have allergy medication & EpiPens,https://petition.parliament.uk/petitions/733304,open,300,733304,2025-08-18,2026-02-18,,
Allow all schools to choose their own holiday dates,https://petition.parliament.uk/petitions/733305,open,67,733305,2025-08-07,2026-02-07,,
Fund awareness & training for Heparin Induced Thrombocytopenia Thrombosis,https://petition.parliament.uk/petitions/733310,open,229,733310,2025-08-15,2026-02-15,,
Increase funding & penalties to tackle motorbike & bicycle thieves,https://petition.parliament.uk/petitions/733316,open,80,733316,2025-08-15,2026-02-15,,
Require all wildlife rehabilitators to be licensed and regulated,https://petition.parliament.uk/petitions/733317,open,79,733317,2025-08-13,2026-02-13,,
Fund access to tirzepatide on the NHS to help people with PCOS,https://petition.parliament.uk/petitions/733320,open,5538,733320,2025-08-15,2026-02-15,,
Require first aid training for all new drivers,https://petition.parliament.uk/petitions/733327,open,90,733327,2025-08-15,2026-02-15,,
Review the sale of over the counter codeine,https://petition.parliament.uk/petitions/733335,open,280,733335,2025-08-07,2026-02-07,,
Introduce an automatic 2-year sentence for carrying a knife & fund prevention,https://petition.parliament.uk/petitions/733336,open,6549,733336,2025-08-15,2026-02-15,,
Designate all of Ukraine as unsafe to return to & accept all visa applications,https://petition.parliament.uk/petitions/733337,open,84,733337,2025-08-18,2026-02-18,,
Call for a national referendum on Net Zero – a simple yes or no,https://petition.parliament.uk/petitions/733338,open,396,733338,2025-08-13,2026-02-13,,
"Raise the income tax allowance from £12,570 to £18,000",https://petition.parliament.uk/petitions/733349,open,177,733349,2025-08-15,2026-02-15,,
Introduce Monthly Public Prime Minister’s Questions (PPMQs) Session for Citizens,https://petition.parliament.uk/petitions/733355,open,65,733355,2025-08-05,2026-02-05,,
Make two seater mobility scooters legal,https://petition.parliament.uk/petitions/733371,open,26,733371,2025-08-11,2026-02-11,,
"Protect babies lives once heartbeat detectable, except in extreme cases",https://petition.parliament.uk/petitions/733380,open,6032,733380,2025-09-19,2026-03-19,,
Fund Specialist Care & Automatic NHS Continuing Care for dementia patients,https://petition.parliament.uk/petitions/733381,open,1106,733381,2025-08-07,2026-02-07,,
Require accessible social housing to be available to disabled people of any age,https://petition.parliament.uk/petitions/733431,open,397,733431,2025-08-18,2026-02-18,,
Allow Dental Therapist & Hygienist roles (3213) to be filled by migrant workers,https://petition.parliament.uk/petitions/733437,open,1494,733437,2025-08-19,2026-02-19,,
Ban the selling of peanuts from stalls in public areas,https://petition.parliament.uk/petitions/733446,open,27,733446,2025-08-04,2026-02-04,,
Make diplomatic representations to Israel to allow UK journalists to enter Gaza,https://petition.parliament.uk/petitions/733453,open,94,733453,2025-08-15,2026-02-15,,
Make it a legal requirement for wages to increase in line with inflation yearly,https://petition.parliament.uk/petitions/733456,open,80,733456,2025-08-06,2026-02-06,,
Fund 30 hours of childcare per week for student nurses and midwives,https://petition.parliament.uk/petitions/733457,open,83,733457,2025-08-01,2026-02-01,,
Make it a requirement for hotels to have ceiling hoists in accessible rooms,https://petition.parliament.uk/petitions/733460,open,70,733460,2025-08-07,2026-02-07,,
Unfair Dismissal Protections Should Start from Day One,https://petition.parliament.uk/petitions/733461,open,55,733461,2025-07-31,2026-01-31,,
Regulate the use of brain-computer interfaces ,https://petition.parliament.uk/petitions/733462,open,51,733462,2025-08-04,2026-02-04,,
Online age checks: do not use personal information & third party perform checks,https://petition.parliament.uk/petitions/733466,open,84,733466,2025-08-26,2026-02-26,,
Launch a National Inquiry into the MoD’s Afghan Data Breach and Its Consequences,https://petition.parliament.uk/petitions/733468,open,85,733468,2025-08-08,2026-02-08,,
Ban the sale of second-hand power tools online & at car boot sales,https://petition.parliament.uk/petitions/733481,open,36,733481,2025-08-07,2026-02-07,,
To serve at least 1 year in the armed forces before been classed as a veteran,https://petition.parliament.uk/petitions/733488,open,26,733488,2025-08-06,2026-02-06,,
Require private nurseries to pay sick pay for employees at full wage,https://petition.parliament.uk/petitions/733496,open,38,733496,2025-08-01,2026-02-01,,
Enforce Payments for UK Creative Professionals and Freelancers within 30 Days,https://petition.parliament.uk/petitions/733505,open,61,733505,2025-08-04,2026-02-04,,
 Review the family court system for removing children from their guardian,https://petition.parliament.uk/petitions/733515,open,193,733515,2025-08-13,2026-02-13,,
Introduce specific safeguarding regulation for extracurricular activities,https://petition.parliament.uk/petitions/733537,open,1024,733537,2025-08-07,2026-02-07,,
Make Carbohydrate content mandatory on restaurant and pub menus.,https://petition.parliament.uk/petitions/733542,open,6230,733542,2025-08-04,2026-02-04,,
Require companies to clearly display a contact section with email & phone number,https://petition.parliament.uk/petitions/733545,open,84,733545,2025-08-04,2026-02-04,,
Waive UK visa fees for overseas teachers coming to work in the UK,https://petition.parliament.uk/petitions/733557,open,184,733557,2025-08-13,2026-02-13,,
Make it illegal for 18+ adults to have sex with under 18s,https://petition.parliament.uk/petitions/733579,open,310,733579,2025-08-14,2026-02-14,,
Don't lower the voting age to 16,https://petition.parliament.uk/petitions/733604,open,2093,733604,2025-08-01,2026-02-01,,
Amend the Party Wall Act 1996 to give adjoining owners stronger legal protection,https://petition.parliament.uk/petitions/733606,open,21,733606,2025-08-04,2026-02-04,,
No more tax rises in this Parliament,https://petition.parliament.uk/petitions/733612,open,944,733612,2025-07-31,2026-01-31,,
Cap the cost of bottled water in airports,https://petition.parliament.uk/petitions/733642,open,47,733642,2025-08-13,2026-02-13,,
Reform of petitions to include creating Citizens’ Assemblies at 500k signatures,https://petition.parliament.uk/petitions/733648,open,61,733648,2025-08-05,2026-02-05,,
Review extended determinate sentencing: reductions for rehabilitated prisoners,https://petition.parliament.uk/petitions/733669,open,427,733669,2025-08-07,2026-02-07,,
We call for a referendum before extending voting rights to 16 & 17-year-olds,https://petition.parliament.uk/petitions/733679,open,3132,733679,2025-08-01,2026-02-01,,
Review of Gender Identity and LGBT Education in Schools,https://petition.parliament.uk/petitions/733681,open,1339,733681,2025-09-18,2026-03-18,,
Implement policies to help provide affordable housing for all,https://petition.parliament.uk/petitions/733691,open,48,733691,2025-08-05,2026-02-05,,
Publish an updated 'Tackling Loneliness' strategy & funding for programmes,https://petition.parliament.uk/petitions/733702,open,65,733702,2025-08-04,2026-02-04,,
"Require GCSE grade boundaries to be fixed each year
",https://petition.parliament.uk/petitions/733711,open,28,733711,2025-08-22,2026-02-22,,
Reduce age limit for holding a full driving licence to 16 with restrictions,https://petition.parliament.uk/petitions/733742,open,99,733742,2025-08-04,2026-02-04,,
Apply tobacco advertising restrictions to vaping products,https://petition.parliament.uk/petitions/733743,open,114,733743,2025-08-04,2026-02-04,,
Require visa sponsorship information in job description,https://petition.parliament.uk/petitions/733746,open,17,733746,2025-08-07,2026-02-07,,
Review & Regulate Veterinary Care so it's Affordable & Accessible ,https://petition.parliament.uk/petitions/733761,open,1368,733761,2025-08-05,2026-02-05,,
Change law to treat police dog deaths as equivalent to deaths of police officers,https://petition.parliament.uk/petitions/733772,open,114,733772,2025-08-07,2026-02-07,,
Make the Industrial Strategy Advisory Council a Statutory Body,https://petition.parliament.uk/petitions/733793,open,17,733793,2025-08-04,2026-02-04,,
Make the Armed Forces pension tax free,https://petition.parliament.uk/petitions/733797,open,30036,733797,2025-08-18,2026-02-18,,
Ban dogs from indoor restaurants and other premises selling prepared food,https://petition.parliament.uk/petitions/733824,open,346,733824,2025-08-11,2026-02-11,,
Legally require all taxi & PHV drivers to have disability training & reporting,https://petition.parliament.uk/petitions/733833,open,58,733833,2025-08-04,2026-02-04,,
Fund councils to construct Autism and Special Needs Friendly Playgrounds,https://petition.parliament.uk/petitions/733836,open,75,733836,2025-08-06,2026-02-06,,
Scrap legal aid for all convicted criminals and recent immigrants,https://petition.parliament.uk/petitions/733844,open,894,733844,2025-08-19,2026-02-19,,
"Set minimum number of citizenship lesson hours, increase resources & training",https://petition.parliament.uk/petitions/733853,open,110,733853,2025-08-07,2026-02-07,,
Ban the boiling of live crabs and other crustaceans,https://petition.parliament.uk/petitions/733855,open,275,733855,2025-08-11,2026-02-11,,
Ban scalping of collectable/hobbyist items,https://petition.parliament.uk/petitions/733864,open,59,733864,2025-08-06,2026-02-06,,
Require all schools to provide mental health services to GCSE students,https://petition.parliament.uk/petitions/733865,open,42,733865,2025-08-20,2026-02-20,,
Require schools to include both skirts and trousers in female uniform policy,https://petition.parliament.uk/petitions/733877,open,1809,733877,2025-08-07,2026-02-07,,
Conduct an Independent Evaluation of the Cass Review,https://petition.parliament.uk/petitions/733890,open,69,733890,2025-08-07,2026-02-07,,
Licence the sale of Class F3 and above fireworks & only allow sales at set times,https://petition.parliament.uk/petitions/733895,open,1046,733895,2025-08-05,2026-02-05,,
Introduce minimum pricing threshold for alcohol for large hospitality chains,https://petition.parliament.uk/petitions/733903,open,18,733903,2025-08-06,2026-02-06,,
Do not sell seized cryptocurrency,https://petition.parliament.uk/petitions/733909,open,20,733909,2025-08-04,2026-02-04,,
Ban firms from using 'self employed' cycle couriers and increase requirements,https://petition.parliament.uk/petitions/733915,open,116,733915,2025-08-15,2026-02-15,,
Ban OFSTED visits at the beginning of term and end of the academic school year,https://petition.parliament.uk/petitions/733935,open,22,733935,2025-08-06,2026-02-06,,
"Make Government & Politics a compulsory, core subject in schools",https://petition.parliament.uk/petitions/733942,open,104,733942,2025-08-06,2026-02-06,,
Require parents to pay child maintenance if the child is in Local Authority Care,https://petition.parliament.uk/petitions/733957,open,44,733957,2025-08-05,2026-02-05,,
"Allow State Pension to be passed to children, long-term partners, and dependents",https://petition.parliament.uk/petitions/733964,open,808,733964,2025-08-19,2026-02-19,,
Review UK laws and procedures relating to votes of no confidence,https://petition.parliament.uk/petitions/733983,open,45,733983,2025-09-17,2026-03-17,,
"Regulate outbound medical tourism: mandatory accreditation, insurance, aftercare",https://petition.parliament.uk/petitions/733989,open,871,733989,2025-10-24,2026-04-24,,
Legislate to create a threshold limit on parking charge increases by UK Councils,https://petition.parliament.uk/petitions/733992,open,471,733992,2025-08-15,2026-02-15,,
Fund spiking testing in A&E and in walk-in sexual health clinics,https://petition.parliament.uk/petitions/733996,open,222,733996,2025-08-08,2026-02-08,,
Add Brazil as an eligible country for driving licence conversion,https://petition.parliament.uk/petitions/734002,open,1430,734002,2025-08-04,2026-02-04,,
Require anti-ableism training & improve transparency in social services,https://petition.parliament.uk/petitions/734012,open,52,734012,2025-08-07,2026-02-07,,
Urgent air drops of humanitarian aid into Gaza,https://petition.parliament.uk/petitions/734018,open,89,734018,2025-08-07,2026-02-07,,
Fund free menstrual products and access to drinking water in public,https://petition.parliament.uk/petitions/734030,open,115,734030,2025-08-05,2026-02-05,,
Make a new Family Visitor visa for close non-EU relatives of UK residents,https://petition.parliament.uk/petitions/734041,open,583,734041,2025-08-15,2026-02-15,,
Pass a law which bans the reselling of practical driving tests,https://petition.parliament.uk/petitions/734043,open,3747,734043,2025-08-15,2026-02-15,,
Ban all ticket touting and reselling of tickets for higher prices,https://petition.parliament.uk/petitions/734049,open,120,734049,2025-08-06,2026-02-06,,
Review employment regulations for care workers,https://petition.parliament.uk/petitions/734050,open,82,734050,2025-08-18,2026-02-18,,
Apply the Human Rights Act retrospectively,https://petition.parliament.uk/petitions/734059,open,1039,734059,2025-09-08,2026-03-08,,
"Use diplomacy, increase support for Urgent Food Aid to Vulnerable People in Gaza",https://petition.parliament.uk/petitions/734069,open,77,734069,2025-08-19,2026-02-19,,
Require & fund local councils to provide public toilets,https://petition.parliament.uk/petitions/734082,open,214,734082,2025-08-05,2026-02-05,,
Faroe Islands - End Free Trade Agreement and replace with a 200% import tax duty,https://petition.parliament.uk/petitions/734088,open,130,734088,2025-09-11,2026-03-11,,
Stop the double tax (IHT & Income Tax) of pension funds & death benefits,https://petition.parliament.uk/petitions/734090,open,24874,734090,2025-08-07,2026-02-07,,
Exempt inheritance invested into pension funds from inheritance tax,https://petition.parliament.uk/petitions/734098,open,74,734098,2025-08-14,2026-02-14,,
Publish list of all accommodation used for illegal immigrants & asylum seekers,https://petition.parliament.uk/petitions/734103,open,1216,734103,2025-08-15,2026-02-15,,
All sporting events involving the English national team category A - free to air,https://petition.parliament.uk/petitions/734105,open,87,734105,2025-08-15,2026-02-15,,
Delay proposed reforms to umbrella recruitment agencies by 12 months & guidance ,https://petition.parliament.uk/petitions/734122,open,8,734122,2025-08-06,2026-02-06,,
Hold a referendum before changing the State Pension Age,https://petition.parliament.uk/petitions/734133,open,138,734133,2025-08-07,2026-02-07,,
Ban the use of sound-emitting cat deterrent devices,https://petition.parliament.uk/petitions/734136,open,130,734136,2025-08-04,2026-02-04,,
One-off payment for those leaving secondary education or college,https://petition.parliament.uk/petitions/734140,open,32,734140,2025-08-08,2026-02-08,,
Task the Cabinet Office with delivery of fast & fair COVID-19 vaccine damages,https://petition.parliament.uk/petitions/734144,open,29,734144,2025-08-07,2026-02-07,,
"Enforce Contact Within 30 Days, Outlaw Parental Alienation, fast track hearings",https://petition.parliament.uk/petitions/734158,open,174,734158,2025-08-14,2026-02-14,,
Launch inquiry into whether the elderly are protected under current care laws,https://petition.parliament.uk/petitions/734164,open,97,734164,2025-08-13,2026-02-13,,
Don't allow councils to require street food licenses on private land,https://petition.parliament.uk/petitions/734174,open,29,734174,2025-09-02,2026-03-02,,
Require Parliament’s vote & an impact assessment on the UK-US trade deal,https://petition.parliament.uk/petitions/734184,open,960,734184,2025-08-15,2026-02-15,,
Fund system to test if motorbike noise is over the legal limit in urban areas,https://petition.parliament.uk/petitions/734189,open,108,734189,2025-08-12,2026-02-12,,
Hold a referendum on replacing First Past the Post with proportional voting,https://petition.parliament.uk/petitions/734192,open,255,734192,2025-08-07,2026-02-07,,
"Fund screening for dyslexia, Irlen Syndrome, and neurodivergence in schools",https://petition.parliament.uk/petitions/734231,open,84,734231,2025-08-05,2026-02-05,,
Continue Parental Responsibility Automatically when disabled children turn 18,https://petition.parliament.uk/petitions/734243,open,18936,734243,2025-08-11,2026-02-11,,
Hold a referendum on introducing mandatory identity cards in the UK,https://petition.parliament.uk/petitions/734246,open,23446,734246,2025-08-13,2026-02-13,,
Fund a national rollout of free-to-use Calisthenics Outdoor Gyms,https://petition.parliament.uk/petitions/734261,open,232,734261,2025-08-15,2026-02-15,,
Impose sanctions on Israel unless Gaza blockade is lifted,https://petition.parliament.uk/petitions/734274,open,144,734274,2025-08-26,2026-02-26,,
Ban credit checks and requiring tenant income to be 30x monthly rent,https://petition.parliament.uk/petitions/734278,open,49,734278,2025-08-07,2026-02-07,,
Make pasteurisation labelling mandatory on all dairy products in the UK,https://petition.parliament.uk/petitions/734290,open,26,734290,2025-08-27,2026-02-27,,
Fund a special national railcard for social workers,https://petition.parliament.uk/petitions/734310,open,43,734310,2025-08-18,2026-02-18,,
Give the British Public the Right to Vote No Confidence in the Government,https://petition.parliament.uk/petitions/734311,open,98754,734311,2025-08-06,2026-02-06,,
Make it illegal for a child to be left home alone before a specific age,https://petition.parliament.uk/petitions/734316,open,158,734316,2025-09-10,2026-03-10,,
Make it statutory guidance not to remove break-times for neurodivergent children,https://petition.parliament.uk/petitions/734327,open,41527,734327,2025-08-06,2026-02-06,,
"Repeal the Public Order Act 2023 & Police, Crime, Sentencing and Courts Act 2022",https://petition.parliament.uk/petitions/734380,open,263,734380,2025-08-26,2026-02-26,,
Introduce background checks for buying knives,https://petition.parliament.uk/petitions/734386,open,139,734386,2025-08-11,2026-02-11,,
Provide funding to start routine mammograms at age 18,https://petition.parliament.uk/petitions/734389,open,76,734389,2025-08-14,2026-02-14,,
"Vehicle recall: Courtesy car, compensation, cost cover & repair time limit",https://petition.parliament.uk/petitions/734391,open,748,734391,2025-08-06,2026-02-06,,
All negotiations with the EU must be debated and voted on by Parliament,https://petition.parliament.uk/petitions/734392,open,206,734392,2025-08-08,2026-02-08,,
Introduce a mid-term referendum on whether to hold an early General Election,https://petition.parliament.uk/petitions/734396,open,2650,734396,2025-08-19,2026-02-19,,
Put 500% tariffs on goods from Israel until humanitarian aid restored to Gaza,https://petition.parliament.uk/petitions/734404,open,195,734404,2025-08-15,2026-02-15,,
Create an independent clean air monitoring system for incinerators,https://petition.parliament.uk/petitions/734421,open,1237,734421,2025-08-14,2026-02-14,,
"Create a national, publicly available taxi driver database",https://petition.parliament.uk/petitions/734431,open,79,734431,2025-08-06,2026-02-06,,
Ban payment processors stopping services based on objections to legal content,https://petition.parliament.uk/petitions/734441,open,13260,734441,2025-08-26,2026-02-26,,
Reduce the electronic tourist authorisation to 90 days,https://petition.parliament.uk/petitions/734452,open,35,734452,2025-08-07,2026-02-07,,
Ban the use and sale of methyl methacrylate in the nail industry,https://petition.parliament.uk/petitions/734457,open,194,734457,2025-08-06,2026-02-06,,
Ban the use of bots to bulk-buy and resell retail goods,https://petition.parliament.uk/petitions/734468,open,76,734468,2025-08-18,2026-02-18,,
Ban removal of non-commercial trees unless proven dead or dangerous,https://petition.parliament.uk/petitions/734492,open,54,734492,2025-08-06,2026-02-06,,
Require service stations to provide motorhome waste and water facilities,https://petition.parliament.uk/petitions/734493,open,6157,734493,2025-08-11,2026-02-11,,
Allow all skill level legal immigrants to bring their dependents in the UK,https://petition.parliament.uk/petitions/734498,open,294,734498,2025-08-07,2026-02-07,,
Ban isolation rooms/booths in schools,https://petition.parliament.uk/petitions/734502,open,604,734502,2025-08-22,2026-02-22,,
Ban the use of smart phones & social media on the internet for under 18s,https://petition.parliament.uk/petitions/734522,open,104,734522,2025-08-06,2026-02-06,,
Scrap HS2 and turn the line into the world's longest linear park and cycle track,https://petition.parliament.uk/petitions/734529,open,42,734529,2025-08-07,2026-02-07,,
Legislate implementation of the Aviation Accessibility Report recommendations,https://petition.parliament.uk/petitions/734567,open,779,734567,2025-08-07,2026-02-07,,
Allow people to be eligible for both state pension and full carer's allowance,https://petition.parliament.uk/petitions/734603,open,6704,734603,2025-08-06,2026-02-06,,
Review legislation to improve regulation for online betting tipsters,https://petition.parliament.uk/petitions/734626,open,25,734626,2025-09-16,2026-03-16,,
Reduce income tax & CGT to less than 30% and fill deficit in other ways,https://petition.parliament.uk/petitions/734659,open,73,734659,2025-08-07,2026-02-07,,
Ban ticket booking companies from charging admin fees,https://petition.parliament.uk/petitions/734672,open,49,734672,2025-08-15,2026-02-15,,
"Cut VAT, Slash Beer Duty, reform business rates and cap energy costs for pubs",https://petition.parliament.uk/petitions/734677,open,584,734677,2025-08-07,2026-02-07,,
Review of The Leng review: an independent review into PA and AA professions,https://petition.parliament.uk/petitions/734678,open,106,734678,2025-08-18,2026-02-18,,
Ban insurance companies increasing premiums after no fault claims,https://petition.parliament.uk/petitions/734784,open,212,734784,2025-08-28,2026-02-28,,
Have a one-hour blackout during one day per week to tackle light pollution,https://petition.parliament.uk/petitions/734787,open,42,734787,2025-08-15,2026-02-15,,
"All wastewater to be filtered of chemicals, pharmaceuticals & microplastics",https://petition.parliament.uk/petitions/734793,open,283,734793,2025-09-26,2026-03-26,,
Make it illegal to photograph children in public without parental consent,https://petition.parliament.uk/petitions/734798,open,80,734798,2025-08-07,2026-02-07,,
Only recognise a Palestinian state if Israel joins NATO/with defence guarantees,https://petition.parliament.uk/petitions/734800,open,58,734800,2025-09-10,2026-03-10,,
Ban schools from giving after-school detentions,https://petition.parliament.uk/petitions/734838,open,125,734838,2025-09-11,2026-03-11,,
Remove requirement for 2 years service to qualify for Armed Force pensions,https://petition.parliament.uk/petitions/734839,open,24,734839,2025-08-07,2026-02-07,,
Suspend all immigration for one year and review current laws and policies,https://petition.parliament.uk/petitions/734845,open,138,734845,2025-09-10,2026-03-10,,
Shut down the UK Government and Parliament Petitions system,https://petition.parliament.uk/petitions/734870,open,157,734870,2025-08-07,2026-02-07,,
Fund development of antipsychotics and mood stabilisers with fewer side effects,https://petition.parliament.uk/petitions/734895,open,66,734895,2025-08-12,2026-02-12,,
Do not repeal the online safety act,https://petition.parliament.uk/petitions/734973,open,27,734973,2025-08-14,2026-02-14,,
Remove the 28 day time limit from the unduly lenient sentence scheme for murder,https://petition.parliament.uk/petitions/734982,open,1573,734982,2025-08-12,2026-02-12,,
Apply for the UK to join the Schengen area,https://petition.parliament.uk/petitions/734999,open,108,734999,2025-08-08,2026-02-08,,
Ban plea bargains in domestic violence cases if perpetrator has prior conviction,https://petition.parliament.uk/petitions/735023,open,246,735023,2025-08-12,2026-02-12,,
"Require 1 month cap on notice periods for employees earning under £37,600/year",https://petition.parliament.uk/petitions/735027,open,20,735027,2025-08-14,2026-02-14,,
Repeal changes to immigration visa & settlement requirements announced 1/07/2025,https://petition.parliament.uk/petitions/735099,open,1542,735099,2025-09-17,2026-03-17,,
Ban the use of AI generated models in advertising campaigns,https://petition.parliament.uk/petitions/735100,open,210,735100,2025-08-13,2026-02-13,,
Remove mandatory age restrictions on films in cinemas & make advisory,https://petition.parliament.uk/petitions/735121,open,27,735121,2025-09-03,2026-03-03,,
Fund free glasses to prevent the progression of myopia for children,https://petition.parliament.uk/petitions/735130,open,52,735130,2025-08-12,2026-02-12,,
Review anti-corruption laws around private profit in public office,https://petition.parliament.uk/petitions/735227,open,68,735227,2025-08-26,2026-02-26,,
Cap the cost of residential internet fibre packages,https://petition.parliament.uk/petitions/735242,open,39,735242,2025-08-28,2026-02-28,,
Recall the mayor of London mid-term: amend the GLA to include recall provisions,https://petition.parliament.uk/petitions/735260,open,156,735260,2025-08-18,2026-02-18,,
"Establish National Taskforce to Deliver Inclusive, Joined up SEND Reform",https://petition.parliament.uk/petitions/735274,open,432,735274,2025-08-19,2026-02-19,,
Make Universities free for all,https://petition.parliament.uk/petitions/735285,open,159,735285,2025-08-08,2026-02-08,,
Ban plastic stickers on fruit and vegetables sold in the UK,https://petition.parliament.uk/petitions/735287,open,279,735287,2025-08-13,2026-02-13,,
Referendum changing the UK from constitutional monarchy to a democratic republic,https://petition.parliament.uk/petitions/735302,open,844,735302,2025-08-27,2026-02-27,,
Fund provision of holiday childcare & after school clubs for children with SEND,https://petition.parliament.uk/petitions/735306,open,33,735306,2025-08-18,2026-02-18,,
Require hotel platforms to refund for cancellations 2 days before stay,https://petition.parliament.uk/petitions/735324,open,40,735324,2025-09-22,2026-03-22,,
Increase Statutory Maternity Pay - 90% of Wages from 6 Weeks to 16 Weeks,https://petition.parliament.uk/petitions/735328,open,257,735328,2025-08-14,2026-02-14,,
Abolish National Minimum Wage & enforce National Living Wage For All Ages,https://petition.parliament.uk/petitions/735331,open,66,735331,2025-09-05,2026-03-05,,
Increase the foreign aid budget so Royal Navy can fund and deploy hospital ships,https://petition.parliament.uk/petitions/735332,open,24,735332,2025-09-02,2026-03-02,,
All Breaks At Work To Be Uninterrupted and Fully Paid,https://petition.parliament.uk/petitions/735339,open,96,735339,2025-08-20,2026-02-20,,
Require all GP receptionists to have medical qualifications,https://petition.parliament.uk/petitions/735358,open,40,735358,2025-08-18,2026-02-18,,
Urgently review NHS approach to shared care agreements for ADHD,https://petition.parliament.uk/petitions/735371,open,1757,735371,2025-08-21,2026-02-21,,
Require registration and regulation of all private domiciliary carers in England,https://petition.parliament.uk/petitions/735372,open,126,735372,2025-09-22,2026-03-22,,
Limit universal credit overpayment recovery to 5% of entitlement,https://petition.parliament.uk/petitions/735402,open,41,735402,2025-08-20,2026-02-20,,
Limit the strength of prefilled nicotine vaporisers to a maximum of 5mg/ml,https://petition.parliament.uk/petitions/735403,open,26,735403,2025-08-21,2026-02-21,,
Create a dedicated body to monitor and regulate roadworks in major cities,https://petition.parliament.uk/petitions/735420,open,26,735420,2025-09-04,2026-03-04,,
Extend the two-year limit on theory tests to five years for everyone taking them,https://petition.parliament.uk/petitions/735421,open,107,735421,2025-08-19,2026-02-19,,
Review how delivery companies operate and standards,https://petition.parliament.uk/petitions/735425,open,267,735425,2025-08-26,2026-02-26,,
Legalise Cannabis Use and Sales for Adults over 18,https://petition.parliament.uk/petitions/735447,open,2739,735447,2025-08-19,2026-02-19,,
Pass a law that schools cannot prohibit the use of personal devices,https://petition.parliament.uk/petitions/735449,open,135,735449,2025-08-21,2026-02-21,,
Ban business from not accepting cash payments,https://petition.parliament.uk/petitions/735459,open,756,735459,2025-08-12,2026-02-12,,
Release the official court records relating to the Nottingham Race Riots of 1958,https://petition.parliament.uk/petitions/735467,open,81,735467,2025-10-21,2026-04-21,,
More funding into weather forecasting technology & making data more accessible,https://petition.parliament.uk/petitions/735468,open,116,735468,2025-09-04,2026-03-04,,
Introduce harsher penalties for causing death by careless driving,https://petition.parliament.uk/petitions/735568,open,63,735568,2025-09-23,2026-03-23,,
Do not remove Sport England as a statutory consultee for planning applications,https://petition.parliament.uk/petitions/735586,open,17565,735586,2025-08-21,2026-02-21,,
"Require a named minister to respond to petitions with over 10,000 signatures",https://petition.parliament.uk/petitions/735598,open,136,735598,2025-08-22,2026-02-22,,
To make it illegal to record or photograph minors in any public park setting,https://petition.parliament.uk/petitions/735610,open,43,735610,2025-08-19,2026-02-19,,
Commit funding support to the Holiday Activity and Food (HAF) program until 2029,https://petition.parliament.uk/petitions/735614,open,26,735614,2025-08-26,2026-02-26,,
Review criteria for fertility referrals on the NHS and fund research into PCOS,https://petition.parliament.uk/petitions/735628,open,102,735628,2025-09-04,2026-03-04,,
Reinstate tax-free shopping for international visitors to the UK,https://petition.parliament.uk/petitions/735633,open,46,735633,2025-08-19,2026-02-19,,
Review NHS use of BMI to determine eligibility for fertility treatment,https://petition.parliament.uk/petitions/735635,open,89,735635,2025-09-11,2026-03-11,,
Fund zero-wait self-referral mental health hubs nationwide by June 2026 ,https://petition.parliament.uk/petitions/735660,open,86,735660,2025-08-26,2026-02-26,,
Launch an independent review of NHS wheelchair services ,https://petition.parliament.uk/petitions/735664,open,2890,735664,2025-08-20,2026-02-20,,
No prosecutions or points for speeding offences under 30mph,https://petition.parliament.uk/petitions/735747,open,56,735747,2025-09-05,2026-03-05,,
Make public inquiry recommendations legally enforceable,https://petition.parliament.uk/petitions/735772,open,135,735772,2025-08-26,2026-02-26,,
Introduce a bank holiday for every month of the year,https://petition.parliament.uk/petitions/735776,open,40,735776,2025-09-02,2026-03-02,,
Regulate & limit gambling advertising broadcasting times & content,https://petition.parliament.uk/petitions/735786,open,84,735786,2025-08-22,2026-02-22,,
Reduce the Age of Majority from 18 to 16,https://petition.parliament.uk/petitions/735799,open,39,735799,2025-09-05,2026-03-05,,
Facilitate a referendum on Scottish independence,https://petition.parliament.uk/petitions/735813,open,174,735813,2025-09-01,2026-03-01,,
"Introduce a Night Shift Minimum Wage, 50% Higher Than National Minimum Wage",https://petition.parliament.uk/petitions/735858,open,72,735858,2025-08-20,2026-02-20,,
Require all MPs to be contactable by email,https://petition.parliament.uk/petitions/735860,open,49,735860,2025-08-26,2026-02-26,,
Funding for all NHS staff to have training on non epileptic seizures,https://petition.parliament.uk/petitions/735867,open,69,735867,2025-08-27,2026-02-27,,
Ban suspensions of primary school aged children with additional needs,https://petition.parliament.uk/petitions/735872,open,470,735872,2025-09-04,2026-03-04,,
Change how CMS payments are calculated to take account of mortgage payments,https://petition.parliament.uk/petitions/735923,open,106,735923,2025-08-20,2026-02-20,,
Require that schools allow uniform purchase from any supplier,https://petition.parliament.uk/petitions/735928,open,72,735928,2025-09-10,2026-03-10,,
Ban solar panels on farmland & require new build homes to have solar panels,https://petition.parliament.uk/petitions/735942,open,1148,735942,2025-08-19,2026-02-19,,
Fund vouchers for people with coeliac disease,https://petition.parliament.uk/petitions/735949,open,327,735949,2025-08-27,2026-02-27,,
Allow personal e-scooters on public roads for holders of a Category A licence,https://petition.parliament.uk/petitions/735952,open,69,735952,2025-08-20,2026-02-20,,
Public inquiry into child deaths following family court cases,https://petition.parliament.uk/petitions/735966,open,521,735966,2025-08-27,2026-02-27,,
Fund education and training for GPs & Urologists on chronic embedded UTIs,https://petition.parliament.uk/petitions/735969,open,33,735969,2025-08-26,2026-02-26,,
Require political parties publish safeguarding actions and failings,https://petition.parliament.uk/petitions/735977,open,60,735977,2025-08-28,2026-02-28,,
Publish detailed regular account of all public spending on asylum seeker support,https://petition.parliament.uk/petitions/735989,open,145,735989,2025-09-04,2026-03-04,,
Ban councils from selling allotments,https://petition.parliament.uk/petitions/736003,open,461,736003,2025-08-20,2026-02-20,,
Review the covid vaccine damage payment,https://petition.parliament.uk/petitions/736027,open,38,736027,2025-09-03,2026-03-03,,
Introduce stand alone law protecting absolute right to free speech,https://petition.parliament.uk/petitions/736088,open,166,736088,2025-08-26,2026-02-26,,
Create a task force to improve safety and justice for women and children,https://petition.parliament.uk/petitions/736092,open,201,736092,2025-08-22,2026-02-22,,
Change IHT rules to be payable only after probate has been granted,https://petition.parliament.uk/petitions/736106,open,438,736106,2025-08-20,2026-02-20,,
Make Government Petitions Legally Binding at a Threshold of Public Signatures,https://petition.parliament.uk/petitions/736129,open,93,736129,2025-08-26,2026-02-26,,
Fund a government-run online age verification system,https://petition.parliament.uk/petitions/736140,open,28,736140,2025-10-02,2026-04-02,,
Allow EU children of British parents to be sponsored under EU Settlement Scheme,https://petition.parliament.uk/petitions/736148,open,57,736148,2025-09-26,2026-03-26,,
Review school absence fines & CAP peak pricing of activities in school holidays,https://petition.parliament.uk/petitions/736151,open,198,736151,2025-09-03,2026-03-03,,
Give self employed people Tax Breaks equivalent to 5.6 weeks Holiday entitlement,https://petition.parliament.uk/petitions/736158,open,34,736158,2025-08-21,2026-02-21,,
Fund a National Endometriosis Registry and Audit to Help Improve NHS Care,https://petition.parliament.uk/petitions/736164,open,6528,736164,2025-08-27,2026-02-27,,
Fund compensation for late-diagnosed autistic and ADHD adults,https://petition.parliament.uk/petitions/736167,open,72,736167,2025-08-27,2026-02-27,,
Legislate a Democratic Exit Clause for All Nations of the United Kingdom,https://petition.parliament.uk/petitions/736197,open,511,736197,2025-08-27,2026-02-27,,
Prison Officer Occupation code 3314 to be added to Immigration Salary List,https://petition.parliament.uk/petitions/736200,open,963,736200,2025-10-07,2026-04-07,,
Bring Van Speed Limits in Line with Passenger Cars,https://petition.parliament.uk/petitions/736213,open,136,736213,2025-09-04,2026-03-04,,
Provide maintenance loans to distance learners,https://petition.parliament.uk/petitions/736218,open,76,736218,2025-08-29,2026-02-28,,
Lower the age for invites to regular mammograms to 30,https://petition.parliament.uk/petitions/736239,open,143,736239,2025-09-26,2026-03-26,,
Update Animal Welfare Act 2006's scope for duty of care to include invertebrates,https://petition.parliament.uk/petitions/736245,open,45,736245,2025-08-20,2026-02-20,,
Automatically suspend and recall MPs charged with violent or sexual crimes,https://petition.parliament.uk/petitions/736253,open,98,736253,2025-09-23,2026-03-23,,
Revoke the Traffic Management Act of 2004. Make traffic management a police job.,https://petition.parliament.uk/petitions/736281,open,35,736281,2025-08-22,2026-02-22,,
Mandate police to use S61 to move illegal encampments from unauthorised sites,https://petition.parliament.uk/petitions/736290,open,317,736290,2025-09-22,2026-03-22,,
Mandate WiFi Safety Standards in Family Venues & digital safety rating,https://petition.parliament.uk/petitions/736297,open,29,736297,2025-09-03,2026-03-03,,
Higher minimum penalties for death by dangerous driving ,https://petition.parliament.uk/petitions/736312,open,2466,736312,2025-09-05,2026-03-05,,
Regulate & ban cheaper prices for loyalty card holders,https://petition.parliament.uk/petitions/736329,open,52,736329,2025-08-21,2026-02-21,,
Investigation into UK Visa Appointment System,https://petition.parliament.uk/petitions/736338,open,26,736338,2025-09-22,2026-03-22,,
Fund NHS Support to Help Youth Quit Vaping,https://petition.parliament.uk/petitions/736355,open,56,736355,2025-09-01,2026-03-01,,
Make Neglect in Public Office a Specific Criminal Offence,https://petition.parliament.uk/petitions/736392,open,75,736392,2025-09-12,2026-03-12,,
Require companies to hire 1 graduate per 10 employees & provide training,https://petition.parliament.uk/petitions/736407,open,30,736407,2025-08-21,2026-02-21,,
First aid kits a legal requirement for public use at public venues,https://petition.parliament.uk/petitions/736413,open,1088,736413,2025-08-20,2026-02-20,,
Raise fuel duty in line with inflation to raise income for critical services,https://petition.parliament.uk/petitions/736415,open,107,736415,2025-09-12,2026-03-12,,
Cut income tax by 5% for working parents who are British citizens,https://petition.parliament.uk/petitions/736462,open,47,736462,2025-08-20,2026-02-20,,
Don't allow building extensions without planning permission,https://petition.parliament.uk/petitions/736472,open,22,736472,2025-09-10,2026-03-10,,
Fund an NHS fast-track route for ADHD & autism diagnoses and treatment,https://petition.parliament.uk/petitions/736475,open,229,736475,2025-09-12,2026-03-12,,
Require sellers to complete surveys & probate before marketing their property,https://petition.parliament.uk/petitions/736478,open,58,736478,2025-09-18,2026-03-18,,
Detain all illegal immigrants and put in camping sites on airfields,https://petition.parliament.uk/petitions/736491,open,449,736491,2025-08-20,2026-02-20,,
Do not fine parents for children missing school for family funerals abroad,https://petition.parliament.uk/petitions/736492,open,46,736492,2025-09-29,2026-03-29,,
Review time limits for work injury claims,https://petition.parliament.uk/petitions/736494,open,50,736494,2025-09-29,2026-03-29,,
Increase taxes on online retail and takeaway apps to help support high streets,https://petition.parliament.uk/petitions/736496,open,36,736496,2025-08-21,2026-02-21,,
Require cemeteries to give more rights to family members to erect a headstone,https://petition.parliament.uk/petitions/736501,open,181,736501,2025-10-02,2026-04-02,,
Inquiry into sexual violence in NHS hospitals,https://petition.parliament.uk/petitions/736504,open,19396,736504,2025-09-08,2026-03-08,,
Detain all illegal migrants until a decision is made over their status,https://petition.parliament.uk/petitions/736531,open,949,736531,2025-08-29,2026-02-28,,
Set an allowance for business rates under which the cost is always zero,https://petition.parliament.uk/petitions/736535,open,18,736535,2025-09-05,2026-03-05,,
Devolve the Crown Estate to Wales,https://petition.parliament.uk/petitions/736542,open,61,736542,2025-09-16,2026-03-16,,
Reform the Mental Health Act to remove the detention of autistic people,https://petition.parliament.uk/petitions/736556,open,101,736556,2025-09-22,2026-03-22,,
Increase minimum sentences for gun-related crimes,https://petition.parliament.uk/petitions/736576,open,71,736576,2025-09-04,2026-03-04,,
End testing on dogs and other animals for development of products for human use,https://petition.parliament.uk/petitions/736578,open,48753,736578,2025-10-31,2026-04-30,,
"Review the driving test booking process, ban resales at inflated prices & bots",https://petition.parliament.uk/petitions/736594,open,140,736594,2025-10-01,2026-04-01,,
Exempt all pensioners from council tax,https://petition.parliament.uk/petitions/736599,open,4996,736599,2025-08-29,2026-02-28,,
New regulations mandatory landlord checks and invest in more social housing,https://petition.parliament.uk/petitions/736619,open,38,736619,2025-09-22,2026-03-22,,
Stop transfer of sexual offenders to open prison in first half of sentence,https://petition.parliament.uk/petitions/736620,open,119,736620,2025-09-04,2026-03-04,,
Remove taxes on personal savings & private pensions,https://petition.parliament.uk/petitions/736673,open,225,736673,2025-09-12,2026-03-12,,
Create an independent ombudsman for complaints about union service quality,https://petition.parliament.uk/petitions/736680,open,40,736680,2025-08-26,2026-02-26,,
"Review, reform & means-test the state pension & scrap tuition fees",https://petition.parliament.uk/petitions/736688,open,21,736688,2025-08-29,2026-02-28,,
Require generative AI watermarks & ban using people’s likeness without consent,https://petition.parliament.uk/petitions/736690,open,2499,736690,2025-09-04,2026-03-04,,
Make the Driving Theory Test compulsory for motorcyclists before their CBT,https://petition.parliament.uk/petitions/736692,open,57,736692,2025-09-17,2026-03-17,,
Ban the use of Non Disclosure Agreements (NDAs) in Public Service,https://petition.parliament.uk/petitions/736708,open,42,736708,2025-08-21,2026-02-21,,
Review and centrally Record Pet Euthanasia Data,https://petition.parliament.uk/petitions/736720,open,5515,736720,2025-10-07,2026-04-07,,
Reallocate illegal migrant spending and use money to fund other things,https://petition.parliament.uk/petitions/736721,open,154,736721,2025-09-08,2026-03-08,,
Only allow learners to book a driving test.,https://petition.parliament.uk/petitions/736737,open,77,736737,2025-08-21,2026-02-21,,
Require All Food Delivery Motorcycle Riders to Hold a Full Motorcycle Licence,https://petition.parliament.uk/petitions/736775,open,242,736775,2025-08-21,2026-02-21,,
Fund the creation of more cottage hospitals,https://petition.parliament.uk/petitions/736857,open,34,736857,2025-08-26,2026-02-26,,
Increase funding for mental health services like counselling,https://petition.parliament.uk/petitions/736864,open,37,736864,2025-08-26,2026-02-26,,
Fund the BCG vaccination to protect against TB as part of routine vaccination,https://petition.parliament.uk/petitions/736887,open,63,736887,2025-09-05,2026-03-05,,
Review CMS safeguards to prevent financial abuse and coercive control,https://petition.parliament.uk/petitions/736891,open,289,736891,2025-09-24,2026-03-24,,
Restore Passport Services at UK Embassies and End Centralised Processing,https://petition.parliament.uk/petitions/736894,open,23,736894,2025-09-01,2026-03-01,,
Increase minimum penalties for breaking the speed limit twice in a month,https://petition.parliament.uk/petitions/736964,open,39,736964,2025-08-29,2026-02-28,,
Give More Power to Public Petitions to Force the Government to take Action,https://petition.parliament.uk/petitions/736968,open,342,736968,2025-09-17,2026-03-17,,
UK to refuse to recognise Palestine. UK to supply Israel with military support,https://petition.parliament.uk/petitions/736994,open,700,736994,2025-09-10,2026-03-10,,
Hold a referendum in Wales on abolishing the Senedd and Welsh Government,https://petition.parliament.uk/petitions/736999,open,352,736999,2025-09-17,2026-03-17,,
Amend divorce law to protect survivors of spousal sexual abuse,https://petition.parliament.uk/petitions/737014,open,183,737014,2025-12-05,2026-06-05,,
Require headstones to be laid flat & legislate for regular safety checks,https://petition.parliament.uk/petitions/737044,open,2474,737044,2025-09-12,2026-03-12,,
Automatic driving licence suspension after serious crash until court case ends,https://petition.parliament.uk/petitions/737066,open,66,737066,2025-09-17,2026-03-17,,
Government to pay Statutory Sick Pay for Small Businesses,https://petition.parliament.uk/petitions/737087,open,26,737087,2025-08-26,2026-02-26,,
Publish and expedite the bill to ban conversion therapy,https://petition.parliament.uk/petitions/737088,open,76,737088,2025-08-28,2026-02-28,,
Introduce offshore detention/mass deportation for illegal migrants,https://petition.parliament.uk/petitions/737105,open,672626,737105,2025-09-12,2026-03-12,2025-09-15,
Require all bus operators across England to accept companion bus passes ,https://petition.parliament.uk/petitions/737124,open,82,737124,2025-09-08,2026-03-08,,
Give our country’s national anthem legal status & consult on changing it,https://petition.parliament.uk/petitions/737130,open,51,737130,2025-09-05,2026-03-05,,
Work with the devolved governments to create UK-wide Civic Curriculum,https://petition.parliament.uk/petitions/737133,open,31,737133,2025-09-05,2026-03-05,,
Increase funding for rare cancer research & treatment,https://petition.parliament.uk/petitions/737143,open,1190,737143,2025-09-05,2026-03-05,,
Review accountability for incorrect decisions regarding the removal of a child,https://petition.parliament.uk/petitions/737148,open,1927,737148,2025-10-20,2026-04-20,,
Reduce NI contributions for social care providers,https://petition.parliament.uk/petitions/737168,open,95,737168,2025-08-22,2026-02-22,,
Remove the statute of limitations on reporting childhood domestic abuse,https://petition.parliament.uk/petitions/737177,open,251,737177,2025-09-17,2026-03-17,,
Remove all benefits for those guilty of supporting proscribed terrorist groups.,https://petition.parliament.uk/petitions/737186,open,215,737186,2025-09-19,2026-03-19,,
Review Child Maintenance Service to disincentivise parents withholding custody,https://petition.parliament.uk/petitions/737225,open,59,737225,2025-09-16,2026-03-16,,
Fund closed-loop insulin pumps on the NHS for all type 1 diabetics,https://petition.parliament.uk/petitions/737226,open,65,737226,2025-09-26,2026-03-26,,
Make PIP claims fully online everything written with an online account,https://petition.parliament.uk/petitions/737235,open,33,737235,2025-08-22,2026-02-22,,
Remove Visa Requirements for Jamaican Citizens Visiting the UK,https://petition.parliament.uk/petitions/737243,open,570,737243,2025-09-04,2026-03-04,,
Require care workers to have advanced level of English language proficiency,https://petition.parliament.uk/petitions/737266,open,2856,737266,2025-09-16,2026-03-16,,
Create a benefit for stay at home parents with children of preschool age,https://petition.parliament.uk/petitions/737281,open,29,737281,2025-08-26,2026-02-26,,
Allow conjugal visits with spouses for prisoners incarcerated for 3+ years,https://petition.parliament.uk/petitions/737306,open,152,737306,2025-09-02,2026-03-02,,
Require non-stunned and stunned meat to be labelled accordingly,https://petition.parliament.uk/petitions/737327,open,32245,737327,2025-09-01,2026-03-01,,
Require car hire companies to provide safe child seats and enforce with fines,https://petition.parliament.uk/petitions/737328,open,24,737328,2025-09-16,2026-03-16,,
Scrap the taxpayer indemnity for Bank of England QE bond losses,https://petition.parliament.uk/petitions/737335,open,32,737335,2025-09-10,2026-03-10,,
"Ban labels from saying ""may contain"" regarding allergens",https://petition.parliament.uk/petitions/737338,open,161,737338,2025-09-15,2026-03-15,,
Increase defence spending to 5.5% GDP by 2029 ,https://petition.parliament.uk/petitions/737354,open,70,737354,2025-09-02,2026-03-02,,
Set a 6 month waiting time for autism diagnosis & increase funding,https://petition.parliament.uk/petitions/737377,open,197,737377,2025-09-15,2026-03-15,,
Make everyone born up to 31 December 1960 eligible for the state pension at 66,https://petition.parliament.uk/petitions/737408,open,24,737408,2025-09-10,2026-03-10,,
Ensure statutory guidance under the Equality Act is debated in Parliament,https://petition.parliament.uk/petitions/737415,open,96,737415,2025-10-20,2026-04-20,,
Fund free prescriptions for people with Multiple Sclerosis (MS),https://petition.parliament.uk/petitions/737417,open,106,737417,2025-09-02,2026-03-02,,
To prohibit adults without a child from entering designated children's areas,https://petition.parliament.uk/petitions/737456,open,575,737456,2025-09-01,2026-03-01,,
Make all domestic animal breeding a regulated practice protecting the animals,https://petition.parliament.uk/petitions/737487,open,66,737487,2025-09-08,2026-03-08,,
"Raise the income tax personal allowance from £12,570 to £20,000",https://petition.parliament.uk/petitions/737513,open,42742,737513,2025-08-29,2026-02-28,,
Give UK taxpayers a direct say in how a proportion of their taxes are spent.,https://petition.parliament.uk/petitions/737515,open,87,737515,2025-08-27,2026-02-27,,
Give employees the right to bereavement Leave for Death of a Colleague,https://petition.parliament.uk/petitions/737565,open,20,737565,2025-09-02,2026-03-02,,
Give people the option to opt out of income tax,https://petition.parliament.uk/petitions/737585,open,63,737585,2025-08-26,2026-02-26,,
Make it a criminal offence to enter a domestic dwelling without permission,https://petition.parliament.uk/petitions/737589,open,165,737589,2025-09-01,2026-03-01,,
"Reverse increase of the UK partner visa income from £18,600 to £29,000 if in UK",https://petition.parliament.uk/petitions/737601,open,262,737601,2025-08-28,2026-02-28,,
Change law around box junctions to give drivers more leniency,https://petition.parliament.uk/petitions/737608,open,8783,737608,2025-10-06,2026-04-06,,
Increase minimum speeding fines to £1000 & mandate ban for repeat offenders,https://petition.parliament.uk/petitions/737617,open,35,737617,2025-09-04,2026-03-04,,
"Capital punishment for those convicted of terrorism, murder or intentional harm",https://petition.parliament.uk/petitions/737624,open,174,737624,2025-08-29,2026-02-28,,
By-elections to be called automatically when MPs defect to another party,https://petition.parliament.uk/petitions/737660,open,1511,737660,2025-09-04,2026-03-04,,
Legislate to allow landlords to sell properties directly to government,https://petition.parliament.uk/petitions/737669,open,25,737669,2025-09-10,2026-03-10,,
Make it a specific criminal offence to lie about being bitten by a dog,https://petition.parliament.uk/petitions/737734,open,149,737734,2025-08-29,2026-02-28,,
Introduce UK-led humanitarian aid sea corridor for navy-escorted aid to Gaza,https://petition.parliament.uk/petitions/737736,open,164,737736,2025-10-02,2026-04-02,,
Form an English Parliament,https://petition.parliament.uk/petitions/737748,open,69,737748,2025-09-30,2026-03-30,,
Fund a national database of victims of unlawful arrests & a special ID for them,https://petition.parliament.uk/petitions/737760,open,25,737760,2025-09-23,2026-03-23,,
Introduce product-specific safety regulations for tampons,https://petition.parliament.uk/petitions/737761,open,6763,737761,2025-09-18,2026-03-18,,
Cap price hikes for privately prescribed essential medicines,https://petition.parliament.uk/petitions/737772,open,6819,737772,2025-09-24,2026-03-24,,
Fair Chance Hiring: Make Blind Recruitment Law,https://petition.parliament.uk/petitions/737787,open,130,737787,2025-09-04,2026-03-04,,
Make it illegal to have a bonfire until after 7pm,https://petition.parliament.uk/petitions/737804,open,33,737804,2025-08-28,2026-02-28,,
Add Economics & Business to national curriculum (for entrepreneurial skills),https://petition.parliament.uk/petitions/737807,open,21,737807,2025-08-28,2026-02-28,,
Review practice and introduce licensing and regulation for dog professionals,https://petition.parliament.uk/petitions/737845,open,1222,737845,2025-09-15,2026-03-15,,
Strengthen regulation of supported accommodations,https://petition.parliament.uk/petitions/737923,open,14134,737923,2025-10-17,2026-04-17,,
Only allow a change of prime minister through a general election,https://petition.parliament.uk/petitions/737933,open,153,737933,2025-08-29,2026-02-28,,
Create a compensation scheme for all Gender Recognition cert costs,https://petition.parliament.uk/petitions/737955,open,40,737955,2025-09-05,2026-03-05,,
Strengthen the Allotments Act 1908 with a time limit and mandatory acquisition.,https://petition.parliament.uk/petitions/737987,open,117,737987,2025-09-01,2026-03-01,,
Reduce VAT on public electric vehicle charging to 5% in line with home charging,https://petition.parliament.uk/petitions/737991,open,58,737991,2025-09-05,2026-03-05,,
Reduce bus fare cap to £1.75 for journeys less than 5 miles & freeze for 3 years,https://petition.parliament.uk/petitions/737995,open,522,737995,2025-08-29,2026-02-28,,
National elections for the Mayor of London and London Assembly,https://petition.parliament.uk/petitions/738049,open,103,738049,2025-09-01,2026-03-01,,
Exempt full time students from income tax and national insurance,https://petition.parliament.uk/petitions/738058,open,39,738058,2025-09-22,2026-03-22,,
Ban paid protesting,https://petition.parliament.uk/petitions/738073,open,172,738073,2025-09-22,2026-03-22,,
Ban the use of generative AI in product advertisement & listings in all sectors,https://petition.parliament.uk/petitions/738094,open,102,738094,2025-08-29,2026-02-28,,
Require broadband providers to show lowest guaranteed and average speed upfront,https://petition.parliament.uk/petitions/738105,open,46,738105,2025-09-09,2026-03-09,,
"Introduce new written Bill of Rights, allow citizens to call binding referendums",https://petition.parliament.uk/petitions/738118,open,170,738118,2025-09-19,2026-03-19,,
Review the UK’s policy toward the Turkish Republic of Northern Cyprus,https://petition.parliament.uk/petitions/738119,open,2498,738119,2025-09-25,2026-03-25,,
Review trading protections for small businesses at festivals and events,https://petition.parliament.uk/petitions/738163,open,20,738163,2025-09-02,2026-03-02,,
Stop sending aid to Ukraine,https://petition.parliament.uk/petitions/738165,open,92,738165,2025-09-02,2026-03-02,,
Require all publicly accessible car parks to have parent and child spaces,https://petition.parliament.uk/petitions/738189,open,72,738189,2025-08-29,2026-02-28,,
Reduce the maximum noise level for consumer fireworks from 120 to 90 decibels,https://petition.parliament.uk/petitions/738192,open,176557,738192,2025-09-04,2026-03-04,2025-11-03,2026-01-19
Additional tax on ultra-processed foods (UPF) to help promote farm fresh produce,https://petition.parliament.uk/petitions/738232,open,73,738232,2025-09-12,2026-03-12,,
Don’t change agricultural & business property relief for inheritance tax,https://petition.parliament.uk/petitions/738236,open,717,738236,2025-09-04,2026-03-04,,
Legislate for tenants to give two weeks’ notice if cancelling social home swap,https://petition.parliament.uk/petitions/738237,open,22,738237,2025-09-10,2026-03-10,,
Review the availability of on-street EV charging for disabled drivers,https://petition.parliament.uk/petitions/738261,open,29,738261,2025-09-10,2026-03-10,,
Seek professional drivers’ exemption to Schengen restrictions on length of stay,https://petition.parliament.uk/petitions/738267,open,1527,738267,2025-09-03,2026-03-03,,
Do not introduce any new taxes or increase any existing taxes,https://petition.parliament.uk/petitions/738357,open,139,738357,2025-09-02,2026-03-02,,
Require menus to state if a dish contains/is cooked with alcohol,https://petition.parliament.uk/petitions/738359,open,139,738359,2025-09-02,2026-03-02,,
Review verification processes used to verify age of illegal migrants under 18,https://petition.parliament.uk/petitions/738364,open,81,738364,2025-09-29,2026-03-29,,
Abolish Class C drugs category and make them Class B,https://petition.parliament.uk/petitions/738394,open,22,738394,2025-09-05,2026-03-05,,
Review online gambling deposit methods and limits,https://petition.parliament.uk/petitions/738420,open,107,738420,2025-09-02,2026-03-02,,
The UK Government should not unilaterally recognise a Palestinian State,https://petition.parliament.uk/petitions/738421,open,57312,738421,2025-09-12,2026-03-12,,
Ban councils from removing the Union Flag and the flags of the four nations ,https://petition.parliament.uk/petitions/738423,open,211,738423,2025-09-22,2026-03-22,,
Review barriers & fund accessibility pathway for M.E & Chronic Illness patients,https://petition.parliament.uk/petitions/738431,open,77,738431,2025-11-21,2026-05-21,,
Require all new drivers to have a black box for the first two years,https://petition.parliament.uk/petitions/738442,open,89,738442,2025-09-03,2026-03-03,,
New road safety legislation for cyclists & mandate safety gear and reg numbers,https://petition.parliament.uk/petitions/738445,open,205,738445,2025-09-08,2026-03-08,,
Make It Compulsory for All Antifreeze to Contain Bitterant,https://petition.parliament.uk/petitions/738448,open,183,738448,2025-09-12,2026-03-12,,
"Review use of the '""Child in Need"" label by social workers & local authorities",https://petition.parliament.uk/petitions/738457,open,172,738457,2025-10-02,2026-04-02,,
Commission independent inquiry into delays in SEND education provision,https://petition.parliament.uk/petitions/738484,open,25662,738484,2025-09-25,2026-03-25,,
Fund a graduate guarantee scheme for newly qualified physiotherapists,https://petition.parliament.uk/petitions/738505,open,21,738505,2025-10-09,2026-04-09,,
Fund the relocation of sexual/domestic abuse victims after a conviction,https://petition.parliament.uk/petitions/738512,open,116,738512,2025-09-16,2026-03-16,,
Fund the construction of more detention centres for illegal migrants,https://petition.parliament.uk/petitions/738523,open,153,738523,2025-09-22,2026-03-22,,
Strengthen the legal duty of owners to protect Listed structures from damage,https://petition.parliament.uk/petitions/738536,open,128,738536,2025-09-11,2026-03-11,,
Subsidise private weight loss prescriptions to reduce obesity and health costs,https://petition.parliament.uk/petitions/738546,open,78,738546,2025-09-26,2026-03-26,,
Fund security guards and CCTV on school premises & introduce new protocols,https://petition.parliament.uk/petitions/738547,open,97,738547,2025-09-16,2026-03-16,,
Allow non-BBC service providers to grant UK TV licences,https://petition.parliament.uk/petitions/738602,open,43,738602,2025-09-24,2026-03-24,,
Change the law for planning permission on protected properties that burn down,https://petition.parliament.uk/petitions/738620,open,55,738620,2025-09-04,2026-03-04,,
Require CMS to collect evidence that child maintenance is spent on the children,https://petition.parliament.uk/petitions/738621,open,68,738621,2025-09-16,2026-03-16,,
Ban serving or former police officers from working on/advising the OPCC,https://petition.parliament.uk/petitions/738623,open,52,738623,2025-10-06,2026-04-06,,
 We call on Government to support the Climate and Nature Bill,https://petition.parliament.uk/petitions/738625,open,394,738625,2025-09-25,2026-03-25,,
Make it mandatory that all cemeteries have CCTV,https://petition.parliament.uk/petitions/738627,open,41,738627,2025-09-15,2026-03-15,,
Abolish inheritance tax,https://petition.parliament.uk/petitions/738649,open,511,738649,2025-09-24,2026-03-24,,
Introduce Statutory Menstrual Leave For People With Fibroids and PCOS,https://petition.parliament.uk/petitions/738665,open,1637,738665,2025-09-12,2026-03-12,,
Fund Health Screening for all Citizens to be completed every 6 months,https://petition.parliament.uk/petitions/738670,open,47,738670,2025-09-10,2026-03-10,,
Ban the use of therapy notes of rape survivors in court proceedings,https://petition.parliament.uk/petitions/738687,open,143,738687,2025-09-10,2026-03-10,,
Ban bank charges for charities,https://petition.parliament.uk/petitions/738688,open,396,738688,2025-09-15,2026-03-15,,
"Fully align the UK with EU environmental laws, regulations & standards",https://petition.parliament.uk/petitions/738699,open,45,738699,2025-09-23,2026-03-23,,
Review police pursuit rules to ensure proportionality and safety,https://petition.parliament.uk/petitions/738752,open,47,738752,2025-09-15,2026-03-15,,
Do not introduce assisted dying & Abolish abortion,https://petition.parliament.uk/petitions/738764,open,384,738764,2025-09-05,2026-03-05,,
Review the Expensive Car Supplement,https://petition.parliament.uk/petitions/738766,open,91,738766,2025-09-15,2026-03-15,,
Apply an income tax rate of 99% to MPs' additional incomes,https://petition.parliament.uk/petitions/738771,open,322,738771,2025-09-22,2026-03-22,,
Legally recognise non-binary as a gender,https://petition.parliament.uk/petitions/738780,open,139,738780,2025-09-24,2026-03-24,,
Enact new law prohibiting use of the internet for children under the age of 18,https://petition.parliament.uk/petitions/738795,open,34,738795,2025-09-18,2026-03-18,,
Fund Financial Support and Debt Relief for Survivors of Abusive Relationships,https://petition.parliament.uk/petitions/738799,open,24,738799,2025-10-27,2026-04-27,,
"Strengthen Employment Rights for Workers with Less Than Two Years’ Service
",https://petition.parliament.uk/petitions/738800,open,52,738800,2025-10-17,2026-04-17,,
Require family judges to complete LGBTQ+ family sensitivity training,https://petition.parliament.uk/petitions/738810,open,372,738810,2025-09-08,2026-03-08,,
Review standards of clinical/care home record keeping,https://petition.parliament.uk/petitions/738814,open,41,738814,2025-09-22,2026-03-22,,
Require Latino/Hispanic option in the ethnicity section for official documents,https://petition.parliament.uk/petitions/738829,open,200,738829,2025-09-22,2026-03-22,,
Require all ICBs to offer 3 NHS-funded IVF cycles,https://petition.parliament.uk/petitions/738833,open,841,738833,2025-09-09,2026-03-09,,
Review timing of child contact centre referrals at family court,https://petition.parliament.uk/petitions/738840,open,144,738840,2025-09-17,2026-03-17,,
Fund more clinics for thyroid advice & support ,https://petition.parliament.uk/petitions/738855,open,287,738855,2025-09-24,2026-03-24,,
Make comment sections on all petitions,https://petition.parliament.uk/petitions/738866,open,34,738866,2025-09-11,2026-03-11,,
Increase dual carriage and motorway speed limit to 80mph,https://petition.parliament.uk/petitions/738871,open,2552,738871,2025-09-30,2026-03-30,,
Invest in brain cancer and give rights – turn terminal into treatable,https://petition.parliament.uk/petitions/738881,open,44203,738881,2025-09-08,2026-03-08,,
Create a National Strategy for Childhood Apraxia Of Speech (CAS),https://petition.parliament.uk/petitions/738899,open,283,738899,2025-09-15,2026-03-15,,
Legislate to ban participants wearing face coverings at demonstrations,https://petition.parliament.uk/petitions/738909,open,302,738909,2025-09-15,2026-03-15,,
"Increase funding for PMDD, PME and menopause screening in mental health services",https://petition.parliament.uk/petitions/738923,open,5915,738923,2025-09-26,2026-03-26,,
Require all children’s home staff to be trained in trauma-informed care by 2026,https://petition.parliament.uk/petitions/738945,open,44,738945,2025-09-16,2026-03-16,,
Mandate stronger accessibility requirements for event venues,https://petition.parliament.uk/petitions/738953,open,53,738953,2025-09-08,2026-03-08,,
Require female CPR manikins in all certified first aid training programs,https://petition.parliament.uk/petitions/738976,open,3486,738976,2025-09-10,2026-03-10,,
Extend the classic car tax exemption to 35 year old vehicles,https://petition.parliament.uk/petitions/738979,open,103,738979,2025-09-09,2026-03-09,,
Make accurate medicine barcodes (GTIN) mandatory to protect patient safety,https://petition.parliament.uk/petitions/738982,open,1154,738982,2025-10-01,2026-04-01,,
Increase aid funding for the DRC & pressure on international partners ,https://petition.parliament.uk/petitions/738997,open,43,738997,2025-10-10,2026-04-10,,
Require mounted police to clean up horse droppings from public streets,https://petition.parliament.uk/petitions/739002,open,32,739002,2025-09-12,2026-03-12,,
Fix Our Roads: National Plan on Dangerous Potholes Now,https://petition.parliament.uk/petitions/739014,open,134,739014,2025-09-04,2026-03-04,,
Ban the use of smart glasses with recording capability in public spaces,https://petition.parliament.uk/petitions/739024,open,73,739024,2025-10-14,2026-04-14,,
Conduct a review of political news regulation by Ofcom,https://petition.parliament.uk/petitions/739068,open,561,739068,2025-11-28,2026-05-28,,
Do not recognise the planned December 2025 election in Myanmar,https://petition.parliament.uk/petitions/739075,open,2613,739075,2025-11-05,2026-05-05,,
Make St George’s Day a Bank Holiday for people in England,https://petition.parliament.uk/petitions/739078,open,262,739078,2025-09-12,2026-03-12,,
Fund the provision of barriers to prevent animals from running onto roads,https://petition.parliament.uk/petitions/739104,open,49,739104,2025-09-05,2026-03-05,,
Review highway code for vulnerable road users and fund a tv awareness campaign,https://petition.parliament.uk/petitions/739113,open,229,739113,2025-09-12,2026-03-12,,
Fund training on Neurofibromatosis and Functional neurological disorder,https://petition.parliament.uk/petitions/739134,open,41,739134,2025-09-24,2026-03-24,,
5 year passport confiscation for people who cause trouble and fights on planes,https://petition.parliament.uk/petitions/739140,open,69,739140,2025-09-11,2026-03-11,,
"Allow and require all asylum seekers who are able to work, to seek work",https://petition.parliament.uk/petitions/739184,open,102,739184,2025-09-10,2026-03-10,,
Require British Gurkha pensions to only be paid in British pounds sterling ,https://petition.parliament.uk/petitions/739216,open,34,739216,2025-09-29,2026-03-29,,
Make British Summer Time (BST) permanent year-round,https://petition.parliament.uk/petitions/739222,open,1311,739222,2025-09-22,2026-03-22,,
Create a Sikh regiment in the British Army,https://petition.parliament.uk/petitions/739255,open,53,739255,2025-09-12,2026-03-12,,
Mandate & fund the painting of all English zebra crossing with St George’s Cross,https://petition.parliament.uk/petitions/739263,open,48,739263,2025-09-22,2026-03-22,,
All newly elected MPs must complete a six month probationary period,https://petition.parliament.uk/petitions/739280,open,95,739280,2025-09-30,2026-03-30,,
Reduce the state pension age to 50 years old for men & women,https://petition.parliament.uk/petitions/739285,open,68,739285,2025-09-24,2026-03-24,,
Automatically grant UK citizenship to people affected by historical unfairness,https://petition.parliament.uk/petitions/739295,open,25,739295,2025-11-10,2026-05-10,,
Make politically motivated vandalism a specific offence with strong penalties,https://petition.parliament.uk/petitions/739312,open,30,739312,2025-09-29,2026-03-29,,
Make funeral directors a regulated profession,https://petition.parliament.uk/petitions/739317,open,63,739317,2025-09-29,2026-03-29,,
Require conveyancing searches to include commercial noise & ban complaints,https://petition.parliament.uk/petitions/739330,open,58,739330,2025-09-23,2026-03-23,,
Fund local authorities to build parks with wheelchair-accessible play equipment,https://petition.parliament.uk/petitions/739334,open,746,739334,2025-09-23,2026-03-23,,
Remove inheritance tax on all estates and their property worth under £1 million,https://petition.parliament.uk/petitions/739343,open,1703,739343,2025-09-11,2026-03-11,,
Ban Bluefin Tuna sportfishing tournaments,https://petition.parliament.uk/petitions/739381,open,53,739381,2025-09-23,2026-03-23,,
Pass a law that triggers an early General Election via a public petition,https://petition.parliament.uk/petitions/739383,open,480,739383,2025-10-10,2026-04-10,,
Require public service broadcasters to give proportional coverage to all parties,https://petition.parliament.uk/petitions/739405,open,76,739405,2025-09-24,2026-03-24,,
"Replace income tax with a flat, standard annual payment",https://petition.parliament.uk/petitions/739428,open,17,739428,2025-09-24,2026-03-24,,
Commit to not increasing taxes or imposing additional taxes on landlords,https://petition.parliament.uk/petitions/739446,open,296,739446,2025-09-12,2026-03-12,,
Provide funding to subsidise school uniforms for all children,https://petition.parliament.uk/petitions/739453,open,50,739453,2025-09-23,2026-03-23,,
Review court system to address trial delays for rape and sexual abuse,https://petition.parliament.uk/petitions/739461,open,297,739461,2025-10-06,2026-04-06,,
Deploy UK forces to demilitarize terror infrastructure & weaponry from Gaza,https://petition.parliament.uk/petitions/739463,open,15,739463,2025-12-01,2026-06-01,,
Enable parents to register birth and death of babies carried beyond 24 weeks,https://petition.parliament.uk/petitions/739477,open,349,739477,2025-11-14,2026-05-14,,
Pause UK offshore CO₂ storage projects and conduct full safety and legal review,https://petition.parliament.uk/petitions/739490,open,105,739490,2025-09-19,2026-03-19,,
Fund not-for-profit NHS dispensing pharmacies in all UK towns,https://petition.parliament.uk/petitions/739492,open,34,739492,2025-09-23,2026-03-23,,
"Pause NHS Neighbourhood plans, protect local GP surgeries & hold consultation",https://petition.parliament.uk/petitions/739503,open,411,739503,2025-09-19,2026-03-19,,
Amend the home buying process in England to align with Scotland,https://petition.parliament.uk/petitions/739512,open,147,739512,2025-09-30,2026-03-30,,
Ensure Home Office needs planning permission for all hotel asylum accommodation,https://petition.parliament.uk/petitions/739514,open,249,739514,2025-09-17,2026-03-17,,
Review the Government’s housebuilding target & require infrastructure investment,https://petition.parliament.uk/petitions/739521,open,63,739521,2025-09-23,2026-03-23,,
Take stronger measures to enforce payment of child maintenance arrears.,https://petition.parliament.uk/petitions/739525,open,76,739525,2025-10-23,2026-04-23,,
Cancel the UK-India Free Trade Agreement due to Indian purchases of Russian oil,https://petition.parliament.uk/petitions/739543,open,134,739543,2025-09-24,2026-03-24,,
Seek to form a free movement union and passport across CANZUK,https://petition.parliament.uk/petitions/739564,open,198,739564,2025-09-15,2026-03-15,,
Mandate a minimum 2-year prison sentence for benefit fraud & penalise offenders,https://petition.parliament.uk/petitions/739588,open,72,739588,2025-09-24,2026-03-24,,
Require all public buildings in England to fly Cross of St George ,https://petition.parliament.uk/petitions/739612,open,126,739612,2025-09-23,2026-03-23,,
Make builders liable for all costs associated with remedial cladding works,https://petition.parliament.uk/petitions/739624,open,272,739624,2025-09-23,2026-03-23,,
Equalise maternity allowance with statutory pay & don’t reduce Universal Credit,https://petition.parliament.uk/petitions/739630,open,45,739630,2025-09-24,2026-03-24,,
Review potential impact of AI on employment opportunities for disabled people,https://petition.parliament.uk/petitions/739644,open,59,739644,2025-09-25,2026-03-25,,
Make divorces where a child is abused automatically eligible for legal aid,https://petition.parliament.uk/petitions/739647,open,122,739647,2025-10-30,2026-04-30,,
Amend the Planning & Infrastructure Bill to ban wind farms on protected peatland,https://petition.parliament.uk/petitions/739659,open,8443,739659,2025-10-13,2026-04-13,,
Review family court legal aid for working mothers who've survived domestic abuse,https://petition.parliament.uk/petitions/739668,open,61,739668,2025-09-24,2026-03-24,,
Align to Intl. Law to Protect Farming as Cultural Heritage & Nat’l SecurityAsset,https://petition.parliament.uk/petitions/739672,open,39,739672,2025-12-09,2026-06-09,,
Reduce the sound of fireworks to under 80 decibels for humans and animals,https://petition.parliament.uk/petitions/739674,open,3977,739674,2025-09-24,2026-03-24,,
Ban fish-shaped single-use plastic soy sauce dispensers,https://petition.parliament.uk/petitions/739691,open,75,739691,2025-09-09,2026-03-09,,
"Licence all dog breeders and limit litters to one per dog
",https://petition.parliament.uk/petitions/739694,open,71,739694,2025-09-23,2026-03-23,,
Ban UK companies shipping and insuring all Russian Liquefied Natural Gas (LNG),https://petition.parliament.uk/petitions/739714,open,236,739714,2025-10-01,2026-04-01,,
Remove option for family to object to deceased person's wishes to donate organs,https://petition.parliament.uk/petitions/739777,open,36,739777,2025-09-23,2026-03-23,,
"Fund more affordable, accessible housing for families with disabled children",https://petition.parliament.uk/petitions/739787,open,85,739787,2025-09-17,2026-03-17,,
Reinstate capital punishment for those convicted of sexually abusing of a child,https://petition.parliament.uk/petitions/739802,open,487,739802,2025-09-11,2026-03-11,,
Fund free rape alarms and make them available for everyone,https://petition.parliament.uk/petitions/739828,open,97,739828,2025-09-12,2026-03-12,,
Allow care worker visa holders to change employer,https://petition.parliament.uk/petitions/739833,open,1305,739833,2025-09-24,2026-03-24,,
Scrap Pubs Code 2016 and amend the Competition Act 1998 to ban tied beer lines,https://petition.parliament.uk/petitions/739844,open,59,739844,2025-09-17,2026-03-17,,
Ban smoking & vaping during working hours,https://petition.parliament.uk/petitions/739875,open,43,739875,2025-09-23,2026-03-23,,
"Create a monthly, free personal carbon allowance to limit carbon usage",https://petition.parliament.uk/petitions/739876,open,23,739876,2025-09-24,2026-03-24,,
Mandate all MPs and civil servants to complete Carbon Literacy training by 01/09,https://petition.parliament.uk/petitions/739881,open,67,739881,2025-09-25,2026-03-25,,
Petition for Parent/Child Parking Badges for children up to age 13,https://petition.parliament.uk/petitions/739884,open,4974,739884,2025-09-17,2026-03-17,,
Reinstate the policy to deport asylum seekers to Rwanda,https://petition.parliament.uk/petitions/739957,open,275,739957,2025-09-16,2026-03-16,,
Fund research and staff training on Mast Cell Activation Syndrome,https://petition.parliament.uk/petitions/739963,open,418,739963,2025-09-19,2026-03-19,,
Create a voluntary physical national ID card,https://petition.parliament.uk/petitions/739968,open,24,739968,2025-11-20,2026-05-20,,
Dedicate 3% of the National School Budget to Secondary Extracurriculars,https://petition.parliament.uk/petitions/739997,open,139,739997,2025-09-23,2026-03-23,,
Allow Skilled Worker visa holders to take unrestricted secondary work,https://petition.parliament.uk/petitions/740003,open,34,740003,2025-09-24,2026-03-24,,
Label ALL meat as Religiously Slaughtered or Non-Religiously Slaughtered,https://petition.parliament.uk/petitions/740004,open,22151,740004,2025-09-29,2026-03-29,,
Review “NHS Low Income Scheme Threshold”. It’s still at same level as in 2015.,https://petition.parliament.uk/petitions/740008,open,43,740008,2025-09-29,2026-03-29,,
Require civil harassment orders to be disclosed in enhanced DBS checks,https://petition.parliament.uk/petitions/740041,open,874,740041,2025-09-29,2026-03-29,,
"Add Welsh, Irish, and Scottish Gaelic languages to English national curriculum",https://petition.parliament.uk/petitions/740067,open,54,740067,2025-10-01,2026-04-01,,
make level 3 painting and decorating available again,https://petition.parliament.uk/petitions/740085,open,31,740085,2025-09-19,2026-03-19,,
Automatic Mandatory Penalties if Local Authorities miss Statutory SEND deadlines,https://petition.parliament.uk/petitions/740101,open,359,740101,2025-10-13,2026-04-13,,
 Ban sale of high-caffeine products like gum and supplements to under 16s ,https://petition.parliament.uk/petitions/740143,open,35,740143,2025-09-24,2026-03-24,,
"Ban all gambling ads from social media, TV and all other platforms",https://petition.parliament.uk/petitions/740167,open,506,740167,2025-09-23,2026-03-23,,
Fund free bus passes for all carers of disabled people,https://petition.parliament.uk/petitions/740170,open,134,740170,2025-10-01,2026-04-01,,
Review the tax affairs of all sitting MPs for public peace of mind,https://petition.parliament.uk/petitions/740191,open,158,740191,2025-09-25,2026-03-25,,
Outlaw the Nazi salute and Nazi symbols,https://petition.parliament.uk/petitions/740192,open,65,740192,2025-10-06,2026-04-06,,
Create a body to monitor political discourse & sanction discriminatory rhetoric,https://petition.parliament.uk/petitions/740195,open,452,740195,2025-09-23,2026-03-23,,
Reform MOT testing: minimum pricing and higher professional standards,https://petition.parliament.uk/petitions/740202,open,121,740202,2025-09-26,2026-03-26,,
Require MPs to seek independent approval before personal transactions over £20k,https://petition.parliament.uk/petitions/740219,open,129,740219,2025-09-25,2026-03-25,,
Stop medical appointments counting against school attendance,https://petition.parliament.uk/petitions/740265,open,1868,740265,2025-09-25,2026-03-25,,
Mandate a lifetime driving ban for causing death by dangerous driving,https://petition.parliament.uk/petitions/740267,open,296,740267,2025-09-29,2026-03-29,,
Reinstate the 'Charley Says' public information adverts to protect children,https://petition.parliament.uk/petitions/740279,open,65,740279,2025-11-10,2026-05-10,,
Introduce legally enforceable safe nurse-to-patient staffing ratios in the NHS,https://petition.parliament.uk/petitions/740313,open,7747,740313,2025-09-25,2026-03-25,,
"Require car insurance companies to insure the car, not the driver",https://petition.parliament.uk/petitions/740323,open,58,740323,2025-10-09,2026-04-09,,
Review Current Provision of Safe and Legal Routes for Asylum Seekers to the UK,https://petition.parliament.uk/petitions/740329,open,46,740329,2025-10-10,2026-04-10,,
Require employers to provide retail security staff with stab-proof vests,https://petition.parliament.uk/petitions/740340,open,165,740340,2025-09-29,2026-03-29,,
Outright ban on all XL Bully dogs,https://petition.parliament.uk/petitions/740358,open,149,740358,2025-10-15,2026-04-15,,
Make roads outside all schools/nurseries 20mph with metal railings & speed bumps,https://petition.parliament.uk/petitions/740359,open,47,740359,2025-09-24,2026-03-24,,
Free bus travel for under 16s,https://petition.parliament.uk/petitions/740392,open,88,740392,2025-09-22,2026-03-22,,
Reinstate capital punishment for rape or for serious sexual assault,https://petition.parliament.uk/petitions/740433,open,173,740433,2025-10-01,2026-04-01,,
Establish a minimum service level of 30% during public transport strikes,https://petition.parliament.uk/petitions/740443,open,37,740443,2025-09-30,2026-03-30,,
Amend law to allow advertisement of cancer treatments in clinical trail stage,https://petition.parliament.uk/petitions/740446,open,153,740446,2025-09-24,2026-03-24,,
Ban fines for parking overstays of less than one hour,https://petition.parliament.uk/petitions/740472,open,80,740472,2025-09-26,2026-03-26,,
"Seek to create pension agreements with India, Pakistan, Bangladesh, or refund NI",https://petition.parliament.uk/petitions/740482,open,13,740482,2025-09-30,2026-03-30,,
Introduce a Pension Tax Lock to help protect retirement savings and incentives,https://petition.parliament.uk/petitions/740486,open,22505,740486,2025-10-01,2026-04-01,,
"Reform tax rules so rental income is taxed on profit, not revenue",https://petition.parliament.uk/petitions/740487,open,58,740487,2025-09-29,2026-03-29,,
Enhance NI with a secure biometric ID to protect citizens from identity theft,https://petition.parliament.uk/petitions/740497,open,44,740497,2025-09-26,2026-03-26,,
Suspend flights between UK & Israel until progress made on a two-state solution,https://petition.parliament.uk/petitions/740512,open,77,740512,2025-09-30,2026-03-30,,
Create a national smart device alert system for missing people ,https://petition.parliament.uk/petitions/740519,open,27,740519,2025-10-17,2026-04-17,,
Fund free uniform for children who get free school meals,https://petition.parliament.uk/petitions/740569,open,36,740569,2025-09-24,2026-03-24,,
Limit Lord Mayor Tenure to Two Terms,https://petition.parliament.uk/petitions/740589,open,100,740589,2025-09-29,2026-03-29,,
Deport any migrant who is guilty of committing a sexual offence,https://petition.parliament.uk/petitions/740605,open,674,740605,2025-09-26,2026-03-26,,
Create an independent early years funding review,https://petition.parliament.uk/petitions/740633,open,5050,740633,2025-09-25,2026-03-25,,
Require coroners to find out if the deceased was a veteran and fund a database,https://petition.parliament.uk/petitions/740637,open,114,740637,2025-10-21,2026-04-21,,
"Grant non-molestation orders based on past abuse, not just risk of future harm",https://petition.parliament.uk/petitions/740640,open,32,740640,2025-11-21,2026-05-21,,
Reform copyright law to treat music streaming like radio play,https://petition.parliament.uk/petitions/740649,open,45,740649,2025-10-21,2026-04-21,,
Regulate tattoo academies and training and introduce national licensing,https://petition.parliament.uk/petitions/740660,open,60,740660,2025-09-30,2026-03-30,,
Introduce new tax code for state pensioners with double the personal allowance,https://petition.parliament.uk/petitions/740671,open,39665,740671,2025-10-01,2026-04-01,,
Mandate clear labelling of Coconut Oil and Palm Kernel Oil on food products,https://petition.parliament.uk/petitions/740685,open,435,740685,2025-09-25,2026-03-25,,
Make publishing false clickbait headlines a specific offence,https://petition.parliament.uk/petitions/740713,open,84,740713,2025-10-02,2026-04-02,,
Fund free access to weight loss meds for disabled people & lipoedema sufferers,https://petition.parliament.uk/petitions/740726,open,25,740726,2025-10-09,2026-04-09,,
Stronger penalties for animal cruelty and stricter regulations on animal sales,https://petition.parliament.uk/petitions/740729,open,123,740729,2025-11-14,2026-05-14,,
Prohibit transport workers from strike action,https://petition.parliament.uk/petitions/740734,open,36,740734,2025-09-29,2026-03-29,,
Exempt students who arrived before July from changes to visa/settlement rules,https://petition.parliament.uk/petitions/740746,open,28,740746,2025-09-26,2026-03-26,,
Introduce a Sex Worker's Discrimination Act to safeguard sex workers,https://petition.parliament.uk/petitions/740747,open,75,740747,2025-09-26,2026-03-26,,
Stop Commonwealth Citizens voting in UK general elections unless mutual rights,https://petition.parliament.uk/petitions/740748,open,149,740748,2025-10-17,2026-04-17,,
Reduce ILR qualification to 7 years for long residence visa,https://petition.parliament.uk/petitions/740775,open,32,740775,2025-09-26,2026-03-26,,
Reduce the school week to three days a week,https://petition.parliament.uk/petitions/740798,open,207,740798,2025-09-26,2026-03-26,,
Require employers have monthly menstrual 1-3 day leave policy,https://petition.parliament.uk/petitions/740839,open,100,740839,2025-10-01,2026-04-01,,
Require employers give employees 3 months sick pay when cancer is diagnosed,https://petition.parliament.uk/petitions/740845,open,169,740845,2025-09-30,2026-03-30,,
Ban family houses from being converted into Houses of Multiple Occupancy (HMOs),https://petition.parliament.uk/petitions/740850,open,415,740850,2025-10-02,2026-04-02,,
Raise statutory maternity pay for parents with mortgage to help with costs,https://petition.parliament.uk/petitions/740862,open,107,740862,2025-10-02,2026-04-02,,
Make will writing a regulated practice for those charging for the service,https://petition.parliament.uk/petitions/740873,open,120,740873,2025-09-26,2026-03-26,,
Make a cappella choirs eligible for the Treasury's Orchestra Tax Relief scheme,https://petition.parliament.uk/petitions/740898,open,54,740898,2025-10-01,2026-04-01,,
Stop all overseas spending including foreign aid,https://petition.parliament.uk/petitions/740913,open,605,740913,2025-09-30,2026-03-30,,
Introduce law to allow voters to recall local government councillors,https://petition.parliament.uk/petitions/740919,open,156,740919,2025-10-02,2026-04-02,,
Childless to be eligible for Residence Nil Rate Band for inheritance tax,https://petition.parliament.uk/petitions/740934,open,475,740934,2025-11-12,2026-05-12,,
Restrict public access to birth certificates to help protect children’s privacy,https://petition.parliament.uk/petitions/740955,open,33,740955,2025-10-07,2026-04-07,,
Introduce a public misconduct register for police accountability & transparency,https://petition.parliament.uk/petitions/740962,open,162,740962,2025-11-19,2026-05-19,,
Allow patients with a medical cannabis prescription to grow for personal use,https://petition.parliament.uk/petitions/740988,open,82,740988,2025-10-07,2026-04-07,,
Change the law to allow random breath testing (RBT) for drivers,https://petition.parliament.uk/petitions/741021,open,44,741021,2025-10-20,2026-04-20,,
Fund free NHS dentist treatment for all UK Citizens,https://petition.parliament.uk/petitions/741025,open,137,741025,2025-11-10,2026-05-10,,
Create a separate MOT test classification for modified vehicles,https://petition.parliament.uk/petitions/741035,open,34,741035,2025-10-07,2026-04-07,,
Create a Cabinet Minister for Older People,https://petition.parliament.uk/petitions/741041,open,52,741041,2025-10-22,2026-04-22,,
We urge the Government to reduce income tax on wages by at least 5%,https://petition.parliament.uk/petitions/741071,open,109,741071,2025-10-01,2026-04-01,,
Protect British Beer: Reserve 30 Percent of Pub Taps for Independent Breweries,https://petition.parliament.uk/petitions/741093,open,117,741093,2025-10-01,2026-04-01,,
Withdraw from ECHR & stop processing asylum claims until Channel crossings stop,https://petition.parliament.uk/petitions/741099,open,302,741099,2025-10-01,2026-04-01,,
Require disabled toilets to have a fold down shelf for stoma users,https://petition.parliament.uk/petitions/741102,open,811,741102,2025-10-02,2026-04-02,,
Include children not living with one parent in all benefits and housing claims,https://petition.parliament.uk/petitions/741104,open,37,741104,2025-10-07,2026-04-07,,
 Remove the 2-Year Limit for CICA Claims for Sexual Abuse Survivors,https://petition.parliament.uk/petitions/741109,open,35,741109,2025-11-17,2026-05-17,,
Make Anticholinergic Burden scores mandatory for all over 65 ,https://petition.parliament.uk/petitions/741146,open,67,741146,2025-12-05,2026-06-05,,
Require all secondary schools to allow pupils to wear their PE kits on PE days,https://petition.parliament.uk/petitions/741160,open,41,741160,2025-10-17,2026-04-17,,
Require an election if 70% of the government manifesto isn’t delivered,https://petition.parliament.uk/petitions/741176,open,146,741176,2025-10-10,2026-04-10,,
Make adaptive anti-dazzle headlamps mandatory on new road vehicles,https://petition.parliament.uk/petitions/741178,open,56,741178,2025-10-09,2026-04-09,,
Include hair colour as a protected characteristic under the Equality Act,https://petition.parliament.uk/petitions/741188,open,53,741188,2025-10-13,2026-04-13,,
Introduce legal minimum ratios of care home staff to residents,https://petition.parliament.uk/petitions/741190,open,113,741190,2025-10-09,2026-04-09,,
Review settlement routes for long-term adult residents in UK since childhood,https://petition.parliament.uk/petitions/741192,open,48,741192,2025-10-02,2026-04-02,,
Review UK food aid mechanisms to ensure it is prioritised by need,https://petition.parliament.uk/petitions/741206,open,16,741206,2025-12-01,2026-06-01,,
Deport asylum seekers from safe countries & review current asylum seekers,https://petition.parliament.uk/petitions/741209,open,177,741209,2025-10-22,2026-04-22,,
Fund free female sanitary products in Public Restrooms,https://petition.parliament.uk/petitions/741219,open,100,741219,2025-10-10,2026-04-10,,
Increase funding to Local Authorities for home-educated children with safeguards,https://petition.parliament.uk/petitions/741220,open,44,741220,2025-10-13,2026-04-13,,
Require schools to teach Polish as a modern language subject,https://petition.parliament.uk/petitions/741234,open,35,741234,2025-10-10,2026-04-10,,
Require child maintenance payments to increase by inflation & review enforcement,https://petition.parliament.uk/petitions/741254,open,130,741254,2025-10-10,2026-04-10,,
Introduce a government-mandated minimum delivery fee for couriers,https://petition.parliament.uk/petitions/741263,open,81,741263,2025-10-10,2026-04-10,,
Increase funding for learning support in schools ,https://petition.parliament.uk/petitions/741268,open,47,741268,2025-10-22,2026-04-22,,
Review and reform UK allergy laws & labelling standards for milk allergies,https://petition.parliament.uk/petitions/741270,open,31,741270,2025-10-09,2026-04-09,,
Review the Mathematics Secondary School Curriculum,https://petition.parliament.uk/petitions/741272,open,37,741272,2025-10-08,2026-04-08,,
Allow license holders to drive motorhomes up to 4250kg on UK Category B License ,https://petition.parliament.uk/petitions/741293,open,6100,741293,2025-10-09,2026-04-09,,
Introduce mandatory business and entrepreneurship in secondary curriculum,https://petition.parliament.uk/petitions/741347,open,717,741347,2025-10-23,2026-04-23,,
Stop ALL legal aid for non British citizens unless worked in UK for 10 years,https://petition.parliament.uk/petitions/741349,open,291,741349,2025-10-14,2026-04-14,,
Reduce NI payments for people not registered with an NHS dentist,https://petition.parliament.uk/petitions/741361,open,76,741361,2025-10-14,2026-04-14,,
Fund free/discounted glasses & lenses for those who need them daily,https://petition.parliament.uk/petitions/741376,open,76,741376,2025-10-02,2026-04-02,,
"Remove or extend the 6 month time limit on prosecution for summary offences
",https://petition.parliament.uk/petitions/741383,open,315,741383,2025-10-20,2026-04-20,,
End the practice of combining couples' Universal Credit into a single payment,https://petition.parliament.uk/petitions/741387,open,37,741387,2025-11-07,2026-05-07,,
More funding to strengthen youth homelessness prevention methods,https://petition.parliament.uk/petitions/741392,open,110,741392,2025-10-09,2026-04-09,,
"Make Holocaust denial and performing Nazi salutes a specific criminal offence
",https://petition.parliament.uk/petitions/741394,open,80,741394,2025-11-12,2026-05-12,,
"Establish instant lockdown alert system for schools, nurseries & parents",https://petition.parliament.uk/petitions/741420,open,63,741420,2025-10-03,2026-04-03,,
"Sever diplomatic, trade, and other relations with Israel and impose sanctions",https://petition.parliament.uk/petitions/741435,open,59,741435,2025-12-01,2026-06-01,,
Diabetes should not prevent someone serving in the British armed forces,https://petition.parliament.uk/petitions/741445,open,197,741445,2025-10-09,2026-04-09,,
Review guidance for funded IVF,https://petition.parliament.uk/petitions/741447,open,59,741447,2025-10-20,2026-04-20,,
Review treatment of ARFID and access to NHS eating disorder services,https://petition.parliament.uk/petitions/741475,open,184,741475,2025-10-31,2026-04-30,,
Increase Government funding for less commonly followed sports,https://petition.parliament.uk/petitions/741521,open,60,741521,2025-10-06,2026-04-06,,
Lower universal credit earnings threshold (the AET) for single parents,https://petition.parliament.uk/petitions/741549,open,213,741549,2025-10-06,2026-04-06,,
"Establish a single public register of gifts to judges, MPs, police & royals",https://petition.parliament.uk/petitions/741595,open,72,741595,2025-10-07,2026-04-07,,
Mandate seven-hour days Monday to Thursday in schools for shorter Fridays,https://petition.parliament.uk/petitions/741610,open,25,741610,2025-10-30,2026-04-30,,
New registry of people with 2+ protective orders & automatically notify partners,https://petition.parliament.uk/petitions/741618,open,108,741618,2025-10-10,2026-04-10,,
Review eligibility for people with medicated controlled seizures for paramedics,https://petition.parliament.uk/petitions/741651,open,17,741651,2025-10-07,2026-04-07,,
Fund free driving lessons for new drivers for their first 3 lessons,https://petition.parliament.uk/petitions/741665,open,23,741665,2025-10-10,2026-04-10,,
Make impersonating military service/wearing unearned medals a criminal offence,https://petition.parliament.uk/petitions/741677,open,16249,741677,2025-10-07,2026-04-07,,
Fund AMH testing in the NHS and improve IVF access for low AMH women,https://petition.parliament.uk/petitions/741796,open,361,741796,2025-10-09,2026-04-09,,
Extend the Fuel Duty Freeze for Motorists For At Least Two More Years,https://petition.parliament.uk/petitions/741818,open,61,741818,2025-10-21,2026-04-21,,
Leave the United Nations,https://petition.parliament.uk/petitions/741882,open,83,741882,2025-10-08,2026-04-08,,
Introduce mobility scheme for Ukrainian researchers to contribute to UK science,https://petition.parliament.uk/petitions/741911,open,31,741911,2025-10-07,2026-04-07,,
Issue earned medals to Armed Forces Veterans automatically without need to apply,https://petition.parliament.uk/petitions/741922,open,76,741922,2025-10-27,2026-04-27,,
 Add critical thinking to the national curriculum,https://petition.parliament.uk/petitions/741973,open,71,741973,2025-10-30,2026-04-30,,
Create a patient card system to improve access to medical cannabis,https://petition.parliament.uk/petitions/742000,open,65,742000,2025-10-14,2026-04-14,,
Hold a referendum on Irish unification,https://petition.parliament.uk/petitions/742020,open,30,742020,2025-11-10,2026-05-10,,
Reopen British oil and gas fields using taxpayer funds for UK use only,https://petition.parliament.uk/petitions/742116,open,238,742116,2025-11-18,2026-05-18,,
Lower the legal driving age to 14 years old,https://petition.parliament.uk/petitions/742123,open,25,742123,2025-10-14,2026-04-14,,
Establish a Legally Managed & Owned HSE-Registered Electrical Safety Scheme,https://petition.parliament.uk/petitions/742144,open,174,742144,2025-10-27,2026-04-27,,
Restrict building public bonfires to within 48 hours of the event,https://petition.parliament.uk/petitions/742173,open,89,742173,2025-10-09,2026-04-09,,
Lower the age for invites to regular mammograms to 40 & perform annually,https://petition.parliament.uk/petitions/742179,open,28345,742179,2025-10-09,2026-04-09,,
Make smacking a child a specific offence,https://petition.parliament.uk/petitions/742211,open,93,742211,2025-10-09,2026-04-09,,
Reinstate the hard shoulder on all smart motorways.,https://petition.parliament.uk/petitions/742212,open,144,742212,2025-10-23,2026-04-23,,
Fund free swimming lessons for all children 3-16,https://petition.parliament.uk/petitions/742239,open,73,742239,2025-10-09,2026-04-09,,
Mandate teaching the Irish troubles in the English curriculum,https://petition.parliament.uk/petitions/742264,open,39,742264,2025-10-13,2026-04-13,,
Require schools to finish by 2 pm,https://petition.parliament.uk/petitions/742293,open,39,742293,2025-10-09,2026-04-09,,
Review placenta accreta guidance,https://petition.parliament.uk/petitions/742296,open,43,742296,2025-10-23,2026-04-23,,
Ban homework in all schools,https://petition.parliament.uk/petitions/742337,open,164,742337,2025-11-14,2026-05-14,,
Change the 30 free childcare hours to include Ofsted registered nannies,https://petition.parliament.uk/petitions/742350,open,44,742350,2025-10-09,2026-04-09,,
Extend the school week by 5 hours for longer holidays,https://petition.parliament.uk/petitions/742353,open,16,742353,2025-11-18,2026-05-18,,
Require employers to send responses to all job applications,https://petition.parliament.uk/petitions/742375,open,49,742375,2025-11-19,2026-05-19,,
"Review 26-week employment rule for maternity/paternity pay 
",https://petition.parliament.uk/petitions/742426,open,39,742426,2025-10-17,2026-04-17,,
Ban school uniforms,https://petition.parliament.uk/petitions/742463,open,147,742463,2025-10-15,2026-04-15,,
Amend Prison Rules to give a statutory minimum of 2 hours daily out-of-cell time,https://petition.parliament.uk/petitions/742469,open,159,742469,2025-10-14,2026-04-14,,
Get rid of the reception baseline assessment,https://petition.parliament.uk/petitions/742519,open,764,742519,2025-10-09,2026-04-09,,
Fund teacher training for mental health first aid and suicide prevention,https://petition.parliament.uk/petitions/742545,open,333,742545,2025-10-10,2026-04-10,,
Hold a referendum on recognition of a Palestinian State,https://petition.parliament.uk/petitions/742547,open,91,742547,2025-10-09,2026-04-09,,
Review the process of NHS continuing healthcare (CHC),https://petition.parliament.uk/petitions/742559,open,33,742559,2025-10-14,2026-04-14,,
Relax the spacing requirements on UK personalised vehicle registration plates,https://petition.parliament.uk/petitions/742572,open,220,742572,2025-12-04,2026-06-04,,
Lower minimum salary threshold for veterinary surgeons on skilled visa,https://petition.parliament.uk/petitions/742597,open,28,742597,2025-10-21,2026-04-21,,
Only resident British citizens over 18 should be allowed to vote in elections.,https://petition.parliament.uk/petitions/742620,open,252,742620,2025-10-27,2026-04-27,,
Ban all therapy animals in prisons,https://petition.parliament.uk/petitions/742627,open,46,742627,2025-10-21,2026-04-21,,
Replace the disability VAT exemption with 0% VAT on disability-related products,https://petition.parliament.uk/petitions/742630,open,37,742630,2025-10-30,2026-04-30,,
Remove VAT from text-to-speech voices for computer operating systems,https://petition.parliament.uk/petitions/742631,open,32,742631,2025-10-15,2026-04-15,,
Recognise circus and fairgrounds in the UK inventory of ICH,https://petition.parliament.uk/petitions/742653,open,7256,742653,2025-10-15,2026-04-15,,
Allow people with Indefinite Leave to Remain to vote in parliamentary elections,https://petition.parliament.uk/petitions/742655,open,102,742655,2025-10-23,2026-04-23,,
Don't let schools make religious studies compulsory for GCSEs,https://petition.parliament.uk/petitions/742659,open,50,742659,2025-10-20,2026-04-20,,
 Legalise pepper spray in England,https://petition.parliament.uk/petitions/742673,open,4292,742673,2025-11-03,2026-05-03,,
Call for new laws on who can administer Botox and dermal filler injectables.,https://petition.parliament.uk/petitions/742684,open,88,742684,2025-10-23,2026-04-23,,
Make it illegal for politicians to use false information and statistics,https://petition.parliament.uk/petitions/742718,open,204,742718,2025-10-14,2026-04-14,,
Provide funding for ingredients for food related GCSE subjects,https://petition.parliament.uk/petitions/742720,open,39,742720,2025-10-13,2026-04-13,,
Fund a new way to support young people with SEND in schools.,https://petition.parliament.uk/petitions/742731,open,216,742731,2025-10-23,2026-04-23,,
Set national planning rules to ban incinerators near facilities for children,https://petition.parliament.uk/petitions/742738,open,331,742738,2025-10-24,2026-04-24,,
Allow legal professionals to conduct litigation without being solicitors,https://petition.parliament.uk/petitions/742748,open,42,742748,2025-10-15,2026-04-15,,
We call on UK Government to provide sex crime victims with free legal support,https://petition.parliament.uk/petitions/742795,open,537,742795,2025-10-23,2026-04-23,,
Inform patients if vaccine was developed from aborted human foetus cell lines,https://petition.parliament.uk/petitions/742800,open,32,742800,2025-12-19,2026-06-19,,
Ban fines for free flow toll roads until after reminders are sent,https://petition.parliament.uk/petitions/742836,open,122,742836,2025-10-15,2026-04-15,,
Replace Public Sector Pension schemes with a defined contribution scheme 4%/6%,https://petition.parliament.uk/petitions/742838,open,103,742838,2025-10-27,2026-04-27,,
Require online platforms to remove misinformation targeting bereaved families,https://petition.parliament.uk/petitions/742843,open,6412,742843,2025-11-04,2026-05-04,,
Lower the state pension age to 65 years old,https://petition.parliament.uk/petitions/742848,open,147,742848,2025-10-30,2026-04-30,,
Require providers to offer a dual fuel social tariff for disabled/low earners ,https://petition.parliament.uk/petitions/742849,open,36,742849,2025-10-27,2026-04-27,,
Make a law to protect ILR from abolition and retrospective changes,https://petition.parliament.uk/petitions/742864,open,1462,742864,2025-11-26,2026-05-26,,
Ban aspartame in our food and drinks,https://petition.parliament.uk/petitions/742869,open,97,742869,2025-10-15,2026-04-15,,
Implement an easily accessible public register of convicted domestic abusers.,https://petition.parliament.uk/petitions/742873,open,89,742873,2025-11-06,2026-05-06,,
Require that photo ID and fingerprints are taken prior to the purchase of knives,https://petition.parliament.uk/petitions/742878,open,179,742878,2025-10-13,2026-04-13,,
Prohibit sale of helium except for essential medical and scientific use.,https://petition.parliament.uk/petitions/742882,open,53,742882,2025-10-13,2026-04-13,,
Fund awareness campaigns on rape & sexual assault law for adults over 30,https://petition.parliament.uk/petitions/742884,open,26,742884,2025-10-14,2026-04-14,,
Hold General Elections every four years,https://petition.parliament.uk/petitions/742905,open,56,742905,2025-11-10,2026-05-10,,
Government to use ‘Southwest Asia and North Africa' (SWANA) not Middle East,https://petition.parliament.uk/petitions/742924,open,24,742924,2025-10-24,2026-04-24,,
Ban higher car insurance premiums for young drivers,https://petition.parliament.uk/petitions/742967,open,29,742967,2025-10-30,2026-04-30,,
Introduce Y Ddraig Goch (The Red Dragon) to the union flag (representing Wales),https://petition.parliament.uk/petitions/742977,open,34,742977,2025-10-24,2026-04-24,,
Introduce mandatory registration and licensing for e-bikes,https://petition.parliament.uk/petitions/742978,open,73,742978,2025-11-14,2026-05-14,,
 Automatically obtain a Class 2 license after 2 years of a PSV driving licence,https://petition.parliament.uk/petitions/742981,open,284,742981,2025-11-19,2026-05-19,,
Release unredacted medical records to Nuclear Test Veterans.,https://petition.parliament.uk/petitions/742997,open,130,742997,2025-11-27,2026-05-27,,
Stop the use of taxis for asylum seeker transport,https://petition.parliament.uk/petitions/742998,open,194,742998,2025-11-07,2026-05-07,,
"Cut VAT for local hospitality – for Pubs, Cafes & Restaurants ",https://petition.parliament.uk/petitions/743021,open,6999,743021,2025-10-16,2026-04-16,,
Fund more training for teachers to support children with SEN,https://petition.parliament.uk/petitions/743033,open,133,743033,2025-10-30,2026-04-30,,
Extend the kinship care allowance pilot to all local authorities,https://petition.parliament.uk/petitions/743040,open,2454,743040,2025-10-15,2026-04-15,,
Move the UK Parliament and government departments to the North of England,https://petition.parliament.uk/petitions/743041,open,70,743041,2025-10-30,2026-04-30,,
Increase funding for NHS cancer care to make patients access treatments quicker,https://petition.parliament.uk/petitions/743042,open,1907,743042,2025-10-22,2026-04-22,,
Fund free access for all home educated children to GCSE examinations,https://petition.parliament.uk/petitions/743064,open,128,743064,2025-11-07,2026-05-07,,
Ban culling of hatched male chicks.,https://petition.parliament.uk/petitions/743065,open,86,743065,2025-10-27,2026-04-27,,
Write off all plan 1 Student Loans after 25 years,https://petition.parliament.uk/petitions/743100,open,40,743100,2025-10-23,2026-04-23,,
Fund ADHD Parenting Classes with Expert Tools and Support,https://petition.parliament.uk/petitions/743108,open,40,743108,2025-10-24,2026-04-24,,
Only introduce digital id cards for non-uk nationals,https://petition.parliament.uk/petitions/743140,open,129,743140,2025-10-23,2026-04-23,,
Introduce custodial minimum sentences for animal cruelty offences,https://petition.parliament.uk/petitions/743142,open,63,743142,2025-11-20,2026-05-20,,
Fund free lens thinning and tints for people registered sight impaired,https://petition.parliament.uk/petitions/743156,open,35,743156,2025-10-24,2026-04-24,,
Allow Digital ID to be stored in all native mobile wallets,https://petition.parliament.uk/petitions/743202,open,18,743202,2025-11-10,2026-05-10,,
Ban the use of concrete walls in football stadiums to prevent serious injury,https://petition.parliament.uk/petitions/743205,open,51,743205,2025-10-17,2026-04-17,,
Always include child's biological father on birth certificate,https://petition.parliament.uk/petitions/743216,open,80,743216,2025-10-29,2026-04-29,,
Fund the installation of metal detectors in all schools,https://petition.parliament.uk/petitions/743252,open,148,743252,2025-11-04,2026-05-04,,
Review rules regarding buyers who pull out of a chain,https://petition.parliament.uk/petitions/743283,open,80,743283,2025-10-24,2026-04-24,,
Inquiry into DWP handling of ESA terminations during Covid-19,https://petition.parliament.uk/petitions/743303,open,23,743303,2025-10-24,2026-04-24,,
Mandate Body Cams for staff who work with those with communication difficulties,https://petition.parliament.uk/petitions/743326,open,321,743326,2025-11-10,2026-05-10,,
Keep 5 year route to ILR for Existing Ancestry Visa Holders,https://petition.parliament.uk/petitions/743327,open,1709,743327,2025-10-24,2026-04-24,,
 Fund free dental care for head & neck cancer patients  ,https://petition.parliament.uk/petitions/743337,open,5223,743337,2025-10-30,2026-04-30,,
Introduce Digital ID Cards Now. Reduce the pull-factor for illegal immigration,https://petition.parliament.uk/petitions/743343,open,32,743343,2025-10-24,2026-04-24,,
Scrap and replace the Marginal Pricing Model for UK Energy,https://petition.parliament.uk/petitions/743347,open,63,743347,2025-10-27,2026-04-27,,
Rescind recognition of a Palestinian state and respect the Montevideo Convention,https://petition.parliament.uk/petitions/743406,open,6932,743406,2025-11-10,2026-05-10,,
"Call for full scrutiny & a 6 month public consultation on Digital ID
",https://petition.parliament.uk/petitions/743425,open,75,743425,2025-12-02,2026-06-02,,
 Ban granting bail for a new offence allegedly committed while on bail,https://petition.parliament.uk/petitions/743460,open,58,743460,2025-10-30,2026-04-30,,
Create a national SEN Qualifications Regulator & SEN Qualifications Framework,https://petition.parliament.uk/petitions/743461,open,51,743461,2025-11-21,2026-05-21,,
Increase funding for NHS dentists and the NHS dentistry system,https://petition.parliament.uk/petitions/743481,open,141,743481,2025-10-27,2026-04-27,,
"Ban publication of emergency service worker names convicted of minor offences
 ",https://petition.parliament.uk/petitions/743506,open,37,743506,2025-11-12,2026-05-12,,
Reform Child Maintenance Service: Support Active Fathers & End Historic Arrears,https://petition.parliament.uk/petitions/743533,open,138,743533,2025-10-27,2026-04-27,,
Require the Decent Homes Standard to be extended to all asylum accommodation,https://petition.parliament.uk/petitions/743540,open,43,743540,2025-10-31,2026-04-30,,
Reschedule psilocybin from Schedule 1 to 2 to allow for use in medical research,https://petition.parliament.uk/petitions/743563,open,40,743563,2025-10-23,2026-04-23,,
"Introduce a codified UK constitution
",https://petition.parliament.uk/petitions/743595,open,57,743595,2025-10-17,2026-04-17,,
"Hold referendum if a petition reaches over 650,000 signatures",https://petition.parliament.uk/petitions/743620,open,116,743620,2025-10-27,2026-04-27,,
Make it legal to carry regulated non-lethal self-defence products.,https://petition.parliament.uk/petitions/743664,open,1266,743664,2025-10-24,2026-04-24,,
Make Digital Communication Mandatory for Debt Collection & Enforcement in the UK,https://petition.parliament.uk/petitions/743677,open,43,743677,2025-10-27,2026-04-27,,
Require all new vans without rear windows to be fitted with cameras,https://petition.parliament.uk/petitions/743693,open,60,743693,2025-10-17,2026-04-17,,
Repeal the Data (Use and Access) Act 2025 in full and stop Digital ID rollouts,https://petition.parliament.uk/petitions/743698,open,192,743698,2025-10-27,2026-04-27,,
Ban Bank Fees on Card Payments,https://petition.parliament.uk/petitions/743700,open,53,743700,2025-10-27,2026-04-27,,
Set a minimum slaughter age of 25 for cattle.,https://petition.parliament.uk/petitions/743712,open,61,743712,2025-10-27,2026-04-27,,
Fund treatment and research on chronic Lyme disease,https://petition.parliament.uk/petitions/743780,open,123,743780,2025-11-07,2026-05-07,,
"Improve media literacy, online safety and Ofcom oversight on disinformation",https://petition.parliament.uk/petitions/743790,open,24,743790,2025-12-09,2026-06-09,,
UK government to introduce stricter reviews on motoring licence holders,https://petition.parliament.uk/petitions/743798,open,29,743798,2025-10-27,2026-04-27,,
Allow test-free A2 to A motorcycle licence upgrades after two years,https://petition.parliament.uk/petitions/743810,open,47,743810,2025-11-07,2026-05-07,,
Urge the Nigerian government to protect Nigerian Christians,https://petition.parliament.uk/petitions/743829,open,245,743829,2025-11-06,2026-05-06,,
Ban news sites from putting appeals about missing people behind a paywall,https://petition.parliament.uk/petitions/743845,open,46,743845,2025-10-24,2026-04-24,,
Open a full investigation by scientists for the Covid vaccines effect to health,https://petition.parliament.uk/petitions/743865,open,68,743865,2025-10-23,2026-04-23,,
Keep 5 Year ILR route for people who came to UK in 2023 or later,https://petition.parliament.uk/petitions/743876,open,67,743876,2025-10-27,2026-04-27,,
Prioritise the development and launch of UK Gov digital identity by Winter 2026,https://petition.parliament.uk/petitions/743941,open,29,743941,2025-10-31,2026-04-30,,
Mandatory drug tests & psychiatric psychological assessments for public servants,https://petition.parliament.uk/petitions/743982,open,64,743982,2025-11-10,2026-05-10,,
Increase Government funding for children’s homes & the young people living there,https://petition.parliament.uk/petitions/743983,open,179,743983,2025-11-07,2026-05-07,,
Additional 1-2% tax online sales to generate funding for local communities,https://petition.parliament.uk/petitions/743985,open,22,743985,2025-10-27,2026-04-27,,
Require councils to conduct annual survey of all local properties.,https://petition.parliament.uk/petitions/744007,open,42,744007,2025-10-23,2026-04-23,,
Social housing: when tenant passes away council must not be able to evict family,https://petition.parliament.uk/petitions/744056,open,60,744056,2025-10-23,2026-04-23,,
Introduce Liveable Basic Income and repurpose Jobcentre buildings for community,https://petition.parliament.uk/petitions/744058,open,35,744058,2025-11-20,2026-05-20,,
Remove fishing license fees,https://petition.parliament.uk/petitions/744062,open,35,744062,2025-11-07,2026-05-07,,
Urge the American government to restore Chadian visas,https://petition.parliament.uk/petitions/744164,open,15,744164,2025-11-28,2026-05-28,,
Do not increase VAT,https://petition.parliament.uk/petitions/744194,open,62,744194,2025-10-27,2026-04-27,,
Prevent people convicted of serious crimes standing or serving as MPs ,https://petition.parliament.uk/petitions/744197,open,142,744197,2025-11-17,2026-05-17,,
Require companies to disclose when they use AI for advertising ,https://petition.parliament.uk/petitions/744204,open,81,744204,2025-11-03,2026-05-03,,
Call a public inquiry into Russian influence on UK politics & democracy,https://petition.parliament.uk/petitions/744215,open,113025,744215,2025-11-10,2026-05-10,2025-11-29,
Amend the Town and Country Planning (Tree Preservation) (England) Regulations,https://petition.parliament.uk/petitions/744217,open,20,744217,2025-11-06,2026-05-06,,
 Redirect weekly Asylum Support Spending to Pensioners & Disabled People,https://petition.parliament.uk/petitions/744223,open,130,744223,2025-11-21,2026-05-21,,
Review enforcement of loading area restrictions and penalties,https://petition.parliament.uk/petitions/744229,open,21,744229,2025-11-17,2026-05-17,,
"New programme of support & housing for homeless veterans 
",https://petition.parliament.uk/petitions/744230,open,176,744230,2025-11-12,2026-05-12,,
Make it an offence to carry a catapult in public without lawful defence,https://petition.parliament.uk/petitions/744237,open,35329,744237,2025-10-23,2026-04-23,,
Change review process for ongoing benefits for people with lifelong disabilities,https://petition.parliament.uk/petitions/744249,open,298,744249,2025-10-27,2026-04-27,,
Ban cousin marriage,https://petition.parliament.uk/petitions/744253,open,91,744253,2025-12-03,2026-06-03,,
Grant UK citizenship to Europeans with settled status on request,https://petition.parliament.uk/petitions/744259,open,51,744259,2025-10-30,2026-04-30,,
Require 3-month SEN school placements for all trainee teachers,https://petition.parliament.uk/petitions/744262,open,429,744262,2025-10-29,2026-04-29,,
Ban gambling machines in pubs/clubs,https://petition.parliament.uk/petitions/744263,open,41,744263,2025-11-07,2026-05-07,,
Increase Footpath Parking Obstruction Fines to £150 Minimum.,https://petition.parliament.uk/petitions/744265,open,62,744265,2025-10-30,2026-04-30,,
Base the High Income Child Benefit Charge (HICBC) threshold on household income,https://petition.parliament.uk/petitions/744287,open,234,744287,2025-10-24,2026-04-24,,
Grant Voting Rights in General Elections to UK Residents with Settled Status,https://petition.parliament.uk/petitions/744293,open,51,744293,2025-11-07,2026-05-07,,
 Fund a £0.10 deposit scheme for recycling single-use beverage containers,https://petition.parliament.uk/petitions/744300,open,61,744300,2025-10-31,2026-04-30,,
Reform biomedical science degrees,https://petition.parliament.uk/petitions/744301,open,26,744301,2025-10-27,2026-04-27,,
Stop GCSE exams,https://petition.parliament.uk/petitions/744304,open,34,744304,2025-11-21,2026-05-21,,
"Require food labelled as ""gluten-free"" on menus to be cross-contamination free",https://petition.parliament.uk/petitions/744317,open,33,744317,2025-11-24,2026-05-24,,
Ban cannabis blood tests,https://petition.parliament.uk/petitions/744347,open,34,744347,2025-10-28,2026-04-28,,
Automatic ban of abusers' custody of children bereaved by domestic abuse suicide,https://petition.parliament.uk/petitions/744371,open,313,744371,2025-11-20,2026-05-20,,
Create a Shariah-compliant Alternative Student Finance Option,https://petition.parliament.uk/petitions/744374,open,192,744374,2025-11-04,2026-05-04,,
Fund rehabilitation centres to replace prison for addiction related crimes,https://petition.parliament.uk/petitions/744392,open,24,744392,2025-12-02,2026-06-02,,
Ban publication of police officer names in misconduct hearings if not sacked,https://petition.parliament.uk/petitions/744396,open,7724,744396,2025-11-17,2026-05-17,,
Restore the Electoral Commission's Independence,https://petition.parliament.uk/petitions/744397,open,14553,744397,2025-11-05,2026-05-05,,
Mandate whole life orders for people who rape or murder women or children,https://petition.parliament.uk/petitions/744428,open,559,744428,2025-10-31,2026-04-30,,
Make compassionate leave for pet loss a legal right in the UK,https://petition.parliament.uk/petitions/744430,open,63,744430,2025-11-04,2026-05-04,,
Government to provide funding for dedicated care for preterm births,https://petition.parliament.uk/petitions/744444,open,73,744444,2025-11-20,2026-05-20,,
Stop the State Pension retirement age rising to 67. Make it 65,https://petition.parliament.uk/petitions/744450,open,134,744450,2025-10-27,2026-04-27,,
"Raise e-bike speed to 20mph, power to 1000W, throttle to 15.5mph",https://petition.parliament.uk/petitions/744494,open,180,744494,2025-10-23,2026-04-23,,
"Amend the Police, Crime, Sentencing and Courts Act 2022 to protect travellers ",https://petition.parliament.uk/petitions/744622,open,72,744622,2025-11-17,2026-05-17,,
National guidelines to standardise burial fees and ban non-resident surcharges ,https://petition.parliament.uk/petitions/744623,open,114,744623,2025-11-17,2026-05-17,,
Government to change the guidelines on double mastectomies,https://petition.parliament.uk/petitions/744639,open,241,744639,2025-11-27,2026-05-27,,
Ban 20mph speed limits with limited exceptions,https://petition.parliament.uk/petitions/744650,open,855,744650,2025-10-24,2026-04-24,,
 Hold a public inquiry into claims & information made in the EU Exit Referendum,https://petition.parliament.uk/petitions/744657,open,359,744657,2025-11-21,2026-05-21,,
Conduct review of abandoned buildings and potential to refurbish into shelters,https://petition.parliament.uk/petitions/744694,open,79,744694,2025-11-14,2026-05-14,,
Introduce the care home fees cap for personal care costs,https://petition.parliament.uk/petitions/744712,open,66,744712,2025-11-24,2026-05-24,,
Change highway code rules relating to priority for turning right at junctions,https://petition.parliament.uk/petitions/744717,open,13,744717,2025-11-04,2026-05-04,,
Ban Open-Source Deepfake-Capable AI tools until further regulation is introduced,https://petition.parliament.uk/petitions/744724,open,37,744724,2025-11-28,2026-05-28,,
Remove VAT from all Personal Protective Equipment (PPE) for construction workers,https://petition.parliament.uk/petitions/744766,open,68,744766,2025-11-06,2026-05-06,,
Change childcare funding eligibility to be based on household income up to £200k,https://petition.parliament.uk/petitions/744825,open,44,744825,2025-11-07,2026-05-07,,
"Ban any requirement to complete CPD for all on leave from work ie maternity
",https://petition.parliament.uk/petitions/744857,open,16,744857,2025-11-12,2026-05-12,,
Ban LED vehicle headlights or regulate bulb wattage,https://petition.parliament.uk/petitions/744882,open,326,744882,2025-11-19,2026-05-19,,
"Tell Us Once to inform NHS of deaths, review comms with bereaved people
",https://petition.parliament.uk/petitions/744898,open,28,744898,2025-12-19,2026-06-19,,
Call a general election if a government breaks an election manifesto promise,https://petition.parliament.uk/petitions/744946,open,178,744946,2025-11-14,2026-05-14,,
Provide Fully Funded Armed Security for Jewish Public Buildings ,https://petition.parliament.uk/petitions/744965,open,165,744965,2025-11-18,2026-05-18,,
Grant statutory right to leave for employees when a parent passes away,https://petition.parliament.uk/petitions/744987,open,40,744987,2025-11-06,2026-05-06,,
"Scrap VAT on labour and essential services like trades and childcare
 ",https://petition.parliament.uk/petitions/745001,open,35,745001,2025-11-12,2026-05-12,,
Revoke regulations that restrict promotion of high sugar/fat food and drink,https://petition.parliament.uk/petitions/745031,open,80,745031,2025-10-31,2026-04-30,,
Pass a CBDC Safeguards Act before any introduction of a digital pound,https://petition.parliament.uk/petitions/745054,open,42,745054,2025-12-12,2026-06-12,,
Require organisers and attendees to pay for policing of protests,https://petition.parliament.uk/petitions/745119,open,65,745119,2025-11-26,2026-05-26,,
Require manufacturers to label caffeine content on all pre-packed coffee,https://petition.parliament.uk/petitions/745130,open,21,745130,2025-11-07,2026-05-07,,
Regulate the sale and distribution of research peptides,https://petition.parliament.uk/petitions/745154,open,19,745154,2025-11-14,2026-05-14,,
Recognise Jerusalem as the capital city of Israel,https://petition.parliament.uk/petitions/745161,open,66,745161,2025-12-23,2026-06-23,,
Stop income tax on employees' tips in hospitality industry,https://petition.parliament.uk/petitions/745174,open,43,745174,2025-12-10,2026-06-10,,
"Fund COVID booster vaccines for the general public
",https://petition.parliament.uk/petitions/745188,open,113,745188,2025-11-20,2026-05-20,,
Introduce a Presumption of Equal Parenting Time in Family Law,https://petition.parliament.uk/petitions/745208,open,37,745208,2025-11-28,2026-05-28,,
"Trial digital ID on new arrivals before UK citizens.
",https://petition.parliament.uk/petitions/745213,open,48,745213,2025-11-12,2026-05-12,,
Make it law that animal charities must obtain vets notes regardless of health,https://petition.parliament.uk/petitions/745233,open,26,745233,2025-11-07,2026-05-07,,
Allow BNO visa holders to work in sports and grassroots coaching,https://petition.parliament.uk/petitions/745238,open,251,745238,2025-11-07,2026-05-07,,
Compel residential care homes in England to publish their tariff of room charges,https://petition.parliament.uk/petitions/745273,open,143,745273,2025-11-10,2026-05-10,,
Require train companies to allow passengers to sit in first class when it's busy,https://petition.parliament.uk/petitions/745279,open,42,745279,2025-11-07,2026-05-07,,
"Review rules, policing and harm of marches",https://petition.parliament.uk/petitions/745282,open,1710,745282,2025-11-25,2026-05-25,,
Require Government Ministers to hold sole British citizenship,https://petition.parliament.uk/petitions/745314,open,169,745314,2025-11-28,2026-05-28,,
Give the Home Secretary the same powers to ban static assemblies as marches,https://petition.parliament.uk/petitions/745323,open,35,745323,2025-11-21,2026-05-21,,
Increase the fostering allowance to support fostered children ,https://petition.parliament.uk/petitions/745334,open,26,745334,2025-11-10,2026-05-10,,
Introduce stricter controls and awareness campaigns to stop nitrous oxide misuse,https://petition.parliament.uk/petitions/745362,open,284,745362,2025-11-25,2026-05-25,,
Require bars/pubs to have CCTV covering areas surrounding toilets,https://petition.parliament.uk/petitions/745385,open,855,745385,2025-11-05,2026-05-05,,
Introduce a hand signal for pedestrians to indicate crossing at zebra crossings,https://petition.parliament.uk/petitions/745401,open,24,745401,2025-11-06,2026-05-06,,
Include British Citizens Studying Medicine Abroad in NHS Training Prioritisation,https://petition.parliament.uk/petitions/745409,open,2891,745409,2025-11-12,2026-05-12,,
Review law on disability-related dismissals and employment tribunals,https://petition.parliament.uk/petitions/745444,open,695,745444,2025-11-17,2026-05-17,,
Fund free social care for all disabled people on the NHS,https://petition.parliament.uk/petitions/745462,open,28,745462,2025-12-02,2026-06-02,,
Ban all electric scooters on public roads,https://petition.parliament.uk/petitions/745477,open,156,745477,2025-11-04,2026-05-04,,
Make it clear whether 10 year ILR rule would be retroactive or to newcomers,https://petition.parliament.uk/petitions/745486,open,24,745486,2025-11-17,2026-05-17,,
Make it a legal requirement for public event venues to use subtitles/captions,https://petition.parliament.uk/petitions/745496,open,228,745496,2025-11-05,2026-05-05,,
"Raise formal objections to EU Biometric Border Checks for British Travellers
",https://petition.parliament.uk/petitions/745536,open,73,745536,2025-11-12,2026-05-12,,
"Modernise UK elections with mandatory preferential, weekend voting",https://petition.parliament.uk/petitions/745543,open,33,745543,2025-11-04,2026-05-04,,
Increase the personal tax-free allowance to £26000,https://petition.parliament.uk/petitions/745558,open,134,745558,2025-11-06,2026-05-06,,
"Launch a review of mobile coverage across the UK & plan for improvement 
",https://petition.parliament.uk/petitions/745593,open,43,745593,2025-11-12,2026-05-12,,
Keep the 5-Year ILR pathway for existing ECAA visa holders,https://petition.parliament.uk/petitions/745599,open,9422,745599,2025-11-04,2026-05-04,,
Change Sexual Offences Act rape definition to include any assault by penetration,https://petition.parliament.uk/petitions/745624,open,113,745624,2025-11-13,2026-05-13,,
"Introduce laws to allow children to use puberty blockers, choose gender & names",https://petition.parliament.uk/petitions/745652,open,16,745652,2025-12-22,2026-06-22,,
Introduce British Sign Language (BSL) to all primary school children,https://petition.parliament.uk/petitions/745665,open,1732,745665,2025-11-07,2026-05-07,,
Keep 5-year ILR for Health and Care visa holders to protect the NHS,https://petition.parliament.uk/petitions/745684,open,2768,745684,2025-11-04,2026-05-04,,
Let the NHS Recruit Australian & NZ Specialists: Cross-Recognise Qualifications,https://petition.parliament.uk/petitions/745690,open,57,745690,2025-12-11,2026-06-11,,
Review police powers under section 136 of Mental Health Act,https://petition.parliament.uk/petitions/745720,open,68,745720,2025-12-15,2026-06-15,,
Require employers to implement medical advice on workplace adjustments,https://petition.parliament.uk/petitions/745735,open,34,745735,2025-11-10,2026-05-10,,
Stop new powers limiting repeat protests,https://petition.parliament.uk/petitions/745745,open,52,745745,2025-11-25,2026-05-25,,
Introduce a cooling off period for public access to sensitive court documents ,https://petition.parliament.uk/petitions/745784,open,14,745784,2025-11-21,2026-05-21,,
Ban non-essential cookies in apps for under-13s and require parental consent,https://petition.parliament.uk/petitions/745795,open,36,745795,2025-11-13,2026-05-13,,
"Regulate labelling of products and services as sustainable
",https://petition.parliament.uk/petitions/745834,open,48,745834,2025-11-12,2026-05-12,,
Mandate information about added sugars on nutritional food labels,https://petition.parliament.uk/petitions/745898,open,26,745898,2025-11-20,2026-05-20,,
Remove Regulation 4(8) of the Police (Conduct) Regulations 2020,https://petition.parliament.uk/petitions/745908,open,38,745908,2025-11-12,2026-05-12,,
Provide regular statements on the progress of the National Rape Gang Inquiry,https://petition.parliament.uk/petitions/745914,open,88,745914,2025-11-12,2026-05-12,,
Decriminalise and legalise Magic Mushrooms,https://petition.parliament.uk/petitions/745945,open,129,745945,2025-11-11,2026-05-11,,
"Exempt private schools from VAT if they meet certain charitable criteria
",https://petition.parliament.uk/petitions/745966,open,77,745966,2025-11-12,2026-05-12,,
"Make Ketamine a class A drug. Fund more research, information and support",https://petition.parliament.uk/petitions/745969,open,37,745969,2025-11-18,2026-05-18,,
"Change income tax to introduce more income brackets
",https://petition.parliament.uk/petitions/745973,open,51,745973,2025-11-12,2026-05-12,,
Make Carbon Monoxide Alarms a Legal Requirement in Every Household,https://petition.parliament.uk/petitions/746004,open,38,746004,2025-11-20,2026-05-20,,
"Set legal limits for PFAS in drinking water, ban PFAS in consumer goods and food",https://petition.parliament.uk/petitions/746014,open,315,746014,2025-11-27,2026-05-27,,
Remove all VAT on applicable Licensed Taxis,https://petition.parliament.uk/petitions/746017,open,32,746017,2025-12-02,2026-06-02,,
Reduce the standard rate of VAT to 15%,https://petition.parliament.uk/petitions/746053,open,62,746053,2025-11-11,2026-05-11,,
Require gun sellers to verify firearms certificates with police before a sale,https://petition.parliament.uk/petitions/746057,open,55,746057,2025-11-24,2026-05-24,,
Raise the personal tax allowance to the state pension rate,https://petition.parliament.uk/petitions/746077,open,183,746077,2025-11-17,2026-05-17,,
Remove the triple lock commitment on pensions and tie increase to inflation only,https://petition.parliament.uk/petitions/746093,open,312,746093,2025-11-14,2026-05-14,,
Fund review of access & use of Naltrexone for alcohol dependence & chronic pain ,https://petition.parliament.uk/petitions/746095,open,25,746095,2025-11-18,2026-05-18,,
Make it illegal to keep or sell social animals like guinea pigs alone,https://petition.parliament.uk/petitions/746099,open,124,746099,2025-11-12,2026-05-12,,
Abolish Feudal Tenure and implement Allodial Tenure (same as Scottish Act 2000),https://petition.parliament.uk/petitions/746109,open,15,746109,2025-12-03,2026-06-03,,
"Increase the £30,000 tax-free limit on settlement agreements",https://petition.parliament.uk/petitions/746112,open,23,746112,2025-11-14,2026-05-14,,
Increase minimum sentences for knife crimes including possession and use,https://petition.parliament.uk/petitions/746123,open,70,746123,2025-11-13,2026-05-13,,
Disallow fixed charges on fresh water and wastewater on water bill.,https://petition.parliament.uk/petitions/746127,open,48,746127,2025-11-27,2026-05-27,,
Review punishment of Child Sex Offences,https://petition.parliament.uk/petitions/746131,open,74,746131,2025-11-18,2026-05-18,,
Reform the petition system: Parliament vote at 1M signatures & referendum at 5M,https://petition.parliament.uk/petitions/746146,open,139,746146,2025-11-14,2026-05-14,,
Limit benefits/police protection available to former Prime Ministers to 5 years,https://petition.parliament.uk/petitions/746159,open,74,746159,2025-11-27,2026-05-27,,
Bring the retirement age for women back down to at least 62 yrs old,https://petition.parliament.uk/petitions/746186,open,169,746186,2025-11-14,2026-05-14,,
Stop the proposed extension of public opening hours under the Licensing Act 2003,https://petition.parliament.uk/petitions/746214,open,30,746214,2025-11-14,2026-05-14,,
Stop changes to the large programme uplift funding to protect our education ,https://petition.parliament.uk/petitions/746219,open,708,746219,2025-11-18,2026-05-18,,
Fund primary pupil assessments for ADHD before secondary school,https://petition.parliament.uk/petitions/746224,open,27,746224,2025-11-14,2026-05-14,,
Pause and review the use of EdTech in schools and early years settings,https://petition.parliament.uk/petitions/746235,open,33,746235,2025-11-20,2026-05-20,,
Introduce minimum sentence of 5 years for sexual offences and ban appeals,https://petition.parliament.uk/petitions/746247,open,31,746247,2025-11-20,2026-05-20,,
Reform the Public Duty Costs Allowance for Former Prime Ministers,https://petition.parliament.uk/petitions/746264,open,59,746264,2025-11-14,2026-05-14,,
Scrap parental means testing for student maintenance loans,https://petition.parliament.uk/petitions/746282,open,34,746282,2025-11-18,2026-05-18,,
Increase annual Pension Protection Fund compensation for pre-1997 service,https://petition.parliament.uk/petitions/746284,open,63,746284,2025-11-14,2026-05-14,,
Require landlords to sell vacant properties to house homeless and refugees,https://petition.parliament.uk/petitions/746314,open,42,746314,2025-11-17,2026-05-17,,
Fund improved measures to tackle Antisocial Behaviour and make communities safer,https://petition.parliament.uk/petitions/746316,open,59,746316,2025-12-01,2026-06-01,,
"Increase the bursaries for teachers in all core STEM subjects to over £20,000",https://petition.parliament.uk/petitions/746324,open,43,746324,2025-11-17,2026-05-17,,
Make it a legal requirement for salaries to be shown in job descriptions.,https://petition.parliament.uk/petitions/746329,open,67,746329,2025-11-14,2026-05-14,,
Ban the use of AI generating the arts,https://petition.parliament.uk/petitions/746339,open,120,746339,2025-11-14,2026-05-14,,
"Bleed control kits to be mandatory in all public venues, schools and workplaces",https://petition.parliament.uk/petitions/746341,open,27,746341,2025-11-14,2026-05-14,,
Allow charities to rescue dogs with docked tails under the Animal Welfare Bill,https://petition.parliament.uk/petitions/746353,open,20519,746353,2025-11-17,2026-05-17,,
Keep 5-Year ILR and Restrict Access to Benefits for New ILR Holders,https://petition.parliament.uk/petitions/746363,open,226903,746363,2025-11-18,2026-05-18,2025-11-23,2026-02-02
Extend CQC regulation to cover health and care employment agencies,https://petition.parliament.uk/petitions/746372,open,52,746372,2025-12-01,2026-06-01,,
Fund free mental health condition prescriptions for all who need them,https://petition.parliament.uk/petitions/746373,open,46,746373,2025-11-14,2026-05-14,,
"Update Vaccine Damage Payment Scheme to reflect inflation and disability costs
",https://petition.parliament.uk/petitions/746374,open,159,746374,2025-11-14,2026-05-14,,
Reform Child Maintenance calculation: include daytime care and actual costs,https://petition.parliament.uk/petitions/746377,open,35,746377,2025-11-20,2026-05-20,,
"Ban plastic plants and flowers, except for in exceptional circumstances",https://petition.parliament.uk/petitions/746390,open,30,746390,2025-12-02,2026-06-02,,
Abolish the 'tooth tax': remove VAT on children's toothbrushes and toothpaste.,https://petition.parliament.uk/petitions/746402,open,504,746402,2025-11-27,2026-05-27,,
Keep the 5-year Indefinite Leave to Remain ILR for ex-Gurkhas & their families,https://petition.parliament.uk/petitions/746403,open,66,746403,2025-12-02,2026-06-02,,
Automatic 50/50 custody for separated parents without a criminal conviction,https://petition.parliament.uk/petitions/746439,open,79,746439,2025-12-01,2026-06-01,,
Fund a COVID-19 Booster Vaccination for All NHS Healthcare Workers,https://petition.parliament.uk/petitions/746453,open,524,746453,2025-11-28,2026-05-28,,
Give the UK a General Election annually on the first Thursday in every April,https://petition.parliament.uk/petitions/746455,open,200,746455,2025-11-18,2026-05-18,,
Ensure annual pension increase apply to all pensioners living abroad,https://petition.parliament.uk/petitions/746473,open,27,746473,2025-11-24,2026-05-24,,
Require all employers to provide contractual sick pay on top of SSP,https://petition.parliament.uk/petitions/746488,open,31,746488,2025-11-17,2026-05-17,,
Allow motorcycles in all UK bus lanes where taxis are permitted,https://petition.parliament.uk/petitions/746515,open,29,746515,2025-12-01,2026-06-01,,
Create a youth representative in Parliament,https://petition.parliament.uk/petitions/746537,open,26,746537,2025-11-26,2026-05-26,,
Fund free BSL courses for all deaf individuals and their friends and family,https://petition.parliament.uk/petitions/746541,open,258,746541,2025-11-17,2026-05-17,,
"Create a mandatory, government-enforced age rating system for books",https://petition.parliament.uk/petitions/746546,open,11,746546,2025-12-02,2026-06-02,,
Include Mindfulness in the Curriculum for Schools,https://petition.parliament.uk/petitions/746553,open,200,746553,2025-11-20,2026-05-20,,
Hold a Citizens’ Assembly to draft a written constitution,https://petition.parliament.uk/petitions/746600,open,32,746600,2025-11-25,2026-05-25,,
Guarantee 100% Pension Transfer to Surviving Spouses,https://petition.parliament.uk/petitions/746601,open,162,746601,2025-11-19,2026-05-19,,
Stop the East West Rail (EWR) project. Save our homes and farmland.,https://petition.parliament.uk/petitions/746609,open,100,746609,2025-12-11,2026-06-11,,
Government to review the Continuing Healthcare (CHC) funding model for home care,https://petition.parliament.uk/petitions/746628,open,13,746628,2025-12-01,2026-06-01,,
"Legislate crimes motivated by misogyny are hate crimes, fund support & training",https://petition.parliament.uk/petitions/746640,open,378,746640,2025-12-02,2026-06-02,,
Classify affordable housing as critical national infrastructure,https://petition.parliament.uk/petitions/746641,open,150,746641,2025-11-21,2026-05-21,,
 Fund lower train fares,https://petition.parliament.uk/petitions/746671,open,77,746671,2025-12-10,2026-06-10,,
Grant interim exemptions to all seized dogs with no prior history of aggression,https://petition.parliament.uk/petitions/746674,open,6025,746674,2025-12-17,2026-06-17,,
Fund pay for student nurses and midwives for placement hours,https://petition.parliament.uk/petitions/746707,open,131,746707,2025-11-20,2026-05-20,,
Review the UK-US Extradition Treaty,https://petition.parliament.uk/petitions/746713,open,457,746713,2025-12-01,2026-06-01,,
Review procedures to ensure terrorist regimes & groups don't receive UK funding,https://petition.parliament.uk/petitions/746729,open,55,746729,2025-12-02,2026-06-02,,
Provide funding so every school can have a full-time school counsellor,https://petition.parliament.uk/petitions/746739,open,46,746739,2025-11-18,2026-05-18,,
Ban electronic switch operated vehicle door releases on public safety grounds,https://petition.parliament.uk/petitions/746740,open,60,746740,2025-11-20,2026-05-20,,
Protect & reinstate funding for arts & humanities in higher & further education,https://petition.parliament.uk/petitions/746787,open,98,746787,2025-11-26,2026-05-26,,
Ban the purchase & delivery of alcohol via delivery apps,https://petition.parliament.uk/petitions/746794,open,28,746794,2025-12-02,2026-06-02,,
Allow family visa holders to include time spent on a skilled worker visa for ILR,https://petition.parliament.uk/petitions/746800,open,95,746800,2025-12-08,2026-06-08,,
Review the routine childhood immunisation schedule,https://petition.parliament.uk/petitions/746802,open,19,746802,2025-11-19,2026-05-19,,
10-year minimum sentence & lifetime registration for child sex abuse & images,https://petition.parliament.uk/petitions/746813,open,58,746813,2025-11-26,2026-05-26,,
Increase the number of bank holidays in England & Wales to 10 days,https://petition.parliament.uk/petitions/746816,open,40,746816,2025-11-26,2026-05-26,,
Reclaim Our Pavements - End Dangerous Parking By Mandating Enforcement Of Fines,https://petition.parliament.uk/petitions/746821,open,27,746821,2025-12-02,2026-06-02,,
Politicians who lie should be barred from standing for election,https://petition.parliament.uk/petitions/746833,open,161,746833,2025-11-21,2026-05-21,,
Government to work to introduce a new supersonic airliner,https://petition.parliament.uk/petitions/746842,open,20,746842,2025-12-08,2026-06-08,,
Ban schools from using online reading practice websites,https://petition.parliament.uk/petitions/746862,open,37,746862,2025-12-05,2026-06-05,,
Provide funding for all schools to have a full time dedicated SENDCo,https://petition.parliament.uk/petitions/746871,open,27,746871,2025-12-08,2026-06-08,,
Add veterinary medicine to second-degree tuition loan exemptions,https://petition.parliament.uk/petitions/746888,open,1841,746888,2025-11-21,2026-05-21,,
Require councils to review social housing tenancies,https://petition.parliament.uk/petitions/746891,open,157,746891,2025-11-26,2026-05-26,,
Adjust the £10 DWP Christmas Bonus introduced in 1972 to reflect inflation,https://petition.parliament.uk/petitions/746900,open,4091,746900,2025-11-20,2026-05-20,,
Ban the use of private numbers for all NHS telephone correspondence,https://petition.parliament.uk/petitions/746907,open,31,746907,2025-12-02,2026-06-02,,
Fund another round of cost-of-living payments,https://petition.parliament.uk/petitions/746930,open,32,746930,2025-11-26,2026-05-26,,
Review enforcement of Section 132 of the Highways Act ,https://petition.parliament.uk/petitions/746935,open,22,746935,2025-11-19,2026-05-19,,
Introduce standing orders giving equal time at PMQs to opposition party leaders,https://petition.parliament.uk/petitions/746954,open,225,746954,2025-12-04,2026-06-04,,
Set mandatory minimum sentences for all child-related offences ,https://petition.parliament.uk/petitions/746956,open,89,746956,2025-12-15,2026-06-15,,
Require schools to obtain consent for afterschool detentions & arrange transport,https://petition.parliament.uk/petitions/746984,open,28,746984,2025-11-26,2026-05-26,,
Review support provided to autistic parents involved in SEND tribunals,https://petition.parliament.uk/petitions/746993,open,36,746993,2025-11-20,2026-05-20,,
Scrap the cap on medical training & increase funding,https://petition.parliament.uk/petitions/746995,open,370,746995,2025-12-03,2026-06-03,,
Allow electric e-scooters to be able to ride on pavements and roads,https://petition.parliament.uk/petitions/747006,open,22,747006,2025-11-20,2026-05-20,,
Government to fund vorasidenib for NHS patients,https://petition.parliament.uk/petitions/747038,open,2724,747038,2025-11-27,2026-05-27,,
Ensure public energy and water infrastructure is protected from AI data centres,https://petition.parliament.uk/petitions/747050,open,60,747050,2025-12-11,2026-06-11,,
Review NHS cancer treatment protocols,https://petition.parliament.uk/petitions/747054,open,264,747054,2025-11-20,2026-05-20,,
 Automatically strip parents who murder children of parental responsibility ,https://petition.parliament.uk/petitions/747062,open,58,747062,2025-11-21,2026-05-21,,
Require schools to teach how to support vision impaired & disabled people ,https://petition.parliament.uk/petitions/747072,open,125,747072,2025-11-21,2026-05-21,,
Regulate and reform veterinary care,https://petition.parliament.uk/petitions/747076,open,79,747076,2025-12-01,2026-06-01,,
Introduce Albanian GCSE and A-levels ,https://petition.parliament.uk/petitions/747085,open,323,747085,2025-11-25,2026-05-25,,
Provide state-school level of funding to parents for private education,https://petition.parliament.uk/petitions/747101,open,91,747101,2025-11-21,2026-05-21,,
"Review NHS policy on masks, safe air & ventilation to protect vulnerable ",https://petition.parliament.uk/petitions/747103,open,671,747103,2025-11-25,2026-05-25,,
Mandate all schools to provide at least two PE lessons per week,https://petition.parliament.uk/petitions/747107,open,35,747107,2025-12-02,2026-06-02,,
Review and reform education system to support neurodivergent children in schools,https://petition.parliament.uk/petitions/747126,open,28,747126,2025-11-26,2026-05-26,,
 Outlaw both parties from being named publicly in domestic abuse allegations,https://petition.parliament.uk/petitions/747134,open,16,747134,2025-11-21,2026-05-21,,
Introduce Romanian as a GCSE qualification,https://petition.parliament.uk/petitions/747135,open,17,747135,2025-11-27,2026-05-27,,
Ban Members of Parliament from being residential landlords,https://petition.parliament.uk/petitions/747140,open,76,747140,2025-11-25,2026-05-25,,
Require a full and independent enquiry before any hospital job cuts,https://petition.parliament.uk/petitions/747142,open,129,747142,2025-12-11,2026-06-11,,
Fund hair removal on the NHS for women with PCOS / hirsutism,https://petition.parliament.uk/petitions/747146,open,377,747146,2025-11-21,2026-05-21,,
Ban homework for students in Year 9 and below,https://petition.parliament.uk/petitions/747160,open,23,747160,2025-11-21,2026-05-21,,
Extend Awaab's Law and the Decent Homes Standard to all temporary accommodation,https://petition.parliament.uk/petitions/747166,open,27,747166,2025-11-24,2026-05-24,,
Require airlines offer alternatives to boarding passes displayed on smartphones,https://petition.parliament.uk/petitions/747172,open,1335,747172,2025-11-24,2026-05-24,,
"Make Skilled Worker sponsor-free after 5 years, with grace period and cap fees",https://petition.parliament.uk/petitions/747176,open,101,747176,2025-11-21,2026-05-21,,
"National rough sleeping programme: permanent, safe accommodation and support",https://petition.parliament.uk/petitions/747196,open,113,747196,2025-12-01,2026-06-01,,
DVLA to implement mandatory eye tests for all drivers & sight reporting,https://petition.parliament.uk/petitions/747216,open,33,747216,2025-12-03,2026-06-03,,
Make mental health support standard for parents of seriously ill children,https://petition.parliament.uk/petitions/747226,open,874,747226,2025-11-21,2026-05-21,,
"Remove power to cancel local government elections
",https://petition.parliament.uk/petitions/747234,open,128284,747234,2025-11-25,2026-05-25,2025-12-12,
Make the spousal visa income requirement reflect regional living costs,https://petition.parliament.uk/petitions/747235,open,25,747235,2025-11-24,2026-05-24,,
New Law on adoption and muzzling of greyhound dogs,https://petition.parliament.uk/petitions/747237,open,126,747237,2025-12-12,2026-06-12,,
Introduce law to have baby changing stations in men’s bathrooms and facilities,https://petition.parliament.uk/petitions/747264,open,47,747264,2025-11-20,2026-05-20,,
Scrap digital Veteran Cards,https://petition.parliament.uk/petitions/747266,open,47,747266,2025-12-04,2026-06-04,,
Register and license all high-powered electric bikes and off-road e-motorbikes,https://petition.parliament.uk/petitions/747268,open,195,747268,2025-12-12,2026-06-12,,
Require DBS Checks for Tattoo Artists in England,https://petition.parliament.uk/petitions/747281,open,7093,747281,2025-11-21,2026-05-21,,
Grant UK citizenship to anyone with Indefinite Leave to Remain or Settled Status,https://petition.parliament.uk/petitions/747298,open,22,747298,2025-12-04,2026-06-04,,
Stop the leasehold debt being passed on to new buyers,https://petition.parliament.uk/petitions/747309,open,49,747309,2025-11-26,2026-05-26,,
Launch a review into imposing stricter moped sale & licensing regulations,https://petition.parliament.uk/petitions/747330,open,218,747330,2025-12-02,2026-06-02,,
Investigate food costs & introduce regulation & a cap on essential food prices,https://petition.parliament.uk/petitions/747332,open,90,747332,2025-12-05,2026-06-05,,
Extend the NHS Learning Support Fund to fully include pharmacy students,https://petition.parliament.uk/petitions/747335,open,4860,747335,2025-12-02,2026-06-02,,
Government should stop using farm when referring to electricity generation sites,https://petition.parliament.uk/petitions/747339,open,40,747339,2025-12-03,2026-06-03,,
Stop defining state pensions as a benefit,https://petition.parliament.uk/petitions/747342,open,72,747342,2025-12-16,2026-06-16,,
Cap pension contribution deductions for CMS income calculations,https://petition.parliament.uk/petitions/747355,open,22,747355,2025-12-09,2026-06-09,,
Amend age-of-consent laws to protect those under 21,https://petition.parliament.uk/petitions/747372,open,40,747372,2025-11-27,2026-05-27,,
Require all broadband providers to offer 12-month contracts for renters,https://petition.parliament.uk/petitions/747373,open,36,747373,2025-12-02,2026-06-02,,
Introduce specific rights for contact with a child for grandparents,https://petition.parliament.uk/petitions/747384,open,51,747384,2025-11-27,2026-05-27,,
Commit to a referendum in May 2028 asking the next government to rejoin the EU,https://petition.parliament.uk/petitions/747385,open,1681,747385,2025-12-01,2026-06-01,,
Fund the construction of more children’s homes,https://petition.parliament.uk/petitions/747418,open,17,747418,2025-12-02,2026-06-02,,
Ban personal use of AI and require AI watermarks,https://petition.parliament.uk/petitions/747429,open,52,747429,2025-11-28,2026-05-28,,
Review guidance on school behaviour policy to support mental health & inclusion,https://petition.parliament.uk/petitions/747430,open,29,747430,2025-12-02,2026-06-02,,
Introduce compulsory voting for all eligible British citizens,https://petition.parliament.uk/petitions/747436,open,49,747436,2025-12-03,2026-06-03,,
Mandate labelling of Al-generated videos in metadata and online,https://petition.parliament.uk/petitions/747437,open,109,747437,2025-11-21,2026-05-21,,
Record and retain all contacts relating to family court proceedings,https://petition.parliament.uk/petitions/747445,open,23,747445,2025-11-24,2026-05-24,,
Withdraw the Children's Wellbeing and Schools Bill immediately,https://petition.parliament.uk/petitions/747448,open,2026,747448,2025-11-25,2026-05-25,,
Introduce a statutory minimum real-wage growth target & freeze energy bills,https://petition.parliament.uk/petitions/747453,open,23,747453,2025-12-02,2026-06-02,,
Chemical castration for all rapists and sexual abuse offenders,https://petition.parliament.uk/petitions/747455,open,87,747455,2025-12-03,2026-06-03,,
Ban people on taxpayer funded benefits from getting tattoos or piercings,https://petition.parliament.uk/petitions/747464,open,43,747464,2025-11-24,2026-05-24,,
Introduce a cap on charity fundraiser fees of 20%,https://petition.parliament.uk/petitions/747468,open,21,747468,2025-12-18,2026-06-18,,
Introduce a wealth tax on people with a £50 million+ net worth,https://petition.parliament.uk/petitions/747489,open,59,747489,2025-12-02,2026-06-02,,
Include glass bottles in the deposit return scheme (DRS),https://petition.parliament.uk/petitions/747490,open,35,747490,2025-12-03,2026-06-03,,
Act now to end iodine deficiency in UK women and protect children’s IQ,https://petition.parliament.uk/petitions/747495,open,96,747495,2025-12-03,2026-06-03,,
Give leaseholders a right to force a buy-back after serious mismanagement,https://petition.parliament.uk/petitions/747515,open,333,747515,2025-12-03,2026-06-03,,
Ban lootboxes in video games to anyone under the age of 18,https://petition.parliament.uk/petitions/747541,open,36,747541,2025-11-25,2026-05-25,,
Fund joined-up menopause care integrating neurodivergence & mental health,https://petition.parliament.uk/petitions/747558,open,38,747558,2025-11-27,2026-05-27,,
Do not increase University Tuition Fees in 2026,https://petition.parliament.uk/petitions/747563,open,106,747563,2025-11-27,2026-05-27,,
Stop Ltd companies offsetting loan interest or other expenses for rental income,https://petition.parliament.uk/petitions/747572,open,18,747572,2025-11-28,2026-05-28,,
Reverse increases in university tuition fees,https://petition.parliament.uk/petitions/747574,open,21,747574,2025-11-27,2026-05-27,,
Introduce legislation to remove sovereign immunity,https://petition.parliament.uk/petitions/747619,open,32,747619,2025-12-04,2026-06-04,,
End the mandatory meat requirement in English school meals,https://petition.parliament.uk/petitions/747664,open,429,747664,2025-12-03,2026-06-03,,
Commit to not deploying British Troops to Ukraine,https://petition.parliament.uk/petitions/747668,open,80,747668,2025-11-27,2026-05-27,,
Fund access for children from low-income families to go to after-school clubs,https://petition.parliament.uk/petitions/747672,open,23,747672,2025-12-04,2026-06-04,,
Introduce legislation to ensure national marking of Remembrance Day,https://petition.parliament.uk/petitions/747680,open,323,747680,2025-11-26,2026-05-26,,
Introduce mandatory fines for people parking in parent & child bays without kid,https://petition.parliament.uk/petitions/747698,open,28,747698,2025-12-02,2026-06-02,,
Introduce a non-taxable lunch allowance for employees to ease financial burden,https://petition.parliament.uk/petitions/747726,open,16,747726,2025-11-27,2026-05-27,,
Mandatory anti-spiking measures in all nightclubs and bars,https://petition.parliament.uk/petitions/747731,open,109,747731,2025-11-27,2026-05-27,,
Review consent law to protect neurodivergent people from miscarriages of justice,https://petition.parliament.uk/petitions/747732,open,229,747732,2025-12-02,2026-06-02,,
Update business mileage allowance from 45p per mile (not changed since 2011).,https://petition.parliament.uk/petitions/747733,open,174,747733,2025-11-25,2026-05-25,,
Provide equal NHS funding for all Hospices,https://petition.parliament.uk/petitions/747736,open,229,747736,2025-11-28,2026-05-28,,
Introduce an Emergency Legal Protection Certificate for domestic abuse survivors,https://petition.parliament.uk/petitions/747763,open,35,747763,2025-12-03,2026-06-03,,
Do not include partner's income in calculation of disabled people's UC claims,https://petition.parliament.uk/petitions/747804,open,147,747804,2025-12-03,2026-06-03,,
Mandate school shorts to be part of the uniform in high schools,https://petition.parliament.uk/petitions/747810,open,44,747810,2025-12-01,2026-06-01,,
Reduce the Motability Drive Smart age limit from 30 to 25,https://petition.parliament.uk/petitions/747816,open,23,747816,2025-12-02,2026-06-02,,
Annual increase should rise by the same amount for both Old & New State Pension,https://petition.parliament.uk/petitions/747826,open,53,747826,2025-12-03,2026-06-03,,
Review care and support given to women facing ovary removal,https://petition.parliament.uk/petitions/747845,open,610,747845,2025-11-28,2026-05-28,,
Change the burden of proof in the Family Courts,https://petition.parliament.uk/petitions/747858,open,229,747858,2025-11-27,2026-05-27,,
Amend laws on parental titles on birth certificates,https://petition.parliament.uk/petitions/747871,open,174,747871,2025-12-05,2026-06-05,,
Mandatory trauma-informed training and standards in the family courts service  ,https://petition.parliament.uk/petitions/747872,open,176,747872,2025-12-04,2026-06-04,,
Launch a review into information given for cervical colposcopes & biopsies,https://petition.parliament.uk/petitions/747911,open,79,747911,2025-12-16,2026-06-16,,
Fine Local Authorities & penalise LA officers who don’t fulfil SEND obligations,https://petition.parliament.uk/petitions/747917,open,34,747917,2025-12-10,2026-06-10,,
Ensure couriers are fully responsible for delivery issues & introduce penalties,https://petition.parliament.uk/petitions/747939,open,111,747939,2025-12-02,2026-06-02,,
Ask NAO to investigate any errors in CMS arrears from system migrations,https://petition.parliament.uk/petitions/747947,open,397,747947,2025-12-02,2026-06-02,,
Require women only carriages on public transport to improve passenger safety,https://petition.parliament.uk/petitions/747956,open,60,747956,2025-11-28,2026-05-28,,
"New independent, judge-led national Inquiry into the scandal of the Rape Gangs",https://petition.parliament.uk/petitions/747958,open,490,747958,2025-12-05,2026-06-05,,
Make Letterbox Contact a Legal Requirement for safe Birth Parents,https://petition.parliament.uk/petitions/747967,open,81,747967,2025-12-03,2026-06-03,,
Make child abandonment by a parent a criminal offence ,https://petition.parliament.uk/petitions/747975,open,24,747975,2025-12-17,2026-06-17,,
Make it illegal to drive a moped without a full moped licence,https://petition.parliament.uk/petitions/747986,open,33,747986,2025-11-28,2026-05-28,,
Fund free school meals for medically unfit & unplaced home-educated children,https://petition.parliament.uk/petitions/748002,open,23,748002,2025-12-03,2026-06-03,,
Restore dental nurses to the Skilled Worker Visa List,https://petition.parliament.uk/petitions/748026,open,111,748026,2025-11-28,2026-05-28,,
Require period product packaging to include information about health,https://petition.parliament.uk/petitions/748037,open,31,748037,2025-11-28,2026-05-28,,
Ban councils from discharging housing duty if person refuses long distance offer,https://petition.parliament.uk/petitions/748043,open,40,748043,2025-12-03,2026-06-03,,
Don't change current treatment of low-value imports,https://petition.parliament.uk/petitions/748047,open,14,748047,2025-12-02,2026-06-02,,
Require medical history to be listed on horse passports,https://petition.parliament.uk/petitions/748056,open,527,748056,2025-12-08,2026-06-08,,
 Fund research into Desmoid Fibromatosis in children,https://petition.parliament.uk/petitions/748057,open,93,748057,2025-12-04,2026-06-04,,
Use legislation to expand the Network Railcard to cover all of Great Britain ,https://petition.parliament.uk/petitions/748067,open,37,748067,2025-12-03,2026-06-03,,
Allow Visa-Free Access for Turkish Citizens travelling to the United Kingdom,https://petition.parliament.uk/petitions/748073,open,15,748073,2025-12-11,2026-06-11,,
Require utility companies to refund standing charge when no service,https://petition.parliament.uk/petitions/748086,open,71,748086,2025-12-05,2026-06-05,,
Make an independent body to enforce elected politicians’ performance & behaviour,https://petition.parliament.uk/petitions/748089,open,47,748089,2025-12-17,2026-06-17,,
Fund therapeutic support service for women with suspected or late-diagnosed ADHD,https://petition.parliament.uk/petitions/748090,open,37,748090,2025-11-27,2026-05-27,,
Introduce mandatory driving retests for drivers over the age of 70,https://petition.parliament.uk/petitions/748112,open,202,748112,2025-11-28,2026-05-28,,
Review guidance and fund training for psychiatric and mental health care staff,https://petition.parliament.uk/petitions/748120,open,41,748120,2025-11-28,2026-05-28,,
Grant citizenship to residents living in the UK for 15+ years & their children,https://petition.parliament.uk/petitions/748136,open,20,748136,2025-12-03,2026-06-03,,
"Bring back pounds, shillings and pence",https://petition.parliament.uk/petitions/748146,open,24,748146,2025-12-01,2026-06-01,,
Prioritise climate change action and stop producing fossil fuels,https://petition.parliament.uk/petitions/748148,open,32,748148,2025-12-01,2026-06-01,,
Review child maintenance service (CMS) process for accepting reduced payments,https://petition.parliament.uk/petitions/748156,open,56,748156,2025-12-09,2026-06-09,,
"Include the Royal Family, Household & Duchies in the Freedom of Information Act",https://petition.parliament.uk/petitions/748169,open,52,748169,2025-11-28,2026-05-28,,
Require a referendum for any policy that breaches the governments manifesto,https://petition.parliament.uk/petitions/748234,open,164,748234,2025-11-28,2026-05-28,,
Ban smoking and vaping while walking or in transit in public spaces,https://petition.parliament.uk/petitions/748235,open,55,748235,2025-11-27,2026-05-27,,
All pre-settled status students to be charged home fees instead of international,https://petition.parliament.uk/petitions/748239,open,48,748239,2025-12-02,2026-06-02,,
Restrict UK based social media influencers advertising crypto casinos,https://petition.parliament.uk/petitions/748249,open,25,748249,2025-12-03,2026-06-03,,
"Mandate trauma-informed training in justice, healthcare, education & social care",https://petition.parliament.uk/petitions/748251,open,235,748251,2025-12-05,2026-06-05,,
Stop child sex offenders being able to live in the city that their victims live,https://petition.parliament.uk/petitions/748252,open,60,748252,2025-12-09,2026-06-09,,
Require protesters and police to be easily identifiable during protests,https://petition.parliament.uk/petitions/748262,open,46,748262,2025-12-02,2026-06-02,,
We want Parliament to endorse the ICJ ruling on UNRWA.,https://petition.parliament.uk/petitions/748283,open,175,748283,2025-12-09,2026-06-09,,
Require NHS staff who insert cannulas to have refresher training every 3 years.,https://petition.parliament.uk/petitions/748289,open,85,748289,2025-12-01,2026-06-01,,
Make the possession and sale of child imitation sex dolls a specific offence,https://petition.parliament.uk/petitions/748298,open,46,748298,2025-12-01,2026-06-01,,
Mandate independently-monitored CCTV in all dairy farms and slaughterhouses,https://petition.parliament.uk/petitions/748305,open,54,748305,2025-12-02,2026-06-02,,
Create a protocol & mandate staff training for handling miscarriage tissue,https://petition.parliament.uk/petitions/748311,open,78,748311,2025-12-18,2026-06-18,,
Allow Carers/Family of children given them by social services to claim benefit,https://petition.parliament.uk/petitions/748320,open,17,748320,2025-12-16,2026-06-16,,
Make identity theft a recordable crime,https://petition.parliament.uk/petitions/748324,open,56,748324,2025-12-02,2026-06-02,,
Review bailiff fees and enforcement processes,https://petition.parliament.uk/petitions/748337,open,43,748337,2025-11-28,2026-05-28,,
Cap parking and toll road fines for people with ADHD,https://petition.parliament.uk/petitions/748342,open,17,748342,2025-12-19,2026-06-19,,
"Scrap the noise limit of 120 dB on consumer fireworks, along with other limits",https://petition.parliament.uk/petitions/748344,open,23,748344,2025-11-28,2026-05-28,,
Review any VAT applied to medical supplies and how expiry dates are calculated,https://petition.parliament.uk/petitions/748346,open,23,748346,2025-12-03,2026-06-03,,
Allow 24 work hours for student & skilled worker visa holders outside main job,https://petition.parliament.uk/petitions/748358,open,50,748358,2025-12-01,2026-06-01,,
Raise parental leave limit for parents working at least 16 hours a week,https://petition.parliament.uk/petitions/748370,open,19,748370,2025-12-15,2026-06-15,,
Ban the sale of fake cobwebs in the UK – they're  a danger to animals,https://petition.parliament.uk/petitions/748372,open,48,748372,2025-12-01,2026-06-01,,
Review and reform administration of Universal Credit & compensation,https://petition.parliament.uk/petitions/748390,open,208,748390,2025-12-01,2026-06-01,,
Regulate equine hoof trimming ,https://petition.parliament.uk/petitions/748405,open,106,748405,2025-12-05,2026-06-05,,
Automatic Clare's law checks when notice of marriage is given to registry office,https://petition.parliament.uk/petitions/748414,open,434,748414,2025-12-05,2026-06-05,,
Require platform businesses to provide customer services and create ombudsman,https://petition.parliament.uk/petitions/748419,open,30,748419,2025-12-01,2026-06-01,,
Stop asylum seekers being given housing in military establishments,https://petition.parliament.uk/petitions/748431,open,95,748431,2025-12-01,2026-06-01,,
Strengthen Hate Crime Laws for Disabled People & Recognise Their Vulnerability,https://petition.parliament.uk/petitions/748439,open,857,748439,2025-12-03,2026-06-03,,
Windfall tax on excess asylum-accommodation profits,https://petition.parliament.uk/petitions/748440,open,59,748440,2025-12-01,2026-06-01,,
Prevent arms sales to the UAE following reports of UK arms being used in Sudan,https://petition.parliament.uk/petitions/748446,open,437,748446,2025-12-04,2026-06-04,,
Ban all forms of animal mutilation unless required for essential veterinary care,https://petition.parliament.uk/petitions/748447,open,54,748447,2025-12-02,2026-06-02,,
Instruct NHS England to revoke adoption of the IHRA definition of antisemitism,https://petition.parliament.uk/petitions/748450,open,3098,748450,2025-12-09,2026-06-09,,
Urge Israel to permit regular humanitarian access to all Palestinian prisoners,https://petition.parliament.uk/petitions/748458,open,647,748458,2025-12-08,2026-06-08,,
Require a referendum in the local area subject to a council being abolished,https://petition.parliament.uk/petitions/748459,open,74,748459,2025-12-01,2026-06-01,,
Provide government funding for early dyslexia screening in all primary schools,https://petition.parliament.uk/petitions/748460,open,39,748460,2025-12-08,2026-06-08,,
Review penalties for fleeing the scene after causing a fatal collision,https://petition.parliament.uk/petitions/748468,open,26,748468,2025-12-19,2026-06-19,,
Fund Level 7 Apprenticeships for over 21s if a MSc Is Essential for Career Entry,https://petition.parliament.uk/petitions/748477,open,695,748477,2025-12-03,2026-06-03,,
Create independent body to investigate school complaints,https://petition.parliament.uk/petitions/748489,open,30,748489,2025-12-09,2026-06-09,,
"End the UK's asylum system & right to asylum, use resources for border security",https://petition.parliament.uk/petitions/748520,open,141,748520,2025-12-08,2026-06-08,,
Legalise UK Citizens copyright to their own likeness & bio-data,https://petition.parliament.uk/petitions/748522,open,126,748522,2025-12-02,2026-06-02,,
Introduce measures to protect digital ride-share drivers from exploitation,https://petition.parliament.uk/petitions/748532,open,514,748532,2025-12-03,2026-06-03,,
Legally require airports to be closed on Christmas Day for staff holiday,https://petition.parliament.uk/petitions/748535,open,139,748535,2025-12-02,2026-06-02,,
Ensure post-adopted children are able to remain in contact with people they love,https://petition.parliament.uk/petitions/748545,open,440,748545,2025-12-03,2026-06-03,,
Ban MPs from accepting any gifts or donations from businesses and individuals,https://petition.parliament.uk/petitions/748550,open,75,748550,2025-12-01,2026-06-01,,
Require DBS checks for all staff in Soft Play centres.,https://petition.parliament.uk/petitions/748554,open,118,748554,2025-12-08,2026-06-08,,
Establish review of risks to UK democracy from foreign influence on social media,https://petition.parliament.uk/petitions/748564,open,35,748564,2025-12-08,2026-06-08,,
Abolish 0.5% Stamp Duty Reserve Tax on UK-Listed Equities,https://petition.parliament.uk/petitions/748569,open,139,748569,2025-12-02,2026-06-02,,
Require sanitary waste bins in all toilets regardless of gender,https://petition.parliament.uk/petitions/748589,open,24,748589,2025-12-01,2026-06-01,,
Ban training generative AI with creative works without artists' consent,https://petition.parliament.uk/petitions/748596,open,53,748596,2025-12-01,2026-06-01,,
Abolish 10 year spouse route and replace with one 5 year route to ILR,https://petition.parliament.uk/petitions/748607,open,293,748607,2025-12-03,2026-06-03,,
Abolish IPSA and set MP salaries to 160% of the 'National Living Wage'.,https://petition.parliament.uk/petitions/748610,open,49,748610,2025-12-03,2026-06-03,,
Tv-licence holders to be able to demand refund,https://petition.parliament.uk/petitions/748618,open,120,748618,2025-12-10,2026-06-10,,
Allow UK nationals living abroad to donate organs in the UK,https://petition.parliament.uk/petitions/748642,open,16,748642,2025-12-02,2026-06-02,,
Make conflict of interest a criminal offence for MPs and Peers,https://petition.parliament.uk/petitions/748647,open,95,748647,2025-12-10,2026-06-10,,
Introduce a Central Microchip Portal to help reunite missing pets without delay,https://petition.parliament.uk/petitions/748648,open,2356,748648,2025-12-05,2026-06-05,,
Hold a review of MHRA guidance on disposal of unused medicines,https://petition.parliament.uk/petitions/748655,open,22,748655,2025-12-04,2026-06-04,,
Fund research into desexed language in women’s health,https://petition.parliament.uk/petitions/748663,open,72,748663,2025-12-24,2026-06-24,,
Drop the state pension age back down to 60,https://petition.parliament.uk/petitions/748664,open,116,748664,2025-12-03,2026-06-03,,
Pay Compensation to Families Separated by the Minimum Income Threshold,https://petition.parliament.uk/petitions/748688,open,23,748688,2025-12-19,2026-06-19,,
Grant legal right for students to record conversations with university staff,https://petition.parliament.uk/petitions/748691,open,23,748691,2025-12-03,2026-06-03,,
Hold an inquiry into CAMHS and NHS children’s mental health delays,https://petition.parliament.uk/petitions/748695,open,25042,748695,2025-12-03,2026-06-03,,
Make Being Remanded in Custody Mandatory for Charges of Rape,https://petition.parliament.uk/petitions/748703,open,23,748703,2025-12-02,2026-06-02,,
Require green/red interactive speed feedback signs before average speed checks,https://petition.parliament.uk/petitions/748706,open,18,748706,2025-12-03,2026-06-03,,
Strengthen male reproductive rights and protections,https://petition.parliament.uk/petitions/748752,open,20,748752,2025-12-18,2026-06-18,,
Refocus investigation of maternity care and expand to include all NHS trusts,https://petition.parliament.uk/petitions/748764,open,37,748764,2025-12-18,2026-06-18,,
Implement a 2% wealth tax on individuals with net assets exceeding £10 million,https://petition.parliament.uk/petitions/748774,open,49,748774,2025-12-02,2026-06-02,,
Remove time bars and provide legal aid for neurodivergent people,https://petition.parliament.uk/petitions/748804,open,20,748804,2025-12-15,2026-06-15,,
Review implementation of Public Service Pensions and Judicial Offices Act 2022,https://petition.parliament.uk/petitions/748837,open,1804,748837,2025-12-09,2026-06-09,,
Make MPs and Ministers publish yearly verified reports of assets and debts,https://petition.parliament.uk/petitions/748840,open,46,748840,2025-12-04,2026-06-04,,
"Give UK citizens legal ownership of their face, voice, and likeness",https://petition.parliament.uk/petitions/748841,open,1756,748841,2025-12-03,2026-06-03,,
Cap the level Parish & Town Councils can raise tax to without a local referendum,https://petition.parliament.uk/petitions/748842,open,60,748842,2025-12-04,2026-06-04,,
Require free subscriptions stop after trial & do not take bank details upfront,https://petition.parliament.uk/petitions/748879,open,47,748879,2025-12-09,2026-06-09,,
Stop unsolicited mail being sent to people's homes and businesses,https://petition.parliament.uk/petitions/748882,open,46,748882,2025-12-03,2026-06-03,,
"Increase NHS Funding, and take action to address staffing and efficiency issues",https://petition.parliament.uk/petitions/748885,open,65,748885,2025-12-05,2026-06-05,,
Increase UK support for Jamaica's Hurricane Melissa recovery to £200 million,https://petition.parliament.uk/petitions/748900,open,64,748900,2025-12-03,2026-06-03,,
Legislate to make car insurance calculations transparent,https://petition.parliament.uk/petitions/748907,open,28,748907,2025-12-08,2026-06-08,,
Require hospitality venues to offer in-person food ordering service,https://petition.parliament.uk/petitions/748908,open,21,748908,2025-12-08,2026-06-08,,
Allow National Lottery funds to support social housing,https://petition.parliament.uk/petitions/748923,open,51,748923,2025-12-17,2026-06-17,,
Make parental alienation a criminal offence,https://petition.parliament.uk/petitions/748940,open,152,748940,2025-12-10,2026-06-10,,
Invoke Article 15 of the ECHR- to help tackle illegal migration,https://petition.parliament.uk/petitions/748972,open,323,748972,2025-12-08,2026-06-08,,
Fund security officers on trains,https://petition.parliament.uk/petitions/748977,open,26,748977,2025-12-05,2026-06-05,,
Require all educational establishments to show nutritional information on food,https://petition.parliament.uk/petitions/748981,open,30,748981,2025-12-04,2026-06-04,,
Increase funding for Special Guardians and end the postcode lottery,https://petition.parliament.uk/petitions/748998,open,26,748998,2025-12-05,2026-06-05,,
Require all Prison Officers to undergo professional training and registration,https://petition.parliament.uk/petitions/749014,open,57,749014,2025-12-04,2026-06-04,,
Implement designated smoking zones and end smoking in shared public areas.,https://petition.parliament.uk/petitions/749022,open,43,749022,2025-12-09,2026-06-09,,
Make Online Defamation and Cyberbullying a specific offence,https://petition.parliament.uk/petitions/749028,open,45,749028,2025-12-08,2026-06-08,,
Ban seed oils,https://petition.parliament.uk/petitions/749031,open,30,749031,2025-12-02,2026-06-02,,
Require metal detectors and bag and ID checks at all mainline railway stations,https://petition.parliament.uk/petitions/749049,open,21,749049,2025-12-03,2026-06-03,,
UK humanitarian visa for people displaced by Hurricane Melissa in Jamaica,https://petition.parliament.uk/petitions/749073,open,38,749073,2025-12-05,2026-06-05,,
"Make non payment for services a criminal offence, equivalent to theft",https://petition.parliament.uk/petitions/749083,open,19,749083,2025-12-22,2026-06-22,,
Make face coverings illegal,https://petition.parliament.uk/petitions/749103,open,153,749103,2025-12-03,2026-06-03,,
Apply to Rejoin the EU as soon as possible to increase growth in the UK,https://petition.parliament.uk/petitions/749128,open,17434,749128,2025-12-08,2026-06-08,,
Review insolvency law to prevent repeated appeals,https://petition.parliament.uk/petitions/749134,open,20,749134,2025-12-09,2026-06-09,,
Legally require signs in front of construction on road explaining the purpose,https://petition.parliament.uk/petitions/749149,open,28,749149,2025-12-08,2026-06-08,,
Universal credit increase for SEN and twins or other multiples of children,https://petition.parliament.uk/petitions/749159,open,41,749159,2025-12-19,2026-06-19,,
Require inclusive changing tables for disabled children in public venues,https://petition.parliament.uk/petitions/749163,open,46,749163,2025-12-04,2026-06-04,,
Introduce self-defence lessons into the PE curriculum in all secondary schools ,https://petition.parliament.uk/petitions/749166,open,33,749166,2025-12-08,2026-06-08,,
Fund more gender-affirming care on the NHS and increase staff training,https://petition.parliament.uk/petitions/749179,open,118,749179,2025-12-12,2026-06-12,,
Remove speed cameras from motorways to improve safety and fairness,https://petition.parliament.uk/petitions/749184,open,26,749184,2025-12-05,2026-06-05,,
Urge the UK Government to support peace and aid for Sudan,https://petition.parliament.uk/petitions/749186,open,33,749186,2025-12-04,2026-06-04,,
Fund provision of stab vests and first aid kits for all,https://petition.parliament.uk/petitions/749193,open,22,749193,2025-12-08,2026-06-08,,
Government to Direct Ofgem to Remove Standing Charge for Homes with Solar Panels,https://petition.parliament.uk/petitions/749218,open,28,749218,2025-12-05,2026-06-05,,
Create a Government-Backed Affordable Vehicle Insurance Option for UK Drivers,https://petition.parliament.uk/petitions/749228,open,33,749228,2025-12-05,2026-06-05,,
Change the legal age of consent to intercourse to 18,https://petition.parliament.uk/petitions/749248,open,49,749248,2025-12-12,2026-06-12,,
Review young offenders sentencing and consider increased use of custody,https://petition.parliament.uk/petitions/749271,open,31,749271,2025-12-05,2026-06-05,,
Reverse April 2024 COS Restrictions for Ofsted-Regulated Care Home Workers,https://petition.parliament.uk/petitions/749278,open,27,749278,2025-12-18,2026-06-18,,
Require schools to obtain special dispensation from Government to teach Latin,https://petition.parliament.uk/petitions/749320,open,18,749320,2025-12-08,2026-06-08,,
Require airports to improve support for those travelling alone with 0-3year olds,https://petition.parliament.uk/petitions/749337,open,20,749337,2025-12-08,2026-06-08,,
Amend the Domestic Abuse Act to tackle cross-border legal & financial coercion,https://petition.parliament.uk/petitions/749375,open,26,749375,2025-12-19,2026-06-19,,
Make the government legally accountable for delivering its manifesto promises,https://petition.parliament.uk/petitions/749381,open,130,749381,2025-12-05,2026-06-05,,
Unfreeze LHA and uprate by rent cost increases each year,https://petition.parliament.uk/petitions/749392,open,21,749392,2025-12-11,2026-06-11,,
Scrap the incoming ban of all online promotion of junk food,https://petition.parliament.uk/petitions/749405,open,12,749405,2025-12-22,2026-06-22,,
Require all 'competition' sites to be fully regulated by the Gambling Commission,https://petition.parliament.uk/petitions/749417,open,33,749417,2025-12-08,2026-06-08,,
Allow SIA trained persons to carry CS/PAVA spray and ASP/ARNOLD batons,https://petition.parliament.uk/petitions/749421,open,71,749421,2025-12-05,2026-06-05,,
Remove religion and belief from the Equality Act 2010,https://petition.parliament.uk/petitions/749426,open,51,749426,2025-12-12,2026-06-12,,
"End the freeze on income tax thresholds & adjust annually, indexed to inflation",https://petition.parliament.uk/petitions/749467,open,77,749467,2025-12-11,2026-06-11,,
Abolish UK Mayors,https://petition.parliament.uk/petitions/749477,open,61,749477,2025-12-09,2026-06-09,,
Allow people with coeliac disease to join the armed forces,https://petition.parliament.uk/petitions/749493,open,14,749493,2025-12-08,2026-06-08,,
Make it law for schools to keep exact word-for-word records of meetings,https://petition.parliament.uk/petitions/749507,open,24,749507,2025-12-09,2026-06-09,,
Ban unsupervised child contact during criminal investigations,https://petition.parliament.uk/petitions/749518,open,28,749518,2025-12-19,2026-06-19,,
Make GPS tagging mandatory for high-risk offenders to protect victims & children,https://petition.parliament.uk/petitions/749545,open,39,749545,2025-12-11,2026-06-11,,
Stop schools from using keylogger software on devices,https://petition.parliament.uk/petitions/749586,open,27,749586,2025-12-05,2026-06-05,,
Reverse the recent November price rise for ordering probate and will records,https://petition.parliament.uk/petitions/749593,open,20,749593,2025-12-08,2026-06-08,,
"Make sonographers a protected, regulated profession with qualifications & checks",https://petition.parliament.uk/petitions/749597,open,92,749597,2025-12-09,2026-06-09,,
Conduct a review on the placing of under 18s on adult NHS wards,https://petition.parliament.uk/petitions/749598,open,50,749598,2025-12-18,2026-06-18,,
Do not remove GCSE Computer Science,https://petition.parliament.uk/petitions/749601,open,23,749601,2025-12-12,2026-06-12,,
Amend the British Museum Act to allow artefact repatriation,https://petition.parliament.uk/petitions/749602,open,32,749602,2025-12-17,2026-06-17,,
Review support for disabled people in accessing employment tribunals,https://petition.parliament.uk/petitions/749613,open,36,749613,2025-12-08,2026-06-08,,
Mandate by-elections for Councillors who change parties post-election,https://petition.parliament.uk/petitions/749622,open,62,749622,2025-12-15,2026-06-15,,
Abolish the Energy Profits Levy & review the tax regime for North Sea energy,https://petition.parliament.uk/petitions/749647,open,31,749647,2025-12-10,2026-06-10,,
Ban fireworks in residential areas to prevent stress to people and animals,https://petition.parliament.uk/petitions/749665,open,198,749665,2025-12-10,2026-06-10,,
Do not introduce pay-per-mile road charging for UK drivers,https://petition.parliament.uk/petitions/749667,open,95,749667,2025-12-09,2026-06-09,,
Ban party to put forward candidate if it has broken manifesto commitments,https://petition.parliament.uk/petitions/749686,open,23,749686,2025-12-15,2026-06-15,,
Make it illegal to be drunk in public places except licensed venues,https://petition.parliament.uk/petitions/749705,open,18,749705,2025-12-08,2026-06-08,,
Make it mandatory for every workplace to have a specialist Domestic Abuse Lead,https://petition.parliament.uk/petitions/749715,open,22,749715,2025-12-09,2026-06-09,,
Replace juries for domestic abuse and homicide cases with professional panels,https://petition.parliament.uk/petitions/749722,open,18,749722,2025-12-09,2026-06-09,,
Fund more student finance support for architecture students,https://petition.parliament.uk/petitions/749731,open,50,749731,2025-12-11,2026-06-11,,
Seek to establish an audit with France on expenditure securing our borders,https://petition.parliament.uk/petitions/749745,open,51,749745,2025-12-22,2026-06-22,,
Introduce an independent appeals panel for school absences,https://petition.parliament.uk/petitions/749752,open,3211,749752,2025-12-08,2026-06-08,,
Approve and implement the EHRC guidance on meaning of sex in the Equality Act,https://petition.parliament.uk/petitions/749761,open,24,749761,2025-12-15,2026-06-15,,
Increase the maximum sentence for coercive control to 10 years,https://petition.parliament.uk/petitions/749763,open,85,749763,2025-12-10,2026-06-10,,
Review the justice system to stop repeat offenders and multiple convictions,https://petition.parliament.uk/petitions/749780,open,39,749780,2025-12-10,2026-06-10,,
Ban purchasing & owning African Pygmy Hedgehogs,https://petition.parliament.uk/petitions/749824,open,98,749824,2025-12-09,2026-06-09,,
Make people with cancer and unable to work automatically entitled to PIP,https://petition.parliament.uk/petitions/749828,open,68,749828,2025-12-08,2026-06-08,,
"Improve NHS diagnosis, treatment, and awareness of TMJ (jaw joint) disorders.",https://petition.parliament.uk/petitions/749857,open,469,749857,2025-12-09,2026-06-09,,
Stop all legal immigration to UK for workers earning less than £80000 a year,https://petition.parliament.uk/petitions/749860,open,73,749860,2025-12-19,2026-06-19,,
Require domestic cats to be kept inside April-September and wear belled collars,https://petition.parliament.uk/petitions/749863,open,38,749863,2025-12-16,2026-06-16,,
Fund free NHS dental care for people with epilepsy,https://petition.parliament.uk/petitions/749888,open,34,749888,2025-12-09,2026-06-09,,
Do not introduce the Vaping Products Duty,https://petition.parliament.uk/petitions/749889,open,9,749889,2025-12-19,2026-06-19,,
Reduce the time of day that fireworks can be set off to between 5pm & 8pm,https://petition.parliament.uk/petitions/749900,open,57,749900,2025-12-10,2026-06-10,,
Make 5 November a bank holiday.,https://petition.parliament.uk/petitions/749911,open,26,749911,2025-12-10,2026-06-10,,
Make sign language a compulsory subject in secondary schools across England,https://petition.parliament.uk/petitions/749914,open,33,749914,2025-12-10,2026-06-10,,
Fund supported living for all autistic adults,https://petition.parliament.uk/petitions/749915,open,157,749915,2025-12-09,2026-06-09,,
Increase funding for more ambulances and A&E places,https://petition.parliament.uk/petitions/749929,open,42,749929,2025-12-10,2026-06-10,,
"Make defibrillators, bleed kits and their cabinets VAT free for all",https://petition.parliament.uk/petitions/749931,open,404,749931,2025-12-09,2026-06-09,,
Mandate food businesses keep nut containing products separate,https://petition.parliament.uk/petitions/749944,open,17,749944,2025-12-09,2026-06-09,,
"Allow all EU, EEA and Swiss nationals to enter UK with ID card",https://petition.parliament.uk/petitions/749953,open,239,749953,2025-12-09,2026-06-09,,
Commission an independent review of the BBC funding model,https://petition.parliament.uk/petitions/749957,open,48,749957,2025-12-16,2026-06-16,,
Permit off-duty police & (ex)military to carry batons for public safety,https://petition.parliament.uk/petitions/749971,open,15,749971,2025-12-15,2026-06-15,,
Add Traffic Lights for Additives & Ultra-Processed Foods to FSA Labels,https://petition.parliament.uk/petitions/749974,open,23,749974,2025-12-19,2026-06-19,,
Reinstate the NI Legacy Act protecting veterans from prosecution,https://petition.parliament.uk/petitions/749979,open,33,749979,2025-12-16,2026-06-16,,
Require stricter evidence thresholds for DVLA to start medical investigations,https://petition.parliament.uk/petitions/750000,open,74,750000,2025-12-12,2026-06-12,,
Ban use of fireworks for bonfire night celebrations on days other than 5th Nov,https://petition.parliament.uk/petitions/750008,open,28,750008,2025-12-24,2026-06-24,,
"Exempt carers from speed limits in emergencies, fund sirens on their vehicles",https://petition.parliament.uk/petitions/750039,open,13,750039,2025-12-11,2026-06-11,,
Cap the price of pregnancy ultrasound scans in private clinics,https://petition.parliament.uk/petitions/750041,open,36,750041,2025-12-10,2026-06-10,,
Introduce mandatory sewing & textile lessons into the National Curriculum & EYFS,https://petition.parliament.uk/petitions/750044,open,39,750044,2025-12-24,2026-06-24,,
Dissolve Parliament and call a General Election now!,https://petition.parliament.uk/petitions/750050,open,4379,750050,2025-12-10,2026-06-10,,
Require all dogs to be kept on leads in public places,https://petition.parliament.uk/petitions/750056,open,52,750056,2025-12-12,2026-06-12,,
Strengthen rules on collecting taxes on all overseas sales to UK under £135,https://petition.parliament.uk/petitions/750087,open,23,750087,2025-12-10,2026-06-10,,
Make Japanese Knotweed surveys mandatory when selling property,https://petition.parliament.uk/petitions/750103,open,21,750103,2025-12-16,2026-06-16,,
Make assaulting a security worker a standalone offence,https://petition.parliament.uk/petitions/750121,open,1062,750121,2025-12-09,2026-06-09,,
"Ban ultra-processed foods, sweets, takeaways, energy drinks and sweeteners",https://petition.parliament.uk/petitions/750129,open,22,750129,2025-12-16,2026-06-16,,
Ban technology that enables pharmacies to auto renominate EPS patients in bulk,https://petition.parliament.uk/petitions/750144,open,679,750144,2025-12-19,2026-06-19,,
"Limit fireworks & bonfires to Nov 5th & closest Saturday, new timeframe & fines",https://petition.parliament.uk/petitions/750155,open,45,750155,2025-12-19,2026-06-19,,
Mandate all restaurants with soft play to have qualified first aiders,https://petition.parliament.uk/petitions/750163,open,40,750163,2025-12-15,2026-06-15,,
Establish BBC compensation scheme,https://petition.parliament.uk/petitions/750176,open,35,750176,2025-12-15,2026-06-15,,
Do not ban fireworks - make them available to purchase from age 21,https://petition.parliament.uk/petitions/750191,open,12,750191,2025-12-12,2026-06-12,,
Redirect 10% of annual Net Zero spend to Build Sea Defences,https://petition.parliament.uk/petitions/750193,open,23,750193,2025-12-17,2026-06-17,,
Review Family Law to Prevent False Domestic Abuse Allegations,https://petition.parliament.uk/petitions/750199,open,21,750199,2025-12-17,2026-06-17,,
Ban large solar farms on high-quality farmland and mandate BESS safety zones,https://petition.parliament.uk/petitions/750205,open,1066,750205,2025-12-15,2026-06-15,,
Require parliamentary candidates publish five years of tax returns,https://petition.parliament.uk/petitions/750212,open,166,750212,2025-12-09,2026-06-09,,
Ban both private and public use of fireworks & replace with cleaner alternatives,https://petition.parliament.uk/petitions/750214,open,56,750214,2025-12-10,2026-06-10,,
Ban the use of live animals in Local Authority organised parades and events,https://petition.parliament.uk/petitions/750222,open,39,750222,2025-12-15,2026-06-15,,
Do not merge section 1 & 2 regulations on firearms licenses,https://petition.parliament.uk/petitions/750236,open,109922,750236,2025-12-11,2026-06-11,2025-12-21,
Remove electronic devices from paedophiles' and child murderers' prison cells,https://petition.parliament.uk/petitions/750238,open,34,750238,2025-12-19,2026-06-19,,
Provide an exact number of prisoners who have murdered children aged under 16,https://petition.parliament.uk/petitions/750239,open,14,750239,2025-12-19,2026-06-19,,
Improve safety for E-Bikes and E-Scooters to reduce injuries,https://petition.parliament.uk/petitions/750250,open,125,750250,2025-12-15,2026-06-15,,
Make slush ice drinks “slushies” illegal for children under 16,https://petition.parliament.uk/petitions/750260,open,45,750260,2025-12-12,2026-06-12,,
Review fairness of Vehicle Excise Duty,https://petition.parliament.uk/petitions/750265,open,29,750265,2025-12-18,2026-06-18,,
Allow stun guns or tasers to be carried and used in self defence,https://petition.parliament.uk/petitions/750275,open,46,750275,2025-12-12,2026-06-12,,
Review access to mental health care for children & YP with learning disabilities,https://petition.parliament.uk/petitions/750284,open,44,750284,2025-12-16,2026-06-16,,
"Give pensioners access to PIP, as they are currently excluded from pension age",https://petition.parliament.uk/petitions/750290,open,47,750290,2025-12-12,2026-06-12,,
Cap service charges & require publication of how they are calculated and spent,https://petition.parliament.uk/petitions/750294,open,76,750294,2025-12-22,2026-06-22,,
8 week benefit transition period for working people in supported accommodation,https://petition.parliament.uk/petitions/750306,open,18,750306,2025-12-15,2026-06-15,,
Fund training for young entrepreneurs and create tax incentives,https://petition.parliament.uk/petitions/750374,open,17,750374,2025-12-18,2026-06-18,,
Require a 2/3 Commons majority for unmandated tax hikes not in a manifesto,https://petition.parliament.uk/petitions/750387,open,96,750387,2025-12-16,2026-06-16,,
"Ban organisations from sending emails or text messages from ""no reply"" sources.",https://petition.parliament.uk/petitions/750389,open,57,750389,2025-12-16,2026-06-16,,
Give all parents the legal right to participate in their child’s funeral,https://petition.parliament.uk/petitions/750415,open,742,750415,2025-12-12,2026-06-12,,
Create a searchable register of those convicted of serious animal cruelty,https://petition.parliament.uk/petitions/750427,open,151,750427,2025-12-12,2026-06-12,,
Allow shared benefits for children in split families,https://petition.parliament.uk/petitions/750439,open,19,750439,2025-12-17,2026-06-17,,
Strengthen laws & penalties for online harassment/stalking and improve support,https://petition.parliament.uk/petitions/750441,open,33,750441,2025-12-15,2026-06-15,,
End the one in one out migrant deal with France and detain illegal migrants ,https://petition.parliament.uk/petitions/750449,open,63,750449,2025-12-18,2026-06-18,,
Ring-fence BBC Licence Fee Funds to protect them from foreign Lawsuits,https://petition.parliament.uk/petitions/750465,open,41,750465,2025-12-16,2026-06-16,,
Lower the joint combined income needed for a UK spouse visa to £18000,https://petition.parliament.uk/petitions/750470,open,48,750470,2025-12-17,2026-06-17,,
Introduce regulation limiting estate agent contracts to a maximum of 28 days,https://petition.parliament.uk/petitions/750475,open,15,750475,2025-12-16,2026-06-16,,
Require licence for all dog breeding in the UK and bring in new ownership laws,https://petition.parliament.uk/petitions/750481,open,39,750481,2025-12-16,2026-06-16,,
Fund cancer immunotherapy treatments beyond 2 years for everyone,https://petition.parliament.uk/petitions/750487,open,147,750487,2025-12-16,2026-06-16,,
Change the law to exempt church clock chimes from noise abatement regulations,https://petition.parliament.uk/petitions/750505,open,47,750505,2025-12-19,2026-06-19,,
Equalise the child benefit with UC child element & expand eligibility,https://petition.parliament.uk/petitions/750511,open,14,750511,2025-12-16,2026-06-16,,
Make the UK driving theory test pass mark 40 instead of 43,https://petition.parliament.uk/petitions/750531,open,21,750531,2025-12-15,2026-06-15,,
Make it a crime to abandon someone in immediate danger without seeking help,https://petition.parliament.uk/petitions/750545,open,1054,750545,2025-12-22,2026-06-22,,
Ban the use of driver-facing cameras in HGVs and company vehicles,https://petition.parliament.uk/petitions/750574,open,69,750574,2025-12-16,2026-06-16,,
"Halt proposed NHS redundancies affecting 18,000 staff pending impact assessment",https://petition.parliament.uk/petitions/750576,open,8621,750576,2025-12-16,2026-06-16,,
Replace the RSHE curriculum with life skills,https://petition.parliament.uk/petitions/750580,open,18,750580,2025-12-18,2026-06-18,,
Fund the import of estradiol implants for women with menopause,https://petition.parliament.uk/petitions/750585,open,29,750585,2025-12-16,2026-06-16,,
Continue allowing driving instructors & driving schools to book and manage tests,https://petition.parliament.uk/petitions/750596,open,21,750596,2025-12-22,2026-06-22,,
Legislate to require drivers to report collisions with cats,https://petition.parliament.uk/petitions/750612,open,2960,750612,2025-12-17,2026-06-17,,
Make Armistice Day a bank holiday,https://petition.parliament.uk/petitions/750643,open,40,750643,2025-12-19,2026-06-19,,
Reform ADR rules & introduce a family visa for elderly parents living abroad,https://petition.parliament.uk/petitions/750644,open,29,750644,2025-12-17,2026-06-17,,
Change the law so that marriage does not automatically cancel a person’s will,https://petition.parliament.uk/petitions/750658,open,45,750658,2025-12-16,2026-06-16,,
Give Next of Kin Named on Death Certificate Automatic Access to Medical Records,https://petition.parliament.uk/petitions/750674,open,20,750674,2025-12-16,2026-06-16,,
Autism & ADHD Screening Mandatory for Women Before Diagnosis of Mood Disorders,https://petition.parliament.uk/petitions/750703,open,43,750703,2025-12-15,2026-06-15,,
Government to fund a campaign about skin care,https://petition.parliament.uk/petitions/750705,open,29,750705,2025-12-17,2026-06-17,,
Provide funding for NHS nurse's NMC PINs to work,https://petition.parliament.uk/petitions/750706,open,20,750706,2025-12-16,2026-06-16,,
Require anyone standing for MP to have prior business experience,https://petition.parliament.uk/petitions/750739,open,63,750739,2025-12-17,2026-06-17,,
Ban spikes on residential shared fences for the safety of wildlife and pets,https://petition.parliament.uk/petitions/750746,open,30,750746,2025-12-22,2026-06-22,,
Increase minimum sentence for carrying a knife to 10 years,https://petition.parliament.uk/petitions/750758,open,33,750758,2025-12-17,2026-06-17,,
"Fund vouchers for free from, vegan & gluten free items for people with allergies",https://petition.parliament.uk/petitions/750775,open,56,750775,2025-12-17,2026-06-17,,
Make education about autism spectrum disorder mandatory for healthcare workers,https://petition.parliament.uk/petitions/750779,open,53,750779,2025-12-17,2026-06-17,,
"Introduce a new 30% tax rate for income earnings between £50,271 - £100,000",https://petition.parliament.uk/petitions/750780,open,22,750780,2025-12-23,2026-06-23,,
Review settlement rules for the skilled worker visa holders - ILR after 3 years,https://petition.parliament.uk/petitions/750791,open,16,750791,2025-12-16,2026-06-16,,
Provide more funding for children with SEN in schools,https://petition.parliament.uk/petitions/750793,open,32,750793,2025-12-18,2026-06-18,,
Require CCTV in all early years settings,https://petition.parliament.uk/petitions/750797,open,20,750797,2025-12-16,2026-06-16,,
Rename ‘BBC licence fee’ to ‘BBC subscription,https://petition.parliament.uk/petitions/750806,open,31,750806,2025-12-17,2026-06-17,,
Require all online businesses to have a 24/7 customer support helpline,https://petition.parliament.uk/petitions/750820,open,15,750820,2025-12-17,2026-06-17,,
Government to review car insurance pricing and impose cap on increases,https://petition.parliament.uk/petitions/750835,open,33,750835,2025-12-17,2026-06-17,,
Review and introduce safer prescribing regulations for topical corticosteroids,https://petition.parliament.uk/petitions/750863,open,162,750863,2025-12-18,2026-06-18,,
Create legal definition for Maternity Nurse role,https://petition.parliament.uk/petitions/750866,open,162,750866,2025-12-18,2026-06-18,,
Mandate domestic violence training for all family court & social workers,https://petition.parliament.uk/petitions/750881,open,38,750881,2025-12-16,2026-06-16,,
Fund NHS access to Tofersen for all people with SOD-1 Motor Neuron Disease,https://petition.parliament.uk/petitions/750887,open,26,750887,2025-12-17,2026-06-17,,
Require NHS to use pulse oximeters accurate for all skin tones,https://petition.parliament.uk/petitions/750929,open,48,750929,2025-12-19,2026-06-19,,
Hold a referendum on the re-introduction of capital punishment for murder,https://petition.parliament.uk/petitions/750935,open,31,750935,2025-12-16,2026-06-16,,
Add Zambia to the list of 'designated countries' for driving licence exchange,https://petition.parliament.uk/petitions/750936,open,188,750936,2025-12-19,2026-06-19,,
Reduce Child ILR from 7 to 5 Years; End Part Suitability Rule.,https://petition.parliament.uk/petitions/750938,open,67,750938,2025-12-22,2026-06-22,,
Create shared database for professionals to log concerns about children's safety,https://petition.parliament.uk/petitions/750942,open,36,750942,2025-12-16,2026-06-16,,
Require DBS checks for all contractors for housing associations and councils,https://petition.parliament.uk/petitions/750973,open,26,750973,2025-12-16,2026-06-16,,
Increase funding for sustainable energy sources,https://petition.parliament.uk/petitions/750975,open,45,750975,2025-12-18,2026-06-18,,
Establish national UFO reporting office & cooperate with other countries on UFOs,https://petition.parliament.uk/petitions/750981,open,109,750981,2025-12-18,2026-06-18,,
Hold an inquiry into the status of the Sino-British Joint Declaration,https://petition.parliament.uk/petitions/751004,open,1528,751004,2025-12-16,2026-06-16,,
"NHS funding for egg freezing, for those suffering from endometriosis.",https://petition.parliament.uk/petitions/751009,open,34,751009,2025-12-16,2026-06-16,,
Launch a review into student finance maintenance loan thresholds ,https://petition.parliament.uk/petitions/751019,open,18,751019,2025-12-18,2026-06-18,,
Give self-employed fathers paternity allowance & increase leave to 4 weeks,https://petition.parliament.uk/petitions/751026,open,37,751026,2025-12-16,2026-06-16,,
Stop the proposed changes in “Restoring Order and Control” asylum policy paper,https://petition.parliament.uk/petitions/751033,open,61,751033,2025-12-19,2026-06-19,,
"Require serial numbers, ID checks, licences and age 21 limit for all knife sales",https://petition.parliament.uk/petitions/751049,open,23,751049,2025-12-22,2026-06-22,,
Ban factories from producing single use plastic bottles for still drinks,https://petition.parliament.uk/petitions/751050,open,53,751050,2025-12-19,2026-06-19,,
Reduce Fuel Duty to below £0.20 per litre,https://petition.parliament.uk/petitions/751060,open,33,751060,2025-12-16,2026-06-16,,
Fund extensive support for victims of grooming gangs,https://petition.parliament.uk/petitions/751068,open,82,751068,2025-12-17,2026-06-17,,
Allow under 16s to work full time,https://petition.parliament.uk/petitions/751077,open,9,751077,2025-12-15,2026-06-15,,
End Partisan/Electoral governance & use a Sortition governance system,https://petition.parliament.uk/petitions/751090,open,33,751090,2025-12-18,2026-06-18,,
Require animal crossing road signs and lower speed limits in residential areas,https://petition.parliament.uk/petitions/751094,open,22,751094,2025-12-19,2026-06-19,,
Stop criminalisation of parents who take children abroad due to domestic abuse,https://petition.parliament.uk/petitions/751100,open,102,751100,2025-12-19,2026-06-19,,
Remove tax on alcohol served in pubs and raise it for alcohol in supermarkets,https://petition.parliament.uk/petitions/751110,open,44,751110,2025-12-19,2026-06-19,,
"Review & strengthen DBS checks for risks, create lifetime safeguarding records",https://petition.parliament.uk/petitions/751115,open,64,751115,2025-12-19,2026-06-19,,
End men’s financial responsibilities in cases of deceptive conception,https://petition.parliament.uk/petitions/751119,open,28,751119,2025-12-24,2026-06-24,,
Fund extracurricular activities for children from low income backgrounds,https://petition.parliament.uk/petitions/751133,open,28,751133,2025-12-19,2026-06-19,,
Ban elected officials from holding or running for foreign public office,https://petition.parliament.uk/petitions/751136,open,38,751136,2025-12-17,2026-06-17,,
Ban the use of bio-beads in water treatment works,https://petition.parliament.uk/petitions/751158,open,49,751158,2025-12-18,2026-06-18,,
Reassess CMS calculations to include assets and non-PAYE income for parents,https://petition.parliament.uk/petitions/751159,open,36,751159,2025-12-16,2026-06-16,,
"Diplomatic pressure, sanctions & aid to address attacks on Christians in Nigeria",https://petition.parliament.uk/petitions/751175,open,35,751175,2025-12-22,2026-06-22,,
Ban Government bodies from describing taxpayer-funded services as “free”,https://petition.parliament.uk/petitions/751177,open,11111,751177,2025-12-18,2026-06-18,,
Reduce the proposed Core Protection settlement route from 20 years to 10 years,https://petition.parliament.uk/petitions/751181,open,23,751181,2025-12-22,2026-06-22,,
Require a referendum for the establishment of any combined mayoral authority,https://petition.parliament.uk/petitions/751188,open,34,751188,2025-12-18,2026-06-18,,
Review PRS homes run by social landlords and require fair redress,https://petition.parliament.uk/petitions/751208,open,27,751208,2025-12-19,2026-06-19,,
Revise the Current 'Right to Repair' regulations,https://petition.parliament.uk/petitions/751222,open,48,751222,2025-12-18,2026-06-18,,
Require that there are trained disclosure officers in all spas and hotels,https://petition.parliament.uk/petitions/751223,open,17,751223,2025-12-22,2026-06-22,,
Ban the Use of E171 (Titanium Dioxide) in Food Products in the UK,https://petition.parliament.uk/petitions/751238,open,24,751238,2025-12-16,2026-06-16,,
The Northern Ireland Troubles Bill should be withdrawn,https://petition.parliament.uk/petitions/751251,open,22,751251,2025-12-18,2026-06-18,,
Stop driverless cars coming to UK,https://petition.parliament.uk/petitions/751258,open,294,751258,2025-12-17,2026-06-17,,
Keep the 5-year pathway for all legal immigrants to apply for ILR,https://petition.parliament.uk/petitions/751293,open,140,751293,2025-12-19,2026-06-19,,
Abolish all written/timed exams in every GCSE/A-Level & make them practical,https://petition.parliament.uk/petitions/751308,open,18,751308,2025-12-19,2026-06-19,,
Do not extend ILR qualifying period for RQF6 & below workers,https://petition.parliament.uk/petitions/751314,open,29,751314,2025-12-19,2026-06-19,,
Hold a referendum on banning housing developments in the green belt,https://petition.parliament.uk/petitions/751323,open,46,751323,2025-12-19,2026-06-19,,
Require mothers to list the father (if known) on birth certificate if safe to do,https://petition.parliament.uk/petitions/751338,open,43,751338,2025-12-18,2026-06-18,,
Reform UK Energy Standing Charges,https://petition.parliament.uk/petitions/751357,open,914,751357,2025-12-19,2026-06-19,,
Incorporate bible studies into the education curriculum,https://petition.parliament.uk/petitions/751370,open,62,751370,2025-12-19,2026-06-19,,
"Reform nurse education funding, cancel debt & reinstate bursaries",https://petition.parliament.uk/petitions/751371,open,43,751371,2025-12-22,2026-06-22,,
Stop MPs and Ministers from attributing extreme political views to the public,https://petition.parliament.uk/petitions/751381,open,67,751381,2025-12-18,2026-06-18,,
Stop the cancellation of Local Elections to help uphold democracy,https://petition.parliament.uk/petitions/751384,open,1648,751384,2025-12-19,2026-06-19,,
Stop High Powered 1.3g Fireworks being sold to retailers in the UK,https://petition.parliament.uk/petitions/751386,open,43,751386,2025-12-19,2026-06-19,,
Do not change indefinite leave to remain for family visa to 10 years,https://petition.parliament.uk/petitions/751389,open,34,751389,2025-12-19,2026-06-19,,
Ensure access to non-whole meal flour without folic acid fortification,https://petition.parliament.uk/petitions/751401,open,13,751401,2025-12-24,2026-06-24,,
NHS-funded rehabilitation to be made more accessible for FND patients,https://petition.parliament.uk/petitions/751405,open,20,751405,2025-12-19,2026-06-19,,
Introduce statutory paid leave for 1 parent if child too ill for school/nursery,https://petition.parliament.uk/petitions/751432,open,499,751432,2025-12-19,2026-06-19,,
Keep the 5-Year ILR route for refugees. Do not extend it to 10 or 20 years,https://petition.parliament.uk/petitions/751443,open,3495,751443,2025-12-22,2026-06-22,,
Fund mental health training for registered nurses,https://petition.parliament.uk/petitions/751445,open,27,751445,2025-12-19,2026-06-19,,
5 year ILR route for those with UK university higher education qualification,https://petition.parliament.uk/petitions/751479,open,16,751479,2025-12-19,2026-06-19,,
Do not remove trial by jury for certain cases,https://petition.parliament.uk/petitions/751480,open,213,751480,2025-12-18,2026-06-18,,
Keep the 5-year ILR pathway and restrict benefits & citizenship for 5 more years,https://petition.parliament.uk/petitions/751490,open,80,751490,2025-12-19,2026-06-19,,
Hold MPs accountable for misleading statements and apply sanctions,https://petition.parliament.uk/petitions/751495,open,49,751495,2025-12-19,2026-06-19,,
"Keep 5-year ILR for Skilled Workers & dependents who come before April 2026
",https://petition.parliament.uk/petitions/751505,open,27,751505,2025-12-19,2026-06-19,,
Launch a review of UK fishing laws,https://petition.parliament.uk/petitions/751509,open,791,751509,2025-12-19,2026-06-19,,
Mandate creation of a no-fly list banning air rage passengers for 5 years,https://petition.parliament.uk/petitions/751511,open,25,751511,2025-12-19,2026-06-19,,
Require social housing storage spaces for buggies of families above ground floor,https://petition.parliament.uk/petitions/751519,open,28,751519,2025-12-19,2026-06-19,,
Legally require drivers who hit a cat to take them to a vet,https://petition.parliament.uk/petitions/751525,open,57,751525,2025-12-18,2026-06-18,,
Count waiting time from Covid-19 Home Office delays toward ILR 5-year residence,https://petition.parliament.uk/petitions/751526,open,550,751526,2025-12-19,2026-06-19,,
Create a Renewable Open Work Permit for Sponsored Workers,https://petition.parliament.uk/petitions/751532,open,31,751532,2025-12-22,2026-06-22,,
Review laws preventing under 18s from access to online sexual content ,https://petition.parliament.uk/petitions/751535,open,22,751535,2025-12-19,2026-06-19,,
Create a Ukrainian ILR route & ensure time on Ukraine visa schemes count to ILR,https://petition.parliament.uk/petitions/751548,open,57,751548,2025-12-19,2026-06-19,,
Allow all dependent children of Skilled Workers to pay home tuition fees,https://petition.parliament.uk/petitions/751574,open,140,751574,2025-12-22,2026-06-22,,
​Keep 5-year Indefinite Leave to Remain (ILR) for those already granted asylum.,https://petition.parliament.uk/petitions/751580,open,27,751580,2025-12-24,2026-06-24,,
Review BMI use in NHS care and school health assessments,https://petition.parliament.uk/petitions/751596,open,28,751596,2025-12-22,2026-06-22,,
"Ban the use of AI for image, video and audio creation",https://petition.parliament.uk/petitions/751635,open,376,751635,2025-12-19,2026-06-19,,
Create a dedicated ILR settlement route for international students,https://petition.parliament.uk/petitions/751676,open,34,751676,2025-12-19,2026-06-19,,
