,petition_id,petition_title,scheduled_debate_date,constituency_name,signature_count
0,700682,Urgently fulfil humanitarian obligations to Gaza,2025-11-24,Aldershot,203
1,700682,Urgently fulfil humanitarian obligations to Gaza,2025-11-24,Aldridge-Brownhills,87
2,700682,Urgently fulfil humanitarian obligations to Gaza,2025-11-24,Altrincham and Sale West,508
3,700682,Urgently fulfil humanitarian obligations to Gaza,2025-11-24,Amber Valley,81
4,700682,Urgently fulfil humanitarian obligations to Gaza,2025-11-24,Arundel and South Downs,291
5,700682,Urgently fulfil humanitarian obligations to Gaza,2025-11-24,Ashfield,48
6,700682,Urgently fulfil humanitarian obligations to Gaza,2025-11-24,Ashford,161
7,700682,Urgently fulfil humanitarian obligations to Gaza,2025-11-24,Ashton-under-Lyne,167
8,700682,Urgently fulfil humanitarian obligations to Gaza,2025-11-24,Aylesbury,240
9,700682,Urgently fulfil humanitarian obligations to Gaza,2025-11-24,Banbury,259
10,700682,Urgently fulfil humanitarian obligations to Gaza,2025-11-24,Barking,346
11,700682,Urgently fulfil humanitarian obligations to Gaza,2025-11-24,Barnsley North,77
12,700682,Urgently fulfil humanitarian obligations to Gaza,2025-11-24,Barnsley South,54
13,700682,Urgently fulfil humanitarian obligations to Gaza,2025-11-24,Barrow and Furness,107
14,700682,Urgently fulfil humanitarian obligations to Gaza,2025-11-24,Basildon and Billericay,125
15,700682,Urgently fulfil humanitarian obligations to Gaza,2025-11-24,Basingstoke,182
16,700682,Urgently fulfil humanitarian obligations to Gaza,2025-11-24,Bassetlaw,92
17,700682,Urgently fulfil humanitarian obligations to Gaza,2025-11-24,Bath,609
18,700682,Urgently fulfil humanitarian obligations to Gaza,2025-11-24,Battersea,839
19,700682,Urgently fulfil humanitarian obligations to Gaza,2025-11-24,Beaconsfield,288
20,700682,Urgently fulfil humanitarian obligations to Gaza,2025-11-24,Beckenham and Penge,766
21,700682,Urgently fulfil humanitarian obligations to Gaza,2025-11-24,Bedford,226
22,700682,Urgently fulfil humanitarian obligations to Gaza,2025-11-24,Bermondsey and Old Southwark,658
23,700682,Urgently fulfil humanitarian obligations to Gaza,2025-11-24,Bethnal Green and Stepney,1240
24,700682,Urgently fulfil humanitarian obligations to Gaza,2025-11-24,Beverley and Holderness,118
25,700682,Urgently fulfil humanitarian obligations to Gaza,2025-11-24,Bexhill and Battle,205
26,700682,Urgently fulfil humanitarian obligations to Gaza,2025-11-24,Bexleyheath and Crayford,147
27,700682,Urgently fulfil humanitarian obligations to Gaza,2025-11-24,Bicester and Woodstock,322
28,700682,Urgently fulfil humanitarian obligations to Gaza,2025-11-24,Birkenhead,195
29,700682,Urgently fulfil humanitarian obligations to Gaza,2025-11-24,Birmingham Edgbaston,340
30,700682,Urgently fulfil humanitarian obligations to Gaza,2025-11-24,Birmingham Erdington,226
31,700682,Urgently fulfil humanitarian obligations to Gaza,2025-11-24,Birmingham Hall Green and Moseley,696
32,700682,Urgently fulfil humanitarian obligations to Gaza,2025-11-24,Birmingham Hodge Hill and Solihull North,244
33,700682,Urgently fulfil humanitarian obligations to Gaza,2025-11-24,Birmingham Ladywood,475
34,700682,Urgently fulfil humanitarian obligations to Gaza,2025-11-24,Birmingham Northfield,178
35,700682,Urgently fulfil humanitarian obligations to Gaza,2025-11-24,Birmingham Perry Barr,373
36,700682,Urgently fulfil humanitarian obligations to Gaza,2025-11-24,Birmingham Selly Oak,406
37,700682,Urgently fulfil humanitarian obligations to Gaza,2025-11-24,Birmingham Yardley,359
38,700682,Urgently fulfil humanitarian obligations to Gaza,2025-11-24,Bishop Auckland,77
39,700682,Urgently fulfil humanitarian obligations to Gaza,2025-11-24,Blackburn,603
40,700682,Urgently fulfil humanitarian obligations to Gaza,2025-11-24,Blackley and Middleton South,239
41,700682,Urgently fulfil humanitarian obligations to Gaza,2025-11-24,Blackpool North and Fleetwood,85
42,700682,Urgently fulfil humanitarian obligations to Gaza,2025-11-24,Blackpool South,77
43,700682,Urgently fulfil humanitarian obligations to Gaza,2025-11-24,Blaydon and Consett,147
44,700682,Urgently fulfil humanitarian obligations to Gaza,2025-11-24,Blyth and Ashington,62
45,700682,Urgently fulfil humanitarian obligations to Gaza,2025-11-24,Bognor Regis and Littlehampton,134
46,700682,Urgently fulfil humanitarian obligations to Gaza,2025-11-24,Bolsover,53
47,700682,Urgently fulfil humanitarian obligations to Gaza,2025-11-24,Bolton North East,250
48,700682,Urgently fulfil humanitarian obligations to Gaza,2025-11-24,Bolton South and Walkden,255
49,700682,Urgently fulfil humanitarian obligations to Gaza,2025-11-24,Bolton West,240
50,700682,Urgently fulfil humanitarian obligations to Gaza,2025-11-24,Bootle,190
51,700682,Urgently fulfil humanitarian obligations to Gaza,2025-11-24,Boston and Skegness,38
52,700682,Urgently fulfil humanitarian obligations to Gaza,2025-11-24,Bournemouth East,265
53,700682,Urgently fulfil humanitarian obligations to Gaza,2025-11-24,Bournemouth West,181
54,700682,Urgently fulfil humanitarian obligations to Gaza,2025-11-24,Bracknell,160
55,700682,Urgently fulfil humanitarian obligations to Gaza,2025-11-24,Bradford East,278
56,700682,Urgently fulfil humanitarian obligations to Gaza,2025-11-24,Bradford South,154
57,700682,Urgently fulfil humanitarian obligations to Gaza,2025-11-24,Bradford West,464
58,700682,Urgently fulfil humanitarian obligations to Gaza,2025-11-24,Braintree,153
59,700682,Urgently fulfil humanitarian obligations to Gaza,2025-11-24,Brent East,600
60,700682,Urgently fulfil humanitarian obligations to Gaza,2025-11-24,Brent West,394
61,700682,Urgently fulfil humanitarian obligations to Gaza,2025-11-24,Brentford and Isleworth,574
62,700682,Urgently fulfil humanitarian obligations to Gaza,2025-11-24,Brentwood and Ongar,244
63,700682,Urgently fulfil humanitarian obligations to Gaza,2025-11-24,Bridgwater,77
64,700682,Urgently fulfil humanitarian obligations to Gaza,2025-11-24,Bridlington and The Wolds,86
65,700682,Urgently fulfil humanitarian obligations to Gaza,2025-11-24,Brigg and Immingham,54
66,700682,Urgently fulfil humanitarian obligations to Gaza,2025-11-24,Brighton Kemptown and Peacehaven,608
67,700682,Urgently fulfil humanitarian obligations to Gaza,2025-11-24,Brighton Pavilion,1379
68,700682,Urgently fulfil humanitarian obligations to Gaza,2025-11-24,Bristol Central,992
69,700682,Urgently fulfil humanitarian obligations to Gaza,2025-11-24,Bristol East,1085
70,700682,Urgently fulfil humanitarian obligations to Gaza,2025-11-24,Bristol North East,560
71,700682,Urgently fulfil humanitarian obligations to Gaza,2025-11-24,Bristol North West,593
72,700682,Urgently fulfil humanitarian obligations to Gaza,2025-11-24,Bristol South,718
73,700682,Urgently fulfil humanitarian obligations to Gaza,2025-11-24,Broadland and Fakenham,158
74,700682,Urgently fulfil humanitarian obligations to Gaza,2025-11-24,Bromley and Biggin Hill,353
75,700682,Urgently fulfil humanitarian obligations to Gaza,2025-11-24,Bromsgrove,193
76,700682,Urgently fulfil humanitarian obligations to Gaza,2025-11-24,Broxbourne,145
77,700682,Urgently fulfil humanitarian obligations to Gaza,2025-11-24,Broxtowe,215
78,700682,Urgently fulfil humanitarian obligations to Gaza,2025-11-24,Buckingham and Bletchley,216
79,700682,Urgently fulfil humanitarian obligations to Gaza,2025-11-24,Burnley,209
80,700682,Urgently fulfil humanitarian obligations to Gaza,2025-11-24,Burton and Uttoxeter,144
81,700682,Urgently fulfil humanitarian obligations to Gaza,2025-11-24,Bury North,214
82,700682,Urgently fulfil humanitarian obligations to Gaza,2025-11-24,Bury South,306
83,700682,Urgently fulfil humanitarian obligations to Gaza,2025-11-24,Bury St Edmunds and Stowmarket,176
84,700682,Urgently fulfil humanitarian obligations to Gaza,2025-11-24,Calder Valley,385
85,700682,Urgently fulfil humanitarian obligations to Gaza,2025-11-24,Camborne and Redruth,272
86,700682,Urgently fulfil humanitarian obligations to Gaza,2025-11-24,Cambridge,551
87,700682,Urgently fulfil humanitarian obligations to Gaza,2025-11-24,Cannock Chase,76
88,700682,Urgently fulfil humanitarian obligations to Gaza,2025-11-24,Canterbury,361
89,700682,Urgently fulfil humanitarian obligations to Gaza,2025-11-24,Carlisle,172
90,700682,Urgently fulfil humanitarian obligations to Gaza,2025-11-24,Carshalton and Wallington,329
91,700682,Urgently fulfil humanitarian obligations to Gaza,2025-11-24,Castle Point,83
92,700682,Urgently fulfil humanitarian obligations to Gaza,2025-11-24,Central Devon,295
93,700682,Urgently fulfil humanitarian obligations to Gaza,2025-11-24,Central Suffolk and North Ipswich,164
94,700682,Urgently fulfil humanitarian obligations to Gaza,2025-11-24,Chatham and Aylesford,127
95,700682,Urgently fulfil humanitarian obligations to Gaza,2025-11-24,Cheadle,572
96,700682,Urgently fulfil humanitarian obligations to Gaza,2025-11-24,Chelmsford,269
97,700682,Urgently fulfil humanitarian obligations to Gaza,2025-11-24,Chelsea and Fulham,707
98,700682,Urgently fulfil humanitarian obligations to Gaza,2025-11-24,Cheltenham,314
99,700682,Urgently fulfil humanitarian obligations to Gaza,2025-11-24,Chesham and Amersham,326
100,700682,Urgently fulfil humanitarian obligations to Gaza,2025-11-24,Chester North and Neston,232
101,700682,Urgently fulfil humanitarian obligations to Gaza,2025-11-24,Chester South and Eddisbury,197
102,700682,Urgently fulfil humanitarian obligations to Gaza,2025-11-24,Chesterfield,115
103,700682,Urgently fulfil humanitarian obligations to Gaza,2025-11-24,Chichester,256
104,700682,Urgently fulfil humanitarian obligations to Gaza,2025-11-24,Chingford and Woodford Green,654
105,700682,Urgently fulfil humanitarian obligations to Gaza,2025-11-24,Chippenham,221
106,700682,Urgently fulfil humanitarian obligations to Gaza,2025-11-24,Chipping Barnet,482
107,700682,Urgently fulfil humanitarian obligations to Gaza,2025-11-24,Chorley,159
108,700682,Urgently fulfil humanitarian obligations to Gaza,2025-11-24,Christchurch,119
109,700682,Urgently fulfil humanitarian obligations to Gaza,2025-11-24,Cities of London and Westminster,694
110,700682,Urgently fulfil humanitarian obligations to Gaza,2025-11-24,City of Durham,179
111,700682,Urgently fulfil humanitarian obligations to Gaza,2025-11-24,Clacton,70
112,700682,Urgently fulfil humanitarian obligations to Gaza,2025-11-24,Clapham and Brixton Hill,1024
113,700682,Urgently fulfil humanitarian obligations to Gaza,2025-11-24,Colchester,223
114,700682,Urgently fulfil humanitarian obligations to Gaza,2025-11-24,Colne Valley,216
115,700682,Urgently fulfil humanitarian obligations to Gaza,2025-11-24,Congleton,154
116,700682,Urgently fulfil humanitarian obligations to Gaza,2025-11-24,Corby and East Northamptonshire,172
117,700682,Urgently fulfil humanitarian obligations to Gaza,2025-11-24,Coventry East,181
118,700682,Urgently fulfil humanitarian obligations to Gaza,2025-11-24,Coventry North West,224
119,700682,Urgently fulfil humanitarian obligations to Gaza,2025-11-24,Coventry South,297
120,700682,Urgently fulfil humanitarian obligations to Gaza,2025-11-24,Cramlington and Killingworth,124
121,700682,Urgently fulfil humanitarian obligations to Gaza,2025-11-24,Crawley,246
122,700682,Urgently fulfil humanitarian obligations to Gaza,2025-11-24,Crewe and Nantwich,132
123,700682,Urgently fulfil humanitarian obligations to Gaza,2025-11-24,Croydon East,398
124,700682,Urgently fulfil humanitarian obligations to Gaza,2025-11-24,Croydon South,432
125,700682,Urgently fulfil humanitarian obligations to Gaza,2025-11-24,Croydon West,429
126,700682,Urgently fulfil humanitarian obligations to Gaza,2025-11-24,Dagenham and Rainham,244
127,700682,Urgently fulfil humanitarian obligations to Gaza,2025-11-24,Darlington,127
128,700682,Urgently fulfil humanitarian obligations to Gaza,2025-11-24,Dartford,163
129,700682,Urgently fulfil humanitarian obligations to Gaza,2025-11-24,Daventry,186
130,700682,Urgently fulfil humanitarian obligations to Gaza,2025-11-24,Derby North,170
131,700682,Urgently fulfil humanitarian obligations to Gaza,2025-11-24,Derby South,143
132,700682,Urgently fulfil humanitarian obligations to Gaza,2025-11-24,Derbyshire Dales,190
133,700682,Urgently fulfil humanitarian obligations to Gaza,2025-11-24,Dewsbury and Batley,601
134,700682,Urgently fulfil humanitarian obligations to Gaza,2025-11-24,Didcot and Wantage,299
135,700682,Urgently fulfil humanitarian obligations to Gaza,2025-11-24,Doncaster Central,105
136,700682,Urgently fulfil humanitarian obligations to Gaza,2025-11-24,Doncaster East and the Isle of Axholme,68
137,700682,Urgently fulfil humanitarian obligations to Gaza,2025-11-24,Doncaster North,47
138,700682,Urgently fulfil humanitarian obligations to Gaza,2025-11-24,Dorking and Horley,295
139,700682,Urgently fulfil humanitarian obligations to Gaza,2025-11-24,Dover and Deal,173
140,700682,Urgently fulfil humanitarian obligations to Gaza,2025-11-24,Droitwich and Evesham,103
141,700682,Urgently fulfil humanitarian obligations to Gaza,2025-11-24,Dudley,66
142,700682,Urgently fulfil humanitarian obligations to Gaza,2025-11-24,Dulwich and West Norwood,1351
143,700682,Urgently fulfil humanitarian obligations to Gaza,2025-11-24,Dunstable and Leighton Buzzard,246
144,700682,Urgently fulfil humanitarian obligations to Gaza,2025-11-24,Ealing Central and Acton,901
145,700682,Urgently fulfil humanitarian obligations to Gaza,2025-11-24,Ealing North,405
146,700682,Urgently fulfil humanitarian obligations to Gaza,2025-11-24,Ealing Southall,512
147,700682,Urgently fulfil humanitarian obligations to Gaza,2025-11-24,Earley and Woodley,277
148,700682,Urgently fulfil humanitarian obligations to Gaza,2025-11-24,Easington,41
149,700682,Urgently fulfil humanitarian obligations to Gaza,2025-11-24,East Grinstead and Uckfield,317
150,700682,Urgently fulfil humanitarian obligations to Gaza,2025-11-24,East Ham,577
151,700682,Urgently fulfil humanitarian obligations to Gaza,2025-11-24,East Hampshire,249
152,700682,Urgently fulfil humanitarian obligations to Gaza,2025-11-24,East Surrey,296
153,700682,Urgently fulfil humanitarian obligations to Gaza,2025-11-24,East Thanet,507
154,700682,Urgently fulfil humanitarian obligations to Gaza,2025-11-24,East Wiltshire,180
155,700682,Urgently fulfil humanitarian obligations to Gaza,2025-11-24,East Worthing and Shoreham,404
156,700682,Urgently fulfil humanitarian obligations to Gaza,2025-11-24,Eastbourne,234
157,700682,Urgently fulfil humanitarian obligations to Gaza,2025-11-24,Eastleigh,174
158,700682,Urgently fulfil humanitarian obligations to Gaza,2025-11-24,Edmonton and Winchmore Hill,329
159,700682,Urgently fulfil humanitarian obligations to Gaza,2025-11-24,Ellesmere Port and Bromborough,114
160,700682,Urgently fulfil humanitarian obligations to Gaza,2025-11-24,Eltham and Chislehurst,382
161,700682,Urgently fulfil humanitarian obligations to Gaza,2025-11-24,Ely and East Cambridgeshire,288
162,700682,Urgently fulfil humanitarian obligations to Gaza,2025-11-24,Enfield North,363
163,700682,Urgently fulfil humanitarian obligations to Gaza,2025-11-24,Epping Forest,293
164,700682,Urgently fulfil humanitarian obligations to Gaza,2025-11-24,Epsom and Ewell,392
165,700682,Urgently fulfil humanitarian obligations to Gaza,2025-11-24,Erewash,108
166,700682,Urgently fulfil humanitarian obligations to Gaza,2025-11-24,Erith and Thamesmead,326
167,700682,Urgently fulfil humanitarian obligations to Gaza,2025-11-24,Esher and Walton,479
168,700682,Urgently fulfil humanitarian obligations to Gaza,2025-11-24,Exeter,322
169,700682,Urgently fulfil humanitarian obligations to Gaza,2025-11-24,Exmouth and Exeter East,192
170,700682,Urgently fulfil humanitarian obligations to Gaza,2025-11-24,Fareham and Waterlooville,120
171,700682,Urgently fulfil humanitarian obligations to Gaza,2025-11-24,Farnham and Bordon,339
172,700682,Urgently fulfil humanitarian obligations to Gaza,2025-11-24,Faversham and Mid Kent,205
173,700682,Urgently fulfil humanitarian obligations to Gaza,2025-11-24,Feltham and Heston,242
174,700682,Urgently fulfil humanitarian obligations to Gaza,2025-11-24,Filton and Bradley Stoke,306
175,700682,Urgently fulfil humanitarian obligations to Gaza,2025-11-24,Finchley and Golders Green,563
176,700682,Urgently fulfil humanitarian obligations to Gaza,2025-11-24,Folkestone and Hythe,280
177,700682,Urgently fulfil humanitarian obligations to Gaza,2025-11-24,Forest of Dean,189
178,700682,Urgently fulfil humanitarian obligations to Gaza,2025-11-24,Frome and East Somerset,394
179,700682,Urgently fulfil humanitarian obligations to Gaza,2025-11-24,Fylde,107
180,700682,Urgently fulfil humanitarian obligations to Gaza,2025-11-24,Gainsborough,99
181,700682,Urgently fulfil humanitarian obligations to Gaza,2025-11-24,Gateshead Central and Whickham,173
182,700682,Urgently fulfil humanitarian obligations to Gaza,2025-11-24,Gedling,235
183,700682,Urgently fulfil humanitarian obligations to Gaza,2025-11-24,Gillingham and Rainham,106
184,700682,Urgently fulfil humanitarian obligations to Gaza,2025-11-24,Glastonbury and Somerton,268
185,700682,Urgently fulfil humanitarian obligations to Gaza,2025-11-24,Gloucester,192
186,700682,Urgently fulfil humanitarian obligations to Gaza,2025-11-24,Godalming and Ash,361
187,700682,Urgently fulfil humanitarian obligations to Gaza,2025-11-24,Goole and Pocklington,146
188,700682,Urgently fulfil humanitarian obligations to Gaza,2025-11-24,Gorton and Denton,450
189,700682,Urgently fulfil humanitarian obligations to Gaza,2025-11-24,Gosport,88
190,700682,Urgently fulfil humanitarian obligations to Gaza,2025-11-24,Grantham and Bourne,133
191,700682,Urgently fulfil humanitarian obligations to Gaza,2025-11-24,Gravesham,182
192,700682,Urgently fulfil humanitarian obligations to Gaza,2025-11-24,Great Grimsby and Cleethorpes,74
193,700682,Urgently fulfil humanitarian obligations to Gaza,2025-11-24,Great Yarmouth,81
194,700682,Urgently fulfil humanitarian obligations to Gaza,2025-11-24,Greenwich and Woolwich,643
195,700682,Urgently fulfil humanitarian obligations to Gaza,2025-11-24,Guildford,333
196,700682,Urgently fulfil humanitarian obligations to Gaza,2025-11-24,Hackney North and Stoke Newington,1834
197,700682,Urgently fulfil humanitarian obligations to Gaza,2025-11-24,Hackney South and Shoreditch,1658
198,700682,Urgently fulfil humanitarian obligations to Gaza,2025-11-24,Halesowen,128
199,700682,Urgently fulfil humanitarian obligations to Gaza,2025-11-24,Halifax,222
200,700682,Urgently fulfil humanitarian obligations to Gaza,2025-11-24,Hamble Valley,164
201,700682,Urgently fulfil humanitarian obligations to Gaza,2025-11-24,Hammersmith and Chiswick,762
202,700682,Urgently fulfil humanitarian obligations to Gaza,2025-11-24,Hampstead and Highgate,912
203,700682,Urgently fulfil humanitarian obligations to Gaza,2025-11-24,"Harborough, Oadby and Wigston",326
204,700682,Urgently fulfil humanitarian obligations to Gaza,2025-11-24,Harlow,146
205,700682,Urgently fulfil humanitarian obligations to Gaza,2025-11-24,Harpenden and Berkhamsted,396
206,700682,Urgently fulfil humanitarian obligations to Gaza,2025-11-24,Harrogate and Knaresborough,253
207,700682,Urgently fulfil humanitarian obligations to Gaza,2025-11-24,Harrow East,331
208,700682,Urgently fulfil humanitarian obligations to Gaza,2025-11-24,Harrow West,435
209,700682,Urgently fulfil humanitarian obligations to Gaza,2025-11-24,Hartlepool,82
210,700682,Urgently fulfil humanitarian obligations to Gaza,2025-11-24,Harwich and North Essex,164
211,700682,Urgently fulfil humanitarian obligations to Gaza,2025-11-24,Hastings and Rye,538
212,700682,Urgently fulfil humanitarian obligations to Gaza,2025-11-24,Havant,107
213,700682,Urgently fulfil humanitarian obligations to Gaza,2025-11-24,Hayes and Harlington,229
214,700682,Urgently fulfil humanitarian obligations to Gaza,2025-11-24,Hazel Grove,277
215,700682,Urgently fulfil humanitarian obligations to Gaza,2025-11-24,Hemel Hempstead,218
216,700682,Urgently fulfil humanitarian obligations to Gaza,2025-11-24,Hendon,392
217,700682,Urgently fulfil humanitarian obligations to Gaza,2025-11-24,Henley and Thame,325
218,700682,Urgently fulfil humanitarian obligations to Gaza,2025-11-24,Hereford and South Herefordshire,216
219,700682,Urgently fulfil humanitarian obligations to Gaza,2025-11-24,Herne Bay and Sandwich,214
220,700682,Urgently fulfil humanitarian obligations to Gaza,2025-11-24,Hertford and Stortford,343
221,700682,Urgently fulfil humanitarian obligations to Gaza,2025-11-24,Hertsmere,234
222,700682,Urgently fulfil humanitarian obligations to Gaza,2025-11-24,Hexham,271
223,700682,Urgently fulfil humanitarian obligations to Gaza,2025-11-24,Heywood and Middleton North,185
224,700682,Urgently fulfil humanitarian obligations to Gaza,2025-11-24,High Peak,262
225,700682,Urgently fulfil humanitarian obligations to Gaza,2025-11-24,Hinckley and Bosworth,119
226,700682,Urgently fulfil humanitarian obligations to Gaza,2025-11-24,Hitchin,398
227,700682,Urgently fulfil humanitarian obligations to Gaza,2025-11-24,Holborn and St Pancras,876
228,700682,Urgently fulfil humanitarian obligations to Gaza,2025-11-24,Honiton and Sidmouth,183
229,700682,Urgently fulfil humanitarian obligations to Gaza,2025-11-24,Hornchurch and Upminster,175
230,700682,Urgently fulfil humanitarian obligations to Gaza,2025-11-24,Hornsey and Friern Barnet,1218
231,700682,Urgently fulfil humanitarian obligations to Gaza,2025-11-24,Horsham,258
232,700682,Urgently fulfil humanitarian obligations to Gaza,2025-11-24,Houghton and Sunderland South,79
233,700682,Urgently fulfil humanitarian obligations to Gaza,2025-11-24,Hove and Portslade,1017
234,700682,Urgently fulfil humanitarian obligations to Gaza,2025-11-24,Huddersfield,235
235,700682,Urgently fulfil humanitarian obligations to Gaza,2025-11-24,Huntingdon,201
236,700682,Urgently fulfil humanitarian obligations to Gaza,2025-11-24,Hyndburn,154
237,700682,Urgently fulfil humanitarian obligations to Gaza,2025-11-24,Ilford North,602
238,700682,Urgently fulfil humanitarian obligations to Gaza,2025-11-24,Ilford South,576
239,700682,Urgently fulfil humanitarian obligations to Gaza,2025-11-24,Ipswich,213
240,700682,Urgently fulfil humanitarian obligations to Gaza,2025-11-24,Isle of Wight East,82
241,700682,Urgently fulfil humanitarian obligations to Gaza,2025-11-24,Isle of Wight West,105
242,700682,Urgently fulfil humanitarian obligations to Gaza,2025-11-24,Islington North,1325
243,700682,Urgently fulfil humanitarian obligations to Gaza,2025-11-24,Islington South and Finsbury,1137
244,700682,Urgently fulfil humanitarian obligations to Gaza,2025-11-24,Jarrow and Gateshead East,84
245,700682,Urgently fulfil humanitarian obligations to Gaza,2025-11-24,Keighley and Ilkley,235
246,700682,Urgently fulfil humanitarian obligations to Gaza,2025-11-24,Kenilworth and Southam,264
247,700682,Urgently fulfil humanitarian obligations to Gaza,2025-11-24,Kensington and Bayswater,850
248,700682,Urgently fulfil humanitarian obligations to Gaza,2025-11-24,Kettering,131
249,700682,Urgently fulfil humanitarian obligations to Gaza,2025-11-24,Kingston and Surbiton,570
250,700682,Urgently fulfil humanitarian obligations to Gaza,2025-11-24,Kingston upon Hull East,72
251,700682,Urgently fulfil humanitarian obligations to Gaza,2025-11-24,Kingston upon Hull North and Cottingham,184
252,700682,Urgently fulfil humanitarian obligations to Gaza,2025-11-24,Kingston upon Hull West and Haltemprice,109
253,700682,Urgently fulfil humanitarian obligations to Gaza,2025-11-24,Kingswinford and South Staffordshire,75
254,700682,Urgently fulfil humanitarian obligations to Gaza,2025-11-24,Knowsley,114
255,700682,Urgently fulfil humanitarian obligations to Gaza,2025-11-24,Lancaster and Wyre,278
256,700682,Urgently fulfil humanitarian obligations to Gaza,2025-11-24,Leeds Central and Headingley,475
257,700682,Urgently fulfil humanitarian obligations to Gaza,2025-11-24,Leeds East,232
258,700682,Urgently fulfil humanitarian obligations to Gaza,2025-11-24,Leeds North East,642
259,700682,Urgently fulfil humanitarian obligations to Gaza,2025-11-24,Leeds North West,354
260,700682,Urgently fulfil humanitarian obligations to Gaza,2025-11-24,Leeds South,232
261,700682,Urgently fulfil humanitarian obligations to Gaza,2025-11-24,Leeds South West and Morley,160
262,700682,Urgently fulfil humanitarian obligations to Gaza,2025-11-24,Leeds West and Pudsey,349
263,700682,Urgently fulfil humanitarian obligations to Gaza,2025-11-24,Leicester East,382
264,700682,Urgently fulfil humanitarian obligations to Gaza,2025-11-24,Leicester South,568
265,700682,Urgently fulfil humanitarian obligations to Gaza,2025-11-24,Leicester West,181
266,700682,Urgently fulfil humanitarian obligations to Gaza,2025-11-24,Leigh and Atherton,95
267,700682,Urgently fulfil humanitarian obligations to Gaza,2025-11-24,Lewes,479
268,700682,Urgently fulfil humanitarian obligations to Gaza,2025-11-24,Lewisham East,672
269,700682,Urgently fulfil humanitarian obligations to Gaza,2025-11-24,Lewisham North,1269
270,700682,Urgently fulfil humanitarian obligations to Gaza,2025-11-24,Lewisham West and East Dulwich,1533
271,700682,Urgently fulfil humanitarian obligations to Gaza,2025-11-24,Leyton and Wanstead,1283
272,700682,Urgently fulfil humanitarian obligations to Gaza,2025-11-24,Lichfield,150
273,700682,Urgently fulfil humanitarian obligations to Gaza,2025-11-24,Lincoln,180
274,700682,Urgently fulfil humanitarian obligations to Gaza,2025-11-24,Liverpool Garston,360
275,700682,Urgently fulfil humanitarian obligations to Gaza,2025-11-24,Liverpool Riverside,374
276,700682,Urgently fulfil humanitarian obligations to Gaza,2025-11-24,Liverpool Walton,145
277,700682,Urgently fulfil humanitarian obligations to Gaza,2025-11-24,Liverpool Wavertree,618
278,700682,Urgently fulfil humanitarian obligations to Gaza,2025-11-24,Liverpool West Derby,185
279,700682,Urgently fulfil humanitarian obligations to Gaza,2025-11-24,Loughborough,224
280,700682,Urgently fulfil humanitarian obligations to Gaza,2025-11-24,Louth and Horncastle,70
281,700682,Urgently fulfil humanitarian obligations to Gaza,2025-11-24,Lowestoft,82
282,700682,Urgently fulfil humanitarian obligations to Gaza,2025-11-24,Luton North,336
283,700682,Urgently fulfil humanitarian obligations to Gaza,2025-11-24,Luton South and South Bedfordshire,289
284,700682,Urgently fulfil humanitarian obligations to Gaza,2025-11-24,Macclesfield,282
285,700682,Urgently fulfil humanitarian obligations to Gaza,2025-11-24,Maidenhead,354
286,700682,Urgently fulfil humanitarian obligations to Gaza,2025-11-24,Maidstone and Malling,168
287,700682,Urgently fulfil humanitarian obligations to Gaza,2025-11-24,Makerfield,76
288,700682,Urgently fulfil humanitarian obligations to Gaza,2025-11-24,Maldon,121
289,700682,Urgently fulfil humanitarian obligations to Gaza,2025-11-24,Manchester Central,582
290,700682,Urgently fulfil humanitarian obligations to Gaza,2025-11-24,Manchester Rusholme,569
291,700682,Urgently fulfil humanitarian obligations to Gaza,2025-11-24,Manchester Withington,1114
292,700682,Urgently fulfil humanitarian obligations to Gaza,2025-11-24,Mansfield,58
293,700682,Urgently fulfil humanitarian obligations to Gaza,2025-11-24,Melksham and Devizes,253
294,700682,Urgently fulfil humanitarian obligations to Gaza,2025-11-24,Melton and Syston,143
295,700682,Urgently fulfil humanitarian obligations to Gaza,2025-11-24,Meriden and Solihull East,180
296,700682,Urgently fulfil humanitarian obligations to Gaza,2025-11-24,Mid Bedfordshire,239
297,700682,Urgently fulfil humanitarian obligations to Gaza,2025-11-24,Mid Buckinghamshire,333
298,700682,Urgently fulfil humanitarian obligations to Gaza,2025-11-24,Mid Cheshire,136
299,700682,Urgently fulfil humanitarian obligations to Gaza,2025-11-24,Mid Derbyshire,162
300,700682,Urgently fulfil humanitarian obligations to Gaza,2025-11-24,Mid Dorset and North Poole,164
301,700682,Urgently fulfil humanitarian obligations to Gaza,2025-11-24,Mid Leicestershire,159
302,700682,Urgently fulfil humanitarian obligations to Gaza,2025-11-24,Mid Norfolk,116
303,700682,Urgently fulfil humanitarian obligations to Gaza,2025-11-24,Mid Sussex,376
304,700682,Urgently fulfil humanitarian obligations to Gaza,2025-11-24,Middlesbrough and Thornaby East,166
305,700682,Urgently fulfil humanitarian obligations to Gaza,2025-11-24,Middlesbrough South and East Cleveland,99
306,700682,Urgently fulfil humanitarian obligations to Gaza,2025-11-24,Milton Keynes Central,295
307,700682,Urgently fulfil humanitarian obligations to Gaza,2025-11-24,Milton Keynes North,276
308,700682,Urgently fulfil humanitarian obligations to Gaza,2025-11-24,Mitcham and Morden,504
309,700682,Urgently fulfil humanitarian obligations to Gaza,2025-11-24,Morecambe and Lunesdale,186
310,700682,Urgently fulfil humanitarian obligations to Gaza,2025-11-24,New Forest East,121
311,700682,Urgently fulfil humanitarian obligations to Gaza,2025-11-24,New Forest West,136
312,700682,Urgently fulfil humanitarian obligations to Gaza,2025-11-24,Newark,170
313,700682,Urgently fulfil humanitarian obligations to Gaza,2025-11-24,Newbury,219
314,700682,Urgently fulfil humanitarian obligations to Gaza,2025-11-24,Newcastle upon Tyne Central and West,241
315,700682,Urgently fulfil humanitarian obligations to Gaza,2025-11-24,Newcastle upon Tyne East and Wallsend,304
316,700682,Urgently fulfil humanitarian obligations to Gaza,2025-11-24,Newcastle upon Tyne North,411
317,700682,Urgently fulfil humanitarian obligations to Gaza,2025-11-24,Newcastle-under-Lyme,121
318,700682,Urgently fulfil humanitarian obligations to Gaza,2025-11-24,Newton Abbot,148
319,700682,Urgently fulfil humanitarian obligations to Gaza,2025-11-24,Newton Aycliffe and Spennymoor,75
320,700682,Urgently fulfil humanitarian obligations to Gaza,2025-11-24,Normanton and Hemsworth,84
321,700682,Urgently fulfil humanitarian obligations to Gaza,2025-11-24,North Bedfordshire,228
322,700682,Urgently fulfil humanitarian obligations to Gaza,2025-11-24,North Cornwall,171
323,700682,Urgently fulfil humanitarian obligations to Gaza,2025-11-24,North Cotswolds,272
324,700682,Urgently fulfil humanitarian obligations to Gaza,2025-11-24,North Devon,188
325,700682,Urgently fulfil humanitarian obligations to Gaza,2025-11-24,North Dorset,164
326,700682,Urgently fulfil humanitarian obligations to Gaza,2025-11-24,North Durham,122
327,700682,Urgently fulfil humanitarian obligations to Gaza,2025-11-24,North East Cambridgeshire,72
328,700682,Urgently fulfil humanitarian obligations to Gaza,2025-11-24,North East Derbyshire,108
329,700682,Urgently fulfil humanitarian obligations to Gaza,2025-11-24,North East Hampshire,213
330,700682,Urgently fulfil humanitarian obligations to Gaza,2025-11-24,North East Hertfordshire,318
331,700682,Urgently fulfil humanitarian obligations to Gaza,2025-11-24,North East Somerset and Hanham,280
332,700682,Urgently fulfil humanitarian obligations to Gaza,2025-11-24,North Herefordshire,203
333,700682,Urgently fulfil humanitarian obligations to Gaza,2025-11-24,North Norfolk,113
334,700682,Urgently fulfil humanitarian obligations to Gaza,2025-11-24,North Northumberland,189
335,700682,Urgently fulfil humanitarian obligations to Gaza,2025-11-24,North Shropshire,120
336,700682,Urgently fulfil humanitarian obligations to Gaza,2025-11-24,North Somerset,319
337,700682,Urgently fulfil humanitarian obligations to Gaza,2025-11-24,North Warwickshire and Bedworth,61
338,700682,Urgently fulfil humanitarian obligations to Gaza,2025-11-24,North West Cambridgeshire,189
339,700682,Urgently fulfil humanitarian obligations to Gaza,2025-11-24,North West Essex,326
340,700682,Urgently fulfil humanitarian obligations to Gaza,2025-11-24,North West Hampshire,182
341,700682,Urgently fulfil humanitarian obligations to Gaza,2025-11-24,North West Leicestershire,131
342,700682,Urgently fulfil humanitarian obligations to Gaza,2025-11-24,North West Norfolk,80
343,700682,Urgently fulfil humanitarian obligations to Gaza,2025-11-24,Northampton North,233
344,700682,Urgently fulfil humanitarian obligations to Gaza,2025-11-24,Northampton South,166
345,700682,Urgently fulfil humanitarian obligations to Gaza,2025-11-24,Norwich North,285
346,700682,Urgently fulfil humanitarian obligations to Gaza,2025-11-24,Norwich South,455
347,700682,Urgently fulfil humanitarian obligations to Gaza,2025-11-24,Nottingham East,475
348,700682,Urgently fulfil humanitarian obligations to Gaza,2025-11-24,Nottingham North and Kimberley,148
349,700682,Urgently fulfil humanitarian obligations to Gaza,2025-11-24,Nottingham South,175
350,700682,Urgently fulfil humanitarian obligations to Gaza,2025-11-24,Nuneaton,132
351,700682,Urgently fulfil humanitarian obligations to Gaza,2025-11-24,Old Bexley and Sidcup,210
352,700682,Urgently fulfil humanitarian obligations to Gaza,2025-11-24,Oldham East and Saddleworth,170
353,700682,Urgently fulfil humanitarian obligations to Gaza,2025-11-24,"Oldham West, Chadderton and Royton",229
354,700682,Urgently fulfil humanitarian obligations to Gaza,2025-11-24,Orpington,203
355,700682,Urgently fulfil humanitarian obligations to Gaza,2025-11-24,Ossett and Denby Dale,158
356,700682,Urgently fulfil humanitarian obligations to Gaza,2025-11-24,Oxford East,613
357,700682,Urgently fulfil humanitarian obligations to Gaza,2025-11-24,Oxford West and Abingdon,448
358,700682,Urgently fulfil humanitarian obligations to Gaza,2025-11-24,Peckham,1116
359,700682,Urgently fulfil humanitarian obligations to Gaza,2025-11-24,Pendle and Clitheroe,235
360,700682,Urgently fulfil humanitarian obligations to Gaza,2025-11-24,Penistone and Stocksbridge,94
361,700682,Urgently fulfil humanitarian obligations to Gaza,2025-11-24,Penrith and Solway,158
362,700682,Urgently fulfil humanitarian obligations to Gaza,2025-11-24,Peterborough,193
363,700682,Urgently fulfil humanitarian obligations to Gaza,2025-11-24,Plymouth Moor View,77
364,700682,Urgently fulfil humanitarian obligations to Gaza,2025-11-24,Plymouth Sutton and Devonport,274
365,700682,Urgently fulfil humanitarian obligations to Gaza,2025-11-24,"Pontefract, Castleford and Knottingley",66
366,700682,Urgently fulfil humanitarian obligations to Gaza,2025-11-24,Poole,211
367,700682,Urgently fulfil humanitarian obligations to Gaza,2025-11-24,Poplar and Limehouse,870
368,700682,Urgently fulfil humanitarian obligations to Gaza,2025-11-24,Portsmouth North,103
369,700682,Urgently fulfil humanitarian obligations to Gaza,2025-11-24,Portsmouth South,282
370,700682,Urgently fulfil humanitarian obligations to Gaza,2025-11-24,Preston,437
371,700682,Urgently fulfil humanitarian obligations to Gaza,2025-11-24,Putney,715
372,700682,Urgently fulfil humanitarian obligations to Gaza,2025-11-24,Queen's Park and Maida Vale,867
373,700682,Urgently fulfil humanitarian obligations to Gaza,2025-11-24,Rawmarsh and Conisbrough,59
374,700682,Urgently fulfil humanitarian obligations to Gaza,2025-11-24,Rayleigh and Wickford,117
375,700682,Urgently fulfil humanitarian obligations to Gaza,2025-11-24,Reading Central,428
376,700682,Urgently fulfil humanitarian obligations to Gaza,2025-11-24,Reading West and Mid Berkshire,197
377,700682,Urgently fulfil humanitarian obligations to Gaza,2025-11-24,Redcar,79
378,700682,Urgently fulfil humanitarian obligations to Gaza,2025-11-24,Redditch,106
379,700682,Urgently fulfil humanitarian obligations to Gaza,2025-11-24,Reigate,432
380,700682,Urgently fulfil humanitarian obligations to Gaza,2025-11-24,Ribble Valley,196
381,700682,Urgently fulfil humanitarian obligations to Gaza,2025-11-24,Richmond and Northallerton,101
382,700682,Urgently fulfil humanitarian obligations to Gaza,2025-11-24,Richmond Park,735
383,700682,Urgently fulfil humanitarian obligations to Gaza,2025-11-24,Rochdale,283
384,700682,Urgently fulfil humanitarian obligations to Gaza,2025-11-24,Rochester and Strood,187
385,700682,Urgently fulfil humanitarian obligations to Gaza,2025-11-24,Romford,261
386,700682,Urgently fulfil humanitarian obligations to Gaza,2025-11-24,Romsey and Southampton North,228
387,700682,Urgently fulfil humanitarian obligations to Gaza,2025-11-24,Rossendale and Darwen,167
388,700682,Urgently fulfil humanitarian obligations to Gaza,2025-11-24,Rother Valley,80
389,700682,Urgently fulfil humanitarian obligations to Gaza,2025-11-24,Rotherham,112
390,700682,Urgently fulfil humanitarian obligations to Gaza,2025-11-24,Rugby,168
391,700682,Urgently fulfil humanitarian obligations to Gaza,2025-11-24,"Ruislip, Northwood and Pinner",406
392,700682,Urgently fulfil humanitarian obligations to Gaza,2025-11-24,Runcorn and Helsby,124
393,700682,Urgently fulfil humanitarian obligations to Gaza,2025-11-24,Runnymede and Weybridge,297
394,700682,Urgently fulfil humanitarian obligations to Gaza,2025-11-24,Rushcliffe,340
395,700682,Urgently fulfil humanitarian obligations to Gaza,2025-11-24,Rutland and Stamford,198
396,700682,Urgently fulfil humanitarian obligations to Gaza,2025-11-24,Salford,370
397,700682,Urgently fulfil humanitarian obligations to Gaza,2025-11-24,Salisbury,264
398,700682,Urgently fulfil humanitarian obligations to Gaza,2025-11-24,Scarborough and Whitby,101
399,700682,Urgently fulfil humanitarian obligations to Gaza,2025-11-24,Scunthorpe,95
400,700682,Urgently fulfil humanitarian obligations to Gaza,2025-11-24,Sefton Central,233
401,700682,Urgently fulfil humanitarian obligations to Gaza,2025-11-24,Selby,129
402,700682,Urgently fulfil humanitarian obligations to Gaza,2025-11-24,Sevenoaks,293
403,700682,Urgently fulfil humanitarian obligations to Gaza,2025-11-24,Sheffield Brightside and Hillsborough,226
404,700682,Urgently fulfil humanitarian obligations to Gaza,2025-11-24,Sheffield Central,446
405,700682,Urgently fulfil humanitarian obligations to Gaza,2025-11-24,Sheffield Hallam,505
406,700682,Urgently fulfil humanitarian obligations to Gaza,2025-11-24,Sheffield Heeley,370
407,700682,Urgently fulfil humanitarian obligations to Gaza,2025-11-24,Sheffield South East,157
408,700682,Urgently fulfil humanitarian obligations to Gaza,2025-11-24,Sherwood Forest,113
409,700682,Urgently fulfil humanitarian obligations to Gaza,2025-11-24,Shipley,352
410,700682,Urgently fulfil humanitarian obligations to Gaza,2025-11-24,Shrewsbury,225
411,700682,Urgently fulfil humanitarian obligations to Gaza,2025-11-24,Sittingbourne and Sheppey,69
412,700682,Urgently fulfil humanitarian obligations to Gaza,2025-11-24,Skipton and Ripon,203
413,700682,Urgently fulfil humanitarian obligations to Gaza,2025-11-24,Sleaford and North Hykeham,129
414,700682,Urgently fulfil humanitarian obligations to Gaza,2025-11-24,Slough,406
415,700682,Urgently fulfil humanitarian obligations to Gaza,2025-11-24,Smethwick,213
416,700682,Urgently fulfil humanitarian obligations to Gaza,2025-11-24,Solihull West and Shirley,291
417,700682,Urgently fulfil humanitarian obligations to Gaza,2025-11-24,South Basildon and East Thurrock,78
418,700682,Urgently fulfil humanitarian obligations to Gaza,2025-11-24,South Cambridgeshire,304
419,700682,Urgently fulfil humanitarian obligations to Gaza,2025-11-24,South Cotswolds,260
420,700682,Urgently fulfil humanitarian obligations to Gaza,2025-11-24,South Derbyshire,116
421,700682,Urgently fulfil humanitarian obligations to Gaza,2025-11-24,South Devon,391
422,700682,Urgently fulfil humanitarian obligations to Gaza,2025-11-24,South Dorset,136
423,700682,Urgently fulfil humanitarian obligations to Gaza,2025-11-24,South East Cornwall,169
424,700682,Urgently fulfil humanitarian obligations to Gaza,2025-11-24,South Holland and The Deepings,70
425,700682,Urgently fulfil humanitarian obligations to Gaza,2025-11-24,South Leicestershire,169
426,700682,Urgently fulfil humanitarian obligations to Gaza,2025-11-24,South Norfolk,199
427,700682,Urgently fulfil humanitarian obligations to Gaza,2025-11-24,South Northamptonshire,183
428,700682,Urgently fulfil humanitarian obligations to Gaza,2025-11-24,South Ribble,159
429,700682,Urgently fulfil humanitarian obligations to Gaza,2025-11-24,South Shields,134
430,700682,Urgently fulfil humanitarian obligations to Gaza,2025-11-24,South Shropshire,167
431,700682,Urgently fulfil humanitarian obligations to Gaza,2025-11-24,South Suffolk,159
432,700682,Urgently fulfil humanitarian obligations to Gaza,2025-11-24,South West Devon,153
433,700682,Urgently fulfil humanitarian obligations to Gaza,2025-11-24,South West Hertfordshire,309
434,700682,Urgently fulfil humanitarian obligations to Gaza,2025-11-24,South West Norfolk,90
435,700682,Urgently fulfil humanitarian obligations to Gaza,2025-11-24,South West Wiltshire,185
436,700682,Urgently fulfil humanitarian obligations to Gaza,2025-11-24,Southampton Itchen,180
437,700682,Urgently fulfil humanitarian obligations to Gaza,2025-11-24,Southampton Test,243
438,700682,Urgently fulfil humanitarian obligations to Gaza,2025-11-24,Southend East and Rochford,175
439,700682,Urgently fulfil humanitarian obligations to Gaza,2025-11-24,Southend West and Leigh,290
440,700682,Urgently fulfil humanitarian obligations to Gaza,2025-11-24,Southgate and Wood Green,704
441,700682,Urgently fulfil humanitarian obligations to Gaza,2025-11-24,Southport,187
442,700682,Urgently fulfil humanitarian obligations to Gaza,2025-11-24,Spelthorne,206
443,700682,Urgently fulfil humanitarian obligations to Gaza,2025-11-24,Spen Valley,157
444,700682,Urgently fulfil humanitarian obligations to Gaza,2025-11-24,St Albans,427
445,700682,Urgently fulfil humanitarian obligations to Gaza,2025-11-24,St Austell and Newquay,195
446,700682,Urgently fulfil humanitarian obligations to Gaza,2025-11-24,St Helens North,98
447,700682,Urgently fulfil humanitarian obligations to Gaza,2025-11-24,St Helens South and Whiston,115
448,700682,Urgently fulfil humanitarian obligations to Gaza,2025-11-24,St Ives,402
449,700682,Urgently fulfil humanitarian obligations to Gaza,2025-11-24,St Neots and Mid Cambridgeshire,332
450,700682,Urgently fulfil humanitarian obligations to Gaza,2025-11-24,Stafford,102
451,700682,Urgently fulfil humanitarian obligations to Gaza,2025-11-24,Staffordshire Moorlands,102
452,700682,Urgently fulfil humanitarian obligations to Gaza,2025-11-24,Stalybridge and Hyde,167
453,700682,Urgently fulfil humanitarian obligations to Gaza,2025-11-24,Stevenage,174
454,700682,Urgently fulfil humanitarian obligations to Gaza,2025-11-24,Stockport,505
455,700682,Urgently fulfil humanitarian obligations to Gaza,2025-11-24,Stockton North,102
456,700682,Urgently fulfil humanitarian obligations to Gaza,2025-11-24,Stockton West,141
457,700682,Urgently fulfil humanitarian obligations to Gaza,2025-11-24,Stoke-on-Trent Central,107
458,700682,Urgently fulfil humanitarian obligations to Gaza,2025-11-24,Stoke-on-Trent North,67
459,700682,Urgently fulfil humanitarian obligations to Gaza,2025-11-24,Stoke-on-Trent South,84
460,700682,Urgently fulfil humanitarian obligations to Gaza,2025-11-24,"Stone, Great Wyrley and Penkridge",97
461,700682,Urgently fulfil humanitarian obligations to Gaza,2025-11-24,Stourbridge,135
462,700682,Urgently fulfil humanitarian obligations to Gaza,2025-11-24,Stratford and Bow,1255
463,700682,Urgently fulfil humanitarian obligations to Gaza,2025-11-24,Stratford-on-Avon,245
464,700682,Urgently fulfil humanitarian obligations to Gaza,2025-11-24,Streatham and Croydon North,1011
465,700682,Urgently fulfil humanitarian obligations to Gaza,2025-11-24,Stretford and Urmston,626
466,700682,Urgently fulfil humanitarian obligations to Gaza,2025-11-24,Stroud,587
467,700682,Urgently fulfil humanitarian obligations to Gaza,2025-11-24,Suffolk Coastal,197
468,700682,Urgently fulfil humanitarian obligations to Gaza,2025-11-24,Sunderland Central,138
469,700682,Urgently fulfil humanitarian obligations to Gaza,2025-11-24,Surrey Heath,192
470,700682,Urgently fulfil humanitarian obligations to Gaza,2025-11-24,Sussex Weald,232
471,700682,Urgently fulfil humanitarian obligations to Gaza,2025-11-24,Sutton and Cheam,319
472,700682,Urgently fulfil humanitarian obligations to Gaza,2025-11-24,Sutton Coldfield,249
473,700682,Urgently fulfil humanitarian obligations to Gaza,2025-11-24,Swindon North,123
474,700682,Urgently fulfil humanitarian obligations to Gaza,2025-11-24,Swindon South,187
475,700682,Urgently fulfil humanitarian obligations to Gaza,2025-11-24,Tamworth,76
476,700682,Urgently fulfil humanitarian obligations to Gaza,2025-11-24,Tatton,380
477,700682,Urgently fulfil humanitarian obligations to Gaza,2025-11-24,Taunton and Wellington,184
478,700682,Urgently fulfil humanitarian obligations to Gaza,2025-11-24,Telford,115
479,700682,Urgently fulfil humanitarian obligations to Gaza,2025-11-24,Tewkesbury,157
480,700682,Urgently fulfil humanitarian obligations to Gaza,2025-11-24,The Wrekin,184
481,700682,Urgently fulfil humanitarian obligations to Gaza,2025-11-24,Thirsk and Malton,150
482,700682,Urgently fulfil humanitarian obligations to Gaza,2025-11-24,Thornbury and Yate,189
483,700682,Urgently fulfil humanitarian obligations to Gaza,2025-11-24,Thurrock,140
484,700682,Urgently fulfil humanitarian obligations to Gaza,2025-11-24,Tipton and Wednesbury,55
485,700682,Urgently fulfil humanitarian obligations to Gaza,2025-11-24,Tiverton and Minehead,163
486,700682,Urgently fulfil humanitarian obligations to Gaza,2025-11-24,Tonbridge,249
487,700682,Urgently fulfil humanitarian obligations to Gaza,2025-11-24,Tooting,1038
488,700682,Urgently fulfil humanitarian obligations to Gaza,2025-11-24,Torbay,123
489,700682,Urgently fulfil humanitarian obligations to Gaza,2025-11-24,Torridge and Tavistock,153
490,700682,Urgently fulfil humanitarian obligations to Gaza,2025-11-24,Tottenham,1092
491,700682,Urgently fulfil humanitarian obligations to Gaza,2025-11-24,Truro and Falmouth,400
492,700682,Urgently fulfil humanitarian obligations to Gaza,2025-11-24,Tunbridge Wells,409
493,700682,Urgently fulfil humanitarian obligations to Gaza,2025-11-24,Twickenham,693
494,700682,Urgently fulfil humanitarian obligations to Gaza,2025-11-24,Tynemouth,345
495,700682,Urgently fulfil humanitarian obligations to Gaza,2025-11-24,Uxbridge and South Ruislip,352
496,700682,Urgently fulfil humanitarian obligations to Gaza,2025-11-24,Vauxhall and Camberwell Green,740
497,700682,Urgently fulfil humanitarian obligations to Gaza,2025-11-24,Wakefield and Rothwell,208
498,700682,Urgently fulfil humanitarian obligations to Gaza,2025-11-24,Wallasey,191
499,700682,Urgently fulfil humanitarian obligations to Gaza,2025-11-24,Walsall and Bloxwich,231
500,700682,Urgently fulfil humanitarian obligations to Gaza,2025-11-24,Walthamstow,1668
501,700682,Urgently fulfil humanitarian obligations to Gaza,2025-11-24,Warrington North,115
502,700682,Urgently fulfil humanitarian obligations to Gaza,2025-11-24,Warrington South,224
503,700682,Urgently fulfil humanitarian obligations to Gaza,2025-11-24,Warwick and Leamington,355
504,700682,Urgently fulfil humanitarian obligations to Gaza,2025-11-24,Washington and Gateshead South,77
505,700682,Urgently fulfil humanitarian obligations to Gaza,2025-11-24,Watford,431
506,700682,Urgently fulfil humanitarian obligations to Gaza,2025-11-24,Waveney Valley,180
507,700682,Urgently fulfil humanitarian obligations to Gaza,2025-11-24,Weald of Kent,177
508,700682,Urgently fulfil humanitarian obligations to Gaza,2025-11-24,Wellingborough and Rushden,137
509,700682,Urgently fulfil humanitarian obligations to Gaza,2025-11-24,Wells and Mendip Hills,276
510,700682,Urgently fulfil humanitarian obligations to Gaza,2025-11-24,Welwyn Hatfield,270
511,700682,Urgently fulfil humanitarian obligations to Gaza,2025-11-24,West Bromwich,130
512,700682,Urgently fulfil humanitarian obligations to Gaza,2025-11-24,West Dorset,222
513,700682,Urgently fulfil humanitarian obligations to Gaza,2025-11-24,West Ham and Beckton,482
514,700682,Urgently fulfil humanitarian obligations to Gaza,2025-11-24,West Lancashire,130
515,700682,Urgently fulfil humanitarian obligations to Gaza,2025-11-24,West Suffolk,119
516,700682,Urgently fulfil humanitarian obligations to Gaza,2025-11-24,West Worcestershire,245
517,700682,Urgently fulfil humanitarian obligations to Gaza,2025-11-24,Westmorland and Lonsdale,237
518,700682,Urgently fulfil humanitarian obligations to Gaza,2025-11-24,Weston-super-Mare,156
519,700682,Urgently fulfil humanitarian obligations to Gaza,2025-11-24,Wetherby and Easingwold,193
520,700682,Urgently fulfil humanitarian obligations to Gaza,2025-11-24,Whitehaven and Workington,80
521,700682,Urgently fulfil humanitarian obligations to Gaza,2025-11-24,Widnes and Halewood,126
522,700682,Urgently fulfil humanitarian obligations to Gaza,2025-11-24,Wigan,93
523,700682,Urgently fulfil humanitarian obligations to Gaza,2025-11-24,Wimbledon,715
524,700682,Urgently fulfil humanitarian obligations to Gaza,2025-11-24,Winchester,404
525,700682,Urgently fulfil humanitarian obligations to Gaza,2025-11-24,Windsor,296
526,700682,Urgently fulfil humanitarian obligations to Gaza,2025-11-24,Wirral West,185
527,700682,Urgently fulfil humanitarian obligations to Gaza,2025-11-24,Witham,166
528,700682,Urgently fulfil humanitarian obligations to Gaza,2025-11-24,Witney,221
529,700682,Urgently fulfil humanitarian obligations to Gaza,2025-11-24,Woking,373
530,700682,Urgently fulfil humanitarian obligations to Gaza,2025-11-24,Wokingham,275
531,700682,Urgently fulfil humanitarian obligations to Gaza,2025-11-24,Wolverhampton North East,58
532,700682,Urgently fulfil humanitarian obligations to Gaza,2025-11-24,Wolverhampton South East,72
533,700682,Urgently fulfil humanitarian obligations to Gaza,2025-11-24,Wolverhampton West,191
534,700682,Urgently fulfil humanitarian obligations to Gaza,2025-11-24,Worcester,186
535,700682,Urgently fulfil humanitarian obligations to Gaza,2025-11-24,Worsley and Eccles,244
536,700682,Urgently fulfil humanitarian obligations to Gaza,2025-11-24,Worthing West,282
537,700682,Urgently fulfil humanitarian obligations to Gaza,2025-11-24,Wycombe,420
538,700682,Urgently fulfil humanitarian obligations to Gaza,2025-11-24,Wyre Forest,106
539,700682,Urgently fulfil humanitarian obligations to Gaza,2025-11-24,Wythenshawe and Sale East,363
540,700682,Urgently fulfil humanitarian obligations to Gaza,2025-11-24,Yeovil,146
541,700682,Urgently fulfil humanitarian obligations to Gaza,2025-11-24,York Central,459
542,700682,Urgently fulfil humanitarian obligations to Gaza,2025-11-24,York Outer,205
543,700682,Urgently fulfil humanitarian obligations to Gaza,2025-11-24,Belfast East,569
544,700682,Urgently fulfil humanitarian obligations to Gaza,2025-11-24,Belfast North,437
545,700682,Urgently fulfil humanitarian obligations to Gaza,2025-11-24,Belfast South and Mid Down,1084
546,700682,Urgently fulfil humanitarian obligations to Gaza,2025-11-24,Belfast West,537
547,700682,Urgently fulfil humanitarian obligations to Gaza,2025-11-24,East Antrim,253
548,700682,Urgently fulfil humanitarian obligations to Gaza,2025-11-24,East Londonderry,269
549,700682,Urgently fulfil humanitarian obligations to Gaza,2025-11-24,Fermanagh and South Tyrone,429
550,700682,Urgently fulfil humanitarian obligations to Gaza,2025-11-24,Foyle,520
551,700682,Urgently fulfil humanitarian obligations to Gaza,2025-11-24,Lagan Valley,417
552,700682,Urgently fulfil humanitarian obligations to Gaza,2025-11-24,Mid Ulster,581
553,700682,Urgently fulfil humanitarian obligations to Gaza,2025-11-24,Newry and Armagh,517
554,700682,Urgently fulfil humanitarian obligations to Gaza,2025-11-24,North Antrim,524
555,700682,Urgently fulfil humanitarian obligations to Gaza,2025-11-24,North Down,336
556,700682,Urgently fulfil humanitarian obligations to Gaza,2025-11-24,South Antrim,384
557,700682,Urgently fulfil humanitarian obligations to Gaza,2025-11-24,South Down,515
558,700682,Urgently fulfil humanitarian obligations to Gaza,2025-11-24,Strangford,237
559,700682,Urgently fulfil humanitarian obligations to Gaza,2025-11-24,Upper Bann,442
560,700682,Urgently fulfil humanitarian obligations to Gaza,2025-11-24,West Tyrone,558
561,700682,Urgently fulfil humanitarian obligations to Gaza,2025-11-24,East Renfrewshire,611
562,700682,Urgently fulfil humanitarian obligations to Gaza,2025-11-24,Na h-Eileanan an Iar,42
563,700682,Urgently fulfil humanitarian obligations to Gaza,2025-11-24,Midlothian,276
564,700682,Urgently fulfil humanitarian obligations to Gaza,2025-11-24,North Ayrshire and Arran,204
565,700682,Urgently fulfil humanitarian obligations to Gaza,2025-11-24,Orkney and Shetland,85
566,700682,Urgently fulfil humanitarian obligations to Gaza,2025-11-24,Aberdeen North,262
567,700682,Urgently fulfil humanitarian obligations to Gaza,2025-11-24,Aberdeen South,310
568,700682,Urgently fulfil humanitarian obligations to Gaza,2025-11-24,Aberdeenshire North and Moray East,75
569,700682,Urgently fulfil humanitarian obligations to Gaza,2025-11-24,Airdrie and Shotts,194
570,700682,Urgently fulfil humanitarian obligations to Gaza,2025-11-24,Alloa and Grangemouth,166
571,700682,Urgently fulfil humanitarian obligations to Gaza,2025-11-24,Angus and Perthshire Glens,185
572,700682,Urgently fulfil humanitarian obligations to Gaza,2025-11-24,Arbroath and Broughty Ferry,190
573,700682,Urgently fulfil humanitarian obligations to Gaza,2025-11-24,"Argyll, Bute and South Lochaber",364
574,700682,Urgently fulfil humanitarian obligations to Gaza,2025-11-24,Bathgate and Linlithgow,200
575,700682,Urgently fulfil humanitarian obligations to Gaza,2025-11-24,"Caithness, Sutherland and Easter Ross",289
576,700682,Urgently fulfil humanitarian obligations to Gaza,2025-11-24,Coatbridge and Bellshill,279
577,700682,Urgently fulfil humanitarian obligations to Gaza,2025-11-24,Cowdenbeath and Kirkcaldy,180
578,700682,Urgently fulfil humanitarian obligations to Gaza,2025-11-24,Cumbernauld and Kirkintilloch,273
579,700682,Urgently fulfil humanitarian obligations to Gaza,2025-11-24,Dumfries and Galloway,194
580,700682,Urgently fulfil humanitarian obligations to Gaza,2025-11-24,"Dumfriesshire, Clydesdale and Tweeddale",207
581,700682,Urgently fulfil humanitarian obligations to Gaza,2025-11-24,Dundee Central,314
582,700682,Urgently fulfil humanitarian obligations to Gaza,2025-11-24,Dunfermline and Dollar,255
583,700682,Urgently fulfil humanitarian obligations to Gaza,2025-11-24,East Kilbride and Strathaven,282
584,700682,Urgently fulfil humanitarian obligations to Gaza,2025-11-24,Edinburgh East and Musselburgh,817
585,700682,Urgently fulfil humanitarian obligations to Gaza,2025-11-24,Edinburgh North and Leith,1077
586,700682,Urgently fulfil humanitarian obligations to Gaza,2025-11-24,Edinburgh South,599
587,700682,Urgently fulfil humanitarian obligations to Gaza,2025-11-24,Edinburgh South West,534
588,700682,Urgently fulfil humanitarian obligations to Gaza,2025-11-24,Edinburgh West,530
589,700682,Urgently fulfil humanitarian obligations to Gaza,2025-11-24,Falkirk,217
590,700682,Urgently fulfil humanitarian obligations to Gaza,2025-11-24,Glasgow East,542
591,700682,Urgently fulfil humanitarian obligations to Gaza,2025-11-24,Glasgow North,744
592,700682,Urgently fulfil humanitarian obligations to Gaza,2025-11-24,Glasgow North East,394
593,700682,Urgently fulfil humanitarian obligations to Gaza,2025-11-24,Glasgow South,1143
594,700682,Urgently fulfil humanitarian obligations to Gaza,2025-11-24,Glasgow South West,628
595,700682,Urgently fulfil humanitarian obligations to Gaza,2025-11-24,Glasgow West,673
596,700682,Urgently fulfil humanitarian obligations to Gaza,2025-11-24,Glenrothes and Mid Fife,99
597,700682,Urgently fulfil humanitarian obligations to Gaza,2025-11-24,Gordon and Buchan,181
598,700682,Urgently fulfil humanitarian obligations to Gaza,2025-11-24,Hamilton and Clyde Valley,195
599,700682,Urgently fulfil humanitarian obligations to Gaza,2025-11-24,Inverclyde and Renfrewshire West,224
600,700682,Urgently fulfil humanitarian obligations to Gaza,2025-11-24,"Inverness, Skye and West Ross-shire",373
601,700682,Urgently fulfil humanitarian obligations to Gaza,2025-11-24,Livingston,223
602,700682,Urgently fulfil humanitarian obligations to Gaza,2025-11-24,Lothian East,476
603,700682,Urgently fulfil humanitarian obligations to Gaza,2025-11-24,Mid Dunbartonshire,531
604,700682,Urgently fulfil humanitarian obligations to Gaza,2025-11-24,"Moray West, Nairn and Strathspey",220
605,700682,Urgently fulfil humanitarian obligations to Gaza,2025-11-24,"Motherwell, Wishaw and Carluke",181
606,700682,Urgently fulfil humanitarian obligations to Gaza,2025-11-24,North East Fife,232
607,700682,Urgently fulfil humanitarian obligations to Gaza,2025-11-24,Paisley and Renfrewshire North,294
608,700682,Urgently fulfil humanitarian obligations to Gaza,2025-11-24,Paisley and Renfrewshire South,351
609,700682,Urgently fulfil humanitarian obligations to Gaza,2025-11-24,Perth and Kinross-shire,261
610,700682,Urgently fulfil humanitarian obligations to Gaza,2025-11-24,Rutherglen,360
611,700682,Urgently fulfil humanitarian obligations to Gaza,2025-11-24,Stirling and Strathallan,372
612,700682,Urgently fulfil humanitarian obligations to Gaza,2025-11-24,West Dunbartonshire,296
613,700682,Urgently fulfil humanitarian obligations to Gaza,2025-11-24,"Ayr, Carrick and Cumnock",114
614,700682,Urgently fulfil humanitarian obligations to Gaza,2025-11-24,"Berwickshire, Roxburgh and Selkirk",252
615,700682,Urgently fulfil humanitarian obligations to Gaza,2025-11-24,Central Ayrshire,201
616,700682,Urgently fulfil humanitarian obligations to Gaza,2025-11-24,Kilmarnock and Loudoun,175
617,700682,Urgently fulfil humanitarian obligations to Gaza,2025-11-24,West Aberdeenshire and Kincardine,222
618,700682,Urgently fulfil humanitarian obligations to Gaza,2025-11-24,Aberafan Maesteg,59
619,700682,Urgently fulfil humanitarian obligations to Gaza,2025-11-24,Alyn and Deeside,98
620,700682,Urgently fulfil humanitarian obligations to Gaza,2025-11-24,Bangor Aberconwy,226
621,700682,Urgently fulfil humanitarian obligations to Gaza,2025-11-24,Blaenau Gwent and Rhymney,72
622,700682,Urgently fulfil humanitarian obligations to Gaza,2025-11-24,"Brecon, Radnor and Cwm Tawe",210
623,700682,Urgently fulfil humanitarian obligations to Gaza,2025-11-24,Bridgend,119
624,700682,Urgently fulfil humanitarian obligations to Gaza,2025-11-24,Caerfyrddin,181
625,700682,Urgently fulfil humanitarian obligations to Gaza,2025-11-24,Caerphilly,117
626,700682,Urgently fulfil humanitarian obligations to Gaza,2025-11-24,Cardiff East,486
627,700682,Urgently fulfil humanitarian obligations to Gaza,2025-11-24,Cardiff North,443
628,700682,Urgently fulfil humanitarian obligations to Gaza,2025-11-24,Cardiff South and Penarth,511
629,700682,Urgently fulfil humanitarian obligations to Gaza,2025-11-24,Cardiff West,528
630,700682,Urgently fulfil humanitarian obligations to Gaza,2025-11-24,Ceredigion Preseli,331
631,700682,Urgently fulfil humanitarian obligations to Gaza,2025-11-24,Clwyd East,155
632,700682,Urgently fulfil humanitarian obligations to Gaza,2025-11-24,Clwyd North,106
633,700682,Urgently fulfil humanitarian obligations to Gaza,2025-11-24,Dwyfor Meirionnydd,222
634,700682,Urgently fulfil humanitarian obligations to Gaza,2025-11-24,Gower,253
635,700682,Urgently fulfil humanitarian obligations to Gaza,2025-11-24,Llanelli,110
636,700682,Urgently fulfil humanitarian obligations to Gaza,2025-11-24,Merthyr Tydfil and Aberdare,135
637,700682,Urgently fulfil humanitarian obligations to Gaza,2025-11-24,Mid and South Pembrokeshire,190
638,700682,Urgently fulfil humanitarian obligations to Gaza,2025-11-24,Monmouthshire,226
639,700682,Urgently fulfil humanitarian obligations to Gaza,2025-11-24,Montgomeryshire and Glyndŵr,182
640,700682,Urgently fulfil humanitarian obligations to Gaza,2025-11-24,Neath and Swansea East,113
641,700682,Urgently fulfil humanitarian obligations to Gaza,2025-11-24,Newport East,161
642,700682,Urgently fulfil humanitarian obligations to Gaza,2025-11-24,Newport West and Islwyn,157
643,700682,Urgently fulfil humanitarian obligations to Gaza,2025-11-24,Pontypridd,172
644,700682,Urgently fulfil humanitarian obligations to Gaza,2025-11-24,Rhondda and Ogmore,76
645,700682,Urgently fulfil humanitarian obligations to Gaza,2025-11-24,Swansea West,211
646,700682,Urgently fulfil humanitarian obligations to Gaza,2025-11-24,Torfaen,91
647,700682,Urgently fulfil humanitarian obligations to Gaza,2025-11-24,Vale of Glamorgan,269
648,700682,Urgently fulfil humanitarian obligations to Gaza,2025-11-24,Wrexham,136
649,700682,Urgently fulfil humanitarian obligations to Gaza,2025-11-24,Ynys Môn,110
650,706513,Every school & college to be obliged to have an evacuation chair & training,2025-12-01,Aldershot,199
651,706513,Every school & college to be obliged to have an evacuation chair & training,2025-12-01,Aldridge-Brownhills,83
652,706513,Every school & college to be obliged to have an evacuation chair & training,2025-12-01,Altrincham and Sale West,239
653,706513,Every school & college to be obliged to have an evacuation chair & training,2025-12-01,Amber Valley,88
654,706513,Every school & college to be obliged to have an evacuation chair & training,2025-12-01,Arundel and South Downs,192
655,706513,Every school & college to be obliged to have an evacuation chair & training,2025-12-01,Ashfield,100
656,706513,Every school & college to be obliged to have an evacuation chair & training,2025-12-01,Ashford,158
657,706513,Every school & college to be obliged to have an evacuation chair & training,2025-12-01,Ashton-under-Lyne,948
658,706513,Every school & college to be obliged to have an evacuation chair & training,2025-12-01,Aylesbury,196
659,706513,Every school & college to be obliged to have an evacuation chair & training,2025-12-01,Banbury,205
660,706513,Every school & college to be obliged to have an evacuation chair & training,2025-12-01,Barking,83
661,706513,Every school & college to be obliged to have an evacuation chair & training,2025-12-01,Barnsley North,127
662,706513,Every school & college to be obliged to have an evacuation chair & training,2025-12-01,Barnsley South,112
663,706513,Every school & college to be obliged to have an evacuation chair & training,2025-12-01,Barrow and Furness,108
664,706513,Every school & college to be obliged to have an evacuation chair & training,2025-12-01,Basildon and Billericay,183
665,706513,Every school & college to be obliged to have an evacuation chair & training,2025-12-01,Basingstoke,284
666,706513,Every school & college to be obliged to have an evacuation chair & training,2025-12-01,Bassetlaw,94
667,706513,Every school & college to be obliged to have an evacuation chair & training,2025-12-01,Bath,260
668,706513,Every school & college to be obliged to have an evacuation chair & training,2025-12-01,Battersea,38
669,706513,Every school & college to be obliged to have an evacuation chair & training,2025-12-01,Beaconsfield,142
670,706513,Every school & college to be obliged to have an evacuation chair & training,2025-12-01,Beckenham and Penge,70
671,706513,Every school & college to be obliged to have an evacuation chair & training,2025-12-01,Bedford,288
672,706513,Every school & college to be obliged to have an evacuation chair & training,2025-12-01,Bermondsey and Old Southwark,41
673,706513,Every school & college to be obliged to have an evacuation chair & training,2025-12-01,Bethnal Green and Stepney,35
674,706513,Every school & college to be obliged to have an evacuation chair & training,2025-12-01,Beverley and Holderness,105
675,706513,Every school & college to be obliged to have an evacuation chair & training,2025-12-01,Bexhill and Battle,96
676,706513,Every school & college to be obliged to have an evacuation chair & training,2025-12-01,Bexleyheath and Crayford,102
677,706513,Every school & college to be obliged to have an evacuation chair & training,2025-12-01,Bicester and Woodstock,330
678,706513,Every school & college to be obliged to have an evacuation chair & training,2025-12-01,Birkenhead,248
679,706513,Every school & college to be obliged to have an evacuation chair & training,2025-12-01,Birmingham Edgbaston,105
680,706513,Every school & college to be obliged to have an evacuation chair & training,2025-12-01,Birmingham Erdington,76
681,706513,Every school & college to be obliged to have an evacuation chair & training,2025-12-01,Birmingham Hall Green and Moseley,58
682,706513,Every school & college to be obliged to have an evacuation chair & training,2025-12-01,Birmingham Hodge Hill and Solihull North,166
683,706513,Every school & college to be obliged to have an evacuation chair & training,2025-12-01,Birmingham Ladywood,45
684,706513,Every school & college to be obliged to have an evacuation chair & training,2025-12-01,Birmingham Northfield,260
685,706513,Every school & college to be obliged to have an evacuation chair & training,2025-12-01,Birmingham Perry Barr,36
686,706513,Every school & college to be obliged to have an evacuation chair & training,2025-12-01,Birmingham Selly Oak,117
687,706513,Every school & college to be obliged to have an evacuation chair & training,2025-12-01,Birmingham Yardley,68
688,706513,Every school & college to be obliged to have an evacuation chair & training,2025-12-01,Bishop Auckland,103
689,706513,Every school & college to be obliged to have an evacuation chair & training,2025-12-01,Blackburn,81
690,706513,Every school & college to be obliged to have an evacuation chair & training,2025-12-01,Blackley and Middleton South,189
691,706513,Every school & college to be obliged to have an evacuation chair & training,2025-12-01,Blackpool North and Fleetwood,489
692,706513,Every school & college to be obliged to have an evacuation chair & training,2025-12-01,Blackpool South,605
693,706513,Every school & college to be obliged to have an evacuation chair & training,2025-12-01,Blaydon and Consett,122
694,706513,Every school & college to be obliged to have an evacuation chair & training,2025-12-01,Blyth and Ashington,209
695,706513,Every school & college to be obliged to have an evacuation chair & training,2025-12-01,Bognor Regis and Littlehampton,153
696,706513,Every school & college to be obliged to have an evacuation chair & training,2025-12-01,Bolsover,101
697,706513,Every school & college to be obliged to have an evacuation chair & training,2025-12-01,Bolton North East,173
698,706513,Every school & college to be obliged to have an evacuation chair & training,2025-12-01,Bolton South and Walkden,273
699,706513,Every school & college to be obliged to have an evacuation chair & training,2025-12-01,Bolton West,356
700,706513,Every school & college to be obliged to have an evacuation chair & training,2025-12-01,Bootle,103
701,706513,Every school & college to be obliged to have an evacuation chair & training,2025-12-01,Boston and Skegness,103
702,706513,Every school & college to be obliged to have an evacuation chair & training,2025-12-01,Bournemouth East,298
703,706513,Every school & college to be obliged to have an evacuation chair & training,2025-12-01,Bournemouth West,280
704,706513,Every school & college to be obliged to have an evacuation chair & training,2025-12-01,Bracknell,98
705,706513,Every school & college to be obliged to have an evacuation chair & training,2025-12-01,Bradford East,87
706,706513,Every school & college to be obliged to have an evacuation chair & training,2025-12-01,Bradford South,193
707,706513,Every school & college to be obliged to have an evacuation chair & training,2025-12-01,Bradford West,46
708,706513,Every school & college to be obliged to have an evacuation chair & training,2025-12-01,Braintree,232
709,706513,Every school & college to be obliged to have an evacuation chair & training,2025-12-01,Brent East,18
710,706513,Every school & college to be obliged to have an evacuation chair & training,2025-12-01,Brent West,19
711,706513,Every school & college to be obliged to have an evacuation chair & training,2025-12-01,Brentford and Isleworth,96
712,706513,Every school & college to be obliged to have an evacuation chair & training,2025-12-01,Brentwood and Ongar,123
713,706513,Every school & college to be obliged to have an evacuation chair & training,2025-12-01,Bridgwater,336
714,706513,Every school & college to be obliged to have an evacuation chair & training,2025-12-01,Bridlington and The Wolds,83
715,706513,Every school & college to be obliged to have an evacuation chair & training,2025-12-01,Brigg and Immingham,130
716,706513,Every school & college to be obliged to have an evacuation chair & training,2025-12-01,Brighton Kemptown and Peacehaven,77
717,706513,Every school & college to be obliged to have an evacuation chair & training,2025-12-01,Brighton Pavilion,72
718,706513,Every school & college to be obliged to have an evacuation chair & training,2025-12-01,Bristol Central,53
719,706513,Every school & college to be obliged to have an evacuation chair & training,2025-12-01,Bristol East,91
720,706513,Every school & college to be obliged to have an evacuation chair & training,2025-12-01,Bristol North East,106
721,706513,Every school & college to be obliged to have an evacuation chair & training,2025-12-01,Bristol North West,210
722,706513,Every school & college to be obliged to have an evacuation chair & training,2025-12-01,Bristol South,122
723,706513,Every school & college to be obliged to have an evacuation chair & training,2025-12-01,Broadland and Fakenham,333
724,706513,Every school & college to be obliged to have an evacuation chair & training,2025-12-01,Bromley and Biggin Hill,125
725,706513,Every school & college to be obliged to have an evacuation chair & training,2025-12-01,Bromsgrove,138
726,706513,Every school & college to be obliged to have an evacuation chair & training,2025-12-01,Broxbourne,212
727,706513,Every school & college to be obliged to have an evacuation chair & training,2025-12-01,Broxtowe,92
728,706513,Every school & college to be obliged to have an evacuation chair & training,2025-12-01,Buckingham and Bletchley,235
729,706513,Every school & college to be obliged to have an evacuation chair & training,2025-12-01,Burnley,138
730,706513,Every school & college to be obliged to have an evacuation chair & training,2025-12-01,Burton and Uttoxeter,86
731,706513,Every school & college to be obliged to have an evacuation chair & training,2025-12-01,Bury North,243
732,706513,Every school & college to be obliged to have an evacuation chair & training,2025-12-01,Bury South,176
733,706513,Every school & college to be obliged to have an evacuation chair & training,2025-12-01,Bury St Edmunds and Stowmarket,118
734,706513,Every school & college to be obliged to have an evacuation chair & training,2025-12-01,Calder Valley,142
735,706513,Every school & college to be obliged to have an evacuation chair & training,2025-12-01,Camborne and Redruth,85
736,706513,Every school & college to be obliged to have an evacuation chair & training,2025-12-01,Cambridge,65
737,706513,Every school & college to be obliged to have an evacuation chair & training,2025-12-01,Cannock Chase,246
738,706513,Every school & college to be obliged to have an evacuation chair & training,2025-12-01,Canterbury,230
739,706513,Every school & college to be obliged to have an evacuation chair & training,2025-12-01,Carlisle,134
740,706513,Every school & college to be obliged to have an evacuation chair & training,2025-12-01,Carshalton and Wallington,446
741,706513,Every school & college to be obliged to have an evacuation chair & training,2025-12-01,Castle Point,237
742,706513,Every school & college to be obliged to have an evacuation chair & training,2025-12-01,Central Devon,221
743,706513,Every school & college to be obliged to have an evacuation chair & training,2025-12-01,Central Suffolk and North Ipswich,157
744,706513,Every school & college to be obliged to have an evacuation chair & training,2025-12-01,Chatham and Aylesford,213
745,706513,Every school & college to be obliged to have an evacuation chair & training,2025-12-01,Cheadle,124
746,706513,Every school & college to be obliged to have an evacuation chair & training,2025-12-01,Chelmsford,138
747,706513,Every school & college to be obliged to have an evacuation chair & training,2025-12-01,Chelsea and Fulham,42
748,706513,Every school & college to be obliged to have an evacuation chair & training,2025-12-01,Cheltenham,191
749,706513,Every school & college to be obliged to have an evacuation chair & training,2025-12-01,Chesham and Amersham,284
750,706513,Every school & college to be obliged to have an evacuation chair & training,2025-12-01,Chester North and Neston,129
751,706513,Every school & college to be obliged to have an evacuation chair & training,2025-12-01,Chester South and Eddisbury,131
752,706513,Every school & college to be obliged to have an evacuation chair & training,2025-12-01,Chesterfield,127
753,706513,Every school & college to be obliged to have an evacuation chair & training,2025-12-01,Chichester,143
754,706513,Every school & college to be obliged to have an evacuation chair & training,2025-12-01,Chingford and Woodford Green,67
755,706513,Every school & college to be obliged to have an evacuation chair & training,2025-12-01,Chippenham,177
756,706513,Every school & college to be obliged to have an evacuation chair & training,2025-12-01,Chipping Barnet,66
757,706513,Every school & college to be obliged to have an evacuation chair & training,2025-12-01,Chorley,283
758,706513,Every school & college to be obliged to have an evacuation chair & training,2025-12-01,Christchurch,178
759,706513,Every school & college to be obliged to have an evacuation chair & training,2025-12-01,Cities of London and Westminster,32
760,706513,Every school & college to be obliged to have an evacuation chair & training,2025-12-01,City of Durham,88
761,706513,Every school & college to be obliged to have an evacuation chair & training,2025-12-01,Clacton,430
762,706513,Every school & college to be obliged to have an evacuation chair & training,2025-12-01,Clapham and Brixton Hill,33
763,706513,Every school & college to be obliged to have an evacuation chair & training,2025-12-01,Colchester,152
764,706513,Every school & college to be obliged to have an evacuation chair & training,2025-12-01,Colne Valley,108
765,706513,Every school & college to be obliged to have an evacuation chair & training,2025-12-01,Congleton,435
766,706513,Every school & college to be obliged to have an evacuation chair & training,2025-12-01,Corby and East Northamptonshire,127
767,706513,Every school & college to be obliged to have an evacuation chair & training,2025-12-01,Coventry East,245
768,706513,Every school & college to be obliged to have an evacuation chair & training,2025-12-01,Coventry North West,294
769,706513,Every school & college to be obliged to have an evacuation chair & training,2025-12-01,Coventry South,193
770,706513,Every school & college to be obliged to have an evacuation chair & training,2025-12-01,Cramlington and Killingworth,132
771,706513,Every school & college to be obliged to have an evacuation chair & training,2025-12-01,Crawley,397
772,706513,Every school & college to be obliged to have an evacuation chair & training,2025-12-01,Crewe and Nantwich,431
773,706513,Every school & college to be obliged to have an evacuation chair & training,2025-12-01,Croydon East,98
774,706513,Every school & college to be obliged to have an evacuation chair & training,2025-12-01,Croydon South,104
775,706513,Every school & college to be obliged to have an evacuation chair & training,2025-12-01,Croydon West,75
776,706513,Every school & college to be obliged to have an evacuation chair & training,2025-12-01,Dagenham and Rainham,116
777,706513,Every school & college to be obliged to have an evacuation chair & training,2025-12-01,Darlington,123
778,706513,Every school & college to be obliged to have an evacuation chair & training,2025-12-01,Dartford,353
779,706513,Every school & college to be obliged to have an evacuation chair & training,2025-12-01,Daventry,475
780,706513,Every school & college to be obliged to have an evacuation chair & training,2025-12-01,Derby North,83
781,706513,Every school & college to be obliged to have an evacuation chair & training,2025-12-01,Derby South,75
782,706513,Every school & college to be obliged to have an evacuation chair & training,2025-12-01,Derbyshire Dales,90
783,706513,Every school & college to be obliged to have an evacuation chair & training,2025-12-01,Dewsbury and Batley,181
784,706513,Every school & college to be obliged to have an evacuation chair & training,2025-12-01,Didcot and Wantage,154
785,706513,Every school & college to be obliged to have an evacuation chair & training,2025-12-01,Doncaster Central,84
786,706513,Every school & college to be obliged to have an evacuation chair & training,2025-12-01,Doncaster East and the Isle of Axholme,118
787,706513,Every school & college to be obliged to have an evacuation chair & training,2025-12-01,Doncaster North,76
788,706513,Every school & college to be obliged to have an evacuation chair & training,2025-12-01,Dorking and Horley,437
789,706513,Every school & college to be obliged to have an evacuation chair & training,2025-12-01,Dover and Deal,381
790,706513,Every school & college to be obliged to have an evacuation chair & training,2025-12-01,Droitwich and Evesham,193
791,706513,Every school & college to be obliged to have an evacuation chair & training,2025-12-01,Dudley,158
792,706513,Every school & college to be obliged to have an evacuation chair & training,2025-12-01,Dulwich and West Norwood,37
793,706513,Every school & college to be obliged to have an evacuation chair & training,2025-12-01,Dunstable and Leighton Buzzard,405
794,706513,Every school & college to be obliged to have an evacuation chair & training,2025-12-01,Ealing Central and Acton,47
795,706513,Every school & college to be obliged to have an evacuation chair & training,2025-12-01,Ealing North,42
796,706513,Every school & college to be obliged to have an evacuation chair & training,2025-12-01,Ealing Southall,35
797,706513,Every school & college to be obliged to have an evacuation chair & training,2025-12-01,Earley and Woodley,72
798,706513,Every school & college to be obliged to have an evacuation chair & training,2025-12-01,Easington,161
799,706513,Every school & college to be obliged to have an evacuation chair & training,2025-12-01,East Grinstead and Uckfield,153
800,706513,Every school & college to be obliged to have an evacuation chair & training,2025-12-01,East Ham,11
801,706513,Every school & college to be obliged to have an evacuation chair & training,2025-12-01,East Hampshire,163
802,706513,Every school & college to be obliged to have an evacuation chair & training,2025-12-01,East Surrey,281
803,706513,Every school & college to be obliged to have an evacuation chair & training,2025-12-01,East Thanet,374
804,706513,Every school & college to be obliged to have an evacuation chair & training,2025-12-01,East Wiltshire,291
805,706513,Every school & college to be obliged to have an evacuation chair & training,2025-12-01,East Worthing and Shoreham,106
806,706513,Every school & college to be obliged to have an evacuation chair & training,2025-12-01,Eastbourne,97
807,706513,Every school & college to be obliged to have an evacuation chair & training,2025-12-01,Eastleigh,115
808,706513,Every school & college to be obliged to have an evacuation chair & training,2025-12-01,Edmonton and Winchmore Hill,32
809,706513,Every school & college to be obliged to have an evacuation chair & training,2025-12-01,Ellesmere Port and Bromborough,178
810,706513,Every school & college to be obliged to have an evacuation chair & training,2025-12-01,Eltham and Chislehurst,92
811,706513,Every school & college to be obliged to have an evacuation chair & training,2025-12-01,Ely and East Cambridgeshire,159
812,706513,Every school & college to be obliged to have an evacuation chair & training,2025-12-01,Enfield North,46
813,706513,Every school & college to be obliged to have an evacuation chair & training,2025-12-01,Epping Forest,229
814,706513,Every school & college to be obliged to have an evacuation chair & training,2025-12-01,Epsom and Ewell,310
815,706513,Every school & college to be obliged to have an evacuation chair & training,2025-12-01,Erewash,110
816,706513,Every school & college to be obliged to have an evacuation chair & training,2025-12-01,Erith and Thamesmead,69
817,706513,Every school & college to be obliged to have an evacuation chair & training,2025-12-01,Esher and Walton,124
818,706513,Every school & college to be obliged to have an evacuation chair & training,2025-12-01,Exeter,273
819,706513,Every school & college to be obliged to have an evacuation chair & training,2025-12-01,Exmouth and Exeter East,254
820,706513,Every school & college to be obliged to have an evacuation chair & training,2025-12-01,Fareham and Waterlooville,455
821,706513,Every school & college to be obliged to have an evacuation chair & training,2025-12-01,Farnham and Bordon,320
822,706513,Every school & college to be obliged to have an evacuation chair & training,2025-12-01,Faversham and Mid Kent,124
823,706513,Every school & college to be obliged to have an evacuation chair & training,2025-12-01,Feltham and Heston,112
824,706513,Every school & college to be obliged to have an evacuation chair & training,2025-12-01,Filton and Bradley Stoke,148
825,706513,Every school & college to be obliged to have an evacuation chair & training,2025-12-01,Finchley and Golders Green,23
826,706513,Every school & college to be obliged to have an evacuation chair & training,2025-12-01,Folkestone and Hythe,326
827,706513,Every school & college to be obliged to have an evacuation chair & training,2025-12-01,Forest of Dean,182
828,706513,Every school & college to be obliged to have an evacuation chair & training,2025-12-01,Frome and East Somerset,154
829,706513,Every school & college to be obliged to have an evacuation chair & training,2025-12-01,Fylde,565
830,706513,Every school & college to be obliged to have an evacuation chair & training,2025-12-01,Gainsborough,122
831,706513,Every school & college to be obliged to have an evacuation chair & training,2025-12-01,Gateshead Central and Whickham,115
832,706513,Every school & college to be obliged to have an evacuation chair & training,2025-12-01,Gedling,107
833,706513,Every school & college to be obliged to have an evacuation chair & training,2025-12-01,Gillingham and Rainham,113
834,706513,Every school & college to be obliged to have an evacuation chair & training,2025-12-01,Glastonbury and Somerton,130
835,706513,Every school & college to be obliged to have an evacuation chair & training,2025-12-01,Gloucester,230
836,706513,Every school & college to be obliged to have an evacuation chair & training,2025-12-01,Godalming and Ash,273
837,706513,Every school & college to be obliged to have an evacuation chair & training,2025-12-01,Goole and Pocklington,167
838,706513,Every school & college to be obliged to have an evacuation chair & training,2025-12-01,Gorton and Denton,772
839,706513,Every school & college to be obliged to have an evacuation chair & training,2025-12-01,Gosport,650
840,706513,Every school & college to be obliged to have an evacuation chair & training,2025-12-01,Grantham and Bourne,311
841,706513,Every school & college to be obliged to have an evacuation chair & training,2025-12-01,Gravesham,448
842,706513,Every school & college to be obliged to have an evacuation chair & training,2025-12-01,Great Grimsby and Cleethorpes,235
843,706513,Every school & college to be obliged to have an evacuation chair & training,2025-12-01,Great Yarmouth,162
844,706513,Every school & college to be obliged to have an evacuation chair & training,2025-12-01,Greenwich and Woolwich,44
845,706513,Every school & college to be obliged to have an evacuation chair & training,2025-12-01,Guildford,113
846,706513,Every school & college to be obliged to have an evacuation chair & training,2025-12-01,Hackney North and Stoke Newington,32
847,706513,Every school & college to be obliged to have an evacuation chair & training,2025-12-01,Hackney South and Shoreditch,31
848,706513,Every school & college to be obliged to have an evacuation chair & training,2025-12-01,Halesowen,128
849,706513,Every school & college to be obliged to have an evacuation chair & training,2025-12-01,Halifax,186
850,706513,Every school & college to be obliged to have an evacuation chair & training,2025-12-01,Hamble Valley,360
851,706513,Every school & college to be obliged to have an evacuation chair & training,2025-12-01,Hammersmith and Chiswick,32
852,706513,Every school & college to be obliged to have an evacuation chair & training,2025-12-01,Hampstead and Highgate,28
853,706513,Every school & college to be obliged to have an evacuation chair & training,2025-12-01,"Harborough, Oadby and Wigston",105
854,706513,Every school & college to be obliged to have an evacuation chair & training,2025-12-01,Harlow,301
855,706513,Every school & college to be obliged to have an evacuation chair & training,2025-12-01,Harpenden and Berkhamsted,83
856,706513,Every school & college to be obliged to have an evacuation chair & training,2025-12-01,Harrogate and Knaresborough,84
857,706513,Every school & college to be obliged to have an evacuation chair & training,2025-12-01,Harrow East,12
858,706513,Every school & college to be obliged to have an evacuation chair & training,2025-12-01,Harrow West,24
859,706513,Every school & college to be obliged to have an evacuation chair & training,2025-12-01,Hartlepool,707
860,706513,Every school & college to be obliged to have an evacuation chair & training,2025-12-01,Harwich and North Essex,265
861,706513,Every school & college to be obliged to have an evacuation chair & training,2025-12-01,Hastings and Rye,113
862,706513,Every school & college to be obliged to have an evacuation chair & training,2025-12-01,Havant,322
863,706513,Every school & college to be obliged to have an evacuation chair & training,2025-12-01,Hayes and Harlington,41
864,706513,Every school & college to be obliged to have an evacuation chair & training,2025-12-01,Hazel Grove,286
865,706513,Every school & college to be obliged to have an evacuation chair & training,2025-12-01,Hemel Hempstead,347
866,706513,Every school & college to be obliged to have an evacuation chair & training,2025-12-01,Hendon,41
867,706513,Every school & college to be obliged to have an evacuation chair & training,2025-12-01,Henley and Thame,124
868,706513,Every school & college to be obliged to have an evacuation chair & training,2025-12-01,Hereford and South Herefordshire,201
869,706513,Every school & college to be obliged to have an evacuation chair & training,2025-12-01,Herne Bay and Sandwich,261
870,706513,Every school & college to be obliged to have an evacuation chair & training,2025-12-01,Hertford and Stortford,502
871,706513,Every school & college to be obliged to have an evacuation chair & training,2025-12-01,Hertsmere,76
872,706513,Every school & college to be obliged to have an evacuation chair & training,2025-12-01,Hexham,73
873,706513,Every school & college to be obliged to have an evacuation chair & training,2025-12-01,Heywood and Middleton North,258
874,706513,Every school & college to be obliged to have an evacuation chair & training,2025-12-01,High Peak,601
875,706513,Every school & college to be obliged to have an evacuation chair & training,2025-12-01,Hinckley and Bosworth,148
876,706513,Every school & college to be obliged to have an evacuation chair & training,2025-12-01,Hitchin,275
877,706513,Every school & college to be obliged to have an evacuation chair & training,2025-12-01,Holborn and St Pancras,28
878,706513,Every school & college to be obliged to have an evacuation chair & training,2025-12-01,Honiton and Sidmouth,152
879,706513,Every school & college to be obliged to have an evacuation chair & training,2025-12-01,Hornchurch and Upminster,172
880,706513,Every school & college to be obliged to have an evacuation chair & training,2025-12-01,Hornsey and Friern Barnet,24
881,706513,Every school & college to be obliged to have an evacuation chair & training,2025-12-01,Horsham,167
882,706513,Every school & college to be obliged to have an evacuation chair & training,2025-12-01,Houghton and Sunderland South,164
883,706513,Every school & college to be obliged to have an evacuation chair & training,2025-12-01,Hove and Portslade,68
884,706513,Every school & college to be obliged to have an evacuation chair & training,2025-12-01,Huddersfield,90
885,706513,Every school & college to be obliged to have an evacuation chair & training,2025-12-01,Huntingdon,132
886,706513,Every school & college to be obliged to have an evacuation chair & training,2025-12-01,Hyndburn,276
887,706513,Every school & college to be obliged to have an evacuation chair & training,2025-12-01,Ilford North,105
888,706513,Every school & college to be obliged to have an evacuation chair & training,2025-12-01,Ilford South,27
889,706513,Every school & college to be obliged to have an evacuation chair & training,2025-12-01,Ipswich,244
890,706513,Every school & college to be obliged to have an evacuation chair & training,2025-12-01,Isle of Wight East,56
891,706513,Every school & college to be obliged to have an evacuation chair & training,2025-12-01,Isle of Wight West,56
892,706513,Every school & college to be obliged to have an evacuation chair & training,2025-12-01,Islington North,36
893,706513,Every school & college to be obliged to have an evacuation chair & training,2025-12-01,Islington South and Finsbury,30
894,706513,Every school & college to be obliged to have an evacuation chair & training,2025-12-01,Jarrow and Gateshead East,175
895,706513,Every school & college to be obliged to have an evacuation chair & training,2025-12-01,Keighley and Ilkley,75
896,706513,Every school & college to be obliged to have an evacuation chair & training,2025-12-01,Kenilworth and Southam,172
897,706513,Every school & college to be obliged to have an evacuation chair & training,2025-12-01,Kensington and Bayswater,24
898,706513,Every school & college to be obliged to have an evacuation chair & training,2025-12-01,Kettering,116
899,706513,Every school & college to be obliged to have an evacuation chair & training,2025-12-01,Kingston and Surbiton,220
900,706513,Every school & college to be obliged to have an evacuation chair & training,2025-12-01,Kingston upon Hull East,163
901,706513,Every school & college to be obliged to have an evacuation chair & training,2025-12-01,Kingston upon Hull North and Cottingham,160
902,706513,Every school & college to be obliged to have an evacuation chair & training,2025-12-01,Kingston upon Hull West and Haltemprice,132
903,706513,Every school & college to be obliged to have an evacuation chair & training,2025-12-01,Kingswinford and South Staffordshire,221
904,706513,Every school & college to be obliged to have an evacuation chair & training,2025-12-01,Knowsley,167
905,706513,Every school & college to be obliged to have an evacuation chair & training,2025-12-01,Lancaster and Wyre,169
906,706513,Every school & college to be obliged to have an evacuation chair & training,2025-12-01,Leeds Central and Headingley,89
907,706513,Every school & college to be obliged to have an evacuation chair & training,2025-12-01,Leeds East,190
908,706513,Every school & college to be obliged to have an evacuation chair & training,2025-12-01,Leeds North East,74
909,706513,Every school & college to be obliged to have an evacuation chair & training,2025-12-01,Leeds North West,176
910,706513,Every school & college to be obliged to have an evacuation chair & training,2025-12-01,Leeds South,129
911,706513,Every school & college to be obliged to have an evacuation chair & training,2025-12-01,Leeds South West and Morley,175
912,706513,Every school & college to be obliged to have an evacuation chair & training,2025-12-01,Leeds West and Pudsey,111
913,706513,Every school & college to be obliged to have an evacuation chair & training,2025-12-01,Leicester East,40
914,706513,Every school & college to be obliged to have an evacuation chair & training,2025-12-01,Leicester South,56
915,706513,Every school & college to be obliged to have an evacuation chair & training,2025-12-01,Leicester West,99
916,706513,Every school & college to be obliged to have an evacuation chair & training,2025-12-01,Leigh and Atherton,330
917,706513,Every school & college to be obliged to have an evacuation chair & training,2025-12-01,Lewes,91
918,706513,Every school & college to be obliged to have an evacuation chair & training,2025-12-01,Lewisham East,49
919,706513,Every school & college to be obliged to have an evacuation chair & training,2025-12-01,Lewisham North,47
920,706513,Every school & college to be obliged to have an evacuation chair & training,2025-12-01,Lewisham West and East Dulwich,78
921,706513,Every school & college to be obliged to have an evacuation chair & training,2025-12-01,Leyton and Wanstead,50
922,706513,Every school & college to be obliged to have an evacuation chair & training,2025-12-01,Lichfield,91
923,706513,Every school & college to be obliged to have an evacuation chair & training,2025-12-01,Lincoln,115
924,706513,Every school & college to be obliged to have an evacuation chair & training,2025-12-01,Liverpool Garston,98
925,706513,Every school & college to be obliged to have an evacuation chair & training,2025-12-01,Liverpool Riverside,91
926,706513,Every school & college to be obliged to have an evacuation chair & training,2025-12-01,Liverpool Walton,107
927,706513,Every school & college to be obliged to have an evacuation chair & training,2025-12-01,Liverpool Wavertree,82
928,706513,Every school & college to be obliged to have an evacuation chair & training,2025-12-01,Liverpool West Derby,135
929,706513,Every school & college to be obliged to have an evacuation chair & training,2025-12-01,Loughborough,97
930,706513,Every school & college to be obliged to have an evacuation chair & training,2025-12-01,Louth and Horncastle,125
931,706513,Every school & college to be obliged to have an evacuation chair & training,2025-12-01,Lowestoft,443
932,706513,Every school & college to be obliged to have an evacuation chair & training,2025-12-01,Luton North,83
933,706513,Every school & college to be obliged to have an evacuation chair & training,2025-12-01,Luton South and South Bedfordshire,88
934,706513,Every school & college to be obliged to have an evacuation chair & training,2025-12-01,Macclesfield,100
935,706513,Every school & college to be obliged to have an evacuation chair & training,2025-12-01,Maidenhead,60
936,706513,Every school & college to be obliged to have an evacuation chair & training,2025-12-01,Maidstone and Malling,155
937,706513,Every school & college to be obliged to have an evacuation chair & training,2025-12-01,Makerfield,380
938,706513,Every school & college to be obliged to have an evacuation chair & training,2025-12-01,Maldon,327
939,706513,Every school & college to be obliged to have an evacuation chair & training,2025-12-01,Manchester Central,187
940,706513,Every school & college to be obliged to have an evacuation chair & training,2025-12-01,Manchester Rusholme,85
941,706513,Every school & college to be obliged to have an evacuation chair & training,2025-12-01,Manchester Withington,184
942,706513,Every school & college to be obliged to have an evacuation chair & training,2025-12-01,Mansfield,75
943,706513,Every school & college to be obliged to have an evacuation chair & training,2025-12-01,Melksham and Devizes,346
944,706513,Every school & college to be obliged to have an evacuation chair & training,2025-12-01,Melton and Syston,150
945,706513,Every school & college to be obliged to have an evacuation chair & training,2025-12-01,Meriden and Solihull East,266
946,706513,Every school & college to be obliged to have an evacuation chair & training,2025-12-01,Mid Bedfordshire,264
947,706513,Every school & college to be obliged to have an evacuation chair & training,2025-12-01,Mid Buckinghamshire,287
948,706513,Every school & college to be obliged to have an evacuation chair & training,2025-12-01,Mid Cheshire,201
949,706513,Every school & college to be obliged to have an evacuation chair & training,2025-12-01,Mid Derbyshire,74
950,706513,Every school & college to be obliged to have an evacuation chair & training,2025-12-01,Mid Dorset and North Poole,261
951,706513,Every school & college to be obliged to have an evacuation chair & training,2025-12-01,Mid Leicestershire,164
952,706513,Every school & college to be obliged to have an evacuation chair & training,2025-12-01,Mid Norfolk,297
953,706513,Every school & college to be obliged to have an evacuation chair & training,2025-12-01,Mid Sussex,150
954,706513,Every school & college to be obliged to have an evacuation chair & training,2025-12-01,Middlesbrough and Thornaby East,72
955,706513,Every school & college to be obliged to have an evacuation chair & training,2025-12-01,Middlesbrough South and East Cleveland,108
956,706513,Every school & college to be obliged to have an evacuation chair & training,2025-12-01,Milton Keynes Central,346
957,706513,Every school & college to be obliged to have an evacuation chair & training,2025-12-01,Milton Keynes North,291
958,706513,Every school & college to be obliged to have an evacuation chair & training,2025-12-01,Mitcham and Morden,109
959,706513,Every school & college to be obliged to have an evacuation chair & training,2025-12-01,Morecambe and Lunesdale,207
960,706513,Every school & college to be obliged to have an evacuation chair & training,2025-12-01,New Forest East,152
961,706513,Every school & college to be obliged to have an evacuation chair & training,2025-12-01,New Forest West,100
962,706513,Every school & college to be obliged to have an evacuation chair & training,2025-12-01,Newark,96
963,706513,Every school & college to be obliged to have an evacuation chair & training,2025-12-01,Newbury,71
964,706513,Every school & college to be obliged to have an evacuation chair & training,2025-12-01,Newcastle upon Tyne Central and West,94
965,706513,Every school & college to be obliged to have an evacuation chair & training,2025-12-01,Newcastle upon Tyne East and Wallsend,146
966,706513,Every school & college to be obliged to have an evacuation chair & training,2025-12-01,Newcastle upon Tyne North,113
967,706513,Every school & college to be obliged to have an evacuation chair & training,2025-12-01,Newcastle-under-Lyme,162
968,706513,Every school & college to be obliged to have an evacuation chair & training,2025-12-01,Newton Abbot,306
969,706513,Every school & college to be obliged to have an evacuation chair & training,2025-12-01,Newton Aycliffe and Spennymoor,145
970,706513,Every school & college to be obliged to have an evacuation chair & training,2025-12-01,Normanton and Hemsworth,220
971,706513,Every school & college to be obliged to have an evacuation chair & training,2025-12-01,North Bedfordshire,267
972,706513,Every school & college to be obliged to have an evacuation chair & training,2025-12-01,North Cornwall,284
973,706513,Every school & college to be obliged to have an evacuation chair & training,2025-12-01,North Cotswolds,157
974,706513,Every school & college to be obliged to have an evacuation chair & training,2025-12-01,North Devon,339
975,706513,Every school & college to be obliged to have an evacuation chair & training,2025-12-01,North Dorset,118
976,706513,Every school & college to be obliged to have an evacuation chair & training,2025-12-01,North Durham,125
977,706513,Every school & college to be obliged to have an evacuation chair & training,2025-12-01,North East Cambridgeshire,238
978,706513,Every school & college to be obliged to have an evacuation chair & training,2025-12-01,North East Derbyshire,110
979,706513,Every school & college to be obliged to have an evacuation chair & training,2025-12-01,North East Hampshire,206
980,706513,Every school & college to be obliged to have an evacuation chair & training,2025-12-01,North East Hertfordshire,122
981,706513,Every school & college to be obliged to have an evacuation chair & training,2025-12-01,North East Somerset and Hanham,113
982,706513,Every school & college to be obliged to have an evacuation chair & training,2025-12-01,North Herefordshire,138
983,706513,Every school & college to be obliged to have an evacuation chair & training,2025-12-01,North Norfolk,168
984,706513,Every school & college to be obliged to have an evacuation chair & training,2025-12-01,North Northumberland,110
985,706513,Every school & college to be obliged to have an evacuation chair & training,2025-12-01,North Shropshire,98
986,706513,Every school & college to be obliged to have an evacuation chair & training,2025-12-01,North Somerset,84
987,706513,Every school & college to be obliged to have an evacuation chair & training,2025-12-01,North Warwickshire and Bedworth,189
988,706513,Every school & college to be obliged to have an evacuation chair & training,2025-12-01,North West Cambridgeshire,209
989,706513,Every school & college to be obliged to have an evacuation chair & training,2025-12-01,North West Essex,263
990,706513,Every school & college to be obliged to have an evacuation chair & training,2025-12-01,North West Hampshire,128
991,706513,Every school & college to be obliged to have an evacuation chair & training,2025-12-01,North West Leicestershire,120
992,706513,Every school & college to be obliged to have an evacuation chair & training,2025-12-01,North West Norfolk,405
993,706513,Every school & college to be obliged to have an evacuation chair & training,2025-12-01,Northampton North,195
994,706513,Every school & college to be obliged to have an evacuation chair & training,2025-12-01,Northampton South,196
995,706513,Every school & college to be obliged to have an evacuation chair & training,2025-12-01,Norwich North,312
996,706513,Every school & college to be obliged to have an evacuation chair & training,2025-12-01,Norwich South,283
997,706513,Every school & college to be obliged to have an evacuation chair & training,2025-12-01,Nottingham East,77
998,706513,Every school & college to be obliged to have an evacuation chair & training,2025-12-01,Nottingham North and Kimberley,96
999,706513,Every school & college to be obliged to have an evacuation chair & training,2025-12-01,Nottingham South,76
1000,706513,Every school & college to be obliged to have an evacuation chair & training,2025-12-01,Nuneaton,140
1001,706513,Every school & college to be obliged to have an evacuation chair & training,2025-12-01,Old Bexley and Sidcup,96
1002,706513,Every school & college to be obliged to have an evacuation chair & training,2025-12-01,Oldham East and Saddleworth,437
1003,706513,Every school & college to be obliged to have an evacuation chair & training,2025-12-01,"Oldham West, Chadderton and Royton",489
1004,706513,Every school & college to be obliged to have an evacuation chair & training,2025-12-01,Orpington,106
1005,706513,Every school & college to be obliged to have an evacuation chair & training,2025-12-01,Ossett and Denby Dale,181
1006,706513,Every school & college to be obliged to have an evacuation chair & training,2025-12-01,Oxford East,73
1007,706513,Every school & college to be obliged to have an evacuation chair & training,2025-12-01,Oxford West and Abingdon,92
1008,706513,Every school & college to be obliged to have an evacuation chair & training,2025-12-01,Peckham,33
1009,706513,Every school & college to be obliged to have an evacuation chair & training,2025-12-01,Pendle and Clitheroe,111
1010,706513,Every school & college to be obliged to have an evacuation chair & training,2025-12-01,Penistone and Stocksbridge,109
1011,706513,Every school & college to be obliged to have an evacuation chair & training,2025-12-01,Penrith and Solway,217
1012,706513,Every school & college to be obliged to have an evacuation chair & training,2025-12-01,Peterborough,116
1013,706513,Every school & college to be obliged to have an evacuation chair & training,2025-12-01,Plymouth Moor View,121
1014,706513,Every school & college to be obliged to have an evacuation chair & training,2025-12-01,Plymouth Sutton and Devonport,125
1015,706513,Every school & college to be obliged to have an evacuation chair & training,2025-12-01,"Pontefract, Castleford and Knottingley",306
1016,706513,Every school & college to be obliged to have an evacuation chair & training,2025-12-01,Poole,239
1017,706513,Every school & college to be obliged to have an evacuation chair & training,2025-12-01,Poplar and Limehouse,32
1018,706513,Every school & college to be obliged to have an evacuation chair & training,2025-12-01,Portsmouth North,288
1019,706513,Every school & college to be obliged to have an evacuation chair & training,2025-12-01,Portsmouth South,262
1020,706513,Every school & college to be obliged to have an evacuation chair & training,2025-12-01,Preston,232
1021,706513,Every school & college to be obliged to have an evacuation chair & training,2025-12-01,Putney,59
1022,706513,Every school & college to be obliged to have an evacuation chair & training,2025-12-01,Queen's Park and Maida Vale,26
1023,706513,Every school & college to be obliged to have an evacuation chair & training,2025-12-01,Rawmarsh and Conisbrough,81
1024,706513,Every school & college to be obliged to have an evacuation chair & training,2025-12-01,Rayleigh and Wickford,191
1025,706513,Every school & college to be obliged to have an evacuation chair & training,2025-12-01,Reading Central,53
1026,706513,Every school & college to be obliged to have an evacuation chair & training,2025-12-01,Reading West and Mid Berkshire,70
1027,706513,Every school & college to be obliged to have an evacuation chair & training,2025-12-01,Redcar,92
1028,706513,Every school & college to be obliged to have an evacuation chair & training,2025-12-01,Redditch,148
1029,706513,Every school & college to be obliged to have an evacuation chair & training,2025-12-01,Reigate,518
1030,706513,Every school & college to be obliged to have an evacuation chair & training,2025-12-01,Ribble Valley,165
1031,706513,Every school & college to be obliged to have an evacuation chair & training,2025-12-01,Richmond and Northallerton,87
1032,706513,Every school & college to be obliged to have an evacuation chair & training,2025-12-01,Richmond Park,53
1033,706513,Every school & college to be obliged to have an evacuation chair & training,2025-12-01,Rochdale,350
1034,706513,Every school & college to be obliged to have an evacuation chair & training,2025-12-01,Rochester and Strood,256
1035,706513,Every school & college to be obliged to have an evacuation chair & training,2025-12-01,Romford,168
1036,706513,Every school & college to be obliged to have an evacuation chair & training,2025-12-01,Romsey and Southampton North,117
1037,706513,Every school & college to be obliged to have an evacuation chair & training,2025-12-01,Rossendale and Darwen,265
1038,706513,Every school & college to be obliged to have an evacuation chair & training,2025-12-01,Rother Valley,106
1039,706513,Every school & college to be obliged to have an evacuation chair & training,2025-12-01,Rotherham,83
1040,706513,Every school & college to be obliged to have an evacuation chair & training,2025-12-01,Rugby,443
1041,706513,Every school & college to be obliged to have an evacuation chair & training,2025-12-01,"Ruislip, Northwood and Pinner",44
1042,706513,Every school & college to be obliged to have an evacuation chair & training,2025-12-01,Runcorn and Helsby,131
1043,706513,Every school & college to be obliged to have an evacuation chair & training,2025-12-01,Runnymede and Weybridge,226
1044,706513,Every school & college to be obliged to have an evacuation chair & training,2025-12-01,Rushcliffe,83
1045,706513,Every school & college to be obliged to have an evacuation chair & training,2025-12-01,Rutland and Stamford,148
1046,706513,Every school & college to be obliged to have an evacuation chair & training,2025-12-01,Salford,254
1047,706513,Every school & college to be obliged to have an evacuation chair & training,2025-12-01,Salisbury,264
1048,706513,Every school & college to be obliged to have an evacuation chair & training,2025-12-01,Scarborough and Whitby,81
1049,706513,Every school & college to be obliged to have an evacuation chair & training,2025-12-01,Scunthorpe,88
1050,706513,Every school & college to be obliged to have an evacuation chair & training,2025-12-01,Sefton Central,135
1051,706513,Every school & college to be obliged to have an evacuation chair & training,2025-12-01,Selby,305
1052,706513,Every school & college to be obliged to have an evacuation chair & training,2025-12-01,Sevenoaks,201
1053,706513,Every school & college to be obliged to have an evacuation chair & training,2025-12-01,Sheffield Brightside and Hillsborough,90
1054,706513,Every school & college to be obliged to have an evacuation chair & training,2025-12-01,Sheffield Central,92
1055,706513,Every school & college to be obliged to have an evacuation chair & training,2025-12-01,Sheffield Hallam,83
1056,706513,Every school & college to be obliged to have an evacuation chair & training,2025-12-01,Sheffield Heeley,177
1057,706513,Every school & college to be obliged to have an evacuation chair & training,2025-12-01,Sheffield South East,175
1058,706513,Every school & college to be obliged to have an evacuation chair & training,2025-12-01,Sherwood Forest,86
1059,706513,Every school & college to be obliged to have an evacuation chair & training,2025-12-01,Shipley,98
1060,706513,Every school & college to be obliged to have an evacuation chair & training,2025-12-01,Shrewsbury,94
1061,706513,Every school & college to be obliged to have an evacuation chair & training,2025-12-01,Sittingbourne and Sheppey,115
1062,706513,Every school & college to be obliged to have an evacuation chair & training,2025-12-01,Skipton and Ripon,93
1063,706513,Every school & college to be obliged to have an evacuation chair & training,2025-12-01,Sleaford and North Hykeham,110
1064,706513,Every school & college to be obliged to have an evacuation chair & training,2025-12-01,Slough,44
1065,706513,Every school & college to be obliged to have an evacuation chair & training,2025-12-01,Smethwick,135
1066,706513,Every school & college to be obliged to have an evacuation chair & training,2025-12-01,Solihull West and Shirley,107
1067,706513,Every school & college to be obliged to have an evacuation chair & training,2025-12-01,South Basildon and East Thurrock,211
1068,706513,Every school & college to be obliged to have an evacuation chair & training,2025-12-01,South Cambridgeshire,88
1069,706513,Every school & college to be obliged to have an evacuation chair & training,2025-12-01,South Cotswolds,108
1070,706513,Every school & college to be obliged to have an evacuation chair & training,2025-12-01,South Derbyshire,107
1071,706513,Every school & college to be obliged to have an evacuation chair & training,2025-12-01,South Devon,177
1072,706513,Every school & college to be obliged to have an evacuation chair & training,2025-12-01,South Dorset,126
1073,706513,Every school & college to be obliged to have an evacuation chair & training,2025-12-01,South East Cornwall,114
1074,706513,Every school & college to be obliged to have an evacuation chair & training,2025-12-01,South Holland and The Deepings,243
1075,706513,Every school & college to be obliged to have an evacuation chair & training,2025-12-01,South Leicestershire,311
1076,706513,Every school & college to be obliged to have an evacuation chair & training,2025-12-01,South Norfolk,200
1077,706513,Every school & college to be obliged to have an evacuation chair & training,2025-12-01,South Northamptonshire,195
1078,706513,Every school & college to be obliged to have an evacuation chair & training,2025-12-01,South Ribble,139
1079,706513,Every school & college to be obliged to have an evacuation chair & training,2025-12-01,South Shields,158
1080,706513,Every school & college to be obliged to have an evacuation chair & training,2025-12-01,South Shropshire,89
1081,706513,Every school & college to be obliged to have an evacuation chair & training,2025-12-01,South Suffolk,265
1082,706513,Every school & college to be obliged to have an evacuation chair & training,2025-12-01,South West Devon,108
1083,706513,Every school & college to be obliged to have an evacuation chair & training,2025-12-01,South West Hertfordshire,121
1084,706513,Every school & college to be obliged to have an evacuation chair & training,2025-12-01,South West Norfolk,240
1085,706513,Every school & college to be obliged to have an evacuation chair & training,2025-12-01,South West Wiltshire,451
1086,706513,Every school & college to be obliged to have an evacuation chair & training,2025-12-01,Southampton Itchen,216
1087,706513,Every school & college to be obliged to have an evacuation chair & training,2025-12-01,Southampton Test,160
1088,706513,Every school & college to be obliged to have an evacuation chair & training,2025-12-01,Southend East and Rochford,109
1089,706513,Every school & college to be obliged to have an evacuation chair & training,2025-12-01,Southend West and Leigh,127
1090,706513,Every school & college to be obliged to have an evacuation chair & training,2025-12-01,Southgate and Wood Green,35
1091,706513,Every school & college to be obliged to have an evacuation chair & training,2025-12-01,Southport,312
1092,706513,Every school & college to be obliged to have an evacuation chair & training,2025-12-01,Spelthorne,225
1093,706513,Every school & college to be obliged to have an evacuation chair & training,2025-12-01,Spen Valley,215
1094,706513,Every school & college to be obliged to have an evacuation chair & training,2025-12-01,St Albans,96
1095,706513,Every school & college to be obliged to have an evacuation chair & training,2025-12-01,St Austell and Newquay,123
1096,706513,Every school & college to be obliged to have an evacuation chair & training,2025-12-01,St Helens North,173
1097,706513,Every school & college to be obliged to have an evacuation chair & training,2025-12-01,St Helens South and Whiston,172
1098,706513,Every school & college to be obliged to have an evacuation chair & training,2025-12-01,St Ives,58
1099,706513,Every school & college to be obliged to have an evacuation chair & training,2025-12-01,St Neots and Mid Cambridgeshire,124
1100,706513,Every school & college to be obliged to have an evacuation chair & training,2025-12-01,Stafford,99
1101,706513,Every school & college to be obliged to have an evacuation chair & training,2025-12-01,Staffordshire Moorlands,123
1102,706513,Every school & college to be obliged to have an evacuation chair & training,2025-12-01,Stalybridge and Hyde,1539
1103,706513,Every school & college to be obliged to have an evacuation chair & training,2025-12-01,Stevenage,107
1104,706513,Every school & college to be obliged to have an evacuation chair & training,2025-12-01,Stockport,354
1105,706513,Every school & college to be obliged to have an evacuation chair & training,2025-12-01,Stockton North,152
1106,706513,Every school & college to be obliged to have an evacuation chair & training,2025-12-01,Stockton West,121
1107,706513,Every school & college to be obliged to have an evacuation chair & training,2025-12-01,Stoke-on-Trent Central,323
1108,706513,Every school & college to be obliged to have an evacuation chair & training,2025-12-01,Stoke-on-Trent North,229
1109,706513,Every school & college to be obliged to have an evacuation chair & training,2025-12-01,Stoke-on-Trent South,172
1110,706513,Every school & college to be obliged to have an evacuation chair & training,2025-12-01,"Stone, Great Wyrley and Penkridge",124
1111,706513,Every school & college to be obliged to have an evacuation chair & training,2025-12-01,Stourbridge,261
1112,706513,Every school & college to be obliged to have an evacuation chair & training,2025-12-01,Stratford and Bow,20
1113,706513,Every school & college to be obliged to have an evacuation chair & training,2025-12-01,Stratford-on-Avon,111
1114,706513,Every school & college to be obliged to have an evacuation chair & training,2025-12-01,Streatham and Croydon North,50
1115,706513,Every school & college to be obliged to have an evacuation chair & training,2025-12-01,Stretford and Urmston,315
1116,706513,Every school & college to be obliged to have an evacuation chair & training,2025-12-01,Stroud,96
1117,706513,Every school & college to be obliged to have an evacuation chair & training,2025-12-01,Suffolk Coastal,129
1118,706513,Every school & college to be obliged to have an evacuation chair & training,2025-12-01,Sunderland Central,130
1119,706513,Every school & college to be obliged to have an evacuation chair & training,2025-12-01,Surrey Heath,142
1120,706513,Every school & college to be obliged to have an evacuation chair & training,2025-12-01,Sussex Weald,169
1121,706513,Every school & college to be obliged to have an evacuation chair & training,2025-12-01,Sutton and Cheam,219
1122,706513,Every school & college to be obliged to have an evacuation chair & training,2025-12-01,Sutton Coldfield,124
1123,706513,Every school & college to be obliged to have an evacuation chair & training,2025-12-01,Swindon North,408
1124,706513,Every school & college to be obliged to have an evacuation chair & training,2025-12-01,Swindon South,398
1125,706513,Every school & college to be obliged to have an evacuation chair & training,2025-12-01,Tamworth,144
1126,706513,Every school & college to be obliged to have an evacuation chair & training,2025-12-01,Tatton,129
1127,706513,Every school & college to be obliged to have an evacuation chair & training,2025-12-01,Taunton and Wellington,740
1128,706513,Every school & college to be obliged to have an evacuation chair & training,2025-12-01,Telford,200
1129,706513,Every school & college to be obliged to have an evacuation chair & training,2025-12-01,Tewkesbury,342
1130,706513,Every school & college to be obliged to have an evacuation chair & training,2025-12-01,The Wrekin,131
1131,706513,Every school & college to be obliged to have an evacuation chair & training,2025-12-01,Thirsk and Malton,72
1132,706513,Every school & college to be obliged to have an evacuation chair & training,2025-12-01,Thornbury and Yate,357
1133,706513,Every school & college to be obliged to have an evacuation chair & training,2025-12-01,Thurrock,130
1134,706513,Every school & college to be obliged to have an evacuation chair & training,2025-12-01,Tipton and Wednesbury,153
1135,706513,Every school & college to be obliged to have an evacuation chair & training,2025-12-01,Tiverton and Minehead,236
1136,706513,Every school & college to be obliged to have an evacuation chair & training,2025-12-01,Tonbridge,217
1137,706513,Every school & college to be obliged to have an evacuation chair & training,2025-12-01,Tooting,49
1138,706513,Every school & college to be obliged to have an evacuation chair & training,2025-12-01,Torbay,373
1139,706513,Every school & college to be obliged to have an evacuation chair & training,2025-12-01,Torridge and Tavistock,363
1140,706513,Every school & college to be obliged to have an evacuation chair & training,2025-12-01,Tottenham,27
1141,706513,Every school & college to be obliged to have an evacuation chair & training,2025-12-01,Truro and Falmouth,78
1142,706513,Every school & college to be obliged to have an evacuation chair & training,2025-12-01,Tunbridge Wells,381
1143,706513,Every school & college to be obliged to have an evacuation chair & training,2025-12-01,Twickenham,65
1144,706513,Every school & college to be obliged to have an evacuation chair & training,2025-12-01,Tynemouth,93
1145,706513,Every school & college to be obliged to have an evacuation chair & training,2025-12-01,Uxbridge and South Ruislip,55
1146,706513,Every school & college to be obliged to have an evacuation chair & training,2025-12-01,Vauxhall and Camberwell Green,24
1147,706513,Every school & college to be obliged to have an evacuation chair & training,2025-12-01,Wakefield and Rothwell,279
1148,706513,Every school & college to be obliged to have an evacuation chair & training,2025-12-01,Wallasey,244
1149,706513,Every school & college to be obliged to have an evacuation chair & training,2025-12-01,Walsall and Bloxwich,72
1150,706513,Every school & college to be obliged to have an evacuation chair & training,2025-12-01,Walthamstow,37
1151,706513,Every school & college to be obliged to have an evacuation chair & training,2025-12-01,Warrington North,214
1152,706513,Every school & college to be obliged to have an evacuation chair & training,2025-12-01,Warrington South,224
1153,706513,Every school & college to be obliged to have an evacuation chair & training,2025-12-01,Warwick and Leamington,188
1154,706513,Every school & college to be obliged to have an evacuation chair & training,2025-12-01,Washington and Gateshead South,134
1155,706513,Every school & college to be obliged to have an evacuation chair & training,2025-12-01,Watford,192
1156,706513,Every school & college to be obliged to have an evacuation chair & training,2025-12-01,Waveney Valley,167
1157,706513,Every school & college to be obliged to have an evacuation chair & training,2025-12-01,Weald of Kent,195
1158,706513,Every school & college to be obliged to have an evacuation chair & training,2025-12-01,Wellingborough and Rushden,108
1159,706513,Every school & college to be obliged to have an evacuation chair & training,2025-12-01,Wells and Mendip Hills,90
1160,706513,Every school & college to be obliged to have an evacuation chair & training,2025-12-01,Welwyn Hatfield,290
1161,706513,Every school & college to be obliged to have an evacuation chair & training,2025-12-01,West Bromwich,117
1162,706513,Every school & college to be obliged to have an evacuation chair & training,2025-12-01,West Dorset,125
1163,706513,Every school & college to be obliged to have an evacuation chair & training,2025-12-01,West Ham and Beckton,35
1164,706513,Every school & college to be obliged to have an evacuation chair & training,2025-12-01,West Lancashire,176
1165,706513,Every school & college to be obliged to have an evacuation chair & training,2025-12-01,West Suffolk,102
1166,706513,Every school & college to be obliged to have an evacuation chair & training,2025-12-01,West Worcestershire,285
1167,706513,Every school & college to be obliged to have an evacuation chair & training,2025-12-01,Westmorland and Lonsdale,369
1168,706513,Every school & college to be obliged to have an evacuation chair & training,2025-12-01,Weston-super-Mare,99
1169,706513,Every school & college to be obliged to have an evacuation chair & training,2025-12-01,Wetherby and Easingwold,118
1170,706513,Every school & college to be obliged to have an evacuation chair & training,2025-12-01,Whitehaven and Workington,115
1171,706513,Every school & college to be obliged to have an evacuation chair & training,2025-12-01,Widnes and Halewood,149
1172,706513,Every school & college to be obliged to have an evacuation chair & training,2025-12-01,Wigan,348
1173,706513,Every school & college to be obliged to have an evacuation chair & training,2025-12-01,Wimbledon,126
1174,706513,Every school & college to be obliged to have an evacuation chair & training,2025-12-01,Winchester,69
1175,706513,Every school & college to be obliged to have an evacuation chair & training,2025-12-01,Windsor,85
1176,706513,Every school & college to be obliged to have an evacuation chair & training,2025-12-01,Wirral West,142
1177,706513,Every school & college to be obliged to have an evacuation chair & training,2025-12-01,Witham,517
1178,706513,Every school & college to be obliged to have an evacuation chair & training,2025-12-01,Witney,107
1179,706513,Every school & college to be obliged to have an evacuation chair & training,2025-12-01,Woking,304
1180,706513,Every school & college to be obliged to have an evacuation chair & training,2025-12-01,Wokingham,76
1181,706513,Every school & college to be obliged to have an evacuation chair & training,2025-12-01,Wolverhampton North East,58
1182,706513,Every school & college to be obliged to have an evacuation chair & training,2025-12-01,Wolverhampton South East,85
1183,706513,Every school & college to be obliged to have an evacuation chair & training,2025-12-01,Wolverhampton West,67
1184,706513,Every school & college to be obliged to have an evacuation chair & training,2025-12-01,Worcester,265
1185,706513,Every school & college to be obliged to have an evacuation chair & training,2025-12-01,Worsley and Eccles,267
1186,706513,Every school & college to be obliged to have an evacuation chair & training,2025-12-01,Worthing West,114
1187,706513,Every school & college to be obliged to have an evacuation chair & training,2025-12-01,Wycombe,435
1188,706513,Every school & college to be obliged to have an evacuation chair & training,2025-12-01,Wyre Forest,130
1189,706513,Every school & college to be obliged to have an evacuation chair & training,2025-12-01,Wythenshawe and Sale East,207
1190,706513,Every school & college to be obliged to have an evacuation chair & training,2025-12-01,Yeovil,218
1191,706513,Every school & college to be obliged to have an evacuation chair & training,2025-12-01,York Central,302
1192,706513,Every school & college to be obliged to have an evacuation chair & training,2025-12-01,York Outer,253
1193,706513,Every school & college to be obliged to have an evacuation chair & training,2025-12-01,Belfast East,25
1194,706513,Every school & college to be obliged to have an evacuation chair & training,2025-12-01,Belfast North,29
1195,706513,Every school & college to be obliged to have an evacuation chair & training,2025-12-01,Belfast South and Mid Down,23
1196,706513,Every school & college to be obliged to have an evacuation chair & training,2025-12-01,Belfast West,27
1197,706513,Every school & college to be obliged to have an evacuation chair & training,2025-12-01,East Antrim,37
1198,706513,Every school & college to be obliged to have an evacuation chair & training,2025-12-01,East Londonderry,22
1199,706513,Every school & college to be obliged to have an evacuation chair & training,2025-12-01,Fermanagh and South Tyrone,25
1200,706513,Every school & college to be obliged to have an evacuation chair & training,2025-12-01,Foyle,20
1201,706513,Every school & college to be obliged to have an evacuation chair & training,2025-12-01,Lagan Valley,32
1202,706513,Every school & college to be obliged to have an evacuation chair & training,2025-12-01,Mid Ulster,15
1203,706513,Every school & college to be obliged to have an evacuation chair & training,2025-12-01,Newry and Armagh,24
1204,706513,Every school & college to be obliged to have an evacuation chair & training,2025-12-01,North Antrim,28
1205,706513,Every school & college to be obliged to have an evacuation chair & training,2025-12-01,North Down,30
1206,706513,Every school & college to be obliged to have an evacuation chair & training,2025-12-01,South Antrim,27
1207,706513,Every school & college to be obliged to have an evacuation chair & training,2025-12-01,South Down,27
1208,706513,Every school & college to be obliged to have an evacuation chair & training,2025-12-01,Strangford,37
1209,706513,Every school & college to be obliged to have an evacuation chair & training,2025-12-01,Upper Bann,31
1210,706513,Every school & college to be obliged to have an evacuation chair & training,2025-12-01,West Tyrone,12
1211,706513,Every school & college to be obliged to have an evacuation chair & training,2025-12-01,East Renfrewshire,75
1212,706513,Every school & college to be obliged to have an evacuation chair & training,2025-12-01,Na h-Eileanan an Iar,7
1213,706513,Every school & college to be obliged to have an evacuation chair & training,2025-12-01,Midlothian,75
1214,706513,Every school & college to be obliged to have an evacuation chair & training,2025-12-01,North Ayrshire and Arran,77
1215,706513,Every school & college to be obliged to have an evacuation chair & training,2025-12-01,Orkney and Shetland,23
1216,706513,Every school & college to be obliged to have an evacuation chair & training,2025-12-01,Aberdeen North,86
1217,706513,Every school & college to be obliged to have an evacuation chair & training,2025-12-01,Aberdeen South,95
1218,706513,Every school & college to be obliged to have an evacuation chair & training,2025-12-01,Aberdeenshire North and Moray East,51
1219,706513,Every school & college to be obliged to have an evacuation chair & training,2025-12-01,Airdrie and Shotts,56
1220,706513,Every school & college to be obliged to have an evacuation chair & training,2025-12-01,Alloa and Grangemouth,66
1221,706513,Every school & college to be obliged to have an evacuation chair & training,2025-12-01,Angus and Perthshire Glens,64
1222,706513,Every school & college to be obliged to have an evacuation chair & training,2025-12-01,Arbroath and Broughty Ferry,62
1223,706513,Every school & college to be obliged to have an evacuation chair & training,2025-12-01,"Argyll, Bute and South Lochaber",72
1224,706513,Every school & college to be obliged to have an evacuation chair & training,2025-12-01,Bathgate and Linlithgow,88
1225,706513,Every school & college to be obliged to have an evacuation chair & training,2025-12-01,"Caithness, Sutherland and Easter Ross",69
1226,706513,Every school & college to be obliged to have an evacuation chair & training,2025-12-01,Coatbridge and Bellshill,72
1227,706513,Every school & college to be obliged to have an evacuation chair & training,2025-12-01,Cowdenbeath and Kirkcaldy,68
1228,706513,Every school & college to be obliged to have an evacuation chair & training,2025-12-01,Cumbernauld and Kirkintilloch,62
1229,706513,Every school & college to be obliged to have an evacuation chair & training,2025-12-01,Dumfries and Galloway,110
1230,706513,Every school & college to be obliged to have an evacuation chair & training,2025-12-01,"Dumfriesshire, Clydesdale and Tweeddale",97
1231,706513,Every school & college to be obliged to have an evacuation chair & training,2025-12-01,Dundee Central,46
1232,706513,Every school & college to be obliged to have an evacuation chair & training,2025-12-01,Dunfermline and Dollar,66
1233,706513,Every school & college to be obliged to have an evacuation chair & training,2025-12-01,East Kilbride and Strathaven,79
1234,706513,Every school & college to be obliged to have an evacuation chair & training,2025-12-01,Edinburgh East and Musselburgh,65
1235,706513,Every school & college to be obliged to have an evacuation chair & training,2025-12-01,Edinburgh North and Leith,71
1236,706513,Every school & college to be obliged to have an evacuation chair & training,2025-12-01,Edinburgh South,57
1237,706513,Every school & college to be obliged to have an evacuation chair & training,2025-12-01,Edinburgh South West,70
1238,706513,Every school & college to be obliged to have an evacuation chair & training,2025-12-01,Edinburgh West,45
1239,706513,Every school & college to be obliged to have an evacuation chair & training,2025-12-01,Falkirk,87
1240,706513,Every school & college to be obliged to have an evacuation chair & training,2025-12-01,Glasgow East,54
1241,706513,Every school & college to be obliged to have an evacuation chair & training,2025-12-01,Glasgow North,37
1242,706513,Every school & college to be obliged to have an evacuation chair & training,2025-12-01,Glasgow North East,68
1243,706513,Every school & college to be obliged to have an evacuation chair & training,2025-12-01,Glasgow South,75
1244,706513,Every school & college to be obliged to have an evacuation chair & training,2025-12-01,Glasgow South West,155
1245,706513,Every school & college to be obliged to have an evacuation chair & training,2025-12-01,Glasgow West,63
1246,706513,Every school & college to be obliged to have an evacuation chair & training,2025-12-01,Glenrothes and Mid Fife,79
1247,706513,Every school & college to be obliged to have an evacuation chair & training,2025-12-01,Gordon and Buchan,79
1248,706513,Every school & college to be obliged to have an evacuation chair & training,2025-12-01,Hamilton and Clyde Valley,58
1249,706513,Every school & college to be obliged to have an evacuation chair & training,2025-12-01,Inverclyde and Renfrewshire West,84
1250,706513,Every school & college to be obliged to have an evacuation chair & training,2025-12-01,"Inverness, Skye and West Ross-shire",101
1251,706513,Every school & college to be obliged to have an evacuation chair & training,2025-12-01,Livingston,91
1252,706513,Every school & college to be obliged to have an evacuation chair & training,2025-12-01,Lothian East,66
1253,706513,Every school & college to be obliged to have an evacuation chair & training,2025-12-01,Mid Dunbartonshire,67
1254,706513,Every school & college to be obliged to have an evacuation chair & training,2025-12-01,"Moray West, Nairn and Strathspey",54
1255,706513,Every school & college to be obliged to have an evacuation chair & training,2025-12-01,"Motherwell, Wishaw and Carluke",63
1256,706513,Every school & college to be obliged to have an evacuation chair & training,2025-12-01,North East Fife,51
1257,706513,Every school & college to be obliged to have an evacuation chair & training,2025-12-01,Paisley and Renfrewshire North,194
1258,706513,Every school & college to be obliged to have an evacuation chair & training,2025-12-01,Paisley and Renfrewshire South,97
1259,706513,Every school & college to be obliged to have an evacuation chair & training,2025-12-01,Perth and Kinross-shire,48
1260,706513,Every school & college to be obliged to have an evacuation chair & training,2025-12-01,Rutherglen,58
1261,706513,Every school & college to be obliged to have an evacuation chair & training,2025-12-01,Stirling and Strathallan,105
1262,706513,Every school & college to be obliged to have an evacuation chair & training,2025-12-01,West Dunbartonshire,78
1263,706513,Every school & college to be obliged to have an evacuation chair & training,2025-12-01,"Ayr, Carrick and Cumnock",81
1264,706513,Every school & college to be obliged to have an evacuation chair & training,2025-12-01,"Berwickshire, Roxburgh and Selkirk",57
1265,706513,Every school & college to be obliged to have an evacuation chair & training,2025-12-01,Central Ayrshire,64
1266,706513,Every school & college to be obliged to have an evacuation chair & training,2025-12-01,Kilmarnock and Loudoun,95
1267,706513,Every school & college to be obliged to have an evacuation chair & training,2025-12-01,West Aberdeenshire and Kincardine,65
1268,706513,Every school & college to be obliged to have an evacuation chair & training,2025-12-01,Aberafan Maesteg,91
1269,706513,Every school & college to be obliged to have an evacuation chair & training,2025-12-01,Alyn and Deeside,215
1270,706513,Every school & college to be obliged to have an evacuation chair & training,2025-12-01,Bangor Aberconwy,103
1271,706513,Every school & college to be obliged to have an evacuation chair & training,2025-12-01,Blaenau Gwent and Rhymney,112
1272,706513,Every school & college to be obliged to have an evacuation chair & training,2025-12-01,"Brecon, Radnor and Cwm Tawe",82
1273,706513,Every school & college to be obliged to have an evacuation chair & training,2025-12-01,Bridgend,72
1274,706513,Every school & college to be obliged to have an evacuation chair & training,2025-12-01,Caerfyrddin,65
1275,706513,Every school & college to be obliged to have an evacuation chair & training,2025-12-01,Caerphilly,89
1276,706513,Every school & college to be obliged to have an evacuation chair & training,2025-12-01,Cardiff East,72
1277,706513,Every school & college to be obliged to have an evacuation chair & training,2025-12-01,Cardiff North,78
1278,706513,Every school & college to be obliged to have an evacuation chair & training,2025-12-01,Cardiff South and Penarth,65
1279,706513,Every school & college to be obliged to have an evacuation chair & training,2025-12-01,Cardiff West,64
1280,706513,Every school & college to be obliged to have an evacuation chair & training,2025-12-01,Ceredigion Preseli,77
1281,706513,Every school & college to be obliged to have an evacuation chair & training,2025-12-01,Clwyd East,148
1282,706513,Every school & college to be obliged to have an evacuation chair & training,2025-12-01,Clwyd North,141
1283,706513,Every school & college to be obliged to have an evacuation chair & training,2025-12-01,Dwyfor Meirionnydd,63
1284,706513,Every school & college to be obliged to have an evacuation chair & training,2025-12-01,Gower,105
1285,706513,Every school & college to be obliged to have an evacuation chair & training,2025-12-01,Llanelli,59
1286,706513,Every school & college to be obliged to have an evacuation chair & training,2025-12-01,Merthyr Tydfil and Aberdare,77
1287,706513,Every school & college to be obliged to have an evacuation chair & training,2025-12-01,Mid and South Pembrokeshire,103
1288,706513,Every school & college to be obliged to have an evacuation chair & training,2025-12-01,Monmouthshire,105
1289,706513,Every school & college to be obliged to have an evacuation chair & training,2025-12-01,Montgomeryshire and Glyndŵr,235
1290,706513,Every school & college to be obliged to have an evacuation chair & training,2025-12-01,Neath and Swansea East,101
1291,706513,Every school & college to be obliged to have an evacuation chair & training,2025-12-01,Newport East,148
1292,706513,Every school & college to be obliged to have an evacuation chair & training,2025-12-01,Newport West and Islwyn,93
1293,706513,Every school & college to be obliged to have an evacuation chair & training,2025-12-01,Pontypridd,75
1294,706513,Every school & college to be obliged to have an evacuation chair & training,2025-12-01,Rhondda and Ogmore,81
1295,706513,Every school & college to be obliged to have an evacuation chair & training,2025-12-01,Swansea West,88
1296,706513,Every school & college to be obliged to have an evacuation chair & training,2025-12-01,Torfaen,172
1297,706513,Every school & college to be obliged to have an evacuation chair & training,2025-12-01,Vale of Glamorgan,89
1298,706513,Every school & college to be obliged to have an evacuation chair & training,2025-12-01,Wrexham,638
1299,706513,Every school & college to be obliged to have an evacuation chair & training,2025-12-01,Ynys Môn,57
1300,722377,Withdraw the Children's Wellbeing and Schools Bill,2025-12-01,Aldershot,368
1301,722377,Withdraw the Children's Wellbeing and Schools Bill,2025-12-01,Aldridge-Brownhills,201
1302,722377,Withdraw the Children's Wellbeing and Schools Bill,2025-12-01,Altrincham and Sale West,223
1303,722377,Withdraw the Children's Wellbeing and Schools Bill,2025-12-01,Amber Valley,305
1304,722377,Withdraw the Children's Wellbeing and Schools Bill,2025-12-01,Arundel and South Downs,333
1305,722377,Withdraw the Children's Wellbeing and Schools Bill,2025-12-01,Ashfield,274
1306,722377,Withdraw the Children's Wellbeing and Schools Bill,2025-12-01,Ashford,402
1307,722377,Withdraw the Children's Wellbeing and Schools Bill,2025-12-01,Ashton-under-Lyne,217
1308,722377,Withdraw the Children's Wellbeing and Schools Bill,2025-12-01,Aylesbury,334
1309,722377,Withdraw the Children's Wellbeing and Schools Bill,2025-12-01,Banbury,299
1310,722377,Withdraw the Children's Wellbeing and Schools Bill,2025-12-01,Barking,252
1311,722377,Withdraw the Children's Wellbeing and Schools Bill,2025-12-01,Barnsley North,318
1312,722377,Withdraw the Children's Wellbeing and Schools Bill,2025-12-01,Barnsley South,257
1313,722377,Withdraw the Children's Wellbeing and Schools Bill,2025-12-01,Barrow and Furness,289
1314,722377,Withdraw the Children's Wellbeing and Schools Bill,2025-12-01,Basildon and Billericay,389
1315,722377,Withdraw the Children's Wellbeing and Schools Bill,2025-12-01,Basingstoke,352
1316,722377,Withdraw the Children's Wellbeing and Schools Bill,2025-12-01,Bassetlaw,287
1317,722377,Withdraw the Children's Wellbeing and Schools Bill,2025-12-01,Bath,215
1318,722377,Withdraw the Children's Wellbeing and Schools Bill,2025-12-01,Battersea,156
1319,722377,Withdraw the Children's Wellbeing and Schools Bill,2025-12-01,Beaconsfield,272
1320,722377,Withdraw the Children's Wellbeing and Schools Bill,2025-12-01,Beckenham and Penge,261
1321,722377,Withdraw the Children's Wellbeing and Schools Bill,2025-12-01,Bedford,242
1322,722377,Withdraw the Children's Wellbeing and Schools Bill,2025-12-01,Bermondsey and Old Southwark,145
1323,722377,Withdraw the Children's Wellbeing and Schools Bill,2025-12-01,Bethnal Green and Stepney,242
1324,722377,Withdraw the Children's Wellbeing and Schools Bill,2025-12-01,Beverley and Holderness,229
1325,722377,Withdraw the Children's Wellbeing and Schools Bill,2025-12-01,Bexhill and Battle,339
1326,722377,Withdraw the Children's Wellbeing and Schools Bill,2025-12-01,Bexleyheath and Crayford,288
1327,722377,Withdraw the Children's Wellbeing and Schools Bill,2025-12-01,Bicester and Woodstock,297
1328,722377,Withdraw the Children's Wellbeing and Schools Bill,2025-12-01,Birkenhead,309
1329,722377,Withdraw the Children's Wellbeing and Schools Bill,2025-12-01,Birmingham Edgbaston,159
1330,722377,Withdraw the Children's Wellbeing and Schools Bill,2025-12-01,Birmingham Erdington,270
1331,722377,Withdraw the Children's Wellbeing and Schools Bill,2025-12-01,Birmingham Hall Green and Moseley,211
1332,722377,Withdraw the Children's Wellbeing and Schools Bill,2025-12-01,Birmingham Hodge Hill and Solihull North,265
1333,722377,Withdraw the Children's Wellbeing and Schools Bill,2025-12-01,Birmingham Ladywood,167
1334,722377,Withdraw the Children's Wellbeing and Schools Bill,2025-12-01,Birmingham Northfield,301
1335,722377,Withdraw the Children's Wellbeing and Schools Bill,2025-12-01,Birmingham Perry Barr,195
1336,722377,Withdraw the Children's Wellbeing and Schools Bill,2025-12-01,Birmingham Selly Oak,215
1337,722377,Withdraw the Children's Wellbeing and Schools Bill,2025-12-01,Birmingham Yardley,221
1338,722377,Withdraw the Children's Wellbeing and Schools Bill,2025-12-01,Bishop Auckland,242
1339,722377,Withdraw the Children's Wellbeing and Schools Bill,2025-12-01,Blackburn,225
1340,722377,Withdraw the Children's Wellbeing and Schools Bill,2025-12-01,Blackley and Middleton South,243
1341,722377,Withdraw the Children's Wellbeing and Schools Bill,2025-12-01,Blackpool North and Fleetwood,260
1342,722377,Withdraw the Children's Wellbeing and Schools Bill,2025-12-01,Blackpool South,303
1343,722377,Withdraw the Children's Wellbeing and Schools Bill,2025-12-01,Blaydon and Consett,318
1344,722377,Withdraw the Children's Wellbeing and Schools Bill,2025-12-01,Blyth and Ashington,291
1345,722377,Withdraw the Children's Wellbeing and Schools Bill,2025-12-01,Bognor Regis and Littlehampton,345
1346,722377,Withdraw the Children's Wellbeing and Schools Bill,2025-12-01,Bolsover,278
1347,722377,Withdraw the Children's Wellbeing and Schools Bill,2025-12-01,Bolton North East,255
1348,722377,Withdraw the Children's Wellbeing and Schools Bill,2025-12-01,Bolton South and Walkden,303
1349,722377,Withdraw the Children's Wellbeing and Schools Bill,2025-12-01,Bolton West,255
1350,722377,Withdraw the Children's Wellbeing and Schools Bill,2025-12-01,Bootle,308
1351,722377,Withdraw the Children's Wellbeing and Schools Bill,2025-12-01,Boston and Skegness,286
1352,722377,Withdraw the Children's Wellbeing and Schools Bill,2025-12-01,Bournemouth East,420
1353,722377,Withdraw the Children's Wellbeing and Schools Bill,2025-12-01,Bournemouth West,399
1354,722377,Withdraw the Children's Wellbeing and Schools Bill,2025-12-01,Bracknell,356
1355,722377,Withdraw the Children's Wellbeing and Schools Bill,2025-12-01,Bradford East,230
1356,722377,Withdraw the Children's Wellbeing and Schools Bill,2025-12-01,Bradford South,232
1357,722377,Withdraw the Children's Wellbeing and Schools Bill,2025-12-01,Bradford West,234
1358,722377,Withdraw the Children's Wellbeing and Schools Bill,2025-12-01,Braintree,423
1359,722377,Withdraw the Children's Wellbeing and Schools Bill,2025-12-01,Brent East,164
1360,722377,Withdraw the Children's Wellbeing and Schools Bill,2025-12-01,Brent West,110
1361,722377,Withdraw the Children's Wellbeing and Schools Bill,2025-12-01,Brentford and Isleworth,183
1362,722377,Withdraw the Children's Wellbeing and Schools Bill,2025-12-01,Brentwood and Ongar,424
1363,722377,Withdraw the Children's Wellbeing and Schools Bill,2025-12-01,Bridgwater,315
1364,722377,Withdraw the Children's Wellbeing and Schools Bill,2025-12-01,Bridlington and The Wolds,253
1365,722377,Withdraw the Children's Wellbeing and Schools Bill,2025-12-01,Brigg and Immingham,255
1366,722377,Withdraw the Children's Wellbeing and Schools Bill,2025-12-01,Brighton Kemptown and Peacehaven,391
1367,722377,Withdraw the Children's Wellbeing and Schools Bill,2025-12-01,Brighton Pavilion,300
1368,722377,Withdraw the Children's Wellbeing and Schools Bill,2025-12-01,Bristol Central,133
1369,722377,Withdraw the Children's Wellbeing and Schools Bill,2025-12-01,Bristol East,268
1370,722377,Withdraw the Children's Wellbeing and Schools Bill,2025-12-01,Bristol North East,296
1371,722377,Withdraw the Children's Wellbeing and Schools Bill,2025-12-01,Bristol North West,228
1372,722377,Withdraw the Children's Wellbeing and Schools Bill,2025-12-01,Bristol South,308
1373,722377,Withdraw the Children's Wellbeing and Schools Bill,2025-12-01,Broadland and Fakenham,290
1374,722377,Withdraw the Children's Wellbeing and Schools Bill,2025-12-01,Bromley and Biggin Hill,282
1375,722377,Withdraw the Children's Wellbeing and Schools Bill,2025-12-01,Bromsgrove,259
1376,722377,Withdraw the Children's Wellbeing and Schools Bill,2025-12-01,Broxbourne,382
1377,722377,Withdraw the Children's Wellbeing and Schools Bill,2025-12-01,Broxtowe,244
1378,722377,Withdraw the Children's Wellbeing and Schools Bill,2025-12-01,Buckingham and Bletchley,397
1379,722377,Withdraw the Children's Wellbeing and Schools Bill,2025-12-01,Burnley,319
1380,722377,Withdraw the Children's Wellbeing and Schools Bill,2025-12-01,Burton and Uttoxeter,283
1381,722377,Withdraw the Children's Wellbeing and Schools Bill,2025-12-01,Bury North,252
1382,722377,Withdraw the Children's Wellbeing and Schools Bill,2025-12-01,Bury South,240
1383,722377,Withdraw the Children's Wellbeing and Schools Bill,2025-12-01,Bury St Edmunds and Stowmarket,325
1384,722377,Withdraw the Children's Wellbeing and Schools Bill,2025-12-01,Calder Valley,313
1385,722377,Withdraw the Children's Wellbeing and Schools Bill,2025-12-01,Camborne and Redruth,412
1386,722377,Withdraw the Children's Wellbeing and Schools Bill,2025-12-01,Cambridge,156
1387,722377,Withdraw the Children's Wellbeing and Schools Bill,2025-12-01,Cannock Chase,316
1388,722377,Withdraw the Children's Wellbeing and Schools Bill,2025-12-01,Canterbury,288
1389,722377,Withdraw the Children's Wellbeing and Schools Bill,2025-12-01,Carlisle,315
1390,722377,Withdraw the Children's Wellbeing and Schools Bill,2025-12-01,Carshalton and Wallington,268
1391,722377,Withdraw the Children's Wellbeing and Schools Bill,2025-12-01,Castle Point,328
1392,722377,Withdraw the Children's Wellbeing and Schools Bill,2025-12-01,Central Devon,439
1393,722377,Withdraw the Children's Wellbeing and Schools Bill,2025-12-01,Central Suffolk and North Ipswich,281
1394,722377,Withdraw the Children's Wellbeing and Schools Bill,2025-12-01,Chatham and Aylesford,375
1395,722377,Withdraw the Children's Wellbeing and Schools Bill,2025-12-01,Cheadle,217
1396,722377,Withdraw the Children's Wellbeing and Schools Bill,2025-12-01,Chelmsford,320
1397,722377,Withdraw the Children's Wellbeing and Schools Bill,2025-12-01,Chelsea and Fulham,200
1398,722377,Withdraw the Children's Wellbeing and Schools Bill,2025-12-01,Cheltenham,199
1399,722377,Withdraw the Children's Wellbeing and Schools Bill,2025-12-01,Chesham and Amersham,280
1400,722377,Withdraw the Children's Wellbeing and Schools Bill,2025-12-01,Chester North and Neston,225
1401,722377,Withdraw the Children's Wellbeing and Schools Bill,2025-12-01,Chester South and Eddisbury,248
1402,722377,Withdraw the Children's Wellbeing and Schools Bill,2025-12-01,Chesterfield,288
1403,722377,Withdraw the Children's Wellbeing and Schools Bill,2025-12-01,Chichester,341
1404,722377,Withdraw the Children's Wellbeing and Schools Bill,2025-12-01,Chingford and Woodford Green,232
1405,722377,Withdraw the Children's Wellbeing and Schools Bill,2025-12-01,Chippenham,291
1406,722377,Withdraw the Children's Wellbeing and Schools Bill,2025-12-01,Chipping Barnet,180
1407,722377,Withdraw the Children's Wellbeing and Schools Bill,2025-12-01,Chorley,324
1408,722377,Withdraw the Children's Wellbeing and Schools Bill,2025-12-01,Christchurch,361
1409,722377,Withdraw the Children's Wellbeing and Schools Bill,2025-12-01,Cities of London and Westminster,172
1410,722377,Withdraw the Children's Wellbeing and Schools Bill,2025-12-01,City of Durham,215
1411,722377,Withdraw the Children's Wellbeing and Schools Bill,2025-12-01,Clacton,356
1412,722377,Withdraw the Children's Wellbeing and Schools Bill,2025-12-01,Clapham and Brixton Hill,139
1413,722377,Withdraw the Children's Wellbeing and Schools Bill,2025-12-01,Colchester,327
1414,722377,Withdraw the Children's Wellbeing and Schools Bill,2025-12-01,Colne Valley,265
1415,722377,Withdraw the Children's Wellbeing and Schools Bill,2025-12-01,Congleton,323
1416,722377,Withdraw the Children's Wellbeing and Schools Bill,2025-12-01,Corby and East Northamptonshire,345
1417,722377,Withdraw the Children's Wellbeing and Schools Bill,2025-12-01,Coventry East,213
1418,722377,Withdraw the Children's Wellbeing and Schools Bill,2025-12-01,Coventry North West,323
1419,722377,Withdraw the Children's Wellbeing and Schools Bill,2025-12-01,Coventry South,220
1420,722377,Withdraw the Children's Wellbeing and Schools Bill,2025-12-01,Cramlington and Killingworth,282
1421,722377,Withdraw the Children's Wellbeing and Schools Bill,2025-12-01,Crawley,355
1422,722377,Withdraw the Children's Wellbeing and Schools Bill,2025-12-01,Crewe and Nantwich,287
1423,722377,Withdraw the Children's Wellbeing and Schools Bill,2025-12-01,Croydon East,244
1424,722377,Withdraw the Children's Wellbeing and Schools Bill,2025-12-01,Croydon South,219
1425,722377,Withdraw the Children's Wellbeing and Schools Bill,2025-12-01,Croydon West,174
1426,722377,Withdraw the Children's Wellbeing and Schools Bill,2025-12-01,Dagenham and Rainham,236
1427,722377,Withdraw the Children's Wellbeing and Schools Bill,2025-12-01,Darlington,195
1428,722377,Withdraw the Children's Wellbeing and Schools Bill,2025-12-01,Dartford,351
1429,722377,Withdraw the Children's Wellbeing and Schools Bill,2025-12-01,Daventry,327
1430,722377,Withdraw the Children's Wellbeing and Schools Bill,2025-12-01,Derby North,270
1431,722377,Withdraw the Children's Wellbeing and Schools Bill,2025-12-01,Derby South,240
1432,722377,Withdraw the Children's Wellbeing and Schools Bill,2025-12-01,Derbyshire Dales,274
1433,722377,Withdraw the Children's Wellbeing and Schools Bill,2025-12-01,Dewsbury and Batley,201
1434,722377,Withdraw the Children's Wellbeing and Schools Bill,2025-12-01,Didcot and Wantage,343
1435,722377,Withdraw the Children's Wellbeing and Schools Bill,2025-12-01,Doncaster Central,270
1436,722377,Withdraw the Children's Wellbeing and Schools Bill,2025-12-01,Doncaster East and the Isle of Axholme,278
1437,722377,Withdraw the Children's Wellbeing and Schools Bill,2025-12-01,Doncaster North,244
1438,722377,Withdraw the Children's Wellbeing and Schools Bill,2025-12-01,Dorking and Horley,279
1439,722377,Withdraw the Children's Wellbeing and Schools Bill,2025-12-01,Dover and Deal,330
1440,722377,Withdraw the Children's Wellbeing and Schools Bill,2025-12-01,Droitwich and Evesham,247
1441,722377,Withdraw the Children's Wellbeing and Schools Bill,2025-12-01,Dudley,232
1442,722377,Withdraw the Children's Wellbeing and Schools Bill,2025-12-01,Dulwich and West Norwood,176
1443,722377,Withdraw the Children's Wellbeing and Schools Bill,2025-12-01,Dunstable and Leighton Buzzard,403
1444,722377,Withdraw the Children's Wellbeing and Schools Bill,2025-12-01,Ealing Central and Acton,204
1445,722377,Withdraw the Children's Wellbeing and Schools Bill,2025-12-01,Ealing North,176
1446,722377,Withdraw the Children's Wellbeing and Schools Bill,2025-12-01,Ealing Southall,127
1447,722377,Withdraw the Children's Wellbeing and Schools Bill,2025-12-01,Earley and Woodley,251
1448,722377,Withdraw the Children's Wellbeing and Schools Bill,2025-12-01,Easington,243
1449,722377,Withdraw the Children's Wellbeing and Schools Bill,2025-12-01,East Grinstead and Uckfield,506
1450,722377,Withdraw the Children's Wellbeing and Schools Bill,2025-12-01,East Ham,155
1451,722377,Withdraw the Children's Wellbeing and Schools Bill,2025-12-01,East Hampshire,331
1452,722377,Withdraw the Children's Wellbeing and Schools Bill,2025-12-01,East Surrey,324
1453,722377,Withdraw the Children's Wellbeing and Schools Bill,2025-12-01,East Thanet,348
1454,722377,Withdraw the Children's Wellbeing and Schools Bill,2025-12-01,East Wiltshire,364
1455,722377,Withdraw the Children's Wellbeing and Schools Bill,2025-12-01,East Worthing and Shoreham,378
1456,722377,Withdraw the Children's Wellbeing and Schools Bill,2025-12-01,Eastbourne,294
1457,722377,Withdraw the Children's Wellbeing and Schools Bill,2025-12-01,Eastleigh,259
1458,722377,Withdraw the Children's Wellbeing and Schools Bill,2025-12-01,Edmonton and Winchmore Hill,158
1459,722377,Withdraw the Children's Wellbeing and Schools Bill,2025-12-01,Ellesmere Port and Bromborough,343
1460,722377,Withdraw the Children's Wellbeing and Schools Bill,2025-12-01,Eltham and Chislehurst,322
1461,722377,Withdraw the Children's Wellbeing and Schools Bill,2025-12-01,Ely and East Cambridgeshire,359
1462,722377,Withdraw the Children's Wellbeing and Schools Bill,2025-12-01,Enfield North,221
1463,722377,Withdraw the Children's Wellbeing and Schools Bill,2025-12-01,Epping Forest,388
1464,722377,Withdraw the Children's Wellbeing and Schools Bill,2025-12-01,Epsom and Ewell,283
1465,722377,Withdraw the Children's Wellbeing and Schools Bill,2025-12-01,Erewash,288
1466,722377,Withdraw the Children's Wellbeing and Schools Bill,2025-12-01,Erith and Thamesmead,229
1467,722377,Withdraw the Children's Wellbeing and Schools Bill,2025-12-01,Esher and Walton,225
1468,722377,Withdraw the Children's Wellbeing and Schools Bill,2025-12-01,Exeter,235
1469,722377,Withdraw the Children's Wellbeing and Schools Bill,2025-12-01,Exmouth and Exeter East,338
1470,722377,Withdraw the Children's Wellbeing and Schools Bill,2025-12-01,Fareham and Waterlooville,350
1471,722377,Withdraw the Children's Wellbeing and Schools Bill,2025-12-01,Farnham and Bordon,395
1472,722377,Withdraw the Children's Wellbeing and Schools Bill,2025-12-01,Faversham and Mid Kent,337
1473,722377,Withdraw the Children's Wellbeing and Schools Bill,2025-12-01,Feltham and Heston,156
1474,722377,Withdraw the Children's Wellbeing and Schools Bill,2025-12-01,Filton and Bradley Stoke,224
1475,722377,Withdraw the Children's Wellbeing and Schools Bill,2025-12-01,Finchley and Golders Green,172
1476,722377,Withdraw the Children's Wellbeing and Schools Bill,2025-12-01,Folkestone and Hythe,397
1477,722377,Withdraw the Children's Wellbeing and Schools Bill,2025-12-01,Forest of Dean,295
1478,722377,Withdraw the Children's Wellbeing and Schools Bill,2025-12-01,Frome and East Somerset,328
1479,722377,Withdraw the Children's Wellbeing and Schools Bill,2025-12-01,Fylde,249
1480,722377,Withdraw the Children's Wellbeing and Schools Bill,2025-12-01,Gainsborough,259
1481,722377,Withdraw the Children's Wellbeing and Schools Bill,2025-12-01,Gateshead Central and Whickham,189
1482,722377,Withdraw the Children's Wellbeing and Schools Bill,2025-12-01,Gedling,229
1483,722377,Withdraw the Children's Wellbeing and Schools Bill,2025-12-01,Gillingham and Rainham,351
1484,722377,Withdraw the Children's Wellbeing and Schools Bill,2025-12-01,Glastonbury and Somerton,356
1485,722377,Withdraw the Children's Wellbeing and Schools Bill,2025-12-01,Gloucester,286
1486,722377,Withdraw the Children's Wellbeing and Schools Bill,2025-12-01,Godalming and Ash,281
1487,722377,Withdraw the Children's Wellbeing and Schools Bill,2025-12-01,Goole and Pocklington,283
1488,722377,Withdraw the Children's Wellbeing and Schools Bill,2025-12-01,Gorton and Denton,265
1489,722377,Withdraw the Children's Wellbeing and Schools Bill,2025-12-01,Gosport,405
1490,722377,Withdraw the Children's Wellbeing and Schools Bill,2025-12-01,Grantham and Bourne,265
1491,722377,Withdraw the Children's Wellbeing and Schools Bill,2025-12-01,Gravesham,258
1492,722377,Withdraw the Children's Wellbeing and Schools Bill,2025-12-01,Great Grimsby and Cleethorpes,282
1493,722377,Withdraw the Children's Wellbeing and Schools Bill,2025-12-01,Great Yarmouth,240
1494,722377,Withdraw the Children's Wellbeing and Schools Bill,2025-12-01,Greenwich and Woolwich,177
1495,722377,Withdraw the Children's Wellbeing and Schools Bill,2025-12-01,Guildford,197
1496,722377,Withdraw the Children's Wellbeing and Schools Bill,2025-12-01,Hackney North and Stoke Newington,177
1497,722377,Withdraw the Children's Wellbeing and Schools Bill,2025-12-01,Hackney South and Shoreditch,183
1498,722377,Withdraw the Children's Wellbeing and Schools Bill,2025-12-01,Halesowen,305
1499,722377,Withdraw the Children's Wellbeing and Schools Bill,2025-12-01,Halifax,317
1500,722377,Withdraw the Children's Wellbeing and Schools Bill,2025-12-01,Hamble Valley,327
1501,722377,Withdraw the Children's Wellbeing and Schools Bill,2025-12-01,Hammersmith and Chiswick,191
1502,722377,Withdraw the Children's Wellbeing and Schools Bill,2025-12-01,Hampstead and Highgate,147
1503,722377,Withdraw the Children's Wellbeing and Schools Bill,2025-12-01,"Harborough, Oadby and Wigston",243
1504,722377,Withdraw the Children's Wellbeing and Schools Bill,2025-12-01,Harlow,422
1505,722377,Withdraw the Children's Wellbeing and Schools Bill,2025-12-01,Harpenden and Berkhamsted,254
1506,722377,Withdraw the Children's Wellbeing and Schools Bill,2025-12-01,Harrogate and Knaresborough,199
1507,722377,Withdraw the Children's Wellbeing and Schools Bill,2025-12-01,Harrow East,149
1508,722377,Withdraw the Children's Wellbeing and Schools Bill,2025-12-01,Harrow West,143
1509,722377,Withdraw the Children's Wellbeing and Schools Bill,2025-12-01,Hartlepool,330
1510,722377,Withdraw the Children's Wellbeing and Schools Bill,2025-12-01,Harwich and North Essex,341
1511,722377,Withdraw the Children's Wellbeing and Schools Bill,2025-12-01,Hastings and Rye,388
1512,722377,Withdraw the Children's Wellbeing and Schools Bill,2025-12-01,Havant,503
1513,722377,Withdraw the Children's Wellbeing and Schools Bill,2025-12-01,Hayes and Harlington,165
1514,722377,Withdraw the Children's Wellbeing and Schools Bill,2025-12-01,Hazel Grove,289
1515,722377,Withdraw the Children's Wellbeing and Schools Bill,2025-12-01,Hemel Hempstead,379
1516,722377,Withdraw the Children's Wellbeing and Schools Bill,2025-12-01,Hendon,164
1517,722377,Withdraw the Children's Wellbeing and Schools Bill,2025-12-01,Henley and Thame,280
1518,722377,Withdraw the Children's Wellbeing and Schools Bill,2025-12-01,Hereford and South Herefordshire,300
1519,722377,Withdraw the Children's Wellbeing and Schools Bill,2025-12-01,Herne Bay and Sandwich,362
1520,722377,Withdraw the Children's Wellbeing and Schools Bill,2025-12-01,Hertford and Stortford,350
1521,722377,Withdraw the Children's Wellbeing and Schools Bill,2025-12-01,Hertsmere,302
1522,722377,Withdraw the Children's Wellbeing and Schools Bill,2025-12-01,Hexham,234
1523,722377,Withdraw the Children's Wellbeing and Schools Bill,2025-12-01,Heywood and Middleton North,255
1524,722377,Withdraw the Children's Wellbeing and Schools Bill,2025-12-01,High Peak,272
1525,722377,Withdraw the Children's Wellbeing and Schools Bill,2025-12-01,Hinckley and Bosworth,253
1526,722377,Withdraw the Children's Wellbeing and Schools Bill,2025-12-01,Hitchin,329
1527,722377,Withdraw the Children's Wellbeing and Schools Bill,2025-12-01,Holborn and St Pancras,169
1528,722377,Withdraw the Children's Wellbeing and Schools Bill,2025-12-01,Honiton and Sidmouth,363
1529,722377,Withdraw the Children's Wellbeing and Schools Bill,2025-12-01,Hornchurch and Upminster,298
1530,722377,Withdraw the Children's Wellbeing and Schools Bill,2025-12-01,Hornsey and Friern Barnet,130
1531,722377,Withdraw the Children's Wellbeing and Schools Bill,2025-12-01,Horsham,372
1532,722377,Withdraw the Children's Wellbeing and Schools Bill,2025-12-01,Houghton and Sunderland South,249
1533,722377,Withdraw the Children's Wellbeing and Schools Bill,2025-12-01,Hove and Portslade,334
1534,722377,Withdraw the Children's Wellbeing and Schools Bill,2025-12-01,Huddersfield,273
1535,722377,Withdraw the Children's Wellbeing and Schools Bill,2025-12-01,Huntingdon,333
1536,722377,Withdraw the Children's Wellbeing and Schools Bill,2025-12-01,Hyndburn,363
1537,722377,Withdraw the Children's Wellbeing and Schools Bill,2025-12-01,Ilford North,204
1538,722377,Withdraw the Children's Wellbeing and Schools Bill,2025-12-01,Ilford South,202
1539,722377,Withdraw the Children's Wellbeing and Schools Bill,2025-12-01,Ipswich,288
1540,722377,Withdraw the Children's Wellbeing and Schools Bill,2025-12-01,Isle of Wight East,278
1541,722377,Withdraw the Children's Wellbeing and Schools Bill,2025-12-01,Isle of Wight West,213
1542,722377,Withdraw the Children's Wellbeing and Schools Bill,2025-12-01,Islington North,169
1543,722377,Withdraw the Children's Wellbeing and Schools Bill,2025-12-01,Islington South and Finsbury,249
1544,722377,Withdraw the Children's Wellbeing and Schools Bill,2025-12-01,Jarrow and Gateshead East,242
1545,722377,Withdraw the Children's Wellbeing and Schools Bill,2025-12-01,Keighley and Ilkley,229
1546,722377,Withdraw the Children's Wellbeing and Schools Bill,2025-12-01,Kenilworth and Southam,292
1547,722377,Withdraw the Children's Wellbeing and Schools Bill,2025-12-01,Kensington and Bayswater,178
1548,722377,Withdraw the Children's Wellbeing and Schools Bill,2025-12-01,Kettering,303
1549,722377,Withdraw the Children's Wellbeing and Schools Bill,2025-12-01,Kingston and Surbiton,221
1550,722377,Withdraw the Children's Wellbeing and Schools Bill,2025-12-01,Kingston upon Hull East,229
1551,722377,Withdraw the Children's Wellbeing and Schools Bill,2025-12-01,Kingston upon Hull North and Cottingham,275
1552,722377,Withdraw the Children's Wellbeing and Schools Bill,2025-12-01,Kingston upon Hull West and Haltemprice,258
1553,722377,Withdraw the Children's Wellbeing and Schools Bill,2025-12-01,Kingswinford and South Staffordshire,208
1554,722377,Withdraw the Children's Wellbeing and Schools Bill,2025-12-01,Knowsley,312
1555,722377,Withdraw the Children's Wellbeing and Schools Bill,2025-12-01,Lancaster and Wyre,237
1556,722377,Withdraw the Children's Wellbeing and Schools Bill,2025-12-01,Leeds Central and Headingley,132
1557,722377,Withdraw the Children's Wellbeing and Schools Bill,2025-12-01,Leeds East,212
1558,722377,Withdraw the Children's Wellbeing and Schools Bill,2025-12-01,Leeds North East,168
1559,722377,Withdraw the Children's Wellbeing and Schools Bill,2025-12-01,Leeds North West,203
1560,722377,Withdraw the Children's Wellbeing and Schools Bill,2025-12-01,Leeds South,184
1561,722377,Withdraw the Children's Wellbeing and Schools Bill,2025-12-01,Leeds South West and Morley,261
1562,722377,Withdraw the Children's Wellbeing and Schools Bill,2025-12-01,Leeds West and Pudsey,193
1563,722377,Withdraw the Children's Wellbeing and Schools Bill,2025-12-01,Leicester East,147
1564,722377,Withdraw the Children's Wellbeing and Schools Bill,2025-12-01,Leicester South,193
1565,722377,Withdraw the Children's Wellbeing and Schools Bill,2025-12-01,Leicester West,205
1566,722377,Withdraw the Children's Wellbeing and Schools Bill,2025-12-01,Leigh and Atherton,289
1567,722377,Withdraw the Children's Wellbeing and Schools Bill,2025-12-01,Lewes,347
1568,722377,Withdraw the Children's Wellbeing and Schools Bill,2025-12-01,Lewisham East,223
1569,722377,Withdraw the Children's Wellbeing and Schools Bill,2025-12-01,Lewisham North,174
1570,722377,Withdraw the Children's Wellbeing and Schools Bill,2025-12-01,Lewisham West and East Dulwich,154
1571,722377,Withdraw the Children's Wellbeing and Schools Bill,2025-12-01,Leyton and Wanstead,201
1572,722377,Withdraw the Children's Wellbeing and Schools Bill,2025-12-01,Lichfield,270
1573,722377,Withdraw the Children's Wellbeing and Schools Bill,2025-12-01,Lincoln,275
1574,722377,Withdraw the Children's Wellbeing and Schools Bill,2025-12-01,Liverpool Garston,357
1575,722377,Withdraw the Children's Wellbeing and Schools Bill,2025-12-01,Liverpool Riverside,272
1576,722377,Withdraw the Children's Wellbeing and Schools Bill,2025-12-01,Liverpool Walton,336
1577,722377,Withdraw the Children's Wellbeing and Schools Bill,2025-12-01,Liverpool Wavertree,229
1578,722377,Withdraw the Children's Wellbeing and Schools Bill,2025-12-01,Liverpool West Derby,354
1579,722377,Withdraw the Children's Wellbeing and Schools Bill,2025-12-01,Loughborough,210
1580,722377,Withdraw the Children's Wellbeing and Schools Bill,2025-12-01,Louth and Horncastle,273
1581,722377,Withdraw the Children's Wellbeing and Schools Bill,2025-12-01,Lowestoft,275
1582,722377,Withdraw the Children's Wellbeing and Schools Bill,2025-12-01,Luton North,240
1583,722377,Withdraw the Children's Wellbeing and Schools Bill,2025-12-01,Luton South and South Bedfordshire,202
1584,722377,Withdraw the Children's Wellbeing and Schools Bill,2025-12-01,Macclesfield,267
1585,722377,Withdraw the Children's Wellbeing and Schools Bill,2025-12-01,Maidenhead,294
1586,722377,Withdraw the Children's Wellbeing and Schools Bill,2025-12-01,Maidstone and Malling,332
1587,722377,Withdraw the Children's Wellbeing and Schools Bill,2025-12-01,Makerfield,272
1588,722377,Withdraw the Children's Wellbeing and Schools Bill,2025-12-01,Maldon,383
1589,722377,Withdraw the Children's Wellbeing and Schools Bill,2025-12-01,Manchester Central,206
1590,722377,Withdraw the Children's Wellbeing and Schools Bill,2025-12-01,Manchester Rusholme,140
1591,722377,Withdraw the Children's Wellbeing and Schools Bill,2025-12-01,Manchester Withington,157
1592,722377,Withdraw the Children's Wellbeing and Schools Bill,2025-12-01,Mansfield,242
1593,722377,Withdraw the Children's Wellbeing and Schools Bill,2025-12-01,Melksham and Devizes,223
1594,722377,Withdraw the Children's Wellbeing and Schools Bill,2025-12-01,Melton and Syston,227
1595,722377,Withdraw the Children's Wellbeing and Schools Bill,2025-12-01,Meriden and Solihull East,250
1596,722377,Withdraw the Children's Wellbeing and Schools Bill,2025-12-01,Mid Bedfordshire,331
1597,722377,Withdraw the Children's Wellbeing and Schools Bill,2025-12-01,Mid Buckinghamshire,340
1598,722377,Withdraw the Children's Wellbeing and Schools Bill,2025-12-01,Mid Cheshire,240
1599,722377,Withdraw the Children's Wellbeing and Schools Bill,2025-12-01,Mid Derbyshire,277
1600,722377,Withdraw the Children's Wellbeing and Schools Bill,2025-12-01,Mid Dorset and North Poole,373
1601,722377,Withdraw the Children's Wellbeing and Schools Bill,2025-12-01,Mid Leicestershire,242
1602,722377,Withdraw the Children's Wellbeing and Schools Bill,2025-12-01,Mid Norfolk,296
1603,722377,Withdraw the Children's Wellbeing and Schools Bill,2025-12-01,Mid Sussex,326
1604,722377,Withdraw the Children's Wellbeing and Schools Bill,2025-12-01,Middlesbrough and Thornaby East,239
1605,722377,Withdraw the Children's Wellbeing and Schools Bill,2025-12-01,Middlesbrough South and East Cleveland,224
1606,722377,Withdraw the Children's Wellbeing and Schools Bill,2025-12-01,Milton Keynes Central,413
1607,722377,Withdraw the Children's Wellbeing and Schools Bill,2025-12-01,Milton Keynes North,405
1608,722377,Withdraw the Children's Wellbeing and Schools Bill,2025-12-01,Mitcham and Morden,215
1609,722377,Withdraw the Children's Wellbeing and Schools Bill,2025-12-01,Morecambe and Lunesdale,317
1610,722377,Withdraw the Children's Wellbeing and Schools Bill,2025-12-01,New Forest East,324
1611,722377,Withdraw the Children's Wellbeing and Schools Bill,2025-12-01,New Forest West,309
1612,722377,Withdraw the Children's Wellbeing and Schools Bill,2025-12-01,Newark,286
1613,722377,Withdraw the Children's Wellbeing and Schools Bill,2025-12-01,Newbury,327
1614,722377,Withdraw the Children's Wellbeing and Schools Bill,2025-12-01,Newcastle upon Tyne Central and West,240
1615,722377,Withdraw the Children's Wellbeing and Schools Bill,2025-12-01,Newcastle upon Tyne East and Wallsend,221
1616,722377,Withdraw the Children's Wellbeing and Schools Bill,2025-12-01,Newcastle upon Tyne North,185
1617,722377,Withdraw the Children's Wellbeing and Schools Bill,2025-12-01,Newcastle-under-Lyme,207
1618,722377,Withdraw the Children's Wellbeing and Schools Bill,2025-12-01,Newton Abbot,311
1619,722377,Withdraw the Children's Wellbeing and Schools Bill,2025-12-01,Newton Aycliffe and Spennymoor,273
1620,722377,Withdraw the Children's Wellbeing and Schools Bill,2025-12-01,Normanton and Hemsworth,333
1621,722377,Withdraw the Children's Wellbeing and Schools Bill,2025-12-01,North Bedfordshire,381
1622,722377,Withdraw the Children's Wellbeing and Schools Bill,2025-12-01,North Cornwall,444
1623,722377,Withdraw the Children's Wellbeing and Schools Bill,2025-12-01,North Cotswolds,294
1624,722377,Withdraw the Children's Wellbeing and Schools Bill,2025-12-01,North Devon,400
1625,722377,Withdraw the Children's Wellbeing and Schools Bill,2025-12-01,North Dorset,368
1626,722377,Withdraw the Children's Wellbeing and Schools Bill,2025-12-01,North Durham,231
1627,722377,Withdraw the Children's Wellbeing and Schools Bill,2025-12-01,North East Cambridgeshire,285
1628,722377,Withdraw the Children's Wellbeing and Schools Bill,2025-12-01,North East Derbyshire,232
1629,722377,Withdraw the Children's Wellbeing and Schools Bill,2025-12-01,North East Hampshire,266
1630,722377,Withdraw the Children's Wellbeing and Schools Bill,2025-12-01,North East Hertfordshire,350
1631,722377,Withdraw the Children's Wellbeing and Schools Bill,2025-12-01,North East Somerset and Hanham,269
1632,722377,Withdraw the Children's Wellbeing and Schools Bill,2025-12-01,North Herefordshire,259
1633,722377,Withdraw the Children's Wellbeing and Schools Bill,2025-12-01,North Norfolk,274
1634,722377,Withdraw the Children's Wellbeing and Schools Bill,2025-12-01,North Northumberland,237
1635,722377,Withdraw the Children's Wellbeing and Schools Bill,2025-12-01,North Shropshire,318
1636,722377,Withdraw the Children's Wellbeing and Schools Bill,2025-12-01,North Somerset,253
1637,722377,Withdraw the Children's Wellbeing and Schools Bill,2025-12-01,North Warwickshire and Bedworth,290
1638,722377,Withdraw the Children's Wellbeing and Schools Bill,2025-12-01,North West Cambridgeshire,378
1639,722377,Withdraw the Children's Wellbeing and Schools Bill,2025-12-01,North West Essex,386
1640,722377,Withdraw the Children's Wellbeing and Schools Bill,2025-12-01,North West Hampshire,366
1641,722377,Withdraw the Children's Wellbeing and Schools Bill,2025-12-01,North West Leicestershire,287
1642,722377,Withdraw the Children's Wellbeing and Schools Bill,2025-12-01,North West Norfolk,245
1643,722377,Withdraw the Children's Wellbeing and Schools Bill,2025-12-01,Northampton North,324
1644,722377,Withdraw the Children's Wellbeing and Schools Bill,2025-12-01,Northampton South,289
1645,722377,Withdraw the Children's Wellbeing and Schools Bill,2025-12-01,Norwich North,238
1646,722377,Withdraw the Children's Wellbeing and Schools Bill,2025-12-01,Norwich South,311
1647,722377,Withdraw the Children's Wellbeing and Schools Bill,2025-12-01,Nottingham East,183
1648,722377,Withdraw the Children's Wellbeing and Schools Bill,2025-12-01,Nottingham North and Kimberley,230
1649,722377,Withdraw the Children's Wellbeing and Schools Bill,2025-12-01,Nottingham South,146
1650,722377,Withdraw the Children's Wellbeing and Schools Bill,2025-12-01,Nuneaton,331
1651,722377,Withdraw the Children's Wellbeing and Schools Bill,2025-12-01,Old Bexley and Sidcup,297
1652,722377,Withdraw the Children's Wellbeing and Schools Bill,2025-12-01,Oldham East and Saddleworth,208
1653,722377,Withdraw the Children's Wellbeing and Schools Bill,2025-12-01,"Oldham West, Chadderton and Royton",203
1654,722377,Withdraw the Children's Wellbeing and Schools Bill,2025-12-01,Orpington,242
1655,722377,Withdraw the Children's Wellbeing and Schools Bill,2025-12-01,Ossett and Denby Dale,327
1656,722377,Withdraw the Children's Wellbeing and Schools Bill,2025-12-01,Oxford East,196
1657,722377,Withdraw the Children's Wellbeing and Schools Bill,2025-12-01,Oxford West and Abingdon,186
1658,722377,Withdraw the Children's Wellbeing and Schools Bill,2025-12-01,Peckham,131
1659,722377,Withdraw the Children's Wellbeing and Schools Bill,2025-12-01,Pendle and Clitheroe,327
1660,722377,Withdraw the Children's Wellbeing and Schools Bill,2025-12-01,Penistone and Stocksbridge,215
1661,722377,Withdraw the Children's Wellbeing and Schools Bill,2025-12-01,Penrith and Solway,257
1662,722377,Withdraw the Children's Wellbeing and Schools Bill,2025-12-01,Peterborough,333
1663,722377,Withdraw the Children's Wellbeing and Schools Bill,2025-12-01,Plymouth Moor View,273
1664,722377,Withdraw the Children's Wellbeing and Schools Bill,2025-12-01,Plymouth Sutton and Devonport,295
1665,722377,Withdraw the Children's Wellbeing and Schools Bill,2025-12-01,"Pontefract, Castleford and Knottingley",281
1666,722377,Withdraw the Children's Wellbeing and Schools Bill,2025-12-01,Poole,385
1667,722377,Withdraw the Children's Wellbeing and Schools Bill,2025-12-01,Poplar and Limehouse,314
1668,722377,Withdraw the Children's Wellbeing and Schools Bill,2025-12-01,Portsmouth North,349
1669,722377,Withdraw the Children's Wellbeing and Schools Bill,2025-12-01,Portsmouth South,292
1670,722377,Withdraw the Children's Wellbeing and Schools Bill,2025-12-01,Preston,250
1671,722377,Withdraw the Children's Wellbeing and Schools Bill,2025-12-01,Putney,179
1672,722377,Withdraw the Children's Wellbeing and Schools Bill,2025-12-01,Queen's Park and Maida Vale,188
1673,722377,Withdraw the Children's Wellbeing and Schools Bill,2025-12-01,Rawmarsh and Conisbrough,248
1674,722377,Withdraw the Children's Wellbeing and Schools Bill,2025-12-01,Rayleigh and Wickford,408
1675,722377,Withdraw the Children's Wellbeing and Schools Bill,2025-12-01,Reading Central,219
1676,722377,Withdraw the Children's Wellbeing and Schools Bill,2025-12-01,Reading West and Mid Berkshire,275
1677,722377,Withdraw the Children's Wellbeing and Schools Bill,2025-12-01,Redcar,270
1678,722377,Withdraw the Children's Wellbeing and Schools Bill,2025-12-01,Redditch,318
1679,722377,Withdraw the Children's Wellbeing and Schools Bill,2025-12-01,Reigate,270
1680,722377,Withdraw the Children's Wellbeing and Schools Bill,2025-12-01,Ribble Valley,258
1681,722377,Withdraw the Children's Wellbeing and Schools Bill,2025-12-01,Richmond and Northallerton,226
1682,722377,Withdraw the Children's Wellbeing and Schools Bill,2025-12-01,Richmond Park,227
1683,722377,Withdraw the Children's Wellbeing and Schools Bill,2025-12-01,Rochdale,206
1684,722377,Withdraw the Children's Wellbeing and Schools Bill,2025-12-01,Rochester and Strood,414
1685,722377,Withdraw the Children's Wellbeing and Schools Bill,2025-12-01,Romford,294
1686,722377,Withdraw the Children's Wellbeing and Schools Bill,2025-12-01,Romsey and Southampton North,258
1687,722377,Withdraw the Children's Wellbeing and Schools Bill,2025-12-01,Rossendale and Darwen,353
1688,722377,Withdraw the Children's Wellbeing and Schools Bill,2025-12-01,Rother Valley,239
1689,722377,Withdraw the Children's Wellbeing and Schools Bill,2025-12-01,Rotherham,249
1690,722377,Withdraw the Children's Wellbeing and Schools Bill,2025-12-01,Rugby,307
1691,722377,Withdraw the Children's Wellbeing and Schools Bill,2025-12-01,"Ruislip, Northwood and Pinner",188
1692,722377,Withdraw the Children's Wellbeing and Schools Bill,2025-12-01,Runcorn and Helsby,299
1693,722377,Withdraw the Children's Wellbeing and Schools Bill,2025-12-01,Runnymede and Weybridge,272
1694,722377,Withdraw the Children's Wellbeing and Schools Bill,2025-12-01,Rushcliffe,222
1695,722377,Withdraw the Children's Wellbeing and Schools Bill,2025-12-01,Rutland and Stamford,254
1696,722377,Withdraw the Children's Wellbeing and Schools Bill,2025-12-01,Salford,216
1697,722377,Withdraw the Children's Wellbeing and Schools Bill,2025-12-01,Salisbury,332
1698,722377,Withdraw the Children's Wellbeing and Schools Bill,2025-12-01,Scarborough and Whitby,361
1699,722377,Withdraw the Children's Wellbeing and Schools Bill,2025-12-01,Scunthorpe,235
1700,722377,Withdraw the Children's Wellbeing and Schools Bill,2025-12-01,Sefton Central,246
1701,722377,Withdraw the Children's Wellbeing and Schools Bill,2025-12-01,Selby,291
1702,722377,Withdraw the Children's Wellbeing and Schools Bill,2025-12-01,Sevenoaks,317
1703,722377,Withdraw the Children's Wellbeing and Schools Bill,2025-12-01,Sheffield Brightside and Hillsborough,234
1704,722377,Withdraw the Children's Wellbeing and Schools Bill,2025-12-01,Sheffield Central,112
1705,722377,Withdraw the Children's Wellbeing and Schools Bill,2025-12-01,Sheffield Hallam,163
1706,722377,Withdraw the Children's Wellbeing and Schools Bill,2025-12-01,Sheffield Heeley,243
1707,722377,Withdraw the Children's Wellbeing and Schools Bill,2025-12-01,Sheffield South East,205
1708,722377,Withdraw the Children's Wellbeing and Schools Bill,2025-12-01,Sherwood Forest,260
1709,722377,Withdraw the Children's Wellbeing and Schools Bill,2025-12-01,Shipley,278
1710,722377,Withdraw the Children's Wellbeing and Schools Bill,2025-12-01,Shrewsbury,316
1711,722377,Withdraw the Children's Wellbeing and Schools Bill,2025-12-01,Sittingbourne and Sheppey,363
1712,722377,Withdraw the Children's Wellbeing and Schools Bill,2025-12-01,Skipton and Ripon,212
1713,722377,Withdraw the Children's Wellbeing and Schools Bill,2025-12-01,Sleaford and North Hykeham,254
1714,722377,Withdraw the Children's Wellbeing and Schools Bill,2025-12-01,Slough,207
1715,722377,Withdraw the Children's Wellbeing and Schools Bill,2025-12-01,Smethwick,191
1716,722377,Withdraw the Children's Wellbeing and Schools Bill,2025-12-01,Solihull West and Shirley,234
1717,722377,Withdraw the Children's Wellbeing and Schools Bill,2025-12-01,South Basildon and East Thurrock,398
1718,722377,Withdraw the Children's Wellbeing and Schools Bill,2025-12-01,South Cambridgeshire,243
1719,722377,Withdraw the Children's Wellbeing and Schools Bill,2025-12-01,South Cotswolds,269
1720,722377,Withdraw the Children's Wellbeing and Schools Bill,2025-12-01,South Derbyshire,280
1721,722377,Withdraw the Children's Wellbeing and Schools Bill,2025-12-01,South Devon,367
1722,722377,Withdraw the Children's Wellbeing and Schools Bill,2025-12-01,South Dorset,285
1723,722377,Withdraw the Children's Wellbeing and Schools Bill,2025-12-01,South East Cornwall,370
1724,722377,Withdraw the Children's Wellbeing and Schools Bill,2025-12-01,South Holland and The Deepings,372
1725,722377,Withdraw the Children's Wellbeing and Schools Bill,2025-12-01,South Leicestershire,244
1726,722377,Withdraw the Children's Wellbeing and Schools Bill,2025-12-01,South Norfolk,275
1727,722377,Withdraw the Children's Wellbeing and Schools Bill,2025-12-01,South Northamptonshire,327
1728,722377,Withdraw the Children's Wellbeing and Schools Bill,2025-12-01,South Ribble,314
1729,722377,Withdraw the Children's Wellbeing and Schools Bill,2025-12-01,South Shields,256
1730,722377,Withdraw the Children's Wellbeing and Schools Bill,2025-12-01,South Shropshire,297
1731,722377,Withdraw the Children's Wellbeing and Schools Bill,2025-12-01,South Suffolk,307
1732,722377,Withdraw the Children's Wellbeing and Schools Bill,2025-12-01,South West Devon,305
1733,722377,Withdraw the Children's Wellbeing and Schools Bill,2025-12-01,South West Hertfordshire,238
1734,722377,Withdraw the Children's Wellbeing and Schools Bill,2025-12-01,South West Norfolk,352
1735,722377,Withdraw the Children's Wellbeing and Schools Bill,2025-12-01,South West Wiltshire,377
1736,722377,Withdraw the Children's Wellbeing and Schools Bill,2025-12-01,Southampton Itchen,305
1737,722377,Withdraw the Children's Wellbeing and Schools Bill,2025-12-01,Southampton Test,212
1738,722377,Withdraw the Children's Wellbeing and Schools Bill,2025-12-01,Southend East and Rochford,335
1739,722377,Withdraw the Children's Wellbeing and Schools Bill,2025-12-01,Southend West and Leigh,359
1740,722377,Withdraw the Children's Wellbeing and Schools Bill,2025-12-01,Southgate and Wood Green,221
1741,722377,Withdraw the Children's Wellbeing and Schools Bill,2025-12-01,Southport,286
1742,722377,Withdraw the Children's Wellbeing and Schools Bill,2025-12-01,Spelthorne,218
1743,722377,Withdraw the Children's Wellbeing and Schools Bill,2025-12-01,Spen Valley,258
1744,722377,Withdraw the Children's Wellbeing and Schools Bill,2025-12-01,St Albans,355
1745,722377,Withdraw the Children's Wellbeing and Schools Bill,2025-12-01,St Austell and Newquay,429
1746,722377,Withdraw the Children's Wellbeing and Schools Bill,2025-12-01,St Helens North,316
1747,722377,Withdraw the Children's Wellbeing and Schools Bill,2025-12-01,St Helens South and Whiston,242
1748,722377,Withdraw the Children's Wellbeing and Schools Bill,2025-12-01,St Ives,352
1749,722377,Withdraw the Children's Wellbeing and Schools Bill,2025-12-01,St Neots and Mid Cambridgeshire,355
1750,722377,Withdraw the Children's Wellbeing and Schools Bill,2025-12-01,Stafford,191
1751,722377,Withdraw the Children's Wellbeing and Schools Bill,2025-12-01,Staffordshire Moorlands,255
1752,722377,Withdraw the Children's Wellbeing and Schools Bill,2025-12-01,Stalybridge and Hyde,250
1753,722377,Withdraw the Children's Wellbeing and Schools Bill,2025-12-01,Stevenage,315
1754,722377,Withdraw the Children's Wellbeing and Schools Bill,2025-12-01,Stockport,267
1755,722377,Withdraw the Children's Wellbeing and Schools Bill,2025-12-01,Stockton North,249
1756,722377,Withdraw the Children's Wellbeing and Schools Bill,2025-12-01,Stockton West,242
1757,722377,Withdraw the Children's Wellbeing and Schools Bill,2025-12-01,Stoke-on-Trent Central,228
1758,722377,Withdraw the Children's Wellbeing and Schools Bill,2025-12-01,Stoke-on-Trent North,216
1759,722377,Withdraw the Children's Wellbeing and Schools Bill,2025-12-01,Stoke-on-Trent South,190
1760,722377,Withdraw the Children's Wellbeing and Schools Bill,2025-12-01,"Stone, Great Wyrley and Penkridge",240
1761,722377,Withdraw the Children's Wellbeing and Schools Bill,2025-12-01,Stourbridge,245
1762,722377,Withdraw the Children's Wellbeing and Schools Bill,2025-12-01,Stratford and Bow,216
1763,722377,Withdraw the Children's Wellbeing and Schools Bill,2025-12-01,Stratford-on-Avon,308
1764,722377,Withdraw the Children's Wellbeing and Schools Bill,2025-12-01,Streatham and Croydon North,241
1765,722377,Withdraw the Children's Wellbeing and Schools Bill,2025-12-01,Stretford and Urmston,279
1766,722377,Withdraw the Children's Wellbeing and Schools Bill,2025-12-01,Stroud,378
1767,722377,Withdraw the Children's Wellbeing and Schools Bill,2025-12-01,Suffolk Coastal,308
1768,722377,Withdraw the Children's Wellbeing and Schools Bill,2025-12-01,Sunderland Central,167
1769,722377,Withdraw the Children's Wellbeing and Schools Bill,2025-12-01,Surrey Heath,267
1770,722377,Withdraw the Children's Wellbeing and Schools Bill,2025-12-01,Sussex Weald,432
1771,722377,Withdraw the Children's Wellbeing and Schools Bill,2025-12-01,Sutton and Cheam,215
1772,722377,Withdraw the Children's Wellbeing and Schools Bill,2025-12-01,Sutton Coldfield,205
1773,722377,Withdraw the Children's Wellbeing and Schools Bill,2025-12-01,Swindon North,310
1774,722377,Withdraw the Children's Wellbeing and Schools Bill,2025-12-01,Swindon South,266
1775,722377,Withdraw the Children's Wellbeing and Schools Bill,2025-12-01,Tamworth,302
1776,722377,Withdraw the Children's Wellbeing and Schools Bill,2025-12-01,Tatton,278
1777,722377,Withdraw the Children's Wellbeing and Schools Bill,2025-12-01,Taunton and Wellington,320
1778,722377,Withdraw the Children's Wellbeing and Schools Bill,2025-12-01,Telford,305
1779,722377,Withdraw the Children's Wellbeing and Schools Bill,2025-12-01,Tewkesbury,248
1780,722377,Withdraw the Children's Wellbeing and Schools Bill,2025-12-01,The Wrekin,244
1781,722377,Withdraw the Children's Wellbeing and Schools Bill,2025-12-01,Thirsk and Malton,293
1782,722377,Withdraw the Children's Wellbeing and Schools Bill,2025-12-01,Thornbury and Yate,263
1783,722377,Withdraw the Children's Wellbeing and Schools Bill,2025-12-01,Thurrock,337
1784,722377,Withdraw the Children's Wellbeing and Schools Bill,2025-12-01,Tipton and Wednesbury,186
1785,722377,Withdraw the Children's Wellbeing and Schools Bill,2025-12-01,Tiverton and Minehead,360
1786,722377,Withdraw the Children's Wellbeing and Schools Bill,2025-12-01,Tonbridge,315
1787,722377,Withdraw the Children's Wellbeing and Schools Bill,2025-12-01,Tooting,142
1788,722377,Withdraw the Children's Wellbeing and Schools Bill,2025-12-01,Torbay,344
1789,722377,Withdraw the Children's Wellbeing and Schools Bill,2025-12-01,Torridge and Tavistock,403
1790,722377,Withdraw the Children's Wellbeing and Schools Bill,2025-12-01,Tottenham,156
1791,722377,Withdraw the Children's Wellbeing and Schools Bill,2025-12-01,Truro and Falmouth,354
1792,722377,Withdraw the Children's Wellbeing and Schools Bill,2025-12-01,Tunbridge Wells,345
1793,722377,Withdraw the Children's Wellbeing and Schools Bill,2025-12-01,Twickenham,184
1794,722377,Withdraw the Children's Wellbeing and Schools Bill,2025-12-01,Tynemouth,181
1795,722377,Withdraw the Children's Wellbeing and Schools Bill,2025-12-01,Uxbridge and South Ruislip,232
1796,722377,Withdraw the Children's Wellbeing and Schools Bill,2025-12-01,Vauxhall and Camberwell Green,122
1797,722377,Withdraw the Children's Wellbeing and Schools Bill,2025-12-01,Wakefield and Rothwell,314
1798,722377,Withdraw the Children's Wellbeing and Schools Bill,2025-12-01,Wallasey,351
1799,722377,Withdraw the Children's Wellbeing and Schools Bill,2025-12-01,Walsall and Bloxwich,260
1800,722377,Withdraw the Children's Wellbeing and Schools Bill,2025-12-01,Walthamstow,182
1801,722377,Withdraw the Children's Wellbeing and Schools Bill,2025-12-01,Warrington North,258
1802,722377,Withdraw the Children's Wellbeing and Schools Bill,2025-12-01,Warrington South,229
1803,722377,Withdraw the Children's Wellbeing and Schools Bill,2025-12-01,Warwick and Leamington,283
1804,722377,Withdraw the Children's Wellbeing and Schools Bill,2025-12-01,Washington and Gateshead South,206
1805,722377,Withdraw the Children's Wellbeing and Schools Bill,2025-12-01,Watford,289
1806,722377,Withdraw the Children's Wellbeing and Schools Bill,2025-12-01,Waveney Valley,341
1807,722377,Withdraw the Children's Wellbeing and Schools Bill,2025-12-01,Weald of Kent,409
1808,722377,Withdraw the Children's Wellbeing and Schools Bill,2025-12-01,Wellingborough and Rushden,333
1809,722377,Withdraw the Children's Wellbeing and Schools Bill,2025-12-01,Wells and Mendip Hills,339
1810,722377,Withdraw the Children's Wellbeing and Schools Bill,2025-12-01,Welwyn Hatfield,337
1811,722377,Withdraw the Children's Wellbeing and Schools Bill,2025-12-01,West Bromwich,197
1812,722377,Withdraw the Children's Wellbeing and Schools Bill,2025-12-01,West Dorset,267
1813,722377,Withdraw the Children's Wellbeing and Schools Bill,2025-12-01,West Ham and Beckton,193
1814,722377,Withdraw the Children's Wellbeing and Schools Bill,2025-12-01,West Lancashire,300
1815,722377,Withdraw the Children's Wellbeing and Schools Bill,2025-12-01,West Suffolk,386
1816,722377,Withdraw the Children's Wellbeing and Schools Bill,2025-12-01,West Worcestershire,320
1817,722377,Withdraw the Children's Wellbeing and Schools Bill,2025-12-01,Westmorland and Lonsdale,250
1818,722377,Withdraw the Children's Wellbeing and Schools Bill,2025-12-01,Weston-super-Mare,350
1819,722377,Withdraw the Children's Wellbeing and Schools Bill,2025-12-01,Wetherby and Easingwold,231
1820,722377,Withdraw the Children's Wellbeing and Schools Bill,2025-12-01,Whitehaven and Workington,272
1821,722377,Withdraw the Children's Wellbeing and Schools Bill,2025-12-01,Widnes and Halewood,270
1822,722377,Withdraw the Children's Wellbeing and Schools Bill,2025-12-01,Wigan,307
1823,722377,Withdraw the Children's Wellbeing and Schools Bill,2025-12-01,Wimbledon,220
1824,722377,Withdraw the Children's Wellbeing and Schools Bill,2025-12-01,Winchester,255
1825,722377,Withdraw the Children's Wellbeing and Schools Bill,2025-12-01,Windsor,235
1826,722377,Withdraw the Children's Wellbeing and Schools Bill,2025-12-01,Wirral West,200
1827,722377,Withdraw the Children's Wellbeing and Schools Bill,2025-12-01,Witham,469
1828,722377,Withdraw the Children's Wellbeing and Schools Bill,2025-12-01,Witney,330
1829,722377,Withdraw the Children's Wellbeing and Schools Bill,2025-12-01,Woking,276
1830,722377,Withdraw the Children's Wellbeing and Schools Bill,2025-12-01,Wokingham,299
1831,722377,Withdraw the Children's Wellbeing and Schools Bill,2025-12-01,Wolverhampton North East,234
1832,722377,Withdraw the Children's Wellbeing and Schools Bill,2025-12-01,Wolverhampton South East,231
1833,722377,Withdraw the Children's Wellbeing and Schools Bill,2025-12-01,Wolverhampton West,193
1834,722377,Withdraw the Children's Wellbeing and Schools Bill,2025-12-01,Worcester,204
1835,722377,Withdraw the Children's Wellbeing and Schools Bill,2025-12-01,Worsley and Eccles,255
1836,722377,Withdraw the Children's Wellbeing and Schools Bill,2025-12-01,Worthing West,305
1837,722377,Withdraw the Children's Wellbeing and Schools Bill,2025-12-01,Wycombe,344
1838,722377,Withdraw the Children's Wellbeing and Schools Bill,2025-12-01,Wyre Forest,260
1839,722377,Withdraw the Children's Wellbeing and Schools Bill,2025-12-01,Wythenshawe and Sale East,272
1840,722377,Withdraw the Children's Wellbeing and Schools Bill,2025-12-01,Yeovil,330
1841,722377,Withdraw the Children's Wellbeing and Schools Bill,2025-12-01,York Central,232
1842,722377,Withdraw the Children's Wellbeing and Schools Bill,2025-12-01,York Outer,251
1843,722377,Withdraw the Children's Wellbeing and Schools Bill,2025-12-01,Belfast East,142
1844,722377,Withdraw the Children's Wellbeing and Schools Bill,2025-12-01,Belfast North,120
1845,722377,Withdraw the Children's Wellbeing and Schools Bill,2025-12-01,Belfast South and Mid Down,86
1846,722377,Withdraw the Children's Wellbeing and Schools Bill,2025-12-01,Belfast West,95
1847,722377,Withdraw the Children's Wellbeing and Schools Bill,2025-12-01,East Antrim,139
1848,722377,Withdraw the Children's Wellbeing and Schools Bill,2025-12-01,East Londonderry,145
1849,722377,Withdraw the Children's Wellbeing and Schools Bill,2025-12-01,Fermanagh and South Tyrone,117
1850,722377,Withdraw the Children's Wellbeing and Schools Bill,2025-12-01,Foyle,93
1851,722377,Withdraw the Children's Wellbeing and Schools Bill,2025-12-01,Lagan Valley,157
1852,722377,Withdraw the Children's Wellbeing and Schools Bill,2025-12-01,Mid Ulster,130
1853,722377,Withdraw the Children's Wellbeing and Schools Bill,2025-12-01,Newry and Armagh,104
1854,722377,Withdraw the Children's Wellbeing and Schools Bill,2025-12-01,North Antrim,129
1855,722377,Withdraw the Children's Wellbeing and Schools Bill,2025-12-01,North Down,140
1856,722377,Withdraw the Children's Wellbeing and Schools Bill,2025-12-01,South Antrim,125
1857,722377,Withdraw the Children's Wellbeing and Schools Bill,2025-12-01,South Down,95
1858,722377,Withdraw the Children's Wellbeing and Schools Bill,2025-12-01,Strangford,164
1859,722377,Withdraw the Children's Wellbeing and Schools Bill,2025-12-01,Upper Bann,151
1860,722377,Withdraw the Children's Wellbeing and Schools Bill,2025-12-01,West Tyrone,79
1861,722377,Withdraw the Children's Wellbeing and Schools Bill,2025-12-01,East Renfrewshire,76
1862,722377,Withdraw the Children's Wellbeing and Schools Bill,2025-12-01,Na h-Eileanan an Iar,40
1863,722377,Withdraw the Children's Wellbeing and Schools Bill,2025-12-01,Midlothian,102
1864,722377,Withdraw the Children's Wellbeing and Schools Bill,2025-12-01,North Ayrshire and Arran,116
1865,722377,Withdraw the Children's Wellbeing and Schools Bill,2025-12-01,Orkney and Shetland,67
1866,722377,Withdraw the Children's Wellbeing and Schools Bill,2025-12-01,Aberdeen North,121
1867,722377,Withdraw the Children's Wellbeing and Schools Bill,2025-12-01,Aberdeen South,118
1868,722377,Withdraw the Children's Wellbeing and Schools Bill,2025-12-01,Aberdeenshire North and Moray East,172
1869,722377,Withdraw the Children's Wellbeing and Schools Bill,2025-12-01,Airdrie and Shotts,108
1870,722377,Withdraw the Children's Wellbeing and Schools Bill,2025-12-01,Alloa and Grangemouth,97
1871,722377,Withdraw the Children's Wellbeing and Schools Bill,2025-12-01,Angus and Perthshire Glens,158
1872,722377,Withdraw the Children's Wellbeing and Schools Bill,2025-12-01,Arbroath and Broughty Ferry,143
1873,722377,Withdraw the Children's Wellbeing and Schools Bill,2025-12-01,"Argyll, Bute and South Lochaber",126
1874,722377,Withdraw the Children's Wellbeing and Schools Bill,2025-12-01,Bathgate and Linlithgow,109
1875,722377,Withdraw the Children's Wellbeing and Schools Bill,2025-12-01,"Caithness, Sutherland and Easter Ross",161
1876,722377,Withdraw the Children's Wellbeing and Schools Bill,2025-12-01,Coatbridge and Bellshill,90
1877,722377,Withdraw the Children's Wellbeing and Schools Bill,2025-12-01,Cowdenbeath and Kirkcaldy,100
1878,722377,Withdraw the Children's Wellbeing and Schools Bill,2025-12-01,Cumbernauld and Kirkintilloch,93
1879,722377,Withdraw the Children's Wellbeing and Schools Bill,2025-12-01,Dumfries and Galloway,125
1880,722377,Withdraw the Children's Wellbeing and Schools Bill,2025-12-01,"Dumfriesshire, Clydesdale and Tweeddale",115
1881,722377,Withdraw the Children's Wellbeing and Schools Bill,2025-12-01,Dundee Central,112
1882,722377,Withdraw the Children's Wellbeing and Schools Bill,2025-12-01,Dunfermline and Dollar,126
1883,722377,Withdraw the Children's Wellbeing and Schools Bill,2025-12-01,East Kilbride and Strathaven,104
1884,722377,Withdraw the Children's Wellbeing and Schools Bill,2025-12-01,Edinburgh East and Musselburgh,103
1885,722377,Withdraw the Children's Wellbeing and Schools Bill,2025-12-01,Edinburgh North and Leith,91
1886,722377,Withdraw the Children's Wellbeing and Schools Bill,2025-12-01,Edinburgh South,74
1887,722377,Withdraw the Children's Wellbeing and Schools Bill,2025-12-01,Edinburgh South West,74
1888,722377,Withdraw the Children's Wellbeing and Schools Bill,2025-12-01,Edinburgh West,97
1889,722377,Withdraw the Children's Wellbeing and Schools Bill,2025-12-01,Falkirk,104
1890,722377,Withdraw the Children's Wellbeing and Schools Bill,2025-12-01,Glasgow East,114
1891,722377,Withdraw the Children's Wellbeing and Schools Bill,2025-12-01,Glasgow North,85
1892,722377,Withdraw the Children's Wellbeing and Schools Bill,2025-12-01,Glasgow North East,110
1893,722377,Withdraw the Children's Wellbeing and Schools Bill,2025-12-01,Glasgow South,88
1894,722377,Withdraw the Children's Wellbeing and Schools Bill,2025-12-01,Glasgow South West,97
1895,722377,Withdraw the Children's Wellbeing and Schools Bill,2025-12-01,Glasgow West,94
1896,722377,Withdraw the Children's Wellbeing and Schools Bill,2025-12-01,Glenrothes and Mid Fife,101
1897,722377,Withdraw the Children's Wellbeing and Schools Bill,2025-12-01,Gordon and Buchan,147
1898,722377,Withdraw the Children's Wellbeing and Schools Bill,2025-12-01,Hamilton and Clyde Valley,101
1899,722377,Withdraw the Children's Wellbeing and Schools Bill,2025-12-01,Inverclyde and Renfrewshire West,98
1900,722377,Withdraw the Children's Wellbeing and Schools Bill,2025-12-01,"Inverness, Skye and West Ross-shire",179
1901,722377,Withdraw the Children's Wellbeing and Schools Bill,2025-12-01,Livingston,101
1902,722377,Withdraw the Children's Wellbeing and Schools Bill,2025-12-01,Lothian East,140
1903,722377,Withdraw the Children's Wellbeing and Schools Bill,2025-12-01,Mid Dunbartonshire,115
1904,722377,Withdraw the Children's Wellbeing and Schools Bill,2025-12-01,"Moray West, Nairn and Strathspey",149
1905,722377,Withdraw the Children's Wellbeing and Schools Bill,2025-12-01,"Motherwell, Wishaw and Carluke",97
1906,722377,Withdraw the Children's Wellbeing and Schools Bill,2025-12-01,North East Fife,115
1907,722377,Withdraw the Children's Wellbeing and Schools Bill,2025-12-01,Paisley and Renfrewshire North,114
1908,722377,Withdraw the Children's Wellbeing and Schools Bill,2025-12-01,Paisley and Renfrewshire South,84
1909,722377,Withdraw the Children's Wellbeing and Schools Bill,2025-12-01,Perth and Kinross-shire,112
1910,722377,Withdraw the Children's Wellbeing and Schools Bill,2025-12-01,Rutherglen,98
1911,722377,Withdraw the Children's Wellbeing and Schools Bill,2025-12-01,Stirling and Strathallan,116
1912,722377,Withdraw the Children's Wellbeing and Schools Bill,2025-12-01,West Dunbartonshire,129
1913,722377,Withdraw the Children's Wellbeing and Schools Bill,2025-12-01,"Ayr, Carrick and Cumnock",100
1914,722377,Withdraw the Children's Wellbeing and Schools Bill,2025-12-01,"Berwickshire, Roxburgh and Selkirk",142
1915,722377,Withdraw the Children's Wellbeing and Schools Bill,2025-12-01,Central Ayrshire,99
1916,722377,Withdraw the Children's Wellbeing and Schools Bill,2025-12-01,Kilmarnock and Loudoun,103
1917,722377,Withdraw the Children's Wellbeing and Schools Bill,2025-12-01,West Aberdeenshire and Kincardine,157
1918,722377,Withdraw the Children's Wellbeing and Schools Bill,2025-12-01,Aberafan Maesteg,158
1919,722377,Withdraw the Children's Wellbeing and Schools Bill,2025-12-01,Alyn and Deeside,286
1920,722377,Withdraw the Children's Wellbeing and Schools Bill,2025-12-01,Bangor Aberconwy,221
1921,722377,Withdraw the Children's Wellbeing and Schools Bill,2025-12-01,Blaenau Gwent and Rhymney,172
1922,722377,Withdraw the Children's Wellbeing and Schools Bill,2025-12-01,"Brecon, Radnor and Cwm Tawe",275
1923,722377,Withdraw the Children's Wellbeing and Schools Bill,2025-12-01,Bridgend,203
1924,722377,Withdraw the Children's Wellbeing and Schools Bill,2025-12-01,Caerfyrddin,298
1925,722377,Withdraw the Children's Wellbeing and Schools Bill,2025-12-01,Caerphilly,242
1926,722377,Withdraw the Children's Wellbeing and Schools Bill,2025-12-01,Cardiff East,161
1927,722377,Withdraw the Children's Wellbeing and Schools Bill,2025-12-01,Cardiff North,173
1928,722377,Withdraw the Children's Wellbeing and Schools Bill,2025-12-01,Cardiff South and Penarth,126
1929,722377,Withdraw the Children's Wellbeing and Schools Bill,2025-12-01,Cardiff West,162
1930,722377,Withdraw the Children's Wellbeing and Schools Bill,2025-12-01,Ceredigion Preseli,343
1931,722377,Withdraw the Children's Wellbeing and Schools Bill,2025-12-01,Clwyd East,278
1932,722377,Withdraw the Children's Wellbeing and Schools Bill,2025-12-01,Clwyd North,216
1933,722377,Withdraw the Children's Wellbeing and Schools Bill,2025-12-01,Dwyfor Meirionnydd,198
1934,722377,Withdraw the Children's Wellbeing and Schools Bill,2025-12-01,Gower,199
1935,722377,Withdraw the Children's Wellbeing and Schools Bill,2025-12-01,Llanelli,227
1936,722377,Withdraw the Children's Wellbeing and Schools Bill,2025-12-01,Merthyr Tydfil and Aberdare,166
1937,722377,Withdraw the Children's Wellbeing and Schools Bill,2025-12-01,Mid and South Pembrokeshire,252
1938,722377,Withdraw the Children's Wellbeing and Schools Bill,2025-12-01,Monmouthshire,235
1939,722377,Withdraw the Children's Wellbeing and Schools Bill,2025-12-01,Montgomeryshire and Glyndŵr,332
1940,722377,Withdraw the Children's Wellbeing and Schools Bill,2025-12-01,Neath and Swansea East,177
1941,722377,Withdraw the Children's Wellbeing and Schools Bill,2025-12-01,Newport East,213
1942,722377,Withdraw the Children's Wellbeing and Schools Bill,2025-12-01,Newport West and Islwyn,207
1943,722377,Withdraw the Children's Wellbeing and Schools Bill,2025-12-01,Pontypridd,208
1944,722377,Withdraw the Children's Wellbeing and Schools Bill,2025-12-01,Rhondda and Ogmore,177
1945,722377,Withdraw the Children's Wellbeing and Schools Bill,2025-12-01,Swansea West,165
1946,722377,Withdraw the Children's Wellbeing and Schools Bill,2025-12-01,Torfaen,203
1947,722377,Withdraw the Children's Wellbeing and Schools Bill,2025-12-01,Vale of Glamorgan,230
1948,722377,Withdraw the Children's Wellbeing and Schools Bill,2025-12-01,Wrexham,167
1949,722377,Withdraw the Children's Wellbeing and Schools Bill,2025-12-01,Ynys Môn,148
1950,730194,Do not introduce Digital ID cards,2025-12-08,Aldershot,5147
1951,730194,Do not introduce Digital ID cards,2025-12-08,Aldridge-Brownhills,4386
1952,730194,Do not introduce Digital ID cards,2025-12-08,Altrincham and Sale West,3674
1953,730194,Do not introduce Digital ID cards,2025-12-08,Amber Valley,5019
1954,730194,Do not introduce Digital ID cards,2025-12-08,Arundel and South Downs,4615
1955,730194,Do not introduce Digital ID cards,2025-12-08,Ashfield,5233
1956,730194,Do not introduce Digital ID cards,2025-12-08,Ashford,5145
1957,730194,Do not introduce Digital ID cards,2025-12-08,Ashton-under-Lyne,4873
1958,730194,Do not introduce Digital ID cards,2025-12-08,Aylesbury,4594
1959,730194,Do not introduce Digital ID cards,2025-12-08,Banbury,4398
1960,730194,Do not introduce Digital ID cards,2025-12-08,Barking,3842
1961,730194,Do not introduce Digital ID cards,2025-12-08,Barnsley North,5514
1962,730194,Do not introduce Digital ID cards,2025-12-08,Barnsley South,5448
1963,730194,Do not introduce Digital ID cards,2025-12-08,Barrow and Furness,5194
1964,730194,Do not introduce Digital ID cards,2025-12-08,Basildon and Billericay,5853
1965,730194,Do not introduce Digital ID cards,2025-12-08,Basingstoke,5005
1966,730194,Do not introduce Digital ID cards,2025-12-08,Bassetlaw,5417
1967,730194,Do not introduce Digital ID cards,2025-12-08,Bath,3483
1968,730194,Do not introduce Digital ID cards,2025-12-08,Battersea,3006
1969,730194,Do not introduce Digital ID cards,2025-12-08,Beaconsfield,3764
1970,730194,Do not introduce Digital ID cards,2025-12-08,Beckenham and Penge,3945
1971,730194,Do not introduce Digital ID cards,2025-12-08,Bedford,3836
1972,730194,Do not introduce Digital ID cards,2025-12-08,Bermondsey and Old Southwark,3313
1973,730194,Do not introduce Digital ID cards,2025-12-08,Bethnal Green and Stepney,3509
1974,730194,Do not introduce Digital ID cards,2025-12-08,Beverley and Holderness,4753
1975,730194,Do not introduce Digital ID cards,2025-12-08,Bexhill and Battle,4906
1976,730194,Do not introduce Digital ID cards,2025-12-08,Bexleyheath and Crayford,4342
1977,730194,Do not introduce Digital ID cards,2025-12-08,Bicester and Woodstock,3926
1978,730194,Do not introduce Digital ID cards,2025-12-08,Birkenhead,5807
1979,730194,Do not introduce Digital ID cards,2025-12-08,Birmingham Edgbaston,3264
1980,730194,Do not introduce Digital ID cards,2025-12-08,Birmingham Erdington,4840
1981,730194,Do not introduce Digital ID cards,2025-12-08,Birmingham Hall Green and Moseley,2913
1982,730194,Do not introduce Digital ID cards,2025-12-08,Birmingham Hodge Hill and Solihull North,4216
1983,730194,Do not introduce Digital ID cards,2025-12-08,Birmingham Ladywood,3220
1984,730194,Do not introduce Digital ID cards,2025-12-08,Birmingham Northfield,5018
1985,730194,Do not introduce Digital ID cards,2025-12-08,Birmingham Perry Barr,3138
1986,730194,Do not introduce Digital ID cards,2025-12-08,Birmingham Selly Oak,3565
1987,730194,Do not introduce Digital ID cards,2025-12-08,Birmingham Yardley,3745
1988,730194,Do not introduce Digital ID cards,2025-12-08,Bishop Auckland,4787
1989,730194,Do not introduce Digital ID cards,2025-12-08,Blackburn,4097
1990,730194,Do not introduce Digital ID cards,2025-12-08,Blackley and Middleton South,4507
1991,730194,Do not introduce Digital ID cards,2025-12-08,Blackpool North and Fleetwood,5514
1992,730194,Do not introduce Digital ID cards,2025-12-08,Blackpool South,5708
1993,730194,Do not introduce Digital ID cards,2025-12-08,Blaydon and Consett,5046
1994,730194,Do not introduce Digital ID cards,2025-12-08,Blyth and Ashington,5378
1995,730194,Do not introduce Digital ID cards,2025-12-08,Bognor Regis and Littlehampton,5290
1996,730194,Do not introduce Digital ID cards,2025-12-08,Bolsover,5737
1997,730194,Do not introduce Digital ID cards,2025-12-08,Bolton North East,5113
1998,730194,Do not introduce Digital ID cards,2025-12-08,Bolton South and Walkden,5009
1999,730194,Do not introduce Digital ID cards,2025-12-08,Bolton West,4874
2000,730194,Do not introduce Digital ID cards,2025-12-08,Bootle,5269
2001,730194,Do not introduce Digital ID cards,2025-12-08,Boston and Skegness,5457
2002,730194,Do not introduce Digital ID cards,2025-12-08,Bournemouth East,5171
2003,730194,Do not introduce Digital ID cards,2025-12-08,Bournemouth West,5265
2004,730194,Do not introduce Digital ID cards,2025-12-08,Bracknell,4623
2005,730194,Do not introduce Digital ID cards,2025-12-08,Bradford East,3921
2006,730194,Do not introduce Digital ID cards,2025-12-08,Bradford South,4404
2007,730194,Do not introduce Digital ID cards,2025-12-08,Bradford West,3045
2008,730194,Do not introduce Digital ID cards,2025-12-08,Braintree,5943
2009,730194,Do not introduce Digital ID cards,2025-12-08,Brent East,3192
2010,730194,Do not introduce Digital ID cards,2025-12-08,Brent West,2398
2011,730194,Do not introduce Digital ID cards,2025-12-08,Brentford and Isleworth,3316
2012,730194,Do not introduce Digital ID cards,2025-12-08,Brentwood and Ongar,5752
2013,730194,Do not introduce Digital ID cards,2025-12-08,Bridgwater,5293
2014,730194,Do not introduce Digital ID cards,2025-12-08,Bridlington and The Wolds,5133
2015,730194,Do not introduce Digital ID cards,2025-12-08,Brigg and Immingham,5414
2016,730194,Do not introduce Digital ID cards,2025-12-08,Brighton Kemptown and Peacehaven,5065
2017,730194,Do not introduce Digital ID cards,2025-12-08,Brighton Pavilion,5265
2018,730194,Do not introduce Digital ID cards,2025-12-08,Bristol Central,3244
2019,730194,Do not introduce Digital ID cards,2025-12-08,Bristol East,5125
2020,730194,Do not introduce Digital ID cards,2025-12-08,Bristol North East,4395
2021,730194,Do not introduce Digital ID cards,2025-12-08,Bristol North West,4141
2022,730194,Do not introduce Digital ID cards,2025-12-08,Bristol South,5278
2023,730194,Do not introduce Digital ID cards,2025-12-08,Broadland and Fakenham,4456
2024,730194,Do not introduce Digital ID cards,2025-12-08,Bromley and Biggin Hill,4253
2025,730194,Do not introduce Digital ID cards,2025-12-08,Bromsgrove,4641
2026,730194,Do not introduce Digital ID cards,2025-12-08,Broxbourne,5387
2027,730194,Do not introduce Digital ID cards,2025-12-08,Broxtowe,4305
2028,730194,Do not introduce Digital ID cards,2025-12-08,Buckingham and Bletchley,4333
2029,730194,Do not introduce Digital ID cards,2025-12-08,Burnley,6209
2030,730194,Do not introduce Digital ID cards,2025-12-08,Burton and Uttoxeter,4841
2031,730194,Do not introduce Digital ID cards,2025-12-08,Bury North,4687
2032,730194,Do not introduce Digital ID cards,2025-12-08,Bury South,4498
2033,730194,Do not introduce Digital ID cards,2025-12-08,Bury St Edmunds and Stowmarket,4729
2034,730194,Do not introduce Digital ID cards,2025-12-08,Calder Valley,5541
2035,730194,Do not introduce Digital ID cards,2025-12-08,Camborne and Redruth,5958
2036,730194,Do not introduce Digital ID cards,2025-12-08,Cambridge,3200
2037,730194,Do not introduce Digital ID cards,2025-12-08,Cannock Chase,5169
2038,730194,Do not introduce Digital ID cards,2025-12-08,Canterbury,4133
2039,730194,Do not introduce Digital ID cards,2025-12-08,Carlisle,5742
2040,730194,Do not introduce Digital ID cards,2025-12-08,Carshalton and Wallington,4224
2041,730194,Do not introduce Digital ID cards,2025-12-08,Castle Point,5697
2042,730194,Do not introduce Digital ID cards,2025-12-08,Central Devon,5247
2043,730194,Do not introduce Digital ID cards,2025-12-08,Central Suffolk and North Ipswich,4203
2044,730194,Do not introduce Digital ID cards,2025-12-08,Chatham and Aylesford,5321
2045,730194,Do not introduce Digital ID cards,2025-12-08,Cheadle,3836
2046,730194,Do not introduce Digital ID cards,2025-12-08,Chelmsford,4788
2047,730194,Do not introduce Digital ID cards,2025-12-08,Chelsea and Fulham,3705
2048,730194,Do not introduce Digital ID cards,2025-12-08,Cheltenham,3944
2049,730194,Do not introduce Digital ID cards,2025-12-08,Chesham and Amersham,3447
2050,730194,Do not introduce Digital ID cards,2025-12-08,Chester North and Neston,4168
2051,730194,Do not introduce Digital ID cards,2025-12-08,Chester South and Eddisbury,4325
2052,730194,Do not introduce Digital ID cards,2025-12-08,Chesterfield,4649
2053,730194,Do not introduce Digital ID cards,2025-12-08,Chichester,4963
2054,730194,Do not introduce Digital ID cards,2025-12-08,Chingford and Woodford Green,4209
2055,730194,Do not introduce Digital ID cards,2025-12-08,Chippenham,4533
2056,730194,Do not introduce Digital ID cards,2025-12-08,Chipping Barnet,3612
2057,730194,Do not introduce Digital ID cards,2025-12-08,Chorley,5430
2058,730194,Do not introduce Digital ID cards,2025-12-08,Christchurch,4645
2059,730194,Do not introduce Digital ID cards,2025-12-08,Cities of London and Westminster,3992
2060,730194,Do not introduce Digital ID cards,2025-12-08,City of Durham,3784
2061,730194,Do not introduce Digital ID cards,2025-12-08,Clacton,5964
2062,730194,Do not introduce Digital ID cards,2025-12-08,Clapham and Brixton Hill,2925
2063,730194,Do not introduce Digital ID cards,2025-12-08,Colchester,5004
2064,730194,Do not introduce Digital ID cards,2025-12-08,Colne Valley,4512
2065,730194,Do not introduce Digital ID cards,2025-12-08,Congleton,4758
2066,730194,Do not introduce Digital ID cards,2025-12-08,Corby and East Northamptonshire,5626
2067,730194,Do not introduce Digital ID cards,2025-12-08,Coventry East,4131
2068,730194,Do not introduce Digital ID cards,2025-12-08,Coventry North West,4665
2069,730194,Do not introduce Digital ID cards,2025-12-08,Coventry South,3665
2070,730194,Do not introduce Digital ID cards,2025-12-08,Cramlington and Killingworth,5108
2071,730194,Do not introduce Digital ID cards,2025-12-08,Crawley,5125
2072,730194,Do not introduce Digital ID cards,2025-12-08,Crewe and Nantwich,5280
2073,730194,Do not introduce Digital ID cards,2025-12-08,Croydon East,3956
2074,730194,Do not introduce Digital ID cards,2025-12-08,Croydon South,3506
2075,730194,Do not introduce Digital ID cards,2025-12-08,Croydon West,3244
2076,730194,Do not introduce Digital ID cards,2025-12-08,Dagenham and Rainham,4486
2077,730194,Do not introduce Digital ID cards,2025-12-08,Darlington,5073
2078,730194,Do not introduce Digital ID cards,2025-12-08,Dartford,4900
2079,730194,Do not introduce Digital ID cards,2025-12-08,Daventry,5327
2080,730194,Do not introduce Digital ID cards,2025-12-08,Derby North,4426
2081,730194,Do not introduce Digital ID cards,2025-12-08,Derby South,4217
2082,730194,Do not introduce Digital ID cards,2025-12-08,Derbyshire Dales,4345
2083,730194,Do not introduce Digital ID cards,2025-12-08,Dewsbury and Batley,3543
2084,730194,Do not introduce Digital ID cards,2025-12-08,Didcot and Wantage,4541
2085,730194,Do not introduce Digital ID cards,2025-12-08,Doncaster Central,4988
2086,730194,Do not introduce Digital ID cards,2025-12-08,Doncaster East and the Isle of Axholme,5020
2087,730194,Do not introduce Digital ID cards,2025-12-08,Doncaster North,5274
2088,730194,Do not introduce Digital ID cards,2025-12-08,Dorking and Horley,4467
2089,730194,Do not introduce Digital ID cards,2025-12-08,Dover and Deal,5538
2090,730194,Do not introduce Digital ID cards,2025-12-08,Droitwich and Evesham,4367
2091,730194,Do not introduce Digital ID cards,2025-12-08,Dudley,4693
2092,730194,Do not introduce Digital ID cards,2025-12-08,Dulwich and West Norwood,3178
2093,730194,Do not introduce Digital ID cards,2025-12-08,Dunstable and Leighton Buzzard,5200
2094,730194,Do not introduce Digital ID cards,2025-12-08,Ealing Central and Acton,3733
2095,730194,Do not introduce Digital ID cards,2025-12-08,Ealing North,3174
2096,730194,Do not introduce Digital ID cards,2025-12-08,Ealing Southall,2563
2097,730194,Do not introduce Digital ID cards,2025-12-08,Earley and Woodley,3294
2098,730194,Do not introduce Digital ID cards,2025-12-08,Easington,5392
2099,730194,Do not introduce Digital ID cards,2025-12-08,East Grinstead and Uckfield,5234
2100,730194,Do not introduce Digital ID cards,2025-12-08,East Ham,2346
2101,730194,Do not introduce Digital ID cards,2025-12-08,East Hampshire,3991
2102,730194,Do not introduce Digital ID cards,2025-12-08,East Surrey,4578
2103,730194,Do not introduce Digital ID cards,2025-12-08,East Thanet,5532
2104,730194,Do not introduce Digital ID cards,2025-12-08,East Wiltshire,4434
2105,730194,Do not introduce Digital ID cards,2025-12-08,East Worthing and Shoreham,4994
2106,730194,Do not introduce Digital ID cards,2025-12-08,Eastbourne,5157
2107,730194,Do not introduce Digital ID cards,2025-12-08,Eastleigh,4012
2108,730194,Do not introduce Digital ID cards,2025-12-08,Edmonton and Winchmore Hill,3106
2109,730194,Do not introduce Digital ID cards,2025-12-08,Ellesmere Port and Bromborough,5363
2110,730194,Do not introduce Digital ID cards,2025-12-08,Eltham and Chislehurst,4722
2111,730194,Do not introduce Digital ID cards,2025-12-08,Ely and East Cambridgeshire,4467
2112,730194,Do not introduce Digital ID cards,2025-12-08,Enfield North,3911
2113,730194,Do not introduce Digital ID cards,2025-12-08,Epping Forest,5662
2114,730194,Do not introduce Digital ID cards,2025-12-08,Epsom and Ewell,3874
2115,730194,Do not introduce Digital ID cards,2025-12-08,Erewash,5148
2116,730194,Do not introduce Digital ID cards,2025-12-08,Erith and Thamesmead,4347
2117,730194,Do not introduce Digital ID cards,2025-12-08,Esher and Walton,3599
2118,730194,Do not introduce Digital ID cards,2025-12-08,Exeter,3815
2119,730194,Do not introduce Digital ID cards,2025-12-08,Exmouth and Exeter East,4546
2120,730194,Do not introduce Digital ID cards,2025-12-08,Fareham and Waterlooville,5342
2121,730194,Do not introduce Digital ID cards,2025-12-08,Farnham and Bordon,4053
2122,730194,Do not introduce Digital ID cards,2025-12-08,Faversham and Mid Kent,5175
2123,730194,Do not introduce Digital ID cards,2025-12-08,Feltham and Heston,3256
2124,730194,Do not introduce Digital ID cards,2025-12-08,Filton and Bradley Stoke,4294
2125,730194,Do not introduce Digital ID cards,2025-12-08,Finchley and Golders Green,3173
2126,730194,Do not introduce Digital ID cards,2025-12-08,Folkestone and Hythe,4897
2127,730194,Do not introduce Digital ID cards,2025-12-08,Forest of Dean,4464
2128,730194,Do not introduce Digital ID cards,2025-12-08,Frome and East Somerset,4463
2129,730194,Do not introduce Digital ID cards,2025-12-08,Fylde,5139
2130,730194,Do not introduce Digital ID cards,2025-12-08,Gainsborough,5046
2131,730194,Do not introduce Digital ID cards,2025-12-08,Gateshead Central and Whickham,4354
2132,730194,Do not introduce Digital ID cards,2025-12-08,Gedling,4645
2133,730194,Do not introduce Digital ID cards,2025-12-08,Gillingham and Rainham,4876
2134,730194,Do not introduce Digital ID cards,2025-12-08,Glastonbury and Somerton,4982
2135,730194,Do not introduce Digital ID cards,2025-12-08,Gloucester,4986
2136,730194,Do not introduce Digital ID cards,2025-12-08,Godalming and Ash,3906
2137,730194,Do not introduce Digital ID cards,2025-12-08,Goole and Pocklington,5092
2138,730194,Do not introduce Digital ID cards,2025-12-08,Gorton and Denton,4312
2139,730194,Do not introduce Digital ID cards,2025-12-08,Gosport,5066
2140,730194,Do not introduce Digital ID cards,2025-12-08,Grantham and Bourne,4914
2141,730194,Do not introduce Digital ID cards,2025-12-08,Gravesham,4760
2142,730194,Do not introduce Digital ID cards,2025-12-08,Great Grimsby and Cleethorpes,6071
2143,730194,Do not introduce Digital ID cards,2025-12-08,Great Yarmouth,5624
2144,730194,Do not introduce Digital ID cards,2025-12-08,Greenwich and Woolwich,3407
2145,730194,Do not introduce Digital ID cards,2025-12-08,Guildford,3401
2146,730194,Do not introduce Digital ID cards,2025-12-08,Hackney North and Stoke Newington,3268
2147,730194,Do not introduce Digital ID cards,2025-12-08,Hackney South and Shoreditch,3401
2148,730194,Do not introduce Digital ID cards,2025-12-08,Halesowen,4350
2149,730194,Do not introduce Digital ID cards,2025-12-08,Halifax,5124
2150,730194,Do not introduce Digital ID cards,2025-12-08,Hamble Valley,5107
2151,730194,Do not introduce Digital ID cards,2025-12-08,Hammersmith and Chiswick,3399
2152,730194,Do not introduce Digital ID cards,2025-12-08,Hampstead and Highgate,3094
2153,730194,Do not introduce Digital ID cards,2025-12-08,"Harborough, Oadby and Wigston",3852
2154,730194,Do not introduce Digital ID cards,2025-12-08,Harlow,5704
2155,730194,Do not introduce Digital ID cards,2025-12-08,Harpenden and Berkhamsted,3375
2156,730194,Do not introduce Digital ID cards,2025-12-08,Harrogate and Knaresborough,4173
2157,730194,Do not introduce Digital ID cards,2025-12-08,Harrow East,2535
2158,730194,Do not introduce Digital ID cards,2025-12-08,Harrow West,2485
2159,730194,Do not introduce Digital ID cards,2025-12-08,Hartlepool,5952
2160,730194,Do not introduce Digital ID cards,2025-12-08,Harwich and North Essex,4887
2161,730194,Do not introduce Digital ID cards,2025-12-08,Hastings and Rye,5986
2162,730194,Do not introduce Digital ID cards,2025-12-08,Havant,5185
2163,730194,Do not introduce Digital ID cards,2025-12-08,Hayes and Harlington,2917
2164,730194,Do not introduce Digital ID cards,2025-12-08,Hazel Grove,4996
2165,730194,Do not introduce Digital ID cards,2025-12-08,Hemel Hempstead,5011
2166,730194,Do not introduce Digital ID cards,2025-12-08,Hendon,3141
2167,730194,Do not introduce Digital ID cards,2025-12-08,Henley and Thame,3770
2168,730194,Do not introduce Digital ID cards,2025-12-08,Hereford and South Herefordshire,4817
2169,730194,Do not introduce Digital ID cards,2025-12-08,Herne Bay and Sandwich,5316
2170,730194,Do not introduce Digital ID cards,2025-12-08,Hertford and Stortford,4854
2171,730194,Do not introduce Digital ID cards,2025-12-08,Hertsmere,4197
2172,730194,Do not introduce Digital ID cards,2025-12-08,Hexham,4470
2173,730194,Do not introduce Digital ID cards,2025-12-08,Heywood and Middleton North,5112
2174,730194,Do not introduce Digital ID cards,2025-12-08,High Peak,5047
2175,730194,Do not introduce Digital ID cards,2025-12-08,Hinckley and Bosworth,5212
2176,730194,Do not introduce Digital ID cards,2025-12-08,Hitchin,4381
2177,730194,Do not introduce Digital ID cards,2025-12-08,Holborn and St Pancras,3461
2178,730194,Do not introduce Digital ID cards,2025-12-08,Honiton and Sidmouth,4408
2179,730194,Do not introduce Digital ID cards,2025-12-08,Hornchurch and Upminster,5273
2180,730194,Do not introduce Digital ID cards,2025-12-08,Hornsey and Friern Barnet,3264
2181,730194,Do not introduce Digital ID cards,2025-12-08,Horsham,4676
2182,730194,Do not introduce Digital ID cards,2025-12-08,Houghton and Sunderland South,6056
2183,730194,Do not introduce Digital ID cards,2025-12-08,Hove and Portslade,4804
2184,730194,Do not introduce Digital ID cards,2025-12-08,Huddersfield,4196
2185,730194,Do not introduce Digital ID cards,2025-12-08,Huntingdon,4681
2186,730194,Do not introduce Digital ID cards,2025-12-08,Hyndburn,5153
2187,730194,Do not introduce Digital ID cards,2025-12-08,Ilford North,2985
2188,730194,Do not introduce Digital ID cards,2025-12-08,Ilford South,2566
2189,730194,Do not introduce Digital ID cards,2025-12-08,Ipswich,4551
2190,730194,Do not introduce Digital ID cards,2025-12-08,Isle of Wight East,4012
2191,730194,Do not introduce Digital ID cards,2025-12-08,Isle of Wight West,3575
2192,730194,Do not introduce Digital ID cards,2025-12-08,Islington North,3462
2193,730194,Do not introduce Digital ID cards,2025-12-08,Islington South and Finsbury,3896
2194,730194,Do not introduce Digital ID cards,2025-12-08,Jarrow and Gateshead East,5288
2195,730194,Do not introduce Digital ID cards,2025-12-08,Keighley and Ilkley,4396
2196,730194,Do not introduce Digital ID cards,2025-12-08,Kenilworth and Southam,4045
2197,730194,Do not introduce Digital ID cards,2025-12-08,Kensington and Bayswater,3730
2198,730194,Do not introduce Digital ID cards,2025-12-08,Kettering,5094
2199,730194,Do not introduce Digital ID cards,2025-12-08,Kingston and Surbiton,3676
2200,730194,Do not introduce Digital ID cards,2025-12-08,Kingston upon Hull East,5428
2201,730194,Do not introduce Digital ID cards,2025-12-08,Kingston upon Hull North and Cottingham,5246
2202,730194,Do not introduce Digital ID cards,2025-12-08,Kingston upon Hull West and Haltemprice,5628
2203,730194,Do not introduce Digital ID cards,2025-12-08,Kingswinford and South Staffordshire,4304
2204,730194,Do not introduce Digital ID cards,2025-12-08,Knowsley,5345
2205,730194,Do not introduce Digital ID cards,2025-12-08,Lancaster and Wyre,4260
2206,730194,Do not introduce Digital ID cards,2025-12-08,Leeds Central and Headingley,3195
2207,730194,Do not introduce Digital ID cards,2025-12-08,Leeds East,4587
2208,730194,Do not introduce Digital ID cards,2025-12-08,Leeds North East,3092
2209,730194,Do not introduce Digital ID cards,2025-12-08,Leeds North West,3792
2210,730194,Do not introduce Digital ID cards,2025-12-08,Leeds South,4608
2211,730194,Do not introduce Digital ID cards,2025-12-08,Leeds South West and Morley,4964
2212,730194,Do not introduce Digital ID cards,2025-12-08,Leeds West and Pudsey,4418
2213,730194,Do not introduce Digital ID cards,2025-12-08,Leicester East,2259
2214,730194,Do not introduce Digital ID cards,2025-12-08,Leicester South,2970
2215,730194,Do not introduce Digital ID cards,2025-12-08,Leicester West,4268
2216,730194,Do not introduce Digital ID cards,2025-12-08,Leigh and Atherton,5860
2217,730194,Do not introduce Digital ID cards,2025-12-08,Lewes,4894
2218,730194,Do not introduce Digital ID cards,2025-12-08,Lewisham East,3818
2219,730194,Do not introduce Digital ID cards,2025-12-08,Lewisham North,3632
2220,730194,Do not introduce Digital ID cards,2025-12-08,Lewisham West and East Dulwich,3077
2221,730194,Do not introduce Digital ID cards,2025-12-08,Leyton and Wanstead,3298
2222,730194,Do not introduce Digital ID cards,2025-12-08,Lichfield,4501
2223,730194,Do not introduce Digital ID cards,2025-12-08,Lincoln,4843
2224,730194,Do not introduce Digital ID cards,2025-12-08,Liverpool Garston,4946
2225,730194,Do not introduce Digital ID cards,2025-12-08,Liverpool Riverside,5106
2226,730194,Do not introduce Digital ID cards,2025-12-08,Liverpool Walton,5445
2227,730194,Do not introduce Digital ID cards,2025-12-08,Liverpool Wavertree,4018
2228,730194,Do not introduce Digital ID cards,2025-12-08,Liverpool West Derby,5062
2229,730194,Do not introduce Digital ID cards,2025-12-08,Loughborough,3901
2230,730194,Do not introduce Digital ID cards,2025-12-08,Louth and Horncastle,5748
2231,730194,Do not introduce Digital ID cards,2025-12-08,Lowestoft,4856
2232,730194,Do not introduce Digital ID cards,2025-12-08,Luton North,3365
2233,730194,Do not introduce Digital ID cards,2025-12-08,Luton South and South Bedfordshire,3522
2234,730194,Do not introduce Digital ID cards,2025-12-08,Macclesfield,4575
2235,730194,Do not introduce Digital ID cards,2025-12-08,Maidenhead,4063
2236,730194,Do not introduce Digital ID cards,2025-12-08,Maidstone and Malling,5119
2237,730194,Do not introduce Digital ID cards,2025-12-08,Makerfield,5644
2238,730194,Do not introduce Digital ID cards,2025-12-08,Maldon,6060
2239,730194,Do not introduce Digital ID cards,2025-12-08,Manchester Central,5107
2240,730194,Do not introduce Digital ID cards,2025-12-08,Manchester Rusholme,2771
2241,730194,Do not introduce Digital ID cards,2025-12-08,Manchester Withington,2897
2242,730194,Do not introduce Digital ID cards,2025-12-08,Mansfield,5183
2243,730194,Do not introduce Digital ID cards,2025-12-08,Melksham and Devizes,4187
2244,730194,Do not introduce Digital ID cards,2025-12-08,Melton and Syston,4408
2245,730194,Do not introduce Digital ID cards,2025-12-08,Meriden and Solihull East,4553
2246,730194,Do not introduce Digital ID cards,2025-12-08,Mid Bedfordshire,4573
2247,730194,Do not introduce Digital ID cards,2025-12-08,Mid Buckinghamshire,3886
2248,730194,Do not introduce Digital ID cards,2025-12-08,Mid Cheshire,4816
2249,730194,Do not introduce Digital ID cards,2025-12-08,Mid Derbyshire,4071
2250,730194,Do not introduce Digital ID cards,2025-12-08,Mid Dorset and North Poole,4915
2251,730194,Do not introduce Digital ID cards,2025-12-08,Mid Leicestershire,4385
2252,730194,Do not introduce Digital ID cards,2025-12-08,Mid Norfolk,4872
2253,730194,Do not introduce Digital ID cards,2025-12-08,Mid Sussex,4223
2254,730194,Do not introduce Digital ID cards,2025-12-08,Middlesbrough and Thornaby East,4641
2255,730194,Do not introduce Digital ID cards,2025-12-08,Middlesbrough South and East Cleveland,4852
2256,730194,Do not introduce Digital ID cards,2025-12-08,Milton Keynes Central,4668
2257,730194,Do not introduce Digital ID cards,2025-12-08,Milton Keynes North,4213
2258,730194,Do not introduce Digital ID cards,2025-12-08,Mitcham and Morden,3671
2259,730194,Do not introduce Digital ID cards,2025-12-08,Morecambe and Lunesdale,4959
2260,730194,Do not introduce Digital ID cards,2025-12-08,New Forest East,4584
2261,730194,Do not introduce Digital ID cards,2025-12-08,New Forest West,3927
2262,730194,Do not introduce Digital ID cards,2025-12-08,Newark,5303
2263,730194,Do not introduce Digital ID cards,2025-12-08,Newbury,3933
2264,730194,Do not introduce Digital ID cards,2025-12-08,Newcastle upon Tyne Central and West,4769
2265,730194,Do not introduce Digital ID cards,2025-12-08,Newcastle upon Tyne East and Wallsend,5114
2266,730194,Do not introduce Digital ID cards,2025-12-08,Newcastle upon Tyne North,3713
2267,730194,Do not introduce Digital ID cards,2025-12-08,Newcastle-under-Lyme,4727
2268,730194,Do not introduce Digital ID cards,2025-12-08,Newton Abbot,4993
2269,730194,Do not introduce Digital ID cards,2025-12-08,Newton Aycliffe and Spennymoor,5105
2270,730194,Do not introduce Digital ID cards,2025-12-08,Normanton and Hemsworth,5840
2271,730194,Do not introduce Digital ID cards,2025-12-08,North Bedfordshire,4840
2272,730194,Do not introduce Digital ID cards,2025-12-08,North Cornwall,5899
2273,730194,Do not introduce Digital ID cards,2025-12-08,North Cotswolds,4232
2274,730194,Do not introduce Digital ID cards,2025-12-08,North Devon,5381
2275,730194,Do not introduce Digital ID cards,2025-12-08,North Dorset,4590
2276,730194,Do not introduce Digital ID cards,2025-12-08,North Durham,4822
2277,730194,Do not introduce Digital ID cards,2025-12-08,North East Cambridgeshire,5266
2278,730194,Do not introduce Digital ID cards,2025-12-08,North East Derbyshire,4534
2279,730194,Do not introduce Digital ID cards,2025-12-08,North East Hampshire,4237
2280,730194,Do not introduce Digital ID cards,2025-12-08,North East Hertfordshire,4849
2281,730194,Do not introduce Digital ID cards,2025-12-08,North East Somerset and Hanham,4419
2282,730194,Do not introduce Digital ID cards,2025-12-08,North Herefordshire,4482
2283,730194,Do not introduce Digital ID cards,2025-12-08,North Norfolk,4265
2284,730194,Do not introduce Digital ID cards,2025-12-08,North Northumberland,4524
2285,730194,Do not introduce Digital ID cards,2025-12-08,North Shropshire,5259
2286,730194,Do not introduce Digital ID cards,2025-12-08,North Somerset,3804
2287,730194,Do not introduce Digital ID cards,2025-12-08,North Warwickshire and Bedworth,5096
2288,730194,Do not introduce Digital ID cards,2025-12-08,North West Cambridgeshire,5128
2289,730194,Do not introduce Digital ID cards,2025-12-08,North West Essex,5234
2290,730194,Do not introduce Digital ID cards,2025-12-08,North West Hampshire,4899
2291,730194,Do not introduce Digital ID cards,2025-12-08,North West Leicestershire,5184
2292,730194,Do not introduce Digital ID cards,2025-12-08,North West Norfolk,4935
2293,730194,Do not introduce Digital ID cards,2025-12-08,Northampton North,5022
2294,730194,Do not introduce Digital ID cards,2025-12-08,Northampton South,4465
2295,730194,Do not introduce Digital ID cards,2025-12-08,Norwich North,4868
2296,730194,Do not introduce Digital ID cards,2025-12-08,Norwich South,4771
2297,730194,Do not introduce Digital ID cards,2025-12-08,Nottingham East,3830
2298,730194,Do not introduce Digital ID cards,2025-12-08,Nottingham North and Kimberley,4311
2299,730194,Do not introduce Digital ID cards,2025-12-08,Nottingham South,3466
2300,730194,Do not introduce Digital ID cards,2025-12-08,Nuneaton,4881
2301,730194,Do not introduce Digital ID cards,2025-12-08,Old Bexley and Sidcup,4933
2302,730194,Do not introduce Digital ID cards,2025-12-08,Oldham East and Saddleworth,4828
2303,730194,Do not introduce Digital ID cards,2025-12-08,"Oldham West, Chadderton and Royton",4426
2304,730194,Do not introduce Digital ID cards,2025-12-08,Orpington,4220
2305,730194,Do not introduce Digital ID cards,2025-12-08,Ossett and Denby Dale,4688
2306,730194,Do not introduce Digital ID cards,2025-12-08,Oxford East,3019
2307,730194,Do not introduce Digital ID cards,2025-12-08,Oxford West and Abingdon,2773
2308,730194,Do not introduce Digital ID cards,2025-12-08,Peckham,2911
2309,730194,Do not introduce Digital ID cards,2025-12-08,Pendle and Clitheroe,5700
2310,730194,Do not introduce Digital ID cards,2025-12-08,Penistone and Stocksbridge,4459
2311,730194,Do not introduce Digital ID cards,2025-12-08,Penrith and Solway,4805
2312,730194,Do not introduce Digital ID cards,2025-12-08,Peterborough,4417
2313,730194,Do not introduce Digital ID cards,2025-12-08,Plymouth Moor View,5609
2314,730194,Do not introduce Digital ID cards,2025-12-08,Plymouth Sutton and Devonport,5692
2315,730194,Do not introduce Digital ID cards,2025-12-08,"Pontefract, Castleford and Knottingley",5520
2316,730194,Do not introduce Digital ID cards,2025-12-08,Poole,4959
2317,730194,Do not introduce Digital ID cards,2025-12-08,Poplar and Limehouse,4034
2318,730194,Do not introduce Digital ID cards,2025-12-08,Portsmouth North,5399
2319,730194,Do not introduce Digital ID cards,2025-12-08,Portsmouth South,4487
2320,730194,Do not introduce Digital ID cards,2025-12-08,Preston,4603
2321,730194,Do not introduce Digital ID cards,2025-12-08,Putney,3212
2322,730194,Do not introduce Digital ID cards,2025-12-08,Queen's Park and Maida Vale,3227
2323,730194,Do not introduce Digital ID cards,2025-12-08,Rawmarsh and Conisbrough,4834
2324,730194,Do not introduce Digital ID cards,2025-12-08,Rayleigh and Wickford,5947
2325,730194,Do not introduce Digital ID cards,2025-12-08,Reading Central,3472
2326,730194,Do not introduce Digital ID cards,2025-12-08,Reading West and Mid Berkshire,3781
2327,730194,Do not introduce Digital ID cards,2025-12-08,Redcar,5318
2328,730194,Do not introduce Digital ID cards,2025-12-08,Redditch,5158
2329,730194,Do not introduce Digital ID cards,2025-12-08,Reigate,4218
2330,730194,Do not introduce Digital ID cards,2025-12-08,Ribble Valley,5066
2331,730194,Do not introduce Digital ID cards,2025-12-08,Richmond and Northallerton,4405
2332,730194,Do not introduce Digital ID cards,2025-12-08,Richmond Park,3144
2333,730194,Do not introduce Digital ID cards,2025-12-08,Rochdale,4053
2334,730194,Do not introduce Digital ID cards,2025-12-08,Rochester and Strood,5305
2335,730194,Do not introduce Digital ID cards,2025-12-08,Romford,4941
2336,730194,Do not introduce Digital ID cards,2025-12-08,Romsey and Southampton North,3810
2337,730194,Do not introduce Digital ID cards,2025-12-08,Rossendale and Darwen,6274
2338,730194,Do not introduce Digital ID cards,2025-12-08,Rother Valley,4545
2339,730194,Do not introduce Digital ID cards,2025-12-08,Rotherham,4624
2340,730194,Do not introduce Digital ID cards,2025-12-08,Rugby,4893
2341,730194,Do not introduce Digital ID cards,2025-12-08,"Ruislip, Northwood and Pinner",2794
2342,730194,Do not introduce Digital ID cards,2025-12-08,Runcorn and Helsby,5402
2343,730194,Do not introduce Digital ID cards,2025-12-08,Runnymede and Weybridge,4218
2344,730194,Do not introduce Digital ID cards,2025-12-08,Rushcliffe,3839
2345,730194,Do not introduce Digital ID cards,2025-12-08,Rutland and Stamford,3865
2346,730194,Do not introduce Digital ID cards,2025-12-08,Salford,5469
2347,730194,Do not introduce Digital ID cards,2025-12-08,Salisbury,3914
2348,730194,Do not introduce Digital ID cards,2025-12-08,Scarborough and Whitby,5261
2349,730194,Do not introduce Digital ID cards,2025-12-08,Scunthorpe,4786
2350,730194,Do not introduce Digital ID cards,2025-12-08,Sefton Central,4413
2351,730194,Do not introduce Digital ID cards,2025-12-08,Selby,5124
2352,730194,Do not introduce Digital ID cards,2025-12-08,Sevenoaks,4820
2353,730194,Do not introduce Digital ID cards,2025-12-08,Sheffield Brightside and Hillsborough,4243
2354,730194,Do not introduce Digital ID cards,2025-12-08,Sheffield Central,2504
2355,730194,Do not introduce Digital ID cards,2025-12-08,Sheffield Hallam,2943
2356,730194,Do not introduce Digital ID cards,2025-12-08,Sheffield Heeley,4324
2357,730194,Do not introduce Digital ID cards,2025-12-08,Sheffield South East,4423
2358,730194,Do not introduce Digital ID cards,2025-12-08,Sherwood Forest,5308
2359,730194,Do not introduce Digital ID cards,2025-12-08,Shipley,4494
2360,730194,Do not introduce Digital ID cards,2025-12-08,Shrewsbury,4879
2361,730194,Do not introduce Digital ID cards,2025-12-08,Sittingbourne and Sheppey,5576
2362,730194,Do not introduce Digital ID cards,2025-12-08,Skipton and Ripon,4663
2363,730194,Do not introduce Digital ID cards,2025-12-08,Sleaford and North Hykeham,4800
2364,730194,Do not introduce Digital ID cards,2025-12-08,Slough,3164
2365,730194,Do not introduce Digital ID cards,2025-12-08,Smethwick,3658
2366,730194,Do not introduce Digital ID cards,2025-12-08,Solihull West and Shirley,3705
2367,730194,Do not introduce Digital ID cards,2025-12-08,South Basildon and East Thurrock,5709
2368,730194,Do not introduce Digital ID cards,2025-12-08,South Cambridgeshire,3490
2369,730194,Do not introduce Digital ID cards,2025-12-08,South Cotswolds,3767
2370,730194,Do not introduce Digital ID cards,2025-12-08,South Derbyshire,4658
2371,730194,Do not introduce Digital ID cards,2025-12-08,South Devon,5020
2372,730194,Do not introduce Digital ID cards,2025-12-08,South Dorset,5150
2373,730194,Do not introduce Digital ID cards,2025-12-08,South East Cornwall,5548
2374,730194,Do not introduce Digital ID cards,2025-12-08,South Holland and The Deepings,5778
2375,730194,Do not introduce Digital ID cards,2025-12-08,South Leicestershire,4828
2376,730194,Do not introduce Digital ID cards,2025-12-08,South Norfolk,4322
2377,730194,Do not introduce Digital ID cards,2025-12-08,South Northamptonshire,4834
2378,730194,Do not introduce Digital ID cards,2025-12-08,South Ribble,4859
2379,730194,Do not introduce Digital ID cards,2025-12-08,South Shields,5235
2380,730194,Do not introduce Digital ID cards,2025-12-08,South Shropshire,4862
2381,730194,Do not introduce Digital ID cards,2025-12-08,South Suffolk,4617
2382,730194,Do not introduce Digital ID cards,2025-12-08,South West Devon,5029
2383,730194,Do not introduce Digital ID cards,2025-12-08,South West Hertfordshire,4144
2384,730194,Do not introduce Digital ID cards,2025-12-08,South West Norfolk,5464
2385,730194,Do not introduce Digital ID cards,2025-12-08,South West Wiltshire,4919
2386,730194,Do not introduce Digital ID cards,2025-12-08,Southampton Itchen,5294
2387,730194,Do not introduce Digital ID cards,2025-12-08,Southampton Test,4320
2388,730194,Do not introduce Digital ID cards,2025-12-08,Southend East and Rochford,5490
2389,730194,Do not introduce Digital ID cards,2025-12-08,Southend West and Leigh,5550
2390,730194,Do not introduce Digital ID cards,2025-12-08,Southgate and Wood Green,3915
2391,730194,Do not introduce Digital ID cards,2025-12-08,Southport,5201
2392,730194,Do not introduce Digital ID cards,2025-12-08,Spelthorne,4278
2393,730194,Do not introduce Digital ID cards,2025-12-08,Spen Valley,4671
2394,730194,Do not introduce Digital ID cards,2025-12-08,St Albans,3325
2395,730194,Do not introduce Digital ID cards,2025-12-08,St Austell and Newquay,6139
2396,730194,Do not introduce Digital ID cards,2025-12-08,St Helens North,5162
2397,730194,Do not introduce Digital ID cards,2025-12-08,St Helens South and Whiston,5080
2398,730194,Do not introduce Digital ID cards,2025-12-08,St Ives,5502
2399,730194,Do not introduce Digital ID cards,2025-12-08,St Neots and Mid Cambridgeshire,4164
2400,730194,Do not introduce Digital ID cards,2025-12-08,Stafford,4426
2401,730194,Do not introduce Digital ID cards,2025-12-08,Staffordshire Moorlands,4701
2402,730194,Do not introduce Digital ID cards,2025-12-08,Stalybridge and Hyde,5292
2403,730194,Do not introduce Digital ID cards,2025-12-08,Stevenage,4854
2404,730194,Do not introduce Digital ID cards,2025-12-08,Stockport,4919
2405,730194,Do not introduce Digital ID cards,2025-12-08,Stockton North,4695
2406,730194,Do not introduce Digital ID cards,2025-12-08,Stockton West,4605
2407,730194,Do not introduce Digital ID cards,2025-12-08,Stoke-on-Trent Central,5010
2408,730194,Do not introduce Digital ID cards,2025-12-08,Stoke-on-Trent North,5093
2409,730194,Do not introduce Digital ID cards,2025-12-08,Stoke-on-Trent South,4450
2410,730194,Do not introduce Digital ID cards,2025-12-08,"Stone, Great Wyrley and Penkridge",4455
2411,730194,Do not introduce Digital ID cards,2025-12-08,Stourbridge,4293
2412,730194,Do not introduce Digital ID cards,2025-12-08,Stratford and Bow,3425
2413,730194,Do not introduce Digital ID cards,2025-12-08,Stratford-on-Avon,4305
2414,730194,Do not introduce Digital ID cards,2025-12-08,Streatham and Croydon North,3370
2415,730194,Do not introduce Digital ID cards,2025-12-08,Stretford and Urmston,4726
2416,730194,Do not introduce Digital ID cards,2025-12-08,Stroud,4853
2417,730194,Do not introduce Digital ID cards,2025-12-08,Suffolk Coastal,4281
2418,730194,Do not introduce Digital ID cards,2025-12-08,Sunderland Central,5074
2419,730194,Do not introduce Digital ID cards,2025-12-08,Surrey Heath,4099
2420,730194,Do not introduce Digital ID cards,2025-12-08,Sussex Weald,5073
2421,730194,Do not introduce Digital ID cards,2025-12-08,Sutton and Cheam,3508
2422,730194,Do not introduce Digital ID cards,2025-12-08,Sutton Coldfield,3975
2423,730194,Do not introduce Digital ID cards,2025-12-08,Swindon North,4779
2424,730194,Do not introduce Digital ID cards,2025-12-08,Swindon South,4572
2425,730194,Do not introduce Digital ID cards,2025-12-08,Tamworth,5842
2426,730194,Do not introduce Digital ID cards,2025-12-08,Tatton,4304
2427,730194,Do not introduce Digital ID cards,2025-12-08,Taunton and Wellington,4681
2428,730194,Do not introduce Digital ID cards,2025-12-08,Telford,5676
2429,730194,Do not introduce Digital ID cards,2025-12-08,Tewkesbury,4198
2430,730194,Do not introduce Digital ID cards,2025-12-08,The Wrekin,5040
2431,730194,Do not introduce Digital ID cards,2025-12-08,Thirsk and Malton,4729
2432,730194,Do not introduce Digital ID cards,2025-12-08,Thornbury and Yate,4479
2433,730194,Do not introduce Digital ID cards,2025-12-08,Thurrock,5368
2434,730194,Do not introduce Digital ID cards,2025-12-08,Tipton and Wednesbury,4455
2435,730194,Do not introduce Digital ID cards,2025-12-08,Tiverton and Minehead,4563
2436,730194,Do not introduce Digital ID cards,2025-12-08,Tonbridge,4359
2437,730194,Do not introduce Digital ID cards,2025-12-08,Tooting,2848
2438,730194,Do not introduce Digital ID cards,2025-12-08,Torbay,6060
2439,730194,Do not introduce Digital ID cards,2025-12-08,Torridge and Tavistock,5212
2440,730194,Do not introduce Digital ID cards,2025-12-08,Tottenham,3617
2441,730194,Do not introduce Digital ID cards,2025-12-08,Truro and Falmouth,4966
2442,730194,Do not introduce Digital ID cards,2025-12-08,Tunbridge Wells,4372
2443,730194,Do not introduce Digital ID cards,2025-12-08,Twickenham,3188
2444,730194,Do not introduce Digital ID cards,2025-12-08,Tynemouth,4490
2445,730194,Do not introduce Digital ID cards,2025-12-08,Uxbridge and South Ruislip,3947
2446,730194,Do not introduce Digital ID cards,2025-12-08,Vauxhall and Camberwell Green,2933
2447,730194,Do not introduce Digital ID cards,2025-12-08,Wakefield and Rothwell,5124
2448,730194,Do not introduce Digital ID cards,2025-12-08,Wallasey,5558
2449,730194,Do not introduce Digital ID cards,2025-12-08,Walsall and Bloxwich,4098
2450,730194,Do not introduce Digital ID cards,2025-12-08,Walthamstow,3365
2451,730194,Do not introduce Digital ID cards,2025-12-08,Warrington North,5351
2452,730194,Do not introduce Digital ID cards,2025-12-08,Warrington South,5094
2453,730194,Do not introduce Digital ID cards,2025-12-08,Warwick and Leamington,3707
2454,730194,Do not introduce Digital ID cards,2025-12-08,Washington and Gateshead South,5240
2455,730194,Do not introduce Digital ID cards,2025-12-08,Watford,3705
2456,730194,Do not introduce Digital ID cards,2025-12-08,Waveney Valley,4429
2457,730194,Do not introduce Digital ID cards,2025-12-08,Weald of Kent,4851
2458,730194,Do not introduce Digital ID cards,2025-12-08,Wellingborough and Rushden,5147
2459,730194,Do not introduce Digital ID cards,2025-12-08,Wells and Mendip Hills,4484
2460,730194,Do not introduce Digital ID cards,2025-12-08,Welwyn Hatfield,4950
2461,730194,Do not introduce Digital ID cards,2025-12-08,West Bromwich,3869
2462,730194,Do not introduce Digital ID cards,2025-12-08,West Dorset,4131
2463,730194,Do not introduce Digital ID cards,2025-12-08,West Ham and Beckton,3703
2464,730194,Do not introduce Digital ID cards,2025-12-08,West Lancashire,5125
2465,730194,Do not introduce Digital ID cards,2025-12-08,West Suffolk,5067
2466,730194,Do not introduce Digital ID cards,2025-12-08,West Worcestershire,4594
2467,730194,Do not introduce Digital ID cards,2025-12-08,Westmorland and Lonsdale,4266
2468,730194,Do not introduce Digital ID cards,2025-12-08,Weston-super-Mare,5235
2469,730194,Do not introduce Digital ID cards,2025-12-08,Wetherby and Easingwold,3736
2470,730194,Do not introduce Digital ID cards,2025-12-08,Whitehaven and Workington,5766
2471,730194,Do not introduce Digital ID cards,2025-12-08,Widnes and Halewood,5293
2472,730194,Do not introduce Digital ID cards,2025-12-08,Wigan,5768
2473,730194,Do not introduce Digital ID cards,2025-12-08,Wimbledon,2971
2474,730194,Do not introduce Digital ID cards,2025-12-08,Winchester,3688
2475,730194,Do not introduce Digital ID cards,2025-12-08,Windsor,3714
2476,730194,Do not introduce Digital ID cards,2025-12-08,Wirral West,4077
2477,730194,Do not introduce Digital ID cards,2025-12-08,Witham,5636
2478,730194,Do not introduce Digital ID cards,2025-12-08,Witney,4261
2479,730194,Do not introduce Digital ID cards,2025-12-08,Woking,3627
2480,730194,Do not introduce Digital ID cards,2025-12-08,Wokingham,3565
2481,730194,Do not introduce Digital ID cards,2025-12-08,Wolverhampton North East,4292
2482,730194,Do not introduce Digital ID cards,2025-12-08,Wolverhampton South East,4351
2483,730194,Do not introduce Digital ID cards,2025-12-08,Wolverhampton West,3991
2484,730194,Do not introduce Digital ID cards,2025-12-08,Worcester,4216
2485,730194,Do not introduce Digital ID cards,2025-12-08,Worsley and Eccles,5688
2486,730194,Do not introduce Digital ID cards,2025-12-08,Worthing West,5073
2487,730194,Do not introduce Digital ID cards,2025-12-08,Wycombe,3740
2488,730194,Do not introduce Digital ID cards,2025-12-08,Wyre Forest,5441
2489,730194,Do not introduce Digital ID cards,2025-12-08,Wythenshawe and Sale East,5088
2490,730194,Do not introduce Digital ID cards,2025-12-08,Yeovil,5002
2491,730194,Do not introduce Digital ID cards,2025-12-08,York Central,4121
2492,730194,Do not introduce Digital ID cards,2025-12-08,York Outer,3697
2493,730194,Do not introduce Digital ID cards,2025-12-08,Belfast East,4606
2494,730194,Do not introduce Digital ID cards,2025-12-08,Belfast North,4254
2495,730194,Do not introduce Digital ID cards,2025-12-08,Belfast South and Mid Down,2941
2496,730194,Do not introduce Digital ID cards,2025-12-08,Belfast West,3095
2497,730194,Do not introduce Digital ID cards,2025-12-08,East Antrim,5026
2498,730194,Do not introduce Digital ID cards,2025-12-08,East Londonderry,3774
2499,730194,Do not introduce Digital ID cards,2025-12-08,Fermanagh and South Tyrone,3979
2500,730194,Do not introduce Digital ID cards,2025-12-08,Foyle,2523
2501,730194,Do not introduce Digital ID cards,2025-12-08,Lagan Valley,4958
2502,730194,Do not introduce Digital ID cards,2025-12-08,Mid Ulster,3281
2503,730194,Do not introduce Digital ID cards,2025-12-08,Newry and Armagh,4014
2504,730194,Do not introduce Digital ID cards,2025-12-08,North Antrim,4864
2505,730194,Do not introduce Digital ID cards,2025-12-08,North Down,4717
2506,730194,Do not introduce Digital ID cards,2025-12-08,South Antrim,4648
2507,730194,Do not introduce Digital ID cards,2025-12-08,South Down,4487
2508,730194,Do not introduce Digital ID cards,2025-12-08,Strangford,4359
2509,730194,Do not introduce Digital ID cards,2025-12-08,Upper Bann,7185
2510,730194,Do not introduce Digital ID cards,2025-12-08,West Tyrone,2649
2511,730194,Do not introduce Digital ID cards,2025-12-08,East Renfrewshire,3008
2512,730194,Do not introduce Digital ID cards,2025-12-08,Na h-Eileanan an Iar,1217
2513,730194,Do not introduce Digital ID cards,2025-12-08,Midlothian,3841
2514,730194,Do not introduce Digital ID cards,2025-12-08,North Ayrshire and Arran,4280
2515,730194,Do not introduce Digital ID cards,2025-12-08,Orkney and Shetland,2079
2516,730194,Do not introduce Digital ID cards,2025-12-08,Aberdeen North,4390
2517,730194,Do not introduce Digital ID cards,2025-12-08,Aberdeen South,4304
2518,730194,Do not introduce Digital ID cards,2025-12-08,Aberdeenshire North and Moray East,5155
2519,730194,Do not introduce Digital ID cards,2025-12-08,Airdrie and Shotts,3893
2520,730194,Do not introduce Digital ID cards,2025-12-08,Alloa and Grangemouth,4113
2521,730194,Do not introduce Digital ID cards,2025-12-08,Angus and Perthshire Glens,4275
2522,730194,Do not introduce Digital ID cards,2025-12-08,Arbroath and Broughty Ferry,4332
2523,730194,Do not introduce Digital ID cards,2025-12-08,"Argyll, Bute and South Lochaber",4401
2524,730194,Do not introduce Digital ID cards,2025-12-08,Bathgate and Linlithgow,3881
2525,730194,Do not introduce Digital ID cards,2025-12-08,"Caithness, Sutherland and Easter Ross",4843
2526,730194,Do not introduce Digital ID cards,2025-12-08,Coatbridge and Bellshill,3934
2527,730194,Do not introduce Digital ID cards,2025-12-08,Cowdenbeath and Kirkcaldy,4126
2528,730194,Do not introduce Digital ID cards,2025-12-08,Cumbernauld and Kirkintilloch,3716
2529,730194,Do not introduce Digital ID cards,2025-12-08,Dumfries and Galloway,4120
2530,730194,Do not introduce Digital ID cards,2025-12-08,"Dumfriesshire, Clydesdale and Tweeddale",3701
2531,730194,Do not introduce Digital ID cards,2025-12-08,Dundee Central,4399
2532,730194,Do not introduce Digital ID cards,2025-12-08,Dunfermline and Dollar,3950
2533,730194,Do not introduce Digital ID cards,2025-12-08,East Kilbride and Strathaven,4055
2534,730194,Do not introduce Digital ID cards,2025-12-08,Edinburgh East and Musselburgh,3955
2535,730194,Do not introduce Digital ID cards,2025-12-08,Edinburgh North and Leith,3979
2536,730194,Do not introduce Digital ID cards,2025-12-08,Edinburgh South,2861
2537,730194,Do not introduce Digital ID cards,2025-12-08,Edinburgh South West,3227
2538,730194,Do not introduce Digital ID cards,2025-12-08,Edinburgh West,3278
2539,730194,Do not introduce Digital ID cards,2025-12-08,Falkirk,4880
2540,730194,Do not introduce Digital ID cards,2025-12-08,Glasgow East,3892
2541,730194,Do not introduce Digital ID cards,2025-12-08,Glasgow North,3705
2542,730194,Do not introduce Digital ID cards,2025-12-08,Glasgow North East,4259
2543,730194,Do not introduce Digital ID cards,2025-12-08,Glasgow South,3483
2544,730194,Do not introduce Digital ID cards,2025-12-08,Glasgow South West,3642
2545,730194,Do not introduce Digital ID cards,2025-12-08,Glasgow West,3588
2546,730194,Do not introduce Digital ID cards,2025-12-08,Glenrothes and Mid Fife,4430
2547,730194,Do not introduce Digital ID cards,2025-12-08,Gordon and Buchan,4207
2548,730194,Do not introduce Digital ID cards,2025-12-08,Hamilton and Clyde Valley,4012
2549,730194,Do not introduce Digital ID cards,2025-12-08,Inverclyde and Renfrewshire West,3535
2550,730194,Do not introduce Digital ID cards,2025-12-08,"Inverness, Skye and West Ross-shire",5050
2551,730194,Do not introduce Digital ID cards,2025-12-08,Livingston,4213
2552,730194,Do not introduce Digital ID cards,2025-12-08,Lothian East,3592
2553,730194,Do not introduce Digital ID cards,2025-12-08,Mid Dunbartonshire,3011
2554,730194,Do not introduce Digital ID cards,2025-12-08,"Moray West, Nairn and Strathspey",4570
2555,730194,Do not introduce Digital ID cards,2025-12-08,"Motherwell, Wishaw and Carluke",3700
2556,730194,Do not introduce Digital ID cards,2025-12-08,North East Fife,3406
2557,730194,Do not introduce Digital ID cards,2025-12-08,Paisley and Renfrewshire North,3995
2558,730194,Do not introduce Digital ID cards,2025-12-08,Paisley and Renfrewshire South,3827
2559,730194,Do not introduce Digital ID cards,2025-12-08,Perth and Kinross-shire,4078
2560,730194,Do not introduce Digital ID cards,2025-12-08,Rutherglen,3664
2561,730194,Do not introduce Digital ID cards,2025-12-08,Stirling and Strathallan,3821
2562,730194,Do not introduce Digital ID cards,2025-12-08,West Dunbartonshire,4450
2563,730194,Do not introduce Digital ID cards,2025-12-08,"Ayr, Carrick and Cumnock",4142
2564,730194,Do not introduce Digital ID cards,2025-12-08,"Berwickshire, Roxburgh and Selkirk",4065
2565,730194,Do not introduce Digital ID cards,2025-12-08,Central Ayrshire,4009
2566,730194,Do not introduce Digital ID cards,2025-12-08,Kilmarnock and Loudoun,4371
2567,730194,Do not introduce Digital ID cards,2025-12-08,West Aberdeenshire and Kincardine,4317
2568,730194,Do not introduce Digital ID cards,2025-12-08,Aberafan Maesteg,4813
2569,730194,Do not introduce Digital ID cards,2025-12-08,Alyn and Deeside,6123
2570,730194,Do not introduce Digital ID cards,2025-12-08,Bangor Aberconwy,4636
2571,730194,Do not introduce Digital ID cards,2025-12-08,Blaenau Gwent and Rhymney,4877
2572,730194,Do not introduce Digital ID cards,2025-12-08,"Brecon, Radnor and Cwm Tawe",4565
2573,730194,Do not introduce Digital ID cards,2025-12-08,Bridgend,4686
2574,730194,Do not introduce Digital ID cards,2025-12-08,Caerfyrddin,5190
2575,730194,Do not introduce Digital ID cards,2025-12-08,Caerphilly,4996
2576,730194,Do not introduce Digital ID cards,2025-12-08,Cardiff East,3892
2577,730194,Do not introduce Digital ID cards,2025-12-08,Cardiff North,3574
2578,730194,Do not introduce Digital ID cards,2025-12-08,Cardiff South and Penarth,3587
2579,730194,Do not introduce Digital ID cards,2025-12-08,Cardiff West,3929
2580,730194,Do not introduce Digital ID cards,2025-12-08,Ceredigion Preseli,5471
2581,730194,Do not introduce Digital ID cards,2025-12-08,Clwyd East,5577
2582,730194,Do not introduce Digital ID cards,2025-12-08,Clwyd North,5466
2583,730194,Do not introduce Digital ID cards,2025-12-08,Dwyfor Meirionnydd,4317
2584,730194,Do not introduce Digital ID cards,2025-12-08,Gower,4973
2585,730194,Do not introduce Digital ID cards,2025-12-08,Llanelli,5252
2586,730194,Do not introduce Digital ID cards,2025-12-08,Merthyr Tydfil and Aberdare,4860
2587,730194,Do not introduce Digital ID cards,2025-12-08,Mid and South Pembrokeshire,5510
2588,730194,Do not introduce Digital ID cards,2025-12-08,Monmouthshire,4291
2589,730194,Do not introduce Digital ID cards,2025-12-08,Montgomeryshire and Glyndŵr,5476
2590,730194,Do not introduce Digital ID cards,2025-12-08,Neath and Swansea East,5246
2591,730194,Do not introduce Digital ID cards,2025-12-08,Newport East,5127
2592,730194,Do not introduce Digital ID cards,2025-12-08,Newport West and Islwyn,4809
2593,730194,Do not introduce Digital ID cards,2025-12-08,Pontypridd,4881
2594,730194,Do not introduce Digital ID cards,2025-12-08,Rhondda and Ogmore,5358
2595,730194,Do not introduce Digital ID cards,2025-12-08,Swansea West,4861
2596,730194,Do not introduce Digital ID cards,2025-12-08,Torfaen,4803
2597,730194,Do not introduce Digital ID cards,2025-12-08,Vale of Glamorgan,4813
2598,730194,Do not introduce Digital ID cards,2025-12-08,Wrexham,4895
2599,730194,Do not introduce Digital ID cards,2025-12-08,Ynys Môn,3467
2600,722903,Repeal the Online Safety Act,2025-12-15,Aldershot,1095
2601,722903,Repeal the Online Safety Act,2025-12-15,Aldridge-Brownhills,626
2602,722903,Repeal the Online Safety Act,2025-12-15,Altrincham and Sale West,736
2603,722903,Repeal the Online Safety Act,2025-12-15,Amber Valley,787
2604,722903,Repeal the Online Safety Act,2025-12-15,Arundel and South Downs,755
2605,722903,Repeal the Online Safety Act,2025-12-15,Ashfield,857
2606,722903,Repeal the Online Safety Act,2025-12-15,Ashford,946
2607,722903,Repeal the Online Safety Act,2025-12-15,Ashton-under-Lyne,833
2608,722903,Repeal the Online Safety Act,2025-12-15,Aylesbury,866
2609,722903,Repeal the Online Safety Act,2025-12-15,Banbury,805
2610,722903,Repeal the Online Safety Act,2025-12-15,Barking,666
2611,722903,Repeal the Online Safety Act,2025-12-15,Barnsley North,833
2612,722903,Repeal the Online Safety Act,2025-12-15,Barnsley South,854
2613,722903,Repeal the Online Safety Act,2025-12-15,Barrow and Furness,935
2614,722903,Repeal the Online Safety Act,2025-12-15,Basildon and Billericay,852
2615,722903,Repeal the Online Safety Act,2025-12-15,Basingstoke,1167
2616,722903,Repeal the Online Safety Act,2025-12-15,Bassetlaw,912
2617,722903,Repeal the Online Safety Act,2025-12-15,Bath,963
2618,722903,Repeal the Online Safety Act,2025-12-15,Battersea,649
2619,722903,Repeal the Online Safety Act,2025-12-15,Beaconsfield,624
2620,722903,Repeal the Online Safety Act,2025-12-15,Beckenham and Penge,859
2621,722903,Repeal the Online Safety Act,2025-12-15,Bedford,855
2622,722903,Repeal the Online Safety Act,2025-12-15,Bermondsey and Old Southwark,921
2623,722903,Repeal the Online Safety Act,2025-12-15,Bethnal Green and Stepney,900
2624,722903,Repeal the Online Safety Act,2025-12-15,Beverley and Holderness,721
2625,722903,Repeal the Online Safety Act,2025-12-15,Bexhill and Battle,786
2626,722903,Repeal the Online Safety Act,2025-12-15,Bexleyheath and Crayford,679
2627,722903,Repeal the Online Safety Act,2025-12-15,Bicester and Woodstock,905
2628,722903,Repeal the Online Safety Act,2025-12-15,Birkenhead,1037
2629,722903,Repeal the Online Safety Act,2025-12-15,Birmingham Edgbaston,727
2630,722903,Repeal the Online Safety Act,2025-12-15,Birmingham Erdington,843
2631,722903,Repeal the Online Safety Act,2025-12-15,Birmingham Hall Green and Moseley,523
2632,722903,Repeal the Online Safety Act,2025-12-15,Birmingham Hodge Hill and Solihull North,663
2633,722903,Repeal the Online Safety Act,2025-12-15,Birmingham Ladywood,862
2634,722903,Repeal the Online Safety Act,2025-12-15,Birmingham Northfield,936
2635,722903,Repeal the Online Safety Act,2025-12-15,Birmingham Perry Barr,472
2636,722903,Repeal the Online Safety Act,2025-12-15,Birmingham Selly Oak,818
2637,722903,Repeal the Online Safety Act,2025-12-15,Birmingham Yardley,630
2638,722903,Repeal the Online Safety Act,2025-12-15,Bishop Auckland,739
2639,722903,Repeal the Online Safety Act,2025-12-15,Blackburn,570
2640,722903,Repeal the Online Safety Act,2025-12-15,Blackley and Middleton South,740
2641,722903,Repeal the Online Safety Act,2025-12-15,Blackpool North and Fleetwood,836
2642,722903,Repeal the Online Safety Act,2025-12-15,Blackpool South,1052
2643,722903,Repeal the Online Safety Act,2025-12-15,Blaydon and Consett,806
2644,722903,Repeal the Online Safety Act,2025-12-15,Blyth and Ashington,915
2645,722903,Repeal the Online Safety Act,2025-12-15,Bognor Regis and Littlehampton,906
2646,722903,Repeal the Online Safety Act,2025-12-15,Bolsover,905
2647,722903,Repeal the Online Safety Act,2025-12-15,Bolton North East,822
2648,722903,Repeal the Online Safety Act,2025-12-15,Bolton South and Walkden,868
2649,722903,Repeal the Online Safety Act,2025-12-15,Bolton West,803
2650,722903,Repeal the Online Safety Act,2025-12-15,Bootle,868
2651,722903,Repeal the Online Safety Act,2025-12-15,Boston and Skegness,838
2652,722903,Repeal the Online Safety Act,2025-12-15,Bournemouth East,929
2653,722903,Repeal the Online Safety Act,2025-12-15,Bournemouth West,1010
2654,722903,Repeal the Online Safety Act,2025-12-15,Bracknell,933
2655,722903,Repeal the Online Safety Act,2025-12-15,Bradford East,601
2656,722903,Repeal the Online Safety Act,2025-12-15,Bradford South,657
2657,722903,Repeal the Online Safety Act,2025-12-15,Bradford West,464
2658,722903,Repeal the Online Safety Act,2025-12-15,Braintree,888
2659,722903,Repeal the Online Safety Act,2025-12-15,Brent East,628
2660,722903,Repeal the Online Safety Act,2025-12-15,Brent West,577
2661,722903,Repeal the Online Safety Act,2025-12-15,Brentford and Isleworth,704
2662,722903,Repeal the Online Safety Act,2025-12-15,Brentwood and Ongar,704
2663,722903,Repeal the Online Safety Act,2025-12-15,Bridgwater,861
2664,722903,Repeal the Online Safety Act,2025-12-15,Bridlington and The Wolds,759
2665,722903,Repeal the Online Safety Act,2025-12-15,Brigg and Immingham,770
2666,722903,Repeal the Online Safety Act,2025-12-15,Brighton Kemptown and Peacehaven,1002
2667,722903,Repeal the Online Safety Act,2025-12-15,Brighton Pavilion,1336
2668,722903,Repeal the Online Safety Act,2025-12-15,Bristol Central,973
2669,722903,Repeal the Online Safety Act,2025-12-15,Bristol East,1185
2670,722903,Repeal the Online Safety Act,2025-12-15,Bristol North East,939
2671,722903,Repeal the Online Safety Act,2025-12-15,Bristol North West,984
2672,722903,Repeal the Online Safety Act,2025-12-15,Bristol South,1111
2673,722903,Repeal the Online Safety Act,2025-12-15,Broadland and Fakenham,688
2674,722903,Repeal the Online Safety Act,2025-12-15,Bromley and Biggin Hill,800
2675,722903,Repeal the Online Safety Act,2025-12-15,Bromsgrove,715
2676,722903,Repeal the Online Safety Act,2025-12-15,Broxbourne,692
2677,722903,Repeal the Online Safety Act,2025-12-15,Broxtowe,949
2678,722903,Repeal the Online Safety Act,2025-12-15,Buckingham and Bletchley,922
2679,722903,Repeal the Online Safety Act,2025-12-15,Burnley,837
2680,722903,Repeal the Online Safety Act,2025-12-15,Burton and Uttoxeter,811
2681,722903,Repeal the Online Safety Act,2025-12-15,Bury North,840
2682,722903,Repeal the Online Safety Act,2025-12-15,Bury South,834
2683,722903,Repeal the Online Safety Act,2025-12-15,Bury St Edmunds and Stowmarket,904
2684,722903,Repeal the Online Safety Act,2025-12-15,Calder Valley,928
2685,722903,Repeal the Online Safety Act,2025-12-15,Camborne and Redruth,856
2686,722903,Repeal the Online Safety Act,2025-12-15,Cambridge,1394
2687,722903,Repeal the Online Safety Act,2025-12-15,Cannock Chase,889
2688,722903,Repeal the Online Safety Act,2025-12-15,Canterbury,950
2689,722903,Repeal the Online Safety Act,2025-12-15,Carlisle,921
2690,722903,Repeal the Online Safety Act,2025-12-15,Carshalton and Wallington,835
2691,722903,Repeal the Online Safety Act,2025-12-15,Castle Point,689
2692,722903,Repeal the Online Safety Act,2025-12-15,Central Devon,798
2693,722903,Repeal the Online Safety Act,2025-12-15,Central Suffolk and North Ipswich,706
2694,722903,Repeal the Online Safety Act,2025-12-15,Chatham and Aylesford,843
2695,722903,Repeal the Online Safety Act,2025-12-15,Cheadle,694
2696,722903,Repeal the Online Safety Act,2025-12-15,Chelmsford,928
2697,722903,Repeal the Online Safety Act,2025-12-15,Chelsea and Fulham,770
2698,722903,Repeal the Online Safety Act,2025-12-15,Cheltenham,968
2699,722903,Repeal the Online Safety Act,2025-12-15,Chesham and Amersham,756
2700,722903,Repeal the Online Safety Act,2025-12-15,Chester North and Neston,869
2701,722903,Repeal the Online Safety Act,2025-12-15,Chester South and Eddisbury,710
2702,722903,Repeal the Online Safety Act,2025-12-15,Chesterfield,892
2703,722903,Repeal the Online Safety Act,2025-12-15,Chichester,797
2704,722903,Repeal the Online Safety Act,2025-12-15,Chingford and Woodford Green,683
2705,722903,Repeal the Online Safety Act,2025-12-15,Chippenham,912
2706,722903,Repeal the Online Safety Act,2025-12-15,Chipping Barnet,753
2707,722903,Repeal the Online Safety Act,2025-12-15,Chorley,864
2708,722903,Repeal the Online Safety Act,2025-12-15,Christchurch,665
2709,722903,Repeal the Online Safety Act,2025-12-15,Cities of London and Westminster,2194
2710,722903,Repeal the Online Safety Act,2025-12-15,City of Durham,914
2711,722903,Repeal the Online Safety Act,2025-12-15,Clacton,811
2712,722903,Repeal the Online Safety Act,2025-12-15,Clapham and Brixton Hill,683
2713,722903,Repeal the Online Safety Act,2025-12-15,Colchester,1061
2714,722903,Repeal the Online Safety Act,2025-12-15,Colne Valley,805
2715,722903,Repeal the Online Safety Act,2025-12-15,Congleton,804
2716,722903,Repeal the Online Safety Act,2025-12-15,Corby and East Northamptonshire,972
2717,722903,Repeal the Online Safety Act,2025-12-15,Coventry East,674
2718,722903,Repeal the Online Safety Act,2025-12-15,Coventry North West,844
2719,722903,Repeal the Online Safety Act,2025-12-15,Coventry South,885
2720,722903,Repeal the Online Safety Act,2025-12-15,Cramlington and Killingworth,867
2721,722903,Repeal the Online Safety Act,2025-12-15,Crawley,940
2722,722903,Repeal the Online Safety Act,2025-12-15,Crewe and Nantwich,1019
2723,722903,Repeal the Online Safety Act,2025-12-15,Croydon East,715
2724,722903,Repeal the Online Safety Act,2025-12-15,Croydon South,714
2725,722903,Repeal the Online Safety Act,2025-12-15,Croydon West,686
2726,722903,Repeal the Online Safety Act,2025-12-15,Dagenham and Rainham,684
2727,722903,Repeal the Online Safety Act,2025-12-15,Darlington,907
2728,722903,Repeal the Online Safety Act,2025-12-15,Dartford,785
2729,722903,Repeal the Online Safety Act,2025-12-15,Daventry,883
2730,722903,Repeal the Online Safety Act,2025-12-15,Derby North,915
2731,722903,Repeal the Online Safety Act,2025-12-15,Derby South,826
2732,722903,Repeal the Online Safety Act,2025-12-15,Derbyshire Dales,659
2733,722903,Repeal the Online Safety Act,2025-12-15,Dewsbury and Batley,533
2734,722903,Repeal the Online Safety Act,2025-12-15,Didcot and Wantage,1023
2735,722903,Repeal the Online Safety Act,2025-12-15,Doncaster Central,941
2736,722903,Repeal the Online Safety Act,2025-12-15,Doncaster East and the Isle of Axholme,740
2737,722903,Repeal the Online Safety Act,2025-12-15,Doncaster North,826
2738,722903,Repeal the Online Safety Act,2025-12-15,Dorking and Horley,689
2739,722903,Repeal the Online Safety Act,2025-12-15,Dover and Deal,895
2740,722903,Repeal the Online Safety Act,2025-12-15,Droitwich and Evesham,808
2741,722903,Repeal the Online Safety Act,2025-12-15,Dudley,687
2742,722903,Repeal the Online Safety Act,2025-12-15,Dulwich and West Norwood,683
2743,722903,Repeal the Online Safety Act,2025-12-15,Dunstable and Leighton Buzzard,969
2744,722903,Repeal the Online Safety Act,2025-12-15,Ealing Central and Acton,976
2745,722903,Repeal the Online Safety Act,2025-12-15,Ealing North,675
2746,722903,Repeal the Online Safety Act,2025-12-15,Ealing Southall,594
2747,722903,Repeal the Online Safety Act,2025-12-15,Earley and Woodley,860
2748,722903,Repeal the Online Safety Act,2025-12-15,Easington,829
2749,722903,Repeal the Online Safety Act,2025-12-15,East Grinstead and Uckfield,778
2750,722903,Repeal the Online Safety Act,2025-12-15,East Ham,445
2751,722903,Repeal the Online Safety Act,2025-12-15,East Hampshire,840
2752,722903,Repeal the Online Safety Act,2025-12-15,East Surrey,767
2753,722903,Repeal the Online Safety Act,2025-12-15,East Thanet,979
2754,722903,Repeal the Online Safety Act,2025-12-15,East Wiltshire,809
2755,722903,Repeal the Online Safety Act,2025-12-15,East Worthing and Shoreham,889
2756,722903,Repeal the Online Safety Act,2025-12-15,Eastbourne,875
2757,722903,Repeal the Online Safety Act,2025-12-15,Eastleigh,956
2758,722903,Repeal the Online Safety Act,2025-12-15,Edmonton and Winchmore Hill,561
2759,722903,Repeal the Online Safety Act,2025-12-15,Ellesmere Port and Bromborough,808
2760,722903,Repeal the Online Safety Act,2025-12-15,Eltham and Chislehurst,762
2761,722903,Repeal the Online Safety Act,2025-12-15,Ely and East Cambridgeshire,1089
2762,722903,Repeal the Online Safety Act,2025-12-15,Enfield North,710
2763,722903,Repeal the Online Safety Act,2025-12-15,Epping Forest,719
2764,722903,Repeal the Online Safety Act,2025-12-15,Epsom and Ewell,816
2765,722903,Repeal the Online Safety Act,2025-12-15,Erewash,968
2766,722903,Repeal the Online Safety Act,2025-12-15,Erith and Thamesmead,824
2767,722903,Repeal the Online Safety Act,2025-12-15,Esher and Walton,771
2768,722903,Repeal the Online Safety Act,2025-12-15,Exeter,963
2769,722903,Repeal the Online Safety Act,2025-12-15,Exmouth and Exeter East,800
2770,722903,Repeal the Online Safety Act,2025-12-15,Fareham and Waterlooville,991
2771,722903,Repeal the Online Safety Act,2025-12-15,Farnham and Bordon,915
2772,722903,Repeal the Online Safety Act,2025-12-15,Faversham and Mid Kent,740
2773,722903,Repeal the Online Safety Act,2025-12-15,Feltham and Heston,607
2774,722903,Repeal the Online Safety Act,2025-12-15,Filton and Bradley Stoke,1074
2775,722903,Repeal the Online Safety Act,2025-12-15,Finchley and Golders Green,757
2776,722903,Repeal the Online Safety Act,2025-12-15,Folkestone and Hythe,820
2777,722903,Repeal the Online Safety Act,2025-12-15,Forest of Dean,733
2778,722903,Repeal the Online Safety Act,2025-12-15,Frome and East Somerset,751
2779,722903,Repeal the Online Safety Act,2025-12-15,Fylde,835
2780,722903,Repeal the Online Safety Act,2025-12-15,Gainsborough,927
2781,722903,Repeal the Online Safety Act,2025-12-15,Gateshead Central and Whickham,957
2782,722903,Repeal the Online Safety Act,2025-12-15,Gedling,964
2783,722903,Repeal the Online Safety Act,2025-12-15,Gillingham and Rainham,829
2784,722903,Repeal the Online Safety Act,2025-12-15,Glastonbury and Somerton,784
2785,722903,Repeal the Online Safety Act,2025-12-15,Gloucester,1071
2786,722903,Repeal the Online Safety Act,2025-12-15,Godalming and Ash,766
2787,722903,Repeal the Online Safety Act,2025-12-15,Goole and Pocklington,800
2788,722903,Repeal the Online Safety Act,2025-12-15,Gorton and Denton,818
2789,722903,Repeal the Online Safety Act,2025-12-15,Gosport,920
2790,722903,Repeal the Online Safety Act,2025-12-15,Grantham and Bourne,870
2791,722903,Repeal the Online Safety Act,2025-12-15,Gravesham,751
2792,722903,Repeal the Online Safety Act,2025-12-15,Great Grimsby and Cleethorpes,946
2793,722903,Repeal the Online Safety Act,2025-12-15,Great Yarmouth,858
2794,722903,Repeal the Online Safety Act,2025-12-15,Greenwich and Woolwich,965
2795,722903,Repeal the Online Safety Act,2025-12-15,Guildford,928
2796,722903,Repeal the Online Safety Act,2025-12-15,Hackney North and Stoke Newington,593
2797,722903,Repeal the Online Safety Act,2025-12-15,Hackney South and Shoreditch,741
2798,722903,Repeal the Online Safety Act,2025-12-15,Halesowen,702
2799,722903,Repeal the Online Safety Act,2025-12-15,Halifax,827
2800,722903,Repeal the Online Safety Act,2025-12-15,Hamble Valley,955
2801,722903,Repeal the Online Safety Act,2025-12-15,Hammersmith and Chiswick,787
2802,722903,Repeal the Online Safety Act,2025-12-15,Hampstead and Highgate,796
2803,722903,Repeal the Online Safety Act,2025-12-15,"Harborough, Oadby and Wigston",723
2804,722903,Repeal the Online Safety Act,2025-12-15,Harlow,847
2805,722903,Repeal the Online Safety Act,2025-12-15,Harpenden and Berkhamsted,727
2806,722903,Repeal the Online Safety Act,2025-12-15,Harrogate and Knaresborough,877
2807,722903,Repeal the Online Safety Act,2025-12-15,Harrow East,426
2808,722903,Repeal the Online Safety Act,2025-12-15,Harrow West,597
2809,722903,Repeal the Online Safety Act,2025-12-15,Hartlepool,864
2810,722903,Repeal the Online Safety Act,2025-12-15,Harwich and North Essex,811
2811,722903,Repeal the Online Safety Act,2025-12-15,Hastings and Rye,951
2812,722903,Repeal the Online Safety Act,2025-12-15,Havant,909
2813,722903,Repeal the Online Safety Act,2025-12-15,Hayes and Harlington,576
2814,722903,Repeal the Online Safety Act,2025-12-15,Hazel Grove,852
2815,722903,Repeal the Online Safety Act,2025-12-15,Hemel Hempstead,806
2816,722903,Repeal the Online Safety Act,2025-12-15,Hendon,708
2817,722903,Repeal the Online Safety Act,2025-12-15,Henley and Thame,702
2818,722903,Repeal the Online Safety Act,2025-12-15,Hereford and South Herefordshire,769
2819,722903,Repeal the Online Safety Act,2025-12-15,Herne Bay and Sandwich,820
2820,722903,Repeal the Online Safety Act,2025-12-15,Hertford and Stortford,856
2821,722903,Repeal the Online Safety Act,2025-12-15,Hertsmere,690
2822,722903,Repeal the Online Safety Act,2025-12-15,Hexham,729
2823,722903,Repeal the Online Safety Act,2025-12-15,Heywood and Middleton North,874
2824,722903,Repeal the Online Safety Act,2025-12-15,High Peak,870
2825,722903,Repeal the Online Safety Act,2025-12-15,Hinckley and Bosworth,880
2826,722903,Repeal the Online Safety Act,2025-12-15,Hitchin,836
2827,722903,Repeal the Online Safety Act,2025-12-15,Holborn and St Pancras,830
2828,722903,Repeal the Online Safety Act,2025-12-15,Honiton and Sidmouth,664
2829,722903,Repeal the Online Safety Act,2025-12-15,Hornchurch and Upminster,733
2830,722903,Repeal the Online Safety Act,2025-12-15,Hornsey and Friern Barnet,784
2831,722903,Repeal the Online Safety Act,2025-12-15,Horsham,882
2832,722903,Repeal the Online Safety Act,2025-12-15,Houghton and Sunderland South,870
2833,722903,Repeal the Online Safety Act,2025-12-15,Hove and Portslade,1050
2834,722903,Repeal the Online Safety Act,2025-12-15,Huddersfield,810
2835,722903,Repeal the Online Safety Act,2025-12-15,Huntingdon,1052
2836,722903,Repeal the Online Safety Act,2025-12-15,Hyndburn,713
2837,722903,Repeal the Online Safety Act,2025-12-15,Ilford North,504
2838,722903,Repeal the Online Safety Act,2025-12-15,Ilford South,497
2839,722903,Repeal the Online Safety Act,2025-12-15,Ipswich,970
2840,722903,Repeal the Online Safety Act,2025-12-15,Isle of Wight East,547
2841,722903,Repeal the Online Safety Act,2025-12-15,Isle of Wight West,562
2842,722903,Repeal the Online Safety Act,2025-12-15,Islington North,843
2843,722903,Repeal the Online Safety Act,2025-12-15,Islington South and Finsbury,907
2844,722903,Repeal the Online Safety Act,2025-12-15,Jarrow and Gateshead East,890
2845,722903,Repeal the Online Safety Act,2025-12-15,Keighley and Ilkley,691
2846,722903,Repeal the Online Safety Act,2025-12-15,Kenilworth and Southam,810
2847,722903,Repeal the Online Safety Act,2025-12-15,Kensington and Bayswater,803
2848,722903,Repeal the Online Safety Act,2025-12-15,Kettering,951
2849,722903,Repeal the Online Safety Act,2025-12-15,Kingston and Surbiton,853
2850,722903,Repeal the Online Safety Act,2025-12-15,Kingston upon Hull East,835
2851,722903,Repeal the Online Safety Act,2025-12-15,Kingston upon Hull North and Cottingham,1037
2852,722903,Repeal the Online Safety Act,2025-12-15,Kingston upon Hull West and Haltemprice,970
2853,722903,Repeal the Online Safety Act,2025-12-15,Kingswinford and South Staffordshire,591
2854,722903,Repeal the Online Safety Act,2025-12-15,Knowsley,651
2855,722903,Repeal the Online Safety Act,2025-12-15,Lancaster and Wyre,892
2856,722903,Repeal the Online Safety Act,2025-12-15,Leeds Central and Headingley,1009
2857,722903,Repeal the Online Safety Act,2025-12-15,Leeds East,803
2858,722903,Repeal the Online Safety Act,2025-12-15,Leeds North East,686
2859,722903,Repeal the Online Safety Act,2025-12-15,Leeds North West,730
2860,722903,Repeal the Online Safety Act,2025-12-15,Leeds South,1075
2861,722903,Repeal the Online Safety Act,2025-12-15,Leeds South West and Morley,954
2862,722903,Repeal the Online Safety Act,2025-12-15,Leeds West and Pudsey,887
2863,722903,Repeal the Online Safety Act,2025-12-15,Leicester East,354
2864,722903,Repeal the Online Safety Act,2025-12-15,Leicester South,676
2865,722903,Repeal the Online Safety Act,2025-12-15,Leicester West,911
2866,722903,Repeal the Online Safety Act,2025-12-15,Leigh and Atherton,973
2867,722903,Repeal the Online Safety Act,2025-12-15,Lewes,837
2868,722903,Repeal the Online Safety Act,2025-12-15,Lewisham East,748
2869,722903,Repeal the Online Safety Act,2025-12-15,Lewisham North,949
2870,722903,Repeal the Online Safety Act,2025-12-15,Lewisham West and East Dulwich,686
2871,722903,Repeal the Online Safety Act,2025-12-15,Leyton and Wanstead,726
2872,722903,Repeal the Online Safety Act,2025-12-15,Lichfield,760
2873,722903,Repeal the Online Safety Act,2025-12-15,Lincoln,1275
2874,722903,Repeal the Online Safety Act,2025-12-15,Liverpool Garston,771
2875,722903,Repeal the Online Safety Act,2025-12-15,Liverpool Riverside,1098
2876,722903,Repeal the Online Safety Act,2025-12-15,Liverpool Walton,778
2877,722903,Repeal the Online Safety Act,2025-12-15,Liverpool Wavertree,754
2878,722903,Repeal the Online Safety Act,2025-12-15,Liverpool West Derby,703
2879,722903,Repeal the Online Safety Act,2025-12-15,Loughborough,812
2880,722903,Repeal the Online Safety Act,2025-12-15,Louth and Horncastle,832
2881,722903,Repeal the Online Safety Act,2025-12-15,Lowestoft,833
2882,722903,Repeal the Online Safety Act,2025-12-15,Luton North,554
2883,722903,Repeal the Online Safety Act,2025-12-15,Luton South and South Bedfordshire,676
2884,722903,Repeal the Online Safety Act,2025-12-15,Macclesfield,805
2885,722903,Repeal the Online Safety Act,2025-12-15,Maidenhead,795
2886,722903,Repeal the Online Safety Act,2025-12-15,Maidstone and Malling,912
2887,722903,Repeal the Online Safety Act,2025-12-15,Makerfield,832
2888,722903,Repeal the Online Safety Act,2025-12-15,Maldon,774
2889,722903,Repeal the Online Safety Act,2025-12-15,Manchester Central,1521
2890,722903,Repeal the Online Safety Act,2025-12-15,Manchester Rusholme,800
2891,722903,Repeal the Online Safety Act,2025-12-15,Manchester Withington,801
2892,722903,Repeal the Online Safety Act,2025-12-15,Mansfield,884
2893,722903,Repeal the Online Safety Act,2025-12-15,Melksham and Devizes,738
2894,722903,Repeal the Online Safety Act,2025-12-15,Melton and Syston,712
2895,722903,Repeal the Online Safety Act,2025-12-15,Meriden and Solihull East,747
2896,722903,Repeal the Online Safety Act,2025-12-15,Mid Bedfordshire,771
2897,722903,Repeal the Online Safety Act,2025-12-15,Mid Buckinghamshire,757
2898,722903,Repeal the Online Safety Act,2025-12-15,Mid Cheshire,876
2899,722903,Repeal the Online Safety Act,2025-12-15,Mid Derbyshire,707
2900,722903,Repeal the Online Safety Act,2025-12-15,Mid Dorset and North Poole,783
2901,722903,Repeal the Online Safety Act,2025-12-15,Mid Leicestershire,694
2902,722903,Repeal the Online Safety Act,2025-12-15,Mid Norfolk,803
2903,722903,Repeal the Online Safety Act,2025-12-15,Mid Sussex,914
2904,722903,Repeal the Online Safety Act,2025-12-15,Middlesbrough and Thornaby East,833
2905,722903,Repeal the Online Safety Act,2025-12-15,Middlesbrough South and East Cleveland,736
2906,722903,Repeal the Online Safety Act,2025-12-15,Milton Keynes Central,1175
2907,722903,Repeal the Online Safety Act,2025-12-15,Milton Keynes North,911
2908,722903,Repeal the Online Safety Act,2025-12-15,Mitcham and Morden,737
2909,722903,Repeal the Online Safety Act,2025-12-15,Morecambe and Lunesdale,801
2910,722903,Repeal the Online Safety Act,2025-12-15,New Forest East,783
2911,722903,Repeal the Online Safety Act,2025-12-15,New Forest West,618
2912,722903,Repeal the Online Safety Act,2025-12-15,Newark,908
2913,722903,Repeal the Online Safety Act,2025-12-15,Newbury,896
2914,722903,Repeal the Online Safety Act,2025-12-15,Newcastle upon Tyne Central and West,965
2915,722903,Repeal the Online Safety Act,2025-12-15,Newcastle upon Tyne East and Wallsend,1158
2916,722903,Repeal the Online Safety Act,2025-12-15,Newcastle upon Tyne North,959
2917,722903,Repeal the Online Safety Act,2025-12-15,Newcastle-under-Lyme,859
2918,722903,Repeal the Online Safety Act,2025-12-15,Newton Abbot,767
2919,722903,Repeal the Online Safety Act,2025-12-15,Newton Aycliffe and Spennymoor,859
2920,722903,Repeal the Online Safety Act,2025-12-15,Normanton and Hemsworth,877
2921,722903,Repeal the Online Safety Act,2025-12-15,North Bedfordshire,918
2922,722903,Repeal the Online Safety Act,2025-12-15,North Cornwall,823
2923,722903,Repeal the Online Safety Act,2025-12-15,North Cotswolds,786
2924,722903,Repeal the Online Safety Act,2025-12-15,North Devon,797
2925,722903,Repeal the Online Safety Act,2025-12-15,North Dorset,766
2926,722903,Repeal the Online Safety Act,2025-12-15,North Durham,803
2927,722903,Repeal the Online Safety Act,2025-12-15,North East Cambridgeshire,844
2928,722903,Repeal the Online Safety Act,2025-12-15,North East Derbyshire,755
2929,722903,Repeal the Online Safety Act,2025-12-15,North East Hampshire,905
2930,722903,Repeal the Online Safety Act,2025-12-15,North East Hertfordshire,933
2931,722903,Repeal the Online Safety Act,2025-12-15,North East Somerset and Hanham,774
2932,722903,Repeal the Online Safety Act,2025-12-15,North Herefordshire,725
2933,722903,Repeal the Online Safety Act,2025-12-15,North Norfolk,631
2934,722903,Repeal the Online Safety Act,2025-12-15,North Northumberland,789
2935,722903,Repeal the Online Safety Act,2025-12-15,North Shropshire,861
2936,722903,Repeal the Online Safety Act,2025-12-15,North Somerset,727
2937,722903,Repeal the Online Safety Act,2025-12-15,North Warwickshire and Bedworth,798
2938,722903,Repeal the Online Safety Act,2025-12-15,North West Cambridgeshire,1002
2939,722903,Repeal the Online Safety Act,2025-12-15,North West Essex,793
2940,722903,Repeal the Online Safety Act,2025-12-15,North West Hampshire,1028
2941,722903,Repeal the Online Safety Act,2025-12-15,North West Leicestershire,873
2942,722903,Repeal the Online Safety Act,2025-12-15,North West Norfolk,770
2943,722903,Repeal the Online Safety Act,2025-12-15,Northampton North,997
2944,722903,Repeal the Online Safety Act,2025-12-15,Northampton South,876
2945,722903,Repeal the Online Safety Act,2025-12-15,Norwich North,1033
2946,722903,Repeal the Online Safety Act,2025-12-15,Norwich South,1353
2947,722903,Repeal the Online Safety Act,2025-12-15,Nottingham East,1044
2948,722903,Repeal the Online Safety Act,2025-12-15,Nottingham North and Kimberley,802
2949,722903,Repeal the Online Safety Act,2025-12-15,Nottingham South,792
2950,722903,Repeal the Online Safety Act,2025-12-15,Nuneaton,866
2951,722903,Repeal the Online Safety Act,2025-12-15,Old Bexley and Sidcup,730
2952,722903,Repeal the Online Safety Act,2025-12-15,Oldham East and Saddleworth,729
2953,722903,Repeal the Online Safety Act,2025-12-15,"Oldham West, Chadderton and Royton",680
2954,722903,Repeal the Online Safety Act,2025-12-15,Orpington,707
2955,722903,Repeal the Online Safety Act,2025-12-15,Ossett and Denby Dale,808
2956,722903,Repeal the Online Safety Act,2025-12-15,Oxford East,979
2957,722903,Repeal the Online Safety Act,2025-12-15,Oxford West and Abingdon,874
2958,722903,Repeal the Online Safety Act,2025-12-15,Peckham,612
2959,722903,Repeal the Online Safety Act,2025-12-15,Pendle and Clitheroe,697
2960,722903,Repeal the Online Safety Act,2025-12-15,Penistone and Stocksbridge,702
2961,722903,Repeal the Online Safety Act,2025-12-15,Penrith and Solway,727
2962,722903,Repeal the Online Safety Act,2025-12-15,Peterborough,902
2963,722903,Repeal the Online Safety Act,2025-12-15,Plymouth Moor View,888
2964,722903,Repeal the Online Safety Act,2025-12-15,Plymouth Sutton and Devonport,1418
2965,722903,Repeal the Online Safety Act,2025-12-15,"Pontefract, Castleford and Knottingley",902
2966,722903,Repeal the Online Safety Act,2025-12-15,Poole,849
2967,722903,Repeal the Online Safety Act,2025-12-15,Poplar and Limehouse,1211
2968,722903,Repeal the Online Safety Act,2025-12-15,Portsmouth North,917
2969,722903,Repeal the Online Safety Act,2025-12-15,Portsmouth South,1141
2970,722903,Repeal the Online Safety Act,2025-12-15,Preston,987
2971,722903,Repeal the Online Safety Act,2025-12-15,Putney,766
2972,722903,Repeal the Online Safety Act,2025-12-15,Queen's Park and Maida Vale,589
2973,722903,Repeal the Online Safety Act,2025-12-15,Rawmarsh and Conisbrough,730
2974,722903,Repeal the Online Safety Act,2025-12-15,Rayleigh and Wickford,814
2975,722903,Repeal the Online Safety Act,2025-12-15,Reading Central,1228
2976,722903,Repeal the Online Safety Act,2025-12-15,Reading West and Mid Berkshire,753
2977,722903,Repeal the Online Safety Act,2025-12-15,Redcar,805
2978,722903,Repeal the Online Safety Act,2025-12-15,Redditch,835
2979,722903,Repeal the Online Safety Act,2025-12-15,Reigate,779
2980,722903,Repeal the Online Safety Act,2025-12-15,Ribble Valley,760
2981,722903,Repeal the Online Safety Act,2025-12-15,Richmond and Northallerton,704
2982,722903,Repeal the Online Safety Act,2025-12-15,Richmond Park,799
2983,722903,Repeal the Online Safety Act,2025-12-15,Rochdale,703
2984,722903,Repeal the Online Safety Act,2025-12-15,Rochester and Strood,893
2985,722903,Repeal the Online Safety Act,2025-12-15,Romford,758
2986,722903,Repeal the Online Safety Act,2025-12-15,Romsey and Southampton North,769
2987,722903,Repeal the Online Safety Act,2025-12-15,Rossendale and Darwen,943
2988,722903,Repeal the Online Safety Act,2025-12-15,Rother Valley,717
2989,722903,Repeal the Online Safety Act,2025-12-15,Rotherham,761
2990,722903,Repeal the Online Safety Act,2025-12-15,Rugby,928
2991,722903,Repeal the Online Safety Act,2025-12-15,"Ruislip, Northwood and Pinner",541
2992,722903,Repeal the Online Safety Act,2025-12-15,Runcorn and Helsby,865
2993,722903,Repeal the Online Safety Act,2025-12-15,Runnymede and Weybridge,783
2994,722903,Repeal the Online Safety Act,2025-12-15,Rushcliffe,814
2995,722903,Repeal the Online Safety Act,2025-12-15,Rutland and Stamford,662
2996,722903,Repeal the Online Safety Act,2025-12-15,Salford,1458
2997,722903,Repeal the Online Safety Act,2025-12-15,Salisbury,774
2998,722903,Repeal the Online Safety Act,2025-12-15,Scarborough and Whitby,858
2999,722903,Repeal the Online Safety Act,2025-12-15,Scunthorpe,861
3000,722903,Repeal the Online Safety Act,2025-12-15,Sefton Central,618
3001,722903,Repeal the Online Safety Act,2025-12-15,Selby,875
3002,722903,Repeal the Online Safety Act,2025-12-15,Sevenoaks,704
3003,722903,Repeal the Online Safety Act,2025-12-15,Sheffield Brightside and Hillsborough,828
3004,722903,Repeal the Online Safety Act,2025-12-15,Sheffield Central,1042
3005,722903,Repeal the Online Safety Act,2025-12-15,Sheffield Hallam,769
3006,722903,Repeal the Online Safety Act,2025-12-15,Sheffield Heeley,979
3007,722903,Repeal the Online Safety Act,2025-12-15,Sheffield South East,799
3008,722903,Repeal the Online Safety Act,2025-12-15,Sherwood Forest,896
3009,722903,Repeal the Online Safety Act,2025-12-15,Shipley,818
3010,722903,Repeal the Online Safety Act,2025-12-15,Shrewsbury,799
3011,722903,Repeal the Online Safety Act,2025-12-15,Sittingbourne and Sheppey,856
3012,722903,Repeal the Online Safety Act,2025-12-15,Skipton and Ripon,807
3013,722903,Repeal the Online Safety Act,2025-12-15,Sleaford and North Hykeham,886
3014,722903,Repeal the Online Safety Act,2025-12-15,Slough,602
3015,722903,Repeal the Online Safety Act,2025-12-15,Smethwick,650
3016,722903,Repeal the Online Safety Act,2025-12-15,Solihull West and Shirley,628
3017,722903,Repeal the Online Safety Act,2025-12-15,South Basildon and East Thurrock,804
3018,722903,Repeal the Online Safety Act,2025-12-15,South Cambridgeshire,989
3019,722903,Repeal the Online Safety Act,2025-12-15,South Cotswolds,678
3020,722903,Repeal the Online Safety Act,2025-12-15,South Derbyshire,761
3021,722903,Repeal the Online Safety Act,2025-12-15,South Devon,737
3022,722903,Repeal the Online Safety Act,2025-12-15,South Dorset,844
3023,722903,Repeal the Online Safety Act,2025-12-15,South East Cornwall,762
3024,722903,Repeal the Online Safety Act,2025-12-15,South Holland and The Deepings,931
3025,722903,Repeal the Online Safety Act,2025-12-15,South Leicestershire,740
3026,722903,Repeal the Online Safety Act,2025-12-15,South Norfolk,788
3027,722903,Repeal the Online Safety Act,2025-12-15,South Northamptonshire,867
3028,722903,Repeal the Online Safety Act,2025-12-15,South Ribble,845
3029,722903,Repeal the Online Safety Act,2025-12-15,South Shields,808
3030,722903,Repeal the Online Safety Act,2025-12-15,South Shropshire,739
3031,722903,Repeal the Online Safety Act,2025-12-15,South Suffolk,742
3032,722903,Repeal the Online Safety Act,2025-12-15,South West Devon,839
3033,722903,Repeal the Online Safety Act,2025-12-15,South West Hertfordshire,735
3034,722903,Repeal the Online Safety Act,2025-12-15,South West Norfolk,921
3035,722903,Repeal the Online Safety Act,2025-12-15,South West Wiltshire,955
3036,722903,Repeal the Online Safety Act,2025-12-15,Southampton Itchen,1114
3037,722903,Repeal the Online Safety Act,2025-12-15,Southampton Test,1125
3038,722903,Repeal the Online Safety Act,2025-12-15,Southend East and Rochford,909
3039,722903,Repeal the Online Safety Act,2025-12-15,Southend West and Leigh,877
3040,722903,Repeal the Online Safety Act,2025-12-15,Southgate and Wood Green,779
3041,722903,Repeal the Online Safety Act,2025-12-15,Southport,894
3042,722903,Repeal the Online Safety Act,2025-12-15,Spelthorne,711
3043,722903,Repeal the Online Safety Act,2025-12-15,Spen Valley,731
3044,722903,Repeal the Online Safety Act,2025-12-15,St Albans,836
3045,722903,Repeal the Online Safety Act,2025-12-15,St Austell and Newquay,903
3046,722903,Repeal the Online Safety Act,2025-12-15,St Helens North,877
3047,722903,Repeal the Online Safety Act,2025-12-15,St Helens South and Whiston,863
3048,722903,Repeal the Online Safety Act,2025-12-15,St Ives,763
3049,722903,Repeal the Online Safety Act,2025-12-15,St Neots and Mid Cambridgeshire,1099
3050,722903,Repeal the Online Safety Act,2025-12-15,Stafford,861
3051,722903,Repeal the Online Safety Act,2025-12-15,Staffordshire Moorlands,674
3052,722903,Repeal the Online Safety Act,2025-12-15,Stalybridge and Hyde,918
3053,722903,Repeal the Online Safety Act,2025-12-15,Stevenage,883
3054,722903,Repeal the Online Safety Act,2025-12-15,Stockport,1072
3055,722903,Repeal the Online Safety Act,2025-12-15,Stockton North,835
3056,722903,Repeal the Online Safety Act,2025-12-15,Stockton West,798
3057,722903,Repeal the Online Safety Act,2025-12-15,Stoke-on-Trent Central,1016
3058,722903,Repeal the Online Safety Act,2025-12-15,Stoke-on-Trent North,775
3059,722903,Repeal the Online Safety Act,2025-12-15,Stoke-on-Trent South,684
3060,722903,Repeal the Online Safety Act,2025-12-15,"Stone, Great Wyrley and Penkridge",706
3061,722903,Repeal the Online Safety Act,2025-12-15,Stourbridge,744
3062,722903,Repeal the Online Safety Act,2025-12-15,Stratford and Bow,876
3063,722903,Repeal the Online Safety Act,2025-12-15,Stratford-on-Avon,751
3064,722903,Repeal the Online Safety Act,2025-12-15,Streatham and Croydon North,649
3065,722903,Repeal the Online Safety Act,2025-12-15,Stretford and Urmston,936
3066,722903,Repeal the Online Safety Act,2025-12-15,Stroud,940
3067,722903,Repeal the Online Safety Act,2025-12-15,Suffolk Coastal,730
3068,722903,Repeal the Online Safety Act,2025-12-15,Sunderland Central,859
3069,722903,Repeal the Online Safety Act,2025-12-15,Surrey Heath,849
3070,722903,Repeal the Online Safety Act,2025-12-15,Sussex Weald,795
3071,722903,Repeal the Online Safety Act,2025-12-15,Sutton and Cheam,707
3072,722903,Repeal the Online Safety Act,2025-12-15,Sutton Coldfield,667
3073,722903,Repeal the Online Safety Act,2025-12-15,Swindon North,938
3074,722903,Repeal the Online Safety Act,2025-12-15,Swindon South,1010
3075,722903,Repeal the Online Safety Act,2025-12-15,Tamworth,863
3076,722903,Repeal the Online Safety Act,2025-12-15,Tatton,709
3077,722903,Repeal the Online Safety Act,2025-12-15,Taunton and Wellington,860
3078,722903,Repeal the Online Safety Act,2025-12-15,Telford,975
3079,722903,Repeal the Online Safety Act,2025-12-15,Tewkesbury,815
3080,722903,Repeal the Online Safety Act,2025-12-15,The Wrekin,831
3081,722903,Repeal the Online Safety Act,2025-12-15,Thirsk and Malton,752
3082,722903,Repeal the Online Safety Act,2025-12-15,Thornbury and Yate,895
3083,722903,Repeal the Online Safety Act,2025-12-15,Thurrock,785
3084,722903,Repeal the Online Safety Act,2025-12-15,Tipton and Wednesbury,662
3085,722903,Repeal the Online Safety Act,2025-12-15,Tiverton and Minehead,683
3086,722903,Repeal the Online Safety Act,2025-12-15,Tonbridge,752
3087,722903,Repeal the Online Safety Act,2025-12-15,Tooting,648
3088,722903,Repeal the Online Safety Act,2025-12-15,Torbay,938
3089,722903,Repeal the Online Safety Act,2025-12-15,Torridge and Tavistock,777
3090,722903,Repeal the Online Safety Act,2025-12-15,Tottenham,789
3091,722903,Repeal the Online Safety Act,2025-12-15,Truro and Falmouth,925
3092,722903,Repeal the Online Safety Act,2025-12-15,Tunbridge Wells,949
3093,722903,Repeal the Online Safety Act,2025-12-15,Twickenham,795
3094,722903,Repeal the Online Safety Act,2025-12-15,Tynemouth,891
3095,722903,Repeal the Online Safety Act,2025-12-15,Uxbridge and South Ruislip,766
3096,722903,Repeal the Online Safety Act,2025-12-15,Vauxhall and Camberwell Green,729
3097,722903,Repeal the Online Safety Act,2025-12-15,Wakefield and Rothwell,943
3098,722903,Repeal the Online Safety Act,2025-12-15,Wallasey,966
3099,722903,Repeal the Online Safety Act,2025-12-15,Walsall and Bloxwich,670
3100,722903,Repeal the Online Safety Act,2025-12-15,Walthamstow,756
3101,722903,Repeal the Online Safety Act,2025-12-15,Warrington North,857
3102,722903,Repeal the Online Safety Act,2025-12-15,Warrington South,869
3103,722903,Repeal the Online Safety Act,2025-12-15,Warwick and Leamington,1025
3104,722903,Repeal the Online Safety Act,2025-12-15,Washington and Gateshead South,840
3105,722903,Repeal the Online Safety Act,2025-12-15,Watford,782
3106,722903,Repeal the Online Safety Act,2025-12-15,Waveney Valley,663
3107,722903,Repeal the Online Safety Act,2025-12-15,Weald of Kent,696
3108,722903,Repeal the Online Safety Act,2025-12-15,Wellingborough and Rushden,986
3109,722903,Repeal the Online Safety Act,2025-12-15,Wells and Mendip Hills,671
3110,722903,Repeal the Online Safety Act,2025-12-15,Welwyn Hatfield,916
3111,722903,Repeal the Online Safety Act,2025-12-15,West Bromwich,582
3112,722903,Repeal the Online Safety Act,2025-12-15,West Dorset,678
3113,722903,Repeal the Online Safety Act,2025-12-15,West Ham and Beckton,826
3114,722903,Repeal the Online Safety Act,2025-12-15,West Lancashire,814
3115,722903,Repeal the Online Safety Act,2025-12-15,West Suffolk,898
3116,722903,Repeal the Online Safety Act,2025-12-15,West Worcestershire,809
3117,722903,Repeal the Online Safety Act,2025-12-15,Westmorland and Lonsdale,644
3118,722903,Repeal the Online Safety Act,2025-12-15,Weston-super-Mare,994
3119,722903,Repeal the Online Safety Act,2025-12-15,Wetherby and Easingwold,607
3120,722903,Repeal the Online Safety Act,2025-12-15,Whitehaven and Workington,900
3121,722903,Repeal the Online Safety Act,2025-12-15,Widnes and Halewood,734
3122,722903,Repeal the Online Safety Act,2025-12-15,Wigan,889
3123,722903,Repeal the Online Safety Act,2025-12-15,Wimbledon,788
3124,722903,Repeal the Online Safety Act,2025-12-15,Winchester,816
3125,722903,Repeal the Online Safety Act,2025-12-15,Windsor,712
3126,722903,Repeal the Online Safety Act,2025-12-15,Wirral West,668
3127,722903,Repeal the Online Safety Act,2025-12-15,Witham,867
3128,722903,Repeal the Online Safety Act,2025-12-15,Witney,877
3129,722903,Repeal the Online Safety Act,2025-12-15,Woking,933
3130,722903,Repeal the Online Safety Act,2025-12-15,Wokingham,842
3131,722903,Repeal the Online Safety Act,2025-12-15,Wolverhampton North East,690
3132,722903,Repeal the Online Safety Act,2025-12-15,Wolverhampton South East,664
3133,722903,Repeal the Online Safety Act,2025-12-15,Wolverhampton West,671
3134,722903,Repeal the Online Safety Act,2025-12-15,Worcester,935
3135,722903,Repeal the Online Safety Act,2025-12-15,Worsley and Eccles,939
3136,722903,Repeal the Online Safety Act,2025-12-15,Worthing West,866
3137,722903,Repeal the Online Safety Act,2025-12-15,Wycombe,753
3138,722903,Repeal the Online Safety Act,2025-12-15,Wyre Forest,873
3139,722903,Repeal the Online Safety Act,2025-12-15,Wythenshawe and Sale East,894
3140,722903,Repeal the Online Safety Act,2025-12-15,Yeovil,960
3141,722903,Repeal the Online Safety Act,2025-12-15,York Central,1335
3142,722903,Repeal the Online Safety Act,2025-12-15,York Outer,784
3143,722903,Repeal the Online Safety Act,2025-12-15,Belfast East,968
3144,722903,Repeal the Online Safety Act,2025-12-15,Belfast North,843
3145,722903,Repeal the Online Safety Act,2025-12-15,Belfast South and Mid Down,867
3146,722903,Repeal the Online Safety Act,2025-12-15,Belfast West,607
3147,722903,Repeal the Online Safety Act,2025-12-15,East Antrim,783
3148,722903,Repeal the Online Safety Act,2025-12-15,East Londonderry,505
3149,722903,Repeal the Online Safety Act,2025-12-15,Fermanagh and South Tyrone,448
3150,722903,Repeal the Online Safety Act,2025-12-15,Foyle,503
3151,722903,Repeal the Online Safety Act,2025-12-15,Lagan Valley,727
3152,722903,Repeal the Online Safety Act,2025-12-15,Mid Ulster,413
3153,722903,Repeal the Online Safety Act,2025-12-15,Newry and Armagh,479
3154,722903,Repeal the Online Safety Act,2025-12-15,North Antrim,563
3155,722903,Repeal the Online Safety Act,2025-12-15,North Down,753
3156,722903,Repeal the Online Safety Act,2025-12-15,South Antrim,737
3157,722903,Repeal the Online Safety Act,2025-12-15,South Down,502
3158,722903,Repeal the Online Safety Act,2025-12-15,Strangford,617
3159,722903,Repeal the Online Safety Act,2025-12-15,Upper Bann,735
3160,722903,Repeal the Online Safety Act,2025-12-15,West Tyrone,395
3161,722903,Repeal the Online Safety Act,2025-12-15,East Renfrewshire,699
3162,722903,Repeal the Online Safety Act,2025-12-15,Na h-Eileanan an Iar,187
3163,722903,Repeal the Online Safety Act,2025-12-15,Midlothian,857
3164,722903,Repeal the Online Safety Act,2025-12-15,North Ayrshire and Arran,806
3165,722903,Repeal the Online Safety Act,2025-12-15,Orkney and Shetland,380
3166,722903,Repeal the Online Safety Act,2025-12-15,Aberdeen North,1015
3167,722903,Repeal the Online Safety Act,2025-12-15,Aberdeen South,1178
3168,722903,Repeal the Online Safety Act,2025-12-15,Aberdeenshire North and Moray East,754
3169,722903,Repeal the Online Safety Act,2025-12-15,Airdrie and Shotts,763
3170,722903,Repeal the Online Safety Act,2025-12-15,Alloa and Grangemouth,778
3171,722903,Repeal the Online Safety Act,2025-12-15,Angus and Perthshire Glens,797
3172,722903,Repeal the Online Safety Act,2025-12-15,Arbroath and Broughty Ferry,843
3173,722903,Repeal the Online Safety Act,2025-12-15,"Argyll, Bute and South Lochaber",750
3174,722903,Repeal the Online Safety Act,2025-12-15,Bathgate and Linlithgow,861
3175,722903,Repeal the Online Safety Act,2025-12-15,"Caithness, Sutherland and Easter Ross",828
3176,722903,Repeal the Online Safety Act,2025-12-15,Coatbridge and Bellshill,730
3177,722903,Repeal the Online Safety Act,2025-12-15,Cowdenbeath and Kirkcaldy,845
3178,722903,Repeal the Online Safety Act,2025-12-15,Cumbernauld and Kirkintilloch,822
3179,722903,Repeal the Online Safety Act,2025-12-15,Dumfries and Galloway,753
3180,722903,Repeal the Online Safety Act,2025-12-15,"Dumfriesshire, Clydesdale and Tweeddale",640
3181,722903,Repeal the Online Safety Act,2025-12-15,Dundee Central,1495
3182,722903,Repeal the Online Safety Act,2025-12-15,Dunfermline and Dollar,881
3183,722903,Repeal the Online Safety Act,2025-12-15,East Kilbride and Strathaven,877
3184,722903,Repeal the Online Safety Act,2025-12-15,Edinburgh East and Musselburgh,1268
3185,722903,Repeal the Online Safety Act,2025-12-15,Edinburgh North and Leith,1455
3186,722903,Repeal the Online Safety Act,2025-12-15,Edinburgh South,1012
3187,722903,Repeal the Online Safety Act,2025-12-15,Edinburgh South West,1161
3188,722903,Repeal the Online Safety Act,2025-12-15,Edinburgh West,907
3189,722903,Repeal the Online Safety Act,2025-12-15,Falkirk,932
3190,722903,Repeal the Online Safety Act,2025-12-15,Glasgow East,1012
3191,722903,Repeal the Online Safety Act,2025-12-15,Glasgow North,1088
3192,722903,Repeal the Online Safety Act,2025-12-15,Glasgow North East,906
3193,722903,Repeal the Online Safety Act,2025-12-15,Glasgow South,897
3194,722903,Repeal the Online Safety Act,2025-12-15,Glasgow South West,814
3195,722903,Repeal the Online Safety Act,2025-12-15,Glasgow West,1009
3196,722903,Repeal the Online Safety Act,2025-12-15,Glenrothes and Mid Fife,803
3197,722903,Repeal the Online Safety Act,2025-12-15,Gordon and Buchan,684
3198,722903,Repeal the Online Safety Act,2025-12-15,Hamilton and Clyde Valley,782
3199,722903,Repeal the Online Safety Act,2025-12-15,Inverclyde and Renfrewshire West,716
3200,722903,Repeal the Online Safety Act,2025-12-15,"Inverness, Skye and West Ross-shire",965
3201,722903,Repeal the Online Safety Act,2025-12-15,Livingston,1005
3202,722903,Repeal the Online Safety Act,2025-12-15,Lothian East,763
3203,722903,Repeal the Online Safety Act,2025-12-15,Mid Dunbartonshire,708
3204,722903,Repeal the Online Safety Act,2025-12-15,"Moray West, Nairn and Strathspey",911
3205,722903,Repeal the Online Safety Act,2025-12-15,"Motherwell, Wishaw and Carluke",729
3206,722903,Repeal the Online Safety Act,2025-12-15,North East Fife,715
3207,722903,Repeal the Online Safety Act,2025-12-15,Paisley and Renfrewshire North,909
3208,722903,Repeal the Online Safety Act,2025-12-15,Paisley and Renfrewshire South,884
3209,722903,Repeal the Online Safety Act,2025-12-15,Perth and Kinross-shire,789
3210,722903,Repeal the Online Safety Act,2025-12-15,Rutherglen,747
3211,722903,Repeal the Online Safety Act,2025-12-15,Stirling and Strathallan,887
3212,722903,Repeal the Online Safety Act,2025-12-15,West Dunbartonshire,790
3213,722903,Repeal the Online Safety Act,2025-12-15,"Ayr, Carrick and Cumnock",673
3214,722903,Repeal the Online Safety Act,2025-12-15,"Berwickshire, Roxburgh and Selkirk",758
3215,722903,Repeal the Online Safety Act,2025-12-15,Central Ayrshire,694
3216,722903,Repeal the Online Safety Act,2025-12-15,Kilmarnock and Loudoun,827
3217,722903,Repeal the Online Safety Act,2025-12-15,West Aberdeenshire and Kincardine,722
3218,722903,Repeal the Online Safety Act,2025-12-15,Aberafan Maesteg,774
3219,722903,Repeal the Online Safety Act,2025-12-15,Alyn and Deeside,916
3220,722903,Repeal the Online Safety Act,2025-12-15,Bangor Aberconwy,778
3221,722903,Repeal the Online Safety Act,2025-12-15,Blaenau Gwent and Rhymney,749
3222,722903,Repeal the Online Safety Act,2025-12-15,"Brecon, Radnor and Cwm Tawe",723
3223,722903,Repeal the Online Safety Act,2025-12-15,Bridgend,864
3224,722903,Repeal the Online Safety Act,2025-12-15,Caerfyrddin,813
3225,722903,Repeal the Online Safety Act,2025-12-15,Caerphilly,888
3226,722903,Repeal the Online Safety Act,2025-12-15,Cardiff East,1036
3227,722903,Repeal the Online Safety Act,2025-12-15,Cardiff North,795
3228,722903,Repeal the Online Safety Act,2025-12-15,Cardiff South and Penarth,1030
3229,722903,Repeal the Online Safety Act,2025-12-15,Cardiff West,835
3230,722903,Repeal the Online Safety Act,2025-12-15,Ceredigion Preseli,903
3231,722903,Repeal the Online Safety Act,2025-12-15,Clwyd East,799
3232,722903,Repeal the Online Safety Act,2025-12-15,Clwyd North,811
3233,722903,Repeal the Online Safety Act,2025-12-15,Dwyfor Meirionnydd,632
3234,722903,Repeal the Online Safety Act,2025-12-15,Gower,785
3235,722903,Repeal the Online Safety Act,2025-12-15,Llanelli,838
3236,722903,Repeal the Online Safety Act,2025-12-15,Merthyr Tydfil and Aberdare,765
3237,722903,Repeal the Online Safety Act,2025-12-15,Mid and South Pembrokeshire,754
3238,722903,Repeal the Online Safety Act,2025-12-15,Monmouthshire,756
3239,722903,Repeal the Online Safety Act,2025-12-15,Montgomeryshire and Glyndŵr,787
3240,722903,Repeal the Online Safety Act,2025-12-15,Neath and Swansea East,879
3241,722903,Repeal the Online Safety Act,2025-12-15,Newport East,985
3242,722903,Repeal the Online Safety Act,2025-12-15,Newport West and Islwyn,850
3243,722903,Repeal the Online Safety Act,2025-12-15,Pontypridd,887
3244,722903,Repeal the Online Safety Act,2025-12-15,Rhondda and Ogmore,807
3245,722903,Repeal the Online Safety Act,2025-12-15,Swansea West,1010
3246,722903,Repeal the Online Safety Act,2025-12-15,Torfaen,863
3247,722903,Repeal the Online Safety Act,2025-12-15,Vale of Glamorgan,940
3248,722903,Repeal the Online Safety Act,2025-12-15,Wrexham,856
3249,722903,Repeal the Online Safety Act,2025-12-15,Ynys Môn,521
3250,702845,Extend free bus travel for people over 60 in England,,Aldershot,163
3251,702845,Extend free bus travel for people over 60 in England,,Aldridge-Brownhills,240
3252,702845,Extend free bus travel for people over 60 in England,,Altrincham and Sale West,228
3253,702845,Extend free bus travel for people over 60 in England,,Amber Valley,248
3254,702845,Extend free bus travel for people over 60 in England,,Arundel and South Downs,116
3255,702845,Extend free bus travel for people over 60 in England,,Ashfield,190
3256,702845,Extend free bus travel for people over 60 in England,,Ashford,152
3257,702845,Extend free bus travel for people over 60 in England,,Ashton-under-Lyne,275
3258,702845,Extend free bus travel for people over 60 in England,,Aylesbury,158
3259,702845,Extend free bus travel for people over 60 in England,,Banbury,136
3260,702845,Extend free bus travel for people over 60 in England,,Barking,52
3261,702845,Extend free bus travel for people over 60 in England,,Barnsley North,208
3262,702845,Extend free bus travel for people over 60 in England,,Barnsley South,211
3263,702845,Extend free bus travel for people over 60 in England,,Barrow and Furness,213
3264,702845,Extend free bus travel for people over 60 in England,,Basildon and Billericay,172
3265,702845,Extend free bus travel for people over 60 in England,,Basingstoke,197
3266,702845,Extend free bus travel for people over 60 in England,,Bassetlaw,180
3267,702845,Extend free bus travel for people over 60 in England,,Bath,182
3268,702845,Extend free bus travel for people over 60 in England,,Battersea,28
3269,702845,Extend free bus travel for people over 60 in England,,Beaconsfield,123
3270,702845,Extend free bus travel for people over 60 in England,,Beckenham and Penge,66
3271,702845,Extend free bus travel for people over 60 in England,,Bedford,148
3272,702845,Extend free bus travel for people over 60 in England,,Bermondsey and Old Southwark,46
3273,702845,Extend free bus travel for people over 60 in England,,Bethnal Green and Stepney,31
3274,702845,Extend free bus travel for people over 60 in England,,Beverley and Holderness,215
3275,702845,Extend free bus travel for people over 60 in England,,Bexhill and Battle,179
3276,702845,Extend free bus travel for people over 60 in England,,Bexleyheath and Crayford,77
3277,702845,Extend free bus travel for people over 60 in England,,Bicester and Woodstock,195
3278,702845,Extend free bus travel for people over 60 in England,,Birkenhead,67
3279,702845,Extend free bus travel for people over 60 in England,,Birmingham Edgbaston,259
3280,702845,Extend free bus travel for people over 60 in England,,Birmingham Erdington,327
3281,702845,Extend free bus travel for people over 60 in England,,Birmingham Hall Green and Moseley,205
3282,702845,Extend free bus travel for people over 60 in England,,Birmingham Hodge Hill and Solihull North,199
3283,702845,Extend free bus travel for people over 60 in England,,Birmingham Ladywood,164
3284,702845,Extend free bus travel for people over 60 in England,,Birmingham Northfield,349
3285,702845,Extend free bus travel for people over 60 in England,,Birmingham Perry Barr,217
3286,702845,Extend free bus travel for people over 60 in England,,Birmingham Selly Oak,285
3287,702845,Extend free bus travel for people over 60 in England,,Birmingham Yardley,202
3288,702845,Extend free bus travel for people over 60 in England,,Bishop Auckland,221
3289,702845,Extend free bus travel for people over 60 in England,,Blackburn,226
3290,702845,Extend free bus travel for people over 60 in England,,Blackley and Middleton South,284
3291,702845,Extend free bus travel for people over 60 in England,,Blackpool North and Fleetwood,403
3292,702845,Extend free bus travel for people over 60 in England,,Blackpool South,408
3293,702845,Extend free bus travel for people over 60 in England,,Blaydon and Consett,356
3294,702845,Extend free bus travel for people over 60 in England,,Blyth and Ashington,390
3295,702845,Extend free bus travel for people over 60 in England,,Bognor Regis and Littlehampton,223
3296,702845,Extend free bus travel for people over 60 in England,,Bolsover,182
3297,702845,Extend free bus travel for people over 60 in England,,Bolton North East,297
3298,702845,Extend free bus travel for people over 60 in England,,Bolton South and Walkden,269
3299,702845,Extend free bus travel for people over 60 in England,,Bolton West,322
3300,702845,Extend free bus travel for people over 60 in England,,Bootle,77
3301,702845,Extend free bus travel for people over 60 in England,,Boston and Skegness,239
3302,702845,Extend free bus travel for people over 60 in England,,Bournemouth East,207
3303,702845,Extend free bus travel for people over 60 in England,,Bournemouth West,205
3304,702845,Extend free bus travel for people over 60 in England,,Bracknell,192
3305,702845,Extend free bus travel for people over 60 in England,,Bradford East,176
3306,702845,Extend free bus travel for people over 60 in England,,Bradford South,199
3307,702845,Extend free bus travel for people over 60 in England,,Bradford West,87
3308,702845,Extend free bus travel for people over 60 in England,,Braintree,146
3309,702845,Extend free bus travel for people over 60 in England,,Brent East,54
3310,702845,Extend free bus travel for people over 60 in England,,Brent West,67
3311,702845,Extend free bus travel for people over 60 in England,,Brentford and Isleworth,72
3312,702845,Extend free bus travel for people over 60 in England,,Brentwood and Ongar,139
3313,702845,Extend free bus travel for people over 60 in England,,Bridgwater,163
3314,702845,Extend free bus travel for people over 60 in England,,Bridlington and The Wolds,270
3315,702845,Extend free bus travel for people over 60 in England,,Brigg and Immingham,206
3316,702845,Extend free bus travel for people over 60 in England,,Brighton Kemptown and Peacehaven,363
3317,702845,Extend free bus travel for people over 60 in England,,Brighton Pavilion,252
3318,702845,Extend free bus travel for people over 60 in England,,Bristol Central,106
3319,702845,Extend free bus travel for people over 60 in England,,Bristol East,238
3320,702845,Extend free bus travel for people over 60 in England,,Bristol North East,214
3321,702845,Extend free bus travel for people over 60 in England,,Bristol North West,231
3322,702845,Extend free bus travel for people over 60 in England,,Bristol South,238
3323,702845,Extend free bus travel for people over 60 in England,,Broadland and Fakenham,162
3324,702845,Extend free bus travel for people over 60 in England,,Bromley and Biggin Hill,45
3325,702845,Extend free bus travel for people over 60 in England,,Bromsgrove,165
3326,702845,Extend free bus travel for people over 60 in England,,Broxbourne,143
3327,702845,Extend free bus travel for people over 60 in England,,Broxtowe,308
3328,702845,Extend free bus travel for people over 60 in England,,Buckingham and Bletchley,125
3329,702845,Extend free bus travel for people over 60 in England,,Burnley,340
3330,702845,Extend free bus travel for people over 60 in England,,Burton and Uttoxeter,212
3331,702845,Extend free bus travel for people over 60 in England,,Bury North,311
3332,702845,Extend free bus travel for people over 60 in England,,Bury South,274
3333,702845,Extend free bus travel for people over 60 in England,,Bury St Edmunds and Stowmarket,128
3334,702845,Extend free bus travel for people over 60 in England,,Calder Valley,321
3335,702845,Extend free bus travel for people over 60 in England,,Camborne and Redruth,245
3336,702845,Extend free bus travel for people over 60 in England,,Cambridge,147
3337,702845,Extend free bus travel for people over 60 in England,,Cannock Chase,133
3338,702845,Extend free bus travel for people over 60 in England,,Canterbury,179
3339,702845,Extend free bus travel for people over 60 in England,,Carlisle,229
3340,702845,Extend free bus travel for people over 60 in England,,Carshalton and Wallington,57
3341,702845,Extend free bus travel for people over 60 in England,,Castle Point,177
3342,702845,Extend free bus travel for people over 60 in England,,Central Devon,201
3343,702845,Extend free bus travel for people over 60 in England,,Central Suffolk and North Ipswich,142
3344,702845,Extend free bus travel for people over 60 in England,,Chatham and Aylesford,173
3345,702845,Extend free bus travel for people over 60 in England,,Cheadle,193
3346,702845,Extend free bus travel for people over 60 in England,,Chelmsford,176
3347,702845,Extend free bus travel for people over 60 in England,,Chelsea and Fulham,44
3348,702845,Extend free bus travel for people over 60 in England,,Cheltenham,207
3349,702845,Extend free bus travel for people over 60 in England,,Chesham and Amersham,107
3350,702845,Extend free bus travel for people over 60 in England,,Chester North and Neston,289
3351,702845,Extend free bus travel for people over 60 in England,,Chester South and Eddisbury,168
3352,702845,Extend free bus travel for people over 60 in England,,Chesterfield,202
3353,702845,Extend free bus travel for people over 60 in England,,Chichester,211
3354,702845,Extend free bus travel for people over 60 in England,,Chingford and Woodford Green,52
3355,702845,Extend free bus travel for people over 60 in England,,Chippenham,198
3356,702845,Extend free bus travel for people over 60 in England,,Chipping Barnet,52
3357,702845,Extend free bus travel for people over 60 in England,,Chorley,318
3358,702845,Extend free bus travel for people over 60 in England,,Christchurch,173
3359,702845,Extend free bus travel for people over 60 in England,,Cities of London and Westminster,48
3360,702845,Extend free bus travel for people over 60 in England,,City of Durham,210
3361,702845,Extend free bus travel for people over 60 in England,,Clacton,210
3362,702845,Extend free bus travel for people over 60 in England,,Clapham and Brixton Hill,29
3363,702845,Extend free bus travel for people over 60 in England,,Colchester,192
3364,702845,Extend free bus travel for people over 60 in England,,Colne Valley,238
3365,702845,Extend free bus travel for people over 60 in England,,Congleton,168
3366,702845,Extend free bus travel for people over 60 in England,,Corby and East Northamptonshire,147
3367,702845,Extend free bus travel for people over 60 in England,,Coventry East,214
3368,702845,Extend free bus travel for people over 60 in England,,Coventry North West,244
3369,702845,Extend free bus travel for people over 60 in England,,Coventry South,194
3370,702845,Extend free bus travel for people over 60 in England,,Cramlington and Killingworth,420
3371,702845,Extend free bus travel for people over 60 in England,,Crawley,232
3372,702845,Extend free bus travel for people over 60 in England,,Crewe and Nantwich,240
3373,702845,Extend free bus travel for people over 60 in England,,Croydon East,73
3374,702845,Extend free bus travel for people over 60 in England,,Croydon South,72
3375,702845,Extend free bus travel for people over 60 in England,,Croydon West,64
3376,702845,Extend free bus travel for people over 60 in England,,Dagenham and Rainham,47
3377,702845,Extend free bus travel for people over 60 in England,,Darlington,252
3378,702845,Extend free bus travel for people over 60 in England,,Dartford,143
3379,702845,Extend free bus travel for people over 60 in England,,Daventry,160
3380,702845,Extend free bus travel for people over 60 in England,,Derby North,244
3381,702845,Extend free bus travel for people over 60 in England,,Derby South,204
3382,702845,Extend free bus travel for people over 60 in England,,Derbyshire Dales,169
3383,702845,Extend free bus travel for people over 60 in England,,Dewsbury and Batley,149
3384,702845,Extend free bus travel for people over 60 in England,,Didcot and Wantage,196
3385,702845,Extend free bus travel for people over 60 in England,,Doncaster Central,192
3386,702845,Extend free bus travel for people over 60 in England,,Doncaster East and the Isle of Axholme,151
3387,702845,Extend free bus travel for people over 60 in England,,Doncaster North,167
3388,702845,Extend free bus travel for people over 60 in England,,Dorking and Horley,142
3389,702845,Extend free bus travel for people over 60 in England,,Dover and Deal,258
3390,702845,Extend free bus travel for people over 60 in England,,Droitwich and Evesham,156
3391,702845,Extend free bus travel for people over 60 in England,,Dudley,173
3392,702845,Extend free bus travel for people over 60 in England,,Dulwich and West Norwood,36
3393,702845,Extend free bus travel for people over 60 in England,,Dunstable and Leighton Buzzard,269
3394,702845,Extend free bus travel for people over 60 in England,,Ealing Central and Acton,55
3395,702845,Extend free bus travel for people over 60 in England,,Ealing North,68
3396,702845,Extend free bus travel for people over 60 in England,,Ealing Southall,70
3397,702845,Extend free bus travel for people over 60 in England,,Earley and Woodley,175
3398,702845,Extend free bus travel for people over 60 in England,,Easington,264
3399,702845,Extend free bus travel for people over 60 in England,,East Grinstead and Uckfield,133
3400,702845,Extend free bus travel for people over 60 in England,,East Ham,51
3401,702845,Extend free bus travel for people over 60 in England,,East Hampshire,126
3402,702845,Extend free bus travel for people over 60 in England,,East Surrey,151
3403,702845,Extend free bus travel for people over 60 in England,,East Thanet,303
3404,702845,Extend free bus travel for people over 60 in England,,East Wiltshire,150
3405,702845,Extend free bus travel for people over 60 in England,,East Worthing and Shoreham,268
3406,702845,Extend free bus travel for people over 60 in England,,Eastbourne,266
3407,702845,Extend free bus travel for people over 60 in England,,Eastleigh,140
3408,702845,Extend free bus travel for people over 60 in England,,Edmonton and Winchmore Hill,42
3409,702845,Extend free bus travel for people over 60 in England,,Ellesmere Port and Bromborough,231
3410,702845,Extend free bus travel for people over 60 in England,,Eltham and Chislehurst,45
3411,702845,Extend free bus travel for people over 60 in England,,Ely and East Cambridgeshire,127
3412,702845,Extend free bus travel for people over 60 in England,,Enfield North,55
3413,702845,Extend free bus travel for people over 60 in England,,Epping Forest,118
3414,702845,Extend free bus travel for people over 60 in England,,Epsom and Ewell,182
3415,702845,Extend free bus travel for people over 60 in England,,Erewash,256
3416,702845,Extend free bus travel for people over 60 in England,,Erith and Thamesmead,73
3417,702845,Extend free bus travel for people over 60 in England,,Esher and Walton,157
3418,702845,Extend free bus travel for people over 60 in England,,Exeter,252
3419,702845,Extend free bus travel for people over 60 in England,,Exmouth and Exeter East,285
3420,702845,Extend free bus travel for people over 60 in England,,Fareham and Waterlooville,219
3421,702845,Extend free bus travel for people over 60 in England,,Farnham and Bordon,103
3422,702845,Extend free bus travel for people over 60 in England,,Faversham and Mid Kent,179
3423,702845,Extend free bus travel for people over 60 in England,,Feltham and Heston,80
3424,702845,Extend free bus travel for people over 60 in England,,Filton and Bradley Stoke,280
3425,702845,Extend free bus travel for people over 60 in England,,Finchley and Golders Green,68
3426,702845,Extend free bus travel for people over 60 in England,,Folkestone and Hythe,211
3427,702845,Extend free bus travel for people over 60 in England,,Forest of Dean,166
3428,702845,Extend free bus travel for people over 60 in England,,Frome and East Somerset,150
3429,702845,Extend free bus travel for people over 60 in England,,Fylde,428
3430,702845,Extend free bus travel for people over 60 in England,,Gainsborough,245
3431,702845,Extend free bus travel for people over 60 in England,,Gateshead Central and Whickham,396
3432,702845,Extend free bus travel for people over 60 in England,,Gedling,357
3433,702845,Extend free bus travel for people over 60 in England,,Gillingham and Rainham,163
3434,702845,Extend free bus travel for people over 60 in England,,Glastonbury and Somerton,136
3435,702845,Extend free bus travel for people over 60 in England,,Gloucester,291
3436,702845,Extend free bus travel for people over 60 in England,,Godalming and Ash,140
3437,702845,Extend free bus travel for people over 60 in England,,Goole and Pocklington,175
3438,702845,Extend free bus travel for people over 60 in England,,Gorton and Denton,230
3439,702845,Extend free bus travel for people over 60 in England,,Gosport,256
3440,702845,Extend free bus travel for people over 60 in England,,Grantham and Bourne,187
3441,702845,Extend free bus travel for people over 60 in England,,Gravesham,138
3442,702845,Extend free bus travel for people over 60 in England,,Great Grimsby and Cleethorpes,231
3443,702845,Extend free bus travel for people over 60 in England,,Great Yarmouth,212
3444,702845,Extend free bus travel for people over 60 in England,,Greenwich and Woolwich,41
3445,702845,Extend free bus travel for people over 60 in England,,Guildford,147
3446,702845,Extend free bus travel for people over 60 in England,,Hackney North and Stoke Newington,39
3447,702845,Extend free bus travel for people over 60 in England,,Hackney South and Shoreditch,45
3448,702845,Extend free bus travel for people over 60 in England,,Halesowen,214
3449,702845,Extend free bus travel for people over 60 in England,,Halifax,262
3450,702845,Extend free bus travel for people over 60 in England,,Hamble Valley,184
3451,702845,Extend free bus travel for people over 60 in England,,Hammersmith and Chiswick,41
3452,702845,Extend free bus travel for people over 60 in England,,Hampstead and Highgate,37
3453,702845,Extend free bus travel for people over 60 in England,,"Harborough, Oadby and Wigston",193
3454,702845,Extend free bus travel for people over 60 in England,,Harlow,135
3455,702845,Extend free bus travel for people over 60 in England,,Harpenden and Berkhamsted,80
3456,702845,Extend free bus travel for people over 60 in England,,Harrogate and Knaresborough,226
3457,702845,Extend free bus travel for people over 60 in England,,Harrow East,59
3458,702845,Extend free bus travel for people over 60 in England,,Harrow West,62
3459,702845,Extend free bus travel for people over 60 in England,,Hartlepool,182
3460,702845,Extend free bus travel for people over 60 in England,,Harwich and North Essex,170
3461,702845,Extend free bus travel for people over 60 in England,,Hastings and Rye,232
3462,702845,Extend free bus travel for people over 60 in England,,Havant,170
3463,702845,Extend free bus travel for people over 60 in England,,Hayes and Harlington,85
3464,702845,Extend free bus travel for people over 60 in England,,Hazel Grove,273
3465,702845,Extend free bus travel for people over 60 in England,,Hemel Hempstead,140
3466,702845,Extend free bus travel for people over 60 in England,,Hendon,60
3467,702845,Extend free bus travel for people over 60 in England,,Henley and Thame,111
3468,702845,Extend free bus travel for people over 60 in England,,Hereford and South Herefordshire,156
3469,702845,Extend free bus travel for people over 60 in England,,Herne Bay and Sandwich,275
3470,702845,Extend free bus travel for people over 60 in England,,Hertford and Stortford,118
3471,702845,Extend free bus travel for people over 60 in England,,Hertsmere,150
3472,702845,Extend free bus travel for people over 60 in England,,Hexham,303
3473,702845,Extend free bus travel for people over 60 in England,,Heywood and Middleton North,221
3474,702845,Extend free bus travel for people over 60 in England,,High Peak,205
3475,702845,Extend free bus travel for people over 60 in England,,Hinckley and Bosworth,148
3476,702845,Extend free bus travel for people over 60 in England,,Hitchin,138
3477,702845,Extend free bus travel for people over 60 in England,,Holborn and St Pancras,42
3478,702845,Extend free bus travel for people over 60 in England,,Honiton and Sidmouth,261
3479,702845,Extend free bus travel for people over 60 in England,,Hornchurch and Upminster,51
3480,702845,Extend free bus travel for people over 60 in England,,Hornsey and Friern Barnet,57
3481,702845,Extend free bus travel for people over 60 in England,,Horsham,160
3482,702845,Extend free bus travel for people over 60 in England,,Houghton and Sunderland South,320
3483,702845,Extend free bus travel for people over 60 in England,,Hove and Portslade,276
3484,702845,Extend free bus travel for people over 60 in England,,Huddersfield,258
3485,702845,Extend free bus travel for people over 60 in England,,Huntingdon,189
3486,702845,Extend free bus travel for people over 60 in England,,Hyndburn,267
3487,702845,Extend free bus travel for people over 60 in England,,Ilford North,73
3488,702845,Extend free bus travel for people over 60 in England,,Ilford South,55
3489,702845,Extend free bus travel for people over 60 in England,,Ipswich,165
3490,702845,Extend free bus travel for people over 60 in England,,Isle of Wight East,279
3491,702845,Extend free bus travel for people over 60 in England,,Isle of Wight West,212
3492,702845,Extend free bus travel for people over 60 in England,,Islington North,48
3493,702845,Extend free bus travel for people over 60 in England,,Islington South and Finsbury,58
3494,702845,Extend free bus travel for people over 60 in England,,Jarrow and Gateshead East,403
3495,702845,Extend free bus travel for people over 60 in England,,Keighley and Ilkley,220
3496,702845,Extend free bus travel for people over 60 in England,,Kenilworth and Southam,143
3497,702845,Extend free bus travel for people over 60 in England,,Kensington and Bayswater,31
3498,702845,Extend free bus travel for people over 60 in England,,Kettering,159
3499,702845,Extend free bus travel for people over 60 in England,,Kingston and Surbiton,73
3500,702845,Extend free bus travel for people over 60 in England,,Kingston upon Hull East,278
3501,702845,Extend free bus travel for people over 60 in England,,Kingston upon Hull North and Cottingham,255
3502,702845,Extend free bus travel for people over 60 in England,,Kingston upon Hull West and Haltemprice,263
3503,702845,Extend free bus travel for people over 60 in England,,Kingswinford and South Staffordshire,167
3504,702845,Extend free bus travel for people over 60 in England,,Knowsley,51
3505,702845,Extend free bus travel for people over 60 in England,,Lancaster and Wyre,326
3506,702845,Extend free bus travel for people over 60 in England,,Leeds Central and Headingley,101
3507,702845,Extend free bus travel for people over 60 in England,,Leeds East,244
3508,702845,Extend free bus travel for people over 60 in England,,Leeds North East,194
3509,702845,Extend free bus travel for people over 60 in England,,Leeds North West,198
3510,702845,Extend free bus travel for people over 60 in England,,Leeds South,253
3511,702845,Extend free bus travel for people over 60 in England,,Leeds South West and Morley,221
3512,702845,Extend free bus travel for people over 60 in England,,Leeds West and Pudsey,218
3513,702845,Extend free bus travel for people over 60 in England,,Leicester East,218
3514,702845,Extend free bus travel for people over 60 in England,,Leicester South,176
3515,702845,Extend free bus travel for people over 60 in England,,Leicester West,237
3516,702845,Extend free bus travel for people over 60 in England,,Leigh and Atherton,268
3517,702845,Extend free bus travel for people over 60 in England,,Lewes,254
3518,702845,Extend free bus travel for people over 60 in England,,Lewisham East,56
3519,702845,Extend free bus travel for people over 60 in England,,Lewisham North,62
3520,702845,Extend free bus travel for people over 60 in England,,Lewisham West and East Dulwich,48
3521,702845,Extend free bus travel for people over 60 in England,,Leyton and Wanstead,43
3522,702845,Extend free bus travel for people over 60 in England,,Lichfield,192
3523,702845,Extend free bus travel for people over 60 in England,,Lincoln,309
3524,702845,Extend free bus travel for people over 60 in England,,Liverpool Garston,66
3525,702845,Extend free bus travel for people over 60 in England,,Liverpool Riverside,61
3526,702845,Extend free bus travel for people over 60 in England,,Liverpool Walton,62
3527,702845,Extend free bus travel for people over 60 in England,,Liverpool Wavertree,47
3528,702845,Extend free bus travel for people over 60 in England,,Liverpool West Derby,56
3529,702845,Extend free bus travel for people over 60 in England,,Loughborough,121
3530,702845,Extend free bus travel for people over 60 in England,,Louth and Horncastle,250
3531,702845,Extend free bus travel for people over 60 in England,,Lowestoft,241
3532,702845,Extend free bus travel for people over 60 in England,,Luton North,226
3533,702845,Extend free bus travel for people over 60 in England,,Luton South and South Bedfordshire,158
3534,702845,Extend free bus travel for people over 60 in England,,Macclesfield,190
3535,702845,Extend free bus travel for people over 60 in England,,Maidenhead,122
3536,702845,Extend free bus travel for people over 60 in England,,Maidstone and Malling,163
3537,702845,Extend free bus travel for people over 60 in England,,Makerfield,276
3538,702845,Extend free bus travel for people over 60 in England,,Maldon,154
3539,702845,Extend free bus travel for people over 60 in England,,Manchester Central,253
3540,702845,Extend free bus travel for people over 60 in England,,Manchester Rusholme,144
3541,702845,Extend free bus travel for people over 60 in England,,Manchester Withington,192
3542,702845,Extend free bus travel for people over 60 in England,,Mansfield,241
3543,702845,Extend free bus travel for people over 60 in England,,Melksham and Devizes,189
3544,702845,Extend free bus travel for people over 60 in England,,Melton and Syston,167
3545,702845,Extend free bus travel for people over 60 in England,,Meriden and Solihull East,222
3546,702845,Extend free bus travel for people over 60 in England,,Mid Bedfordshire,157
3547,702845,Extend free bus travel for people over 60 in England,,Mid Buckinghamshire,128
3548,702845,Extend free bus travel for people over 60 in England,,Mid Cheshire,142
3549,702845,Extend free bus travel for people over 60 in England,,Mid Derbyshire,255
3550,702845,Extend free bus travel for people over 60 in England,,Mid Dorset and North Poole,201
3551,702845,Extend free bus travel for people over 60 in England,,Mid Leicestershire,185
3552,702845,Extend free bus travel for people over 60 in England,,Mid Norfolk,158
3553,702845,Extend free bus travel for people over 60 in England,,Mid Sussex,134
3554,702845,Extend free bus travel for people over 60 in England,,Middlesbrough and Thornaby East,258
3555,702845,Extend free bus travel for people over 60 in England,,Middlesbrough South and East Cleveland,242
3556,702845,Extend free bus travel for people over 60 in England,,Milton Keynes Central,146
3557,702845,Extend free bus travel for people over 60 in England,,Milton Keynes North,139
3558,702845,Extend free bus travel for people over 60 in England,,Mitcham and Morden,51
3559,702845,Extend free bus travel for people over 60 in England,,Morecambe and Lunesdale,327
3560,702845,Extend free bus travel for people over 60 in England,,New Forest East,165
3561,702845,Extend free bus travel for people over 60 in England,,New Forest West,118
3562,702845,Extend free bus travel for people over 60 in England,,Newark,236
3563,702845,Extend free bus travel for people over 60 in England,,Newbury,113
3564,702845,Extend free bus travel for people over 60 in England,,Newcastle upon Tyne Central and West,418
3565,702845,Extend free bus travel for people over 60 in England,,Newcastle upon Tyne East and Wallsend,451
3566,702845,Extend free bus travel for people over 60 in England,,Newcastle upon Tyne North,373
3567,702845,Extend free bus travel for people over 60 in England,,Newcastle-under-Lyme,184
3568,702845,Extend free bus travel for people over 60 in England,,Newton Abbot,323
3569,702845,Extend free bus travel for people over 60 in England,,Newton Aycliffe and Spennymoor,264
3570,702845,Extend free bus travel for people over 60 in England,,Normanton and Hemsworth,179
3571,702845,Extend free bus travel for people over 60 in England,,North Bedfordshire,133
3572,702845,Extend free bus travel for people over 60 in England,,North Cornwall,177
3573,702845,Extend free bus travel for people over 60 in England,,North Cotswolds,198
3574,702845,Extend free bus travel for people over 60 in England,,North Devon,264
3575,702845,Extend free bus travel for people over 60 in England,,North Dorset,124
3576,702845,Extend free bus travel for people over 60 in England,,North Durham,361
3577,702845,Extend free bus travel for people over 60 in England,,North East Cambridgeshire,126
3578,702845,Extend free bus travel for people over 60 in England,,North East Derbyshire,178
3579,702845,Extend free bus travel for people over 60 in England,,North East Hampshire,99
3580,702845,Extend free bus travel for people over 60 in England,,North East Hertfordshire,113
3581,702845,Extend free bus travel for people over 60 in England,,North East Somerset and Hanham,194
3582,702845,Extend free bus travel for people over 60 in England,,North Herefordshire,119
3583,702845,Extend free bus travel for people over 60 in England,,North Norfolk,162
3584,702845,Extend free bus travel for people over 60 in England,,North Northumberland,246
3585,702845,Extend free bus travel for people over 60 in England,,North Shropshire,155
3586,702845,Extend free bus travel for people over 60 in England,,North Somerset,207
3587,702845,Extend free bus travel for people over 60 in England,,North Warwickshire and Bedworth,192
3588,702845,Extend free bus travel for people over 60 in England,,North West Cambridgeshire,145
3589,702845,Extend free bus travel for people over 60 in England,,North West Essex,99
3590,702845,Extend free bus travel for people over 60 in England,,North West Hampshire,165
3591,702845,Extend free bus travel for people over 60 in England,,North West Leicestershire,174
3592,702845,Extend free bus travel for people over 60 in England,,North West Norfolk,191
3593,702845,Extend free bus travel for people over 60 in England,,Northampton North,199
3594,702845,Extend free bus travel for people over 60 in England,,Northampton South,149
3595,702845,Extend free bus travel for people over 60 in England,,Norwich North,221
3596,702845,Extend free bus travel for people over 60 in England,,Norwich South,171
3597,702845,Extend free bus travel for people over 60 in England,,Nottingham East,232
3598,702845,Extend free bus travel for people over 60 in England,,Nottingham North and Kimberley,271
3599,702845,Extend free bus travel for people over 60 in England,,Nottingham South,212
3600,702845,Extend free bus travel for people over 60 in England,,Nuneaton,175
3601,702845,Extend free bus travel for people over 60 in England,,Old Bexley and Sidcup,63
3602,702845,Extend free bus travel for people over 60 in England,,Oldham East and Saddleworth,237
3603,702845,Extend free bus travel for people over 60 in England,,"Oldham West, Chadderton and Royton",234
3604,702845,Extend free bus travel for people over 60 in England,,Orpington,57
3605,702845,Extend free bus travel for people over 60 in England,,Ossett and Denby Dale,194
3606,702845,Extend free bus travel for people over 60 in England,,Oxford East,173
3607,702845,Extend free bus travel for people over 60 in England,,Oxford West and Abingdon,159
3608,702845,Extend free bus travel for people over 60 in England,,Peckham,41
3609,702845,Extend free bus travel for people over 60 in England,,Pendle and Clitheroe,302
3610,702845,Extend free bus travel for people over 60 in England,,Penistone and Stocksbridge,184
3611,702845,Extend free bus travel for people over 60 in England,,Penrith and Solway,260
3612,702845,Extend free bus travel for people over 60 in England,,Peterborough,180
3613,702845,Extend free bus travel for people over 60 in England,,Plymouth Moor View,420
3614,702845,Extend free bus travel for people over 60 in England,,Plymouth Sutton and Devonport,359
3615,702845,Extend free bus travel for people over 60 in England,,"Pontefract, Castleford and Knottingley",226
3616,702845,Extend free bus travel for people over 60 in England,,Poole,212
3617,702845,Extend free bus travel for people over 60 in England,,Poplar and Limehouse,30
3618,702845,Extend free bus travel for people over 60 in England,,Portsmouth North,308
3619,702845,Extend free bus travel for people over 60 in England,,Portsmouth South,214
3620,702845,Extend free bus travel for people over 60 in England,,Preston,365
3621,702845,Extend free bus travel for people over 60 in England,,Putney,40
3622,702845,Extend free bus travel for people over 60 in England,,Queen's Park and Maida Vale,44
3623,702845,Extend free bus travel for people over 60 in England,,Rawmarsh and Conisbrough,179
3624,702845,Extend free bus travel for people over 60 in England,,Rayleigh and Wickford,179
3625,702845,Extend free bus travel for people over 60 in England,,Reading Central,164
3626,702845,Extend free bus travel for people over 60 in England,,Reading West and Mid Berkshire,156
3627,702845,Extend free bus travel for people over 60 in England,,Redcar,283
3628,702845,Extend free bus travel for people over 60 in England,,Redditch,132
3629,702845,Extend free bus travel for people over 60 in England,,Reigate,161
3630,702845,Extend free bus travel for people over 60 in England,,Ribble Valley,395
3631,702845,Extend free bus travel for people over 60 in England,,Richmond and Northallerton,140
3632,702845,Extend free bus travel for people over 60 in England,,Richmond Park,31
3633,702845,Extend free bus travel for people over 60 in England,,Rochdale,177
3634,702845,Extend free bus travel for people over 60 in England,,Rochester and Strood,170
3635,702845,Extend free bus travel for people over 60 in England,,Romford,58
3636,702845,Extend free bus travel for people over 60 in England,,Romsey and Southampton North,126
3637,702845,Extend free bus travel for people over 60 in England,,Rossendale and Darwen,352
3638,702845,Extend free bus travel for people over 60 in England,,Rother Valley,177
3639,702845,Extend free bus travel for people over 60 in England,,Rotherham,209
3640,702845,Extend free bus travel for people over 60 in England,,Rugby,181
3641,702845,Extend free bus travel for people over 60 in England,,"Ruislip, Northwood and Pinner",58
3642,702845,Extend free bus travel for people over 60 in England,,Runcorn and Helsby,235
3643,702845,Extend free bus travel for people over 60 in England,,Runnymede and Weybridge,139
3644,702845,Extend free bus travel for people over 60 in England,,Rushcliffe,252
3645,702845,Extend free bus travel for people over 60 in England,,Rutland and Stamford,138
3646,702845,Extend free bus travel for people over 60 in England,,Salford,320
3647,702845,Extend free bus travel for people over 60 in England,,Salisbury,163
3648,702845,Extend free bus travel for people over 60 in England,,Scarborough and Whitby,301
3649,702845,Extend free bus travel for people over 60 in England,,Scunthorpe,204
3650,702845,Extend free bus travel for people over 60 in England,,Sefton Central,80
3651,702845,Extend free bus travel for people over 60 in England,,Selby,232
3652,702845,Extend free bus travel for people over 60 in England,,Sevenoaks,109
3653,702845,Extend free bus travel for people over 60 in England,,Sheffield Brightside and Hillsborough,221
3654,702845,Extend free bus travel for people over 60 in England,,Sheffield Central,112
3655,702845,Extend free bus travel for people over 60 in England,,Sheffield Hallam,204
3656,702845,Extend free bus travel for people over 60 in England,,Sheffield Heeley,276
3657,702845,Extend free bus travel for people over 60 in England,,Sheffield South East,282
3658,702845,Extend free bus travel for people over 60 in England,,Sherwood Forest,238
3659,702845,Extend free bus travel for people over 60 in England,,Shipley,249
3660,702845,Extend free bus travel for people over 60 in England,,Shrewsbury,222
3661,702845,Extend free bus travel for people over 60 in England,,Sittingbourne and Sheppey,122
3662,702845,Extend free bus travel for people over 60 in England,,Skipton and Ripon,211
3663,702845,Extend free bus travel for people over 60 in England,,Sleaford and North Hykeham,242
3664,702845,Extend free bus travel for people over 60 in England,,Slough,238
3665,702845,Extend free bus travel for people over 60 in England,,Smethwick,203
3666,702845,Extend free bus travel for people over 60 in England,,Solihull West and Shirley,252
3667,702845,Extend free bus travel for people over 60 in England,,South Basildon and East Thurrock,148
3668,702845,Extend free bus travel for people over 60 in England,,South Cambridgeshire,139
3669,702845,Extend free bus travel for people over 60 in England,,South Cotswolds,124
3670,702845,Extend free bus travel for people over 60 in England,,South Derbyshire,195
3671,702845,Extend free bus travel for people over 60 in England,,South Devon,289
3672,702845,Extend free bus travel for people over 60 in England,,South Dorset,328
3673,702845,Extend free bus travel for people over 60 in England,,South East Cornwall,251
3674,702845,Extend free bus travel for people over 60 in England,,South Holland and The Deepings,149
3675,702845,Extend free bus travel for people over 60 in England,,South Leicestershire,167
3676,702845,Extend free bus travel for people over 60 in England,,South Norfolk,140
3677,702845,Extend free bus travel for people over 60 in England,,South Northamptonshire,136
3678,702845,Extend free bus travel for people over 60 in England,,South Ribble,431
3679,702845,Extend free bus travel for people over 60 in England,,South Shields,363
3680,702845,Extend free bus travel for people over 60 in England,,South Shropshire,160
3681,702845,Extend free bus travel for people over 60 in England,,South Suffolk,111
3682,702845,Extend free bus travel for people over 60 in England,,South West Devon,361
3683,702845,Extend free bus travel for people over 60 in England,,South West Hertfordshire,146
3684,702845,Extend free bus travel for people over 60 in England,,South West Norfolk,150
3685,702845,Extend free bus travel for people over 60 in England,,South West Wiltshire,149
3686,702845,Extend free bus travel for people over 60 in England,,Southampton Itchen,185
3687,702845,Extend free bus travel for people over 60 in England,,Southampton Test,180
3688,702845,Extend free bus travel for people over 60 in England,,Southend East and Rochford,171
3689,702845,Extend free bus travel for people over 60 in England,,Southend West and Leigh,179
3690,702845,Extend free bus travel for people over 60 in England,,Southgate and Wood Green,57
3691,702845,Extend free bus travel for people over 60 in England,,Southport,178
3692,702845,Extend free bus travel for people over 60 in England,,Spelthorne,188
3693,702845,Extend free bus travel for people over 60 in England,,Spen Valley,219
3694,702845,Extend free bus travel for people over 60 in England,,St Albans,129
3695,702845,Extend free bus travel for people over 60 in England,,St Austell and Newquay,247
3696,702845,Extend free bus travel for people over 60 in England,,St Helens North,105
3697,702845,Extend free bus travel for people over 60 in England,,St Helens South and Whiston,68
3698,702845,Extend free bus travel for people over 60 in England,,St Ives,196
3699,702845,Extend free bus travel for people over 60 in England,,St Neots and Mid Cambridgeshire,171
3700,702845,Extend free bus travel for people over 60 in England,,Stafford,153
3701,702845,Extend free bus travel for people over 60 in England,,Staffordshire Moorlands,140
3702,702845,Extend free bus travel for people over 60 in England,,Stalybridge and Hyde,242
3703,702845,Extend free bus travel for people over 60 in England,,Stevenage,168
3704,702845,Extend free bus travel for people over 60 in England,,Stockport,301
3705,702845,Extend free bus travel for people over 60 in England,,Stockton North,224
3706,702845,Extend free bus travel for people over 60 in England,,Stockton West,231
3707,702845,Extend free bus travel for people over 60 in England,,Stoke-on-Trent Central,202
3708,702845,Extend free bus travel for people over 60 in England,,Stoke-on-Trent North,166
3709,702845,Extend free bus travel for people over 60 in England,,Stoke-on-Trent South,145
3710,702845,Extend free bus travel for people over 60 in England,,"Stone, Great Wyrley and Penkridge",148
3711,702845,Extend free bus travel for people over 60 in England,,Stourbridge,166
3712,702845,Extend free bus travel for people over 60 in England,,Stratford and Bow,40
3713,702845,Extend free bus travel for people over 60 in England,,Stratford-on-Avon,111
3714,702845,Extend free bus travel for people over 60 in England,,Streatham and Croydon North,65
3715,702845,Extend free bus travel for people over 60 in England,,Stretford and Urmston,337
3716,702845,Extend free bus travel for people over 60 in England,,Stroud,170
3717,702845,Extend free bus travel for people over 60 in England,,Suffolk Coastal,143
3718,702845,Extend free bus travel for people over 60 in England,,Sunderland Central,380
3719,702845,Extend free bus travel for people over 60 in England,,Surrey Heath,126
3720,702845,Extend free bus travel for people over 60 in England,,Sussex Weald,117
3721,702845,Extend free bus travel for people over 60 in England,,Sutton and Cheam,74
3722,702845,Extend free bus travel for people over 60 in England,,Sutton Coldfield,307
3723,702845,Extend free bus travel for people over 60 in England,,Swindon North,178
3724,702845,Extend free bus travel for people over 60 in England,,Swindon South,260
3725,702845,Extend free bus travel for people over 60 in England,,Tamworth,227
3726,702845,Extend free bus travel for people over 60 in England,,Tatton,123
3727,702845,Extend free bus travel for people over 60 in England,,Taunton and Wellington,212
3728,702845,Extend free bus travel for people over 60 in England,,Telford,131
3729,702845,Extend free bus travel for people over 60 in England,,Tewkesbury,270
3730,702845,Extend free bus travel for people over 60 in England,,The Wrekin,145
3731,702845,Extend free bus travel for people over 60 in England,,Thirsk and Malton,211
3732,702845,Extend free bus travel for people over 60 in England,,Thornbury and Yate,222
3733,702845,Extend free bus travel for people over 60 in England,,Thurrock,135
3734,702845,Extend free bus travel for people over 60 in England,,Tipton and Wednesbury,198
3735,702845,Extend free bus travel for people over 60 in England,,Tiverton and Minehead,150
3736,702845,Extend free bus travel for people over 60 in England,,Tonbridge,129
3737,702845,Extend free bus travel for people over 60 in England,,Tooting,36
3738,702845,Extend free bus travel for people over 60 in England,,Torbay,405
3739,702845,Extend free bus travel for people over 60 in England,,Torridge and Tavistock,218
3740,702845,Extend free bus travel for people over 60 in England,,Tottenham,54
3741,702845,Extend free bus travel for people over 60 in England,,Truro and Falmouth,194
3742,702845,Extend free bus travel for people over 60 in England,,Tunbridge Wells,137
3743,702845,Extend free bus travel for people over 60 in England,,Twickenham,43
3744,702845,Extend free bus travel for people over 60 in England,,Tynemouth,386
3745,702845,Extend free bus travel for people over 60 in England,,Uxbridge and South Ruislip,82
3746,702845,Extend free bus travel for people over 60 in England,,Vauxhall and Camberwell Green,45
3747,702845,Extend free bus travel for people over 60 in England,,Wakefield and Rothwell,227
3748,702845,Extend free bus travel for people over 60 in England,,Wallasey,75
3749,702845,Extend free bus travel for people over 60 in England,,Walsall and Bloxwich,212
3750,702845,Extend free bus travel for people over 60 in England,,Walthamstow,42
3751,702845,Extend free bus travel for people over 60 in England,,Warrington North,242
3752,702845,Extend free bus travel for people over 60 in England,,Warrington South,258
3753,702845,Extend free bus travel for people over 60 in England,,Warwick and Leamington,147
3754,702845,Extend free bus travel for people over 60 in England,,Washington and Gateshead South,341
3755,702845,Extend free bus travel for people over 60 in England,,Watford,139
3756,702845,Extend free bus travel for people over 60 in England,,Waveney Valley,135
3757,702845,Extend free bus travel for people over 60 in England,,Weald of Kent,113
3758,702845,Extend free bus travel for people over 60 in England,,Wellingborough and Rushden,199
3759,702845,Extend free bus travel for people over 60 in England,,Wells and Mendip Hills,118
3760,702845,Extend free bus travel for people over 60 in England,,Welwyn Hatfield,133
3761,702845,Extend free bus travel for people over 60 in England,,West Bromwich,232
3762,702845,Extend free bus travel for people over 60 in England,,West Dorset,195
3763,702845,Extend free bus travel for people over 60 in England,,West Ham and Beckton,44
3764,702845,Extend free bus travel for people over 60 in England,,West Lancashire,289
3765,702845,Extend free bus travel for people over 60 in England,,West Suffolk,150
3766,702845,Extend free bus travel for people over 60 in England,,West Worcestershire,131
3767,702845,Extend free bus travel for people over 60 in England,,Westmorland and Lonsdale,232
3768,702845,Extend free bus travel for people over 60 in England,,Weston-super-Mare,216
3769,702845,Extend free bus travel for people over 60 in England,,Wetherby and Easingwold,146
3770,702845,Extend free bus travel for people over 60 in England,,Whitehaven and Workington,209
3771,702845,Extend free bus travel for people over 60 in England,,Widnes and Halewood,135
3772,702845,Extend free bus travel for people over 60 in England,,Wigan,325
3773,702845,Extend free bus travel for people over 60 in England,,Wimbledon,43
3774,702845,Extend free bus travel for people over 60 in England,,Winchester,113
3775,702845,Extend free bus travel for people over 60 in England,,Windsor,158
3776,702845,Extend free bus travel for people over 60 in England,,Wirral West,78
3777,702845,Extend free bus travel for people over 60 in England,,Witham,149
3778,702845,Extend free bus travel for people over 60 in England,,Witney,151
3779,702845,Extend free bus travel for people over 60 in England,,Woking,153
3780,702845,Extend free bus travel for people over 60 in England,,Wokingham,146
3781,702845,Extend free bus travel for people over 60 in England,,Wolverhampton North East,209
3782,702845,Extend free bus travel for people over 60 in England,,Wolverhampton South East,253
3783,702845,Extend free bus travel for people over 60 in England,,Wolverhampton West,206
3784,702845,Extend free bus travel for people over 60 in England,,Worcester,133
3785,702845,Extend free bus travel for people over 60 in England,,Worsley and Eccles,258
3786,702845,Extend free bus travel for people over 60 in England,,Worthing West,252
3787,702845,Extend free bus travel for people over 60 in England,,Wycombe,125
3788,702845,Extend free bus travel for people over 60 in England,,Wyre Forest,181
3789,702845,Extend free bus travel for people over 60 in England,,Wythenshawe and Sale East,282
3790,702845,Extend free bus travel for people over 60 in England,,Yeovil,171
3791,702845,Extend free bus travel for people over 60 in England,,York Central,237
3792,702845,Extend free bus travel for people over 60 in England,,York Outer,288
3793,702845,Extend free bus travel for people over 60 in England,,Belfast North,4
3794,702845,Extend free bus travel for people over 60 in England,,Belfast South and Mid Down,1
3795,702845,Extend free bus travel for people over 60 in England,,Belfast West,2
3796,702845,Extend free bus travel for people over 60 in England,,East Antrim,3
3797,702845,Extend free bus travel for people over 60 in England,,East Londonderry,6
3798,702845,Extend free bus travel for people over 60 in England,,Fermanagh and South Tyrone,3
3799,702845,Extend free bus travel for people over 60 in England,,Foyle,1
3800,702845,Extend free bus travel for people over 60 in England,,Lagan Valley,4
3801,702845,Extend free bus travel for people over 60 in England,,Mid Ulster,3
3802,702845,Extend free bus travel for people over 60 in England,,Newry and Armagh,2
3803,702845,Extend free bus travel for people over 60 in England,,North Antrim,1
3804,702845,Extend free bus travel for people over 60 in England,,North Down,3
3805,702845,Extend free bus travel for people over 60 in England,,South Antrim,6
3806,702845,Extend free bus travel for people over 60 in England,,South Down,1
3807,702845,Extend free bus travel for people over 60 in England,,Strangford,4
3808,702845,Extend free bus travel for people over 60 in England,,Upper Bann,2
3809,702845,Extend free bus travel for people over 60 in England,,West Tyrone,4
3810,702845,Extend free bus travel for people over 60 in England,,East Renfrewshire,7
3811,702845,Extend free bus travel for people over 60 in England,,Na h-Eileanan an Iar,2
3812,702845,Extend free bus travel for people over 60 in England,,Midlothian,7
3813,702845,Extend free bus travel for people over 60 in England,,North Ayrshire and Arran,13
3814,702845,Extend free bus travel for people over 60 in England,,Orkney and Shetland,5
3815,702845,Extend free bus travel for people over 60 in England,,Aberdeen North,12
3816,702845,Extend free bus travel for people over 60 in England,,Aberdeen South,4
3817,702845,Extend free bus travel for people over 60 in England,,Aberdeenshire North and Moray East,7
3818,702845,Extend free bus travel for people over 60 in England,,Airdrie and Shotts,5
3819,702845,Extend free bus travel for people over 60 in England,,Alloa and Grangemouth,6
3820,702845,Extend free bus travel for people over 60 in England,,Angus and Perthshire Glens,8
3821,702845,Extend free bus travel for people over 60 in England,,Arbroath and Broughty Ferry,8
3822,702845,Extend free bus travel for people over 60 in England,,"Argyll, Bute and South Lochaber",8
3823,702845,Extend free bus travel for people over 60 in England,,Bathgate and Linlithgow,5
3824,702845,Extend free bus travel for people over 60 in England,,"Caithness, Sutherland and Easter Ross",7
3825,702845,Extend free bus travel for people over 60 in England,,Coatbridge and Bellshill,7
3826,702845,Extend free bus travel for people over 60 in England,,Cowdenbeath and Kirkcaldy,9
3827,702845,Extend free bus travel for people over 60 in England,,Cumbernauld and Kirkintilloch,5
3828,702845,Extend free bus travel for people over 60 in England,,Dumfries and Galloway,6
3829,702845,Extend free bus travel for people over 60 in England,,"Dumfriesshire, Clydesdale and Tweeddale",3
3830,702845,Extend free bus travel for people over 60 in England,,Dundee Central,8
3831,702845,Extend free bus travel for people over 60 in England,,Dunfermline and Dollar,8
3832,702845,Extend free bus travel for people over 60 in England,,East Kilbride and Strathaven,10
3833,702845,Extend free bus travel for people over 60 in England,,Edinburgh East and Musselburgh,14
3834,702845,Extend free bus travel for people over 60 in England,,Edinburgh North and Leith,6
3835,702845,Extend free bus travel for people over 60 in England,,Edinburgh South,5
3836,702845,Extend free bus travel for people over 60 in England,,Edinburgh South West,3
3837,702845,Extend free bus travel for people over 60 in England,,Edinburgh West,10
3838,702845,Extend free bus travel for people over 60 in England,,Falkirk,8
3839,702845,Extend free bus travel for people over 60 in England,,Glasgow East,8
3840,702845,Extend free bus travel for people over 60 in England,,Glasgow North,9
3841,702845,Extend free bus travel for people over 60 in England,,Glasgow North East,17
3842,702845,Extend free bus travel for people over 60 in England,,Glasgow South,8
3843,702845,Extend free bus travel for people over 60 in England,,Glasgow South West,8
3844,702845,Extend free bus travel for people over 60 in England,,Glasgow West,6
3845,702845,Extend free bus travel for people over 60 in England,,Glenrothes and Mid Fife,6
3846,702845,Extend free bus travel for people over 60 in England,,Gordon and Buchan,4
3847,702845,Extend free bus travel for people over 60 in England,,Hamilton and Clyde Valley,8
3848,702845,Extend free bus travel for people over 60 in England,,Inverclyde and Renfrewshire West,5
3849,702845,Extend free bus travel for people over 60 in England,,"Inverness, Skye and West Ross-shire",10
3850,702845,Extend free bus travel for people over 60 in England,,Livingston,8
3851,702845,Extend free bus travel for people over 60 in England,,Lothian East,8
3852,702845,Extend free bus travel for people over 60 in England,,Mid Dunbartonshire,6
3853,702845,Extend free bus travel for people over 60 in England,,"Moray West, Nairn and Strathspey",10
3854,702845,Extend free bus travel for people over 60 in England,,"Motherwell, Wishaw and Carluke",8
3855,702845,Extend free bus travel for people over 60 in England,,North East Fife,7
3856,702845,Extend free bus travel for people over 60 in England,,Paisley and Renfrewshire North,3
3857,702845,Extend free bus travel for people over 60 in England,,Paisley and Renfrewshire South,6
3858,702845,Extend free bus travel for people over 60 in England,,Perth and Kinross-shire,7
3859,702845,Extend free bus travel for people over 60 in England,,Rutherglen,2
3860,702845,Extend free bus travel for people over 60 in England,,Stirling and Strathallan,5
3861,702845,Extend free bus travel for people over 60 in England,,West Dunbartonshire,10
3862,702845,Extend free bus travel for people over 60 in England,,"Ayr, Carrick and Cumnock",10
3863,702845,Extend free bus travel for people over 60 in England,,"Berwickshire, Roxburgh and Selkirk",9
3864,702845,Extend free bus travel for people over 60 in England,,Central Ayrshire,8
3865,702845,Extend free bus travel for people over 60 in England,,Kilmarnock and Loudoun,3
3866,702845,Extend free bus travel for people over 60 in England,,West Aberdeenshire and Kincardine,7
3867,702845,Extend free bus travel for people over 60 in England,,Aberafan Maesteg,7
3868,702845,Extend free bus travel for people over 60 in England,,Alyn and Deeside,21
3869,702845,Extend free bus travel for people over 60 in England,,Bangor Aberconwy,13
3870,702845,Extend free bus travel for people over 60 in England,,Blaenau Gwent and Rhymney,6
3871,702845,Extend free bus travel for people over 60 in England,,"Brecon, Radnor and Cwm Tawe",16
3872,702845,Extend free bus travel for people over 60 in England,,Bridgend,9
3873,702845,Extend free bus travel for people over 60 in England,,Caerfyrddin,11
3874,702845,Extend free bus travel for people over 60 in England,,Caerphilly,12
3875,702845,Extend free bus travel for people over 60 in England,,Cardiff East,7
3876,702845,Extend free bus travel for people over 60 in England,,Cardiff North,6
3877,702845,Extend free bus travel for people over 60 in England,,Cardiff South and Penarth,7
3878,702845,Extend free bus travel for people over 60 in England,,Cardiff West,7
3879,702845,Extend free bus travel for people over 60 in England,,Ceredigion Preseli,18
3880,702845,Extend free bus travel for people over 60 in England,,Clwyd East,19
3881,702845,Extend free bus travel for people over 60 in England,,Clwyd North,25
3882,702845,Extend free bus travel for people over 60 in England,,Dwyfor Meirionnydd,9
3883,702845,Extend free bus travel for people over 60 in England,,Gower,9
3884,702845,Extend free bus travel for people over 60 in England,,Llanelli,5
3885,702845,Extend free bus travel for people over 60 in England,,Merthyr Tydfil and Aberdare,7
3886,702845,Extend free bus travel for people over 60 in England,,Mid and South Pembrokeshire,6
3887,702845,Extend free bus travel for people over 60 in England,,Monmouthshire,14
3888,702845,Extend free bus travel for people over 60 in England,,Montgomeryshire and Glyndŵr,12
3889,702845,Extend free bus travel for people over 60 in England,,Neath and Swansea East,7
3890,702845,Extend free bus travel for people over 60 in England,,Newport East,12
3891,702845,Extend free bus travel for people over 60 in England,,Newport West and Islwyn,7
3892,702845,Extend free bus travel for people over 60 in England,,Pontypridd,7
3893,702845,Extend free bus travel for people over 60 in England,,Rhondda and Ogmore,3
3894,702845,Extend free bus travel for people over 60 in England,,Swansea West,3
3895,702845,Extend free bus travel for people over 60 in England,,Torfaen,8
3896,702845,Extend free bus travel for people over 60 in England,,Vale of Glamorgan,8
3897,702845,Extend free bus travel for people over 60 in England,,Wrexham,8
3898,702845,Extend free bus travel for people over 60 in England,,Ynys Môn,4
3899,730605,Mandatory collection and publication of certain child sexual offender data,,Aldershot,439
3900,730605,Mandatory collection and publication of certain child sexual offender data,,Aldridge-Brownhills,488
3901,730605,Mandatory collection and publication of certain child sexual offender data,,Altrincham and Sale West,372
3902,730605,Mandatory collection and publication of certain child sexual offender data,,Amber Valley,450
3903,730605,Mandatory collection and publication of certain child sexual offender data,,Arundel and South Downs,399
3904,730605,Mandatory collection and publication of certain child sexual offender data,,Ashfield,540
3905,730605,Mandatory collection and publication of certain child sexual offender data,,Ashford,502
3906,730605,Mandatory collection and publication of certain child sexual offender data,,Ashton-under-Lyne,446
3907,730605,Mandatory collection and publication of certain child sexual offender data,,Aylesbury,370
3908,730605,Mandatory collection and publication of certain child sexual offender data,,Banbury,365
3909,730605,Mandatory collection and publication of certain child sexual offender data,,Barking,196
3910,730605,Mandatory collection and publication of certain child sexual offender data,,Barnsley North,552
3911,730605,Mandatory collection and publication of certain child sexual offender data,,Barnsley South,545
3912,730605,Mandatory collection and publication of certain child sexual offender data,,Barrow and Furness,741
3913,730605,Mandatory collection and publication of certain child sexual offender data,,Basildon and Billericay,517
3914,730605,Mandatory collection and publication of certain child sexual offender data,,Basingstoke,415
3915,730605,Mandatory collection and publication of certain child sexual offender data,,Bassetlaw,623
3916,730605,Mandatory collection and publication of certain child sexual offender data,,Bath,204
3917,730605,Mandatory collection and publication of certain child sexual offender data,,Battersea,147
3918,730605,Mandatory collection and publication of certain child sexual offender data,,Beaconsfield,330
3919,730605,Mandatory collection and publication of certain child sexual offender data,,Beckenham and Penge,235
3920,730605,Mandatory collection and publication of certain child sexual offender data,,Bedford,228
3921,730605,Mandatory collection and publication of certain child sexual offender data,,Bermondsey and Old Southwark,158
3922,730605,Mandatory collection and publication of certain child sexual offender data,,Bethnal Green and Stepney,105
3923,730605,Mandatory collection and publication of certain child sexual offender data,,Beverley and Holderness,513
3924,730605,Mandatory collection and publication of certain child sexual offender data,,Bexhill and Battle,444
3925,730605,Mandatory collection and publication of certain child sexual offender data,,Bexleyheath and Crayford,384
3926,730605,Mandatory collection and publication of certain child sexual offender data,,Bicester and Woodstock,313
3927,730605,Mandatory collection and publication of certain child sexual offender data,,Birkenhead,490
3928,730605,Mandatory collection and publication of certain child sexual offender data,,Birmingham Edgbaston,239
3929,730605,Mandatory collection and publication of certain child sexual offender data,,Birmingham Erdington,404
3930,730605,Mandatory collection and publication of certain child sexual offender data,,Birmingham Hall Green and Moseley,122
3931,730605,Mandatory collection and publication of certain child sexual offender data,,Birmingham Hodge Hill and Solihull North,339
3932,730605,Mandatory collection and publication of certain child sexual offender data,,Birmingham Ladywood,106
3933,730605,Mandatory collection and publication of certain child sexual offender data,,Birmingham Northfield,389
3934,730605,Mandatory collection and publication of certain child sexual offender data,,Birmingham Perry Barr,104
3935,730605,Mandatory collection and publication of certain child sexual offender data,,Birmingham Selly Oak,259
3936,730605,Mandatory collection and publication of certain child sexual offender data,,Birmingham Yardley,263
3937,730605,Mandatory collection and publication of certain child sexual offender data,,Bishop Auckland,577
3938,730605,Mandatory collection and publication of certain child sexual offender data,,Blackburn,308
3939,730605,Mandatory collection and publication of certain child sexual offender data,,Blackley and Middleton South,404
3940,730605,Mandatory collection and publication of certain child sexual offender data,,Blackpool North and Fleetwood,677
3941,730605,Mandatory collection and publication of certain child sexual offender data,,Blackpool South,588
3942,730605,Mandatory collection and publication of certain child sexual offender data,,Blaydon and Consett,603
3943,730605,Mandatory collection and publication of certain child sexual offender data,,Blyth and Ashington,668
3944,730605,Mandatory collection and publication of certain child sexual offender data,,Bognor Regis and Littlehampton,480
3945,730605,Mandatory collection and publication of certain child sexual offender data,,Bolsover,597
3946,730605,Mandatory collection and publication of certain child sexual offender data,,Bolton North East,526
3947,730605,Mandatory collection and publication of certain child sexual offender data,,Bolton South and Walkden,428
3948,730605,Mandatory collection and publication of certain child sexual offender data,,Bolton West,509
3949,730605,Mandatory collection and publication of certain child sexual offender data,,Bootle,438
3950,730605,Mandatory collection and publication of certain child sexual offender data,,Boston and Skegness,533
3951,730605,Mandatory collection and publication of certain child sexual offender data,,Bournemouth East,456
3952,730605,Mandatory collection and publication of certain child sexual offender data,,Bournemouth West,451
3953,730605,Mandatory collection and publication of certain child sexual offender data,,Bracknell,381
3954,730605,Mandatory collection and publication of certain child sexual offender data,,Bradford East,329
3955,730605,Mandatory collection and publication of certain child sexual offender data,,Bradford South,478
3956,730605,Mandatory collection and publication of certain child sexual offender data,,Bradford West,185
3957,730605,Mandatory collection and publication of certain child sexual offender data,,Braintree,597
3958,730605,Mandatory collection and publication of certain child sexual offender data,,Brent East,92
3959,730605,Mandatory collection and publication of certain child sexual offender data,,Brent West,89
3960,730605,Mandatory collection and publication of certain child sexual offender data,,Brentford and Isleworth,201
3961,730605,Mandatory collection and publication of certain child sexual offender data,,Brentwood and Ongar,635
3962,730605,Mandatory collection and publication of certain child sexual offender data,,Bridgwater,458
3963,730605,Mandatory collection and publication of certain child sexual offender data,,Bridlington and The Wolds,594
3964,730605,Mandatory collection and publication of certain child sexual offender data,,Brigg and Immingham,546
3965,730605,Mandatory collection and publication of certain child sexual offender data,,Brighton Kemptown and Peacehaven,304
3966,730605,Mandatory collection and publication of certain child sexual offender data,,Brighton Pavilion,220
3967,730605,Mandatory collection and publication of certain child sexual offender data,,Bristol Central,101
3968,730605,Mandatory collection and publication of certain child sexual offender data,,Bristol East,264
3969,730605,Mandatory collection and publication of certain child sexual offender data,,Bristol North East,277
3970,730605,Mandatory collection and publication of certain child sexual offender data,,Bristol North West,282
3971,730605,Mandatory collection and publication of certain child sexual offender data,,Bristol South,376
3972,730605,Mandatory collection and publication of certain child sexual offender data,,Broadland and Fakenham,503
3973,730605,Mandatory collection and publication of certain child sexual offender data,,Bromley and Biggin Hill,309
3974,730605,Mandatory collection and publication of certain child sexual offender data,,Bromsgrove,439
3975,730605,Mandatory collection and publication of certain child sexual offender data,,Broxbourne,459
3976,730605,Mandatory collection and publication of certain child sexual offender data,,Broxtowe,370
3977,730605,Mandatory collection and publication of certain child sexual offender data,,Buckingham and Bletchley,380
3978,730605,Mandatory collection and publication of certain child sexual offender data,,Burnley,570
3979,730605,Mandatory collection and publication of certain child sexual offender data,,Burton and Uttoxeter,420
3980,730605,Mandatory collection and publication of certain child sexual offender data,,Bury North,498
3981,730605,Mandatory collection and publication of certain child sexual offender data,,Bury South,389
3982,730605,Mandatory collection and publication of certain child sexual offender data,,Bury St Edmunds and Stowmarket,433
3983,730605,Mandatory collection and publication of certain child sexual offender data,,Calder Valley,525
3984,730605,Mandatory collection and publication of certain child sexual offender data,,Camborne and Redruth,409
3985,730605,Mandatory collection and publication of certain child sexual offender data,,Cambridge,160
3986,730605,Mandatory collection and publication of certain child sexual offender data,,Cannock Chase,569
3987,730605,Mandatory collection and publication of certain child sexual offender data,,Canterbury,327
3988,730605,Mandatory collection and publication of certain child sexual offender data,,Carlisle,613
3989,730605,Mandatory collection and publication of certain child sexual offender data,,Carshalton and Wallington,325
3990,730605,Mandatory collection and publication of certain child sexual offender data,,Castle Point,644
3991,730605,Mandatory collection and publication of certain child sexual offender data,,Central Devon,420
3992,730605,Mandatory collection and publication of certain child sexual offender data,,Central Suffolk and North Ipswich,400
3993,730605,Mandatory collection and publication of certain child sexual offender data,,Chatham and Aylesford,436
3994,730605,Mandatory collection and publication of certain child sexual offender data,,Cheadle,371
3995,730605,Mandatory collection and publication of certain child sexual offender data,,Chelmsford,469
3996,730605,Mandatory collection and publication of certain child sexual offender data,,Chelsea and Fulham,235
3997,730605,Mandatory collection and publication of certain child sexual offender data,,Cheltenham,343
3998,730605,Mandatory collection and publication of certain child sexual offender data,,Chesham and Amersham,302
3999,730605,Mandatory collection and publication of certain child sexual offender data,,Chester North and Neston,330
4000,730605,Mandatory collection and publication of certain child sexual offender data,,Chester South and Eddisbury,370
4001,730605,Mandatory collection and publication of certain child sexual offender data,,Chesterfield,416
4002,730605,Mandatory collection and publication of certain child sexual offender data,,Chichester,459
4003,730605,Mandatory collection and publication of certain child sexual offender data,,Chingford and Woodford Green,310
4004,730605,Mandatory collection and publication of certain child sexual offender data,,Chippenham,351
4005,730605,Mandatory collection and publication of certain child sexual offender data,,Chipping Barnet,186
4006,730605,Mandatory collection and publication of certain child sexual offender data,,Chorley,520
4007,730605,Mandatory collection and publication of certain child sexual offender data,,Christchurch,463
4008,730605,Mandatory collection and publication of certain child sexual offender data,,Cities of London and Westminster,249
4009,730605,Mandatory collection and publication of certain child sexual offender data,,City of Durham,421
4010,730605,Mandatory collection and publication of certain child sexual offender data,,Clacton,646
4011,730605,Mandatory collection and publication of certain child sexual offender data,,Clapham and Brixton Hill,78
4012,730605,Mandatory collection and publication of certain child sexual offender data,,Colchester,427
4013,730605,Mandatory collection and publication of certain child sexual offender data,,Colne Valley,479
4014,730605,Mandatory collection and publication of certain child sexual offender data,,Congleton,468
4015,730605,Mandatory collection and publication of certain child sexual offender data,,Corby and East Northamptonshire,465
4016,730605,Mandatory collection and publication of certain child sexual offender data,,Coventry East,323
4017,730605,Mandatory collection and publication of certain child sexual offender data,,Coventry North West,384
4018,730605,Mandatory collection and publication of certain child sexual offender data,,Coventry South,296
4019,730605,Mandatory collection and publication of certain child sexual offender data,,Cramlington and Killingworth,564
4020,730605,Mandatory collection and publication of certain child sexual offender data,,Crawley,412
4021,730605,Mandatory collection and publication of certain child sexual offender data,,Crewe and Nantwich,517
4022,730605,Mandatory collection and publication of certain child sexual offender data,,Croydon East,238
4023,730605,Mandatory collection and publication of certain child sexual offender data,,Croydon South,256
4024,730605,Mandatory collection and publication of certain child sexual offender data,,Croydon West,116
4025,730605,Mandatory collection and publication of certain child sexual offender data,,Dagenham and Rainham,352
4026,730605,Mandatory collection and publication of certain child sexual offender data,,Darlington,519
4027,730605,Mandatory collection and publication of certain child sexual offender data,,Dartford,419
4028,730605,Mandatory collection and publication of certain child sexual offender data,,Daventry,519
4029,730605,Mandatory collection and publication of certain child sexual offender data,,Derby North,376
4030,730605,Mandatory collection and publication of certain child sexual offender data,,Derby South,345
4031,730605,Mandatory collection and publication of certain child sexual offender data,,Derbyshire Dales,395
4032,730605,Mandatory collection and publication of certain child sexual offender data,,Dewsbury and Batley,348
4033,730605,Mandatory collection and publication of certain child sexual offender data,,Didcot and Wantage,341
4034,730605,Mandatory collection and publication of certain child sexual offender data,,Doncaster Central,498
4035,730605,Mandatory collection and publication of certain child sexual offender data,,Doncaster East and the Isle of Axholme,601
4036,730605,Mandatory collection and publication of certain child sexual offender data,,Doncaster North,566
4037,730605,Mandatory collection and publication of certain child sexual offender data,,Dorking and Horley,346
4038,730605,Mandatory collection and publication of certain child sexual offender data,,Dover and Deal,488
4039,730605,Mandatory collection and publication of certain child sexual offender data,,Droitwich and Evesham,429
4040,730605,Mandatory collection and publication of certain child sexual offender data,,Dudley,398
4041,730605,Mandatory collection and publication of certain child sexual offender data,,Dulwich and West Norwood,105
4042,730605,Mandatory collection and publication of certain child sexual offender data,,Dunstable and Leighton Buzzard,408
4043,730605,Mandatory collection and publication of certain child sexual offender data,,Ealing Central and Acton,179
4044,730605,Mandatory collection and publication of certain child sexual offender data,,Ealing North,140
4045,730605,Mandatory collection and publication of certain child sexual offender data,,Ealing Southall,102
4046,730605,Mandatory collection and publication of certain child sexual offender data,,Earley and Woodley,246
4047,730605,Mandatory collection and publication of certain child sexual offender data,,Easington,619
4048,730605,Mandatory collection and publication of certain child sexual offender data,,East Grinstead and Uckfield,416
4049,730605,Mandatory collection and publication of certain child sexual offender data,,East Ham,51
4050,730605,Mandatory collection and publication of certain child sexual offender data,,East Hampshire,384
4051,730605,Mandatory collection and publication of certain child sexual offender data,,East Surrey,372
4052,730605,Mandatory collection and publication of certain child sexual offender data,,East Thanet,472
4053,730605,Mandatory collection and publication of certain child sexual offender data,,East Wiltshire,409
4054,730605,Mandatory collection and publication of certain child sexual offender data,,East Worthing and Shoreham,405
4055,730605,Mandatory collection and publication of certain child sexual offender data,,Eastbourne,408
4056,730605,Mandatory collection and publication of certain child sexual offender data,,Eastleigh,391
4057,730605,Mandatory collection and publication of certain child sexual offender data,,Edmonton and Winchmore Hill,117
4058,730605,Mandatory collection and publication of certain child sexual offender data,,Ellesmere Port and Bromborough,515
4059,730605,Mandatory collection and publication of certain child sexual offender data,,Eltham and Chislehurst,342
4060,730605,Mandatory collection and publication of certain child sexual offender data,,Ely and East Cambridgeshire,376
4061,730605,Mandatory collection and publication of certain child sexual offender data,,Enfield North,237
4062,730605,Mandatory collection and publication of certain child sexual offender data,,Epping Forest,557
4063,730605,Mandatory collection and publication of certain child sexual offender data,,Epsom and Ewell,309
4064,730605,Mandatory collection and publication of certain child sexual offender data,,Erewash,523
4065,730605,Mandatory collection and publication of certain child sexual offender data,,Erith and Thamesmead,252
4066,730605,Mandatory collection and publication of certain child sexual offender data,,Esher and Walton,282
4067,730605,Mandatory collection and publication of certain child sexual offender data,,Exeter,334
4068,730605,Mandatory collection and publication of certain child sexual offender data,,Exmouth and Exeter East,442
4069,730605,Mandatory collection and publication of certain child sexual offender data,,Fareham and Waterlooville,552
4070,730605,Mandatory collection and publication of certain child sexual offender data,,Farnham and Bordon,346
4071,730605,Mandatory collection and publication of certain child sexual offender data,,Faversham and Mid Kent,444
4072,730605,Mandatory collection and publication of certain child sexual offender data,,Feltham and Heston,184
4073,730605,Mandatory collection and publication of certain child sexual offender data,,Filton and Bradley Stoke,325
4074,730605,Mandatory collection and publication of certain child sexual offender data,,Finchley and Golders Green,141
4075,730605,Mandatory collection and publication of certain child sexual offender data,,Folkestone and Hythe,461
4076,730605,Mandatory collection and publication of certain child sexual offender data,,Forest of Dean,396
4077,730605,Mandatory collection and publication of certain child sexual offender data,,Frome and East Somerset,305
4078,730605,Mandatory collection and publication of certain child sexual offender data,,Fylde,635
4079,730605,Mandatory collection and publication of certain child sexual offender data,,Gainsborough,491
4080,730605,Mandatory collection and publication of certain child sexual offender data,,Gateshead Central and Whickham,512
4081,730605,Mandatory collection and publication of certain child sexual offender data,,Gedling,406
4082,730605,Mandatory collection and publication of certain child sexual offender data,,Gillingham and Rainham,421
4083,730605,Mandatory collection and publication of certain child sexual offender data,,Glastonbury and Somerton,386
4084,730605,Mandatory collection and publication of certain child sexual offender data,,Gloucester,341
4085,730605,Mandatory collection and publication of certain child sexual offender data,,Godalming and Ash,325
4086,730605,Mandatory collection and publication of certain child sexual offender data,,Goole and Pocklington,528
4087,730605,Mandatory collection and publication of certain child sexual offender data,,Gorton and Denton,360
4088,730605,Mandatory collection and publication of certain child sexual offender data,,Gosport,541
4089,730605,Mandatory collection and publication of certain child sexual offender data,,Grantham and Bourne,497
4090,730605,Mandatory collection and publication of certain child sexual offender data,,Gravesham,384
4091,730605,Mandatory collection and publication of certain child sexual offender data,,Great Grimsby and Cleethorpes,559
4092,730605,Mandatory collection and publication of certain child sexual offender data,,Great Yarmouth,1293
4093,730605,Mandatory collection and publication of certain child sexual offender data,,Greenwich and Woolwich,156
4094,730605,Mandatory collection and publication of certain child sexual offender data,,Guildford,262
4095,730605,Mandatory collection and publication of certain child sexual offender data,,Hackney North and Stoke Newington,75
4096,730605,Mandatory collection and publication of certain child sexual offender data,,Hackney South and Shoreditch,104
4097,730605,Mandatory collection and publication of certain child sexual offender data,,Halesowen,391
4098,730605,Mandatory collection and publication of certain child sexual offender data,,Halifax,477
4099,730605,Mandatory collection and publication of certain child sexual offender data,,Hamble Valley,497
4100,730605,Mandatory collection and publication of certain child sexual offender data,,Hammersmith and Chiswick,171
4101,730605,Mandatory collection and publication of certain child sexual offender data,,Hampstead and Highgate,152
4102,730605,Mandatory collection and publication of certain child sexual offender data,,"Harborough, Oadby and Wigston",340
4103,730605,Mandatory collection and publication of certain child sexual offender data,,Harlow,564
4104,730605,Mandatory collection and publication of certain child sexual offender data,,Harpenden and Berkhamsted,293
4105,730605,Mandatory collection and publication of certain child sexual offender data,,Harrogate and Knaresborough,411
4106,730605,Mandatory collection and publication of certain child sexual offender data,,Harrow East,132
4107,730605,Mandatory collection and publication of certain child sexual offender data,,Harrow West,120
4108,730605,Mandatory collection and publication of certain child sexual offender data,,Hartlepool,645
4109,730605,Mandatory collection and publication of certain child sexual offender data,,Harwich and North Essex,499
4110,730605,Mandatory collection and publication of certain child sexual offender data,,Hastings and Rye,426
4111,730605,Mandatory collection and publication of certain child sexual offender data,,Havant,553
4112,730605,Mandatory collection and publication of certain child sexual offender data,,Hayes and Harlington,163
4113,730605,Mandatory collection and publication of certain child sexual offender data,,Hazel Grove,546
4114,730605,Mandatory collection and publication of certain child sexual offender data,,Hemel Hempstead,396
4115,730605,Mandatory collection and publication of certain child sexual offender data,,Hendon,161
4116,730605,Mandatory collection and publication of certain child sexual offender data,,Henley and Thame,303
4117,730605,Mandatory collection and publication of certain child sexual offender data,,Hereford and South Herefordshire,396
4118,730605,Mandatory collection and publication of certain child sexual offender data,,Herne Bay and Sandwich,521
4119,730605,Mandatory collection and publication of certain child sexual offender data,,Hertford and Stortford,448
4120,730605,Mandatory collection and publication of certain child sexual offender data,,Hertsmere,331
4121,730605,Mandatory collection and publication of certain child sexual offender data,,Hexham,532
4122,730605,Mandatory collection and publication of certain child sexual offender data,,Heywood and Middleton North,729
4123,730605,Mandatory collection and publication of certain child sexual offender data,,High Peak,516
4124,730605,Mandatory collection and publication of certain child sexual offender data,,Hinckley and Bosworth,464
4125,730605,Mandatory collection and publication of certain child sexual offender data,,Hitchin,384
4126,730605,Mandatory collection and publication of certain child sexual offender data,,Holborn and St Pancras,151
4127,730605,Mandatory collection and publication of certain child sexual offender data,,Honiton and Sidmouth,376
4128,730605,Mandatory collection and publication of certain child sexual offender data,,Hornchurch and Upminster,527
4129,730605,Mandatory collection and publication of certain child sexual offender data,,Hornsey and Friern Barnet,94
4130,730605,Mandatory collection and publication of certain child sexual offender data,,Horsham,380
4131,730605,Mandatory collection and publication of certain child sexual offender data,,Houghton and Sunderland South,810
4132,730605,Mandatory collection and publication of certain child sexual offender data,,Hove and Portslade,223
4133,730605,Mandatory collection and publication of certain child sexual offender data,,Huddersfield,350
4134,730605,Mandatory collection and publication of certain child sexual offender data,,Huntingdon,429
4135,730605,Mandatory collection and publication of certain child sexual offender data,,Hyndburn,495
4136,730605,Mandatory collection and publication of certain child sexual offender data,,Ilford North,151
4137,730605,Mandatory collection and publication of certain child sexual offender data,,Ilford South,102
4138,730605,Mandatory collection and publication of certain child sexual offender data,,Ipswich,331
4139,730605,Mandatory collection and publication of certain child sexual offender data,,Isle of Wight East,386
4140,730605,Mandatory collection and publication of certain child sexual offender data,,Isle of Wight West,352
4141,730605,Mandatory collection and publication of certain child sexual offender data,,Islington North,122
4142,730605,Mandatory collection and publication of certain child sexual offender data,,Islington South and Finsbury,202
4143,730605,Mandatory collection and publication of certain child sexual offender data,,Jarrow and Gateshead East,651
4144,730605,Mandatory collection and publication of certain child sexual offender data,,Keighley and Ilkley,487
4145,730605,Mandatory collection and publication of certain child sexual offender data,,Kenilworth and Southam,391
4146,730605,Mandatory collection and publication of certain child sexual offender data,,Kensington and Bayswater,193
4147,730605,Mandatory collection and publication of certain child sexual offender data,,Kettering,446
4148,730605,Mandatory collection and publication of certain child sexual offender data,,Kingston and Surbiton,232
4149,730605,Mandatory collection and publication of certain child sexual offender data,,Kingston upon Hull East,479
4150,730605,Mandatory collection and publication of certain child sexual offender data,,Kingston upon Hull North and Cottingham,492
4151,730605,Mandatory collection and publication of certain child sexual offender data,,Kingston upon Hull West and Haltemprice,564
4152,730605,Mandatory collection and publication of certain child sexual offender data,,Kingswinford and South Staffordshire,429
4153,730605,Mandatory collection and publication of certain child sexual offender data,,Knowsley,398
4154,730605,Mandatory collection and publication of certain child sexual offender data,,Lancaster and Wyre,543
4155,730605,Mandatory collection and publication of certain child sexual offender data,,Leeds Central and Headingley,172
4156,730605,Mandatory collection and publication of certain child sexual offender data,,Leeds East,482
4157,730605,Mandatory collection and publication of certain child sexual offender data,,Leeds North East,226
4158,730605,Mandatory collection and publication of certain child sexual offender data,,Leeds North West,423
4159,730605,Mandatory collection and publication of certain child sexual offender data,,Leeds South,445
4160,730605,Mandatory collection and publication of certain child sexual offender data,,Leeds South West and Morley,620
4161,730605,Mandatory collection and publication of certain child sexual offender data,,Leeds West and Pudsey,451
4162,730605,Mandatory collection and publication of certain child sexual offender data,,Leicester East,120
4163,730605,Mandatory collection and publication of certain child sexual offender data,,Leicester South,146
4164,730605,Mandatory collection and publication of certain child sexual offender data,,Leicester West,288
4165,730605,Mandatory collection and publication of certain child sexual offender data,,Leigh and Atherton,635
4166,730605,Mandatory collection and publication of certain child sexual offender data,,Lewes,389
4167,730605,Mandatory collection and publication of certain child sexual offender data,,Lewisham East,140
4168,730605,Mandatory collection and publication of certain child sexual offender data,,Lewisham North,107
4169,730605,Mandatory collection and publication of certain child sexual offender data,,Lewisham West and East Dulwich,87
4170,730605,Mandatory collection and publication of certain child sexual offender data,,Leyton and Wanstead,140
4171,730605,Mandatory collection and publication of certain child sexual offender data,,Lichfield,459
4172,730605,Mandatory collection and publication of certain child sexual offender data,,Lincoln,441
4173,730605,Mandatory collection and publication of certain child sexual offender data,,Liverpool Garston,409
4174,730605,Mandatory collection and publication of certain child sexual offender data,,Liverpool Riverside,292
4175,730605,Mandatory collection and publication of certain child sexual offender data,,Liverpool Walton,426
4176,730605,Mandatory collection and publication of certain child sexual offender data,,Liverpool Wavertree,259
4177,730605,Mandatory collection and publication of certain child sexual offender data,,Liverpool West Derby,390
4178,730605,Mandatory collection and publication of certain child sexual offender data,,Loughborough,314
4179,730605,Mandatory collection and publication of certain child sexual offender data,,Louth and Horncastle,589
4180,730605,Mandatory collection and publication of certain child sexual offender data,,Lowestoft,608
4181,730605,Mandatory collection and publication of certain child sexual offender data,,Luton North,208
4182,730605,Mandatory collection and publication of certain child sexual offender data,,Luton South and South Bedfordshire,222
4183,730605,Mandatory collection and publication of certain child sexual offender data,,Macclesfield,361
4184,730605,Mandatory collection and publication of certain child sexual offender data,,Maidenhead,322
4185,730605,Mandatory collection and publication of certain child sexual offender data,,Maidstone and Malling,434
4186,730605,Mandatory collection and publication of certain child sexual offender data,,Makerfield,596
4187,730605,Mandatory collection and publication of certain child sexual offender data,,Maldon,609
4188,730605,Mandatory collection and publication of certain child sexual offender data,,Manchester Central,388
4189,730605,Mandatory collection and publication of certain child sexual offender data,,Manchester Rusholme,92
4190,730605,Mandatory collection and publication of certain child sexual offender data,,Manchester Withington,154
4191,730605,Mandatory collection and publication of certain child sexual offender data,,Mansfield,456
4192,730605,Mandatory collection and publication of certain child sexual offender data,,Melksham and Devizes,347
4193,730605,Mandatory collection and publication of certain child sexual offender data,,Melton and Syston,424
4194,730605,Mandatory collection and publication of certain child sexual offender data,,Meriden and Solihull East,476
4195,730605,Mandatory collection and publication of certain child sexual offender data,,Mid Bedfordshire,368
4196,730605,Mandatory collection and publication of certain child sexual offender data,,Mid Buckinghamshire,352
4197,730605,Mandatory collection and publication of certain child sexual offender data,,Mid Cheshire,478
4198,730605,Mandatory collection and publication of certain child sexual offender data,,Mid Derbyshire,423
4199,730605,Mandatory collection and publication of certain child sexual offender data,,Mid Dorset and North Poole,473
4200,730605,Mandatory collection and publication of certain child sexual offender data,,Mid Leicestershire,401
4201,730605,Mandatory collection and publication of certain child sexual offender data,,Mid Norfolk,480
4202,730605,Mandatory collection and publication of certain child sexual offender data,,Mid Sussex,346
4203,730605,Mandatory collection and publication of certain child sexual offender data,,Middlesbrough and Thornaby East,564
4204,730605,Mandatory collection and publication of certain child sexual offender data,,Middlesbrough South and East Cleveland,731
4205,730605,Mandatory collection and publication of certain child sexual offender data,,Milton Keynes Central,342
4206,730605,Mandatory collection and publication of certain child sexual offender data,,Milton Keynes North,404
4207,730605,Mandatory collection and publication of certain child sexual offender data,,Mitcham and Morden,180
4208,730605,Mandatory collection and publication of certain child sexual offender data,,Morecambe and Lunesdale,630
4209,730605,Mandatory collection and publication of certain child sexual offender data,,New Forest East,491
4210,730605,Mandatory collection and publication of certain child sexual offender data,,New Forest West,398
4211,730605,Mandatory collection and publication of certain child sexual offender data,,Newark,511
4212,730605,Mandatory collection and publication of certain child sexual offender data,,Newbury,370
4213,730605,Mandatory collection and publication of certain child sexual offender data,,Newcastle upon Tyne Central and West,630
4214,730605,Mandatory collection and publication of certain child sexual offender data,,Newcastle upon Tyne East and Wallsend,557
4215,730605,Mandatory collection and publication of certain child sexual offender data,,Newcastle upon Tyne North,404
4216,730605,Mandatory collection and publication of certain child sexual offender data,,Newcastle-under-Lyme,445
4217,730605,Mandatory collection and publication of certain child sexual offender data,,Newton Abbot,434
4218,730605,Mandatory collection and publication of certain child sexual offender data,,Newton Aycliffe and Spennymoor,602
4219,730605,Mandatory collection and publication of certain child sexual offender data,,Normanton and Hemsworth,644
4220,730605,Mandatory collection and publication of certain child sexual offender data,,North Bedfordshire,460
4221,730605,Mandatory collection and publication of certain child sexual offender data,,North Cornwall,461
4222,730605,Mandatory collection and publication of certain child sexual offender data,,North Cotswolds,347
4223,730605,Mandatory collection and publication of certain child sexual offender data,,North Devon,484
4224,730605,Mandatory collection and publication of certain child sexual offender data,,North Dorset,433
4225,730605,Mandatory collection and publication of certain child sexual offender data,,North Durham,576
4226,730605,Mandatory collection and publication of certain child sexual offender data,,North East Cambridgeshire,516
4227,730605,Mandatory collection and publication of certain child sexual offender data,,North East Derbyshire,501
4228,730605,Mandatory collection and publication of certain child sexual offender data,,North East Hampshire,426
4229,730605,Mandatory collection and publication of certain child sexual offender data,,North East Hertfordshire,442
4230,730605,Mandatory collection and publication of certain child sexual offender data,,North East Somerset and Hanham,381
4231,730605,Mandatory collection and publication of certain child sexual offender data,,North Herefordshire,418
4232,730605,Mandatory collection and publication of certain child sexual offender data,,North Norfolk,496
4233,730605,Mandatory collection and publication of certain child sexual offender data,,North Northumberland,527
4234,730605,Mandatory collection and publication of certain child sexual offender data,,North Shropshire,519
4235,730605,Mandatory collection and publication of certain child sexual offender data,,North Somerset,315
4236,730605,Mandatory collection and publication of certain child sexual offender data,,North Warwickshire and Bedworth,542
4237,730605,Mandatory collection and publication of certain child sexual offender data,,North West Cambridgeshire,475
4238,730605,Mandatory collection and publication of certain child sexual offender data,,North West Essex,565
4239,730605,Mandatory collection and publication of certain child sexual offender data,,North West Hampshire,411
4240,730605,Mandatory collection and publication of certain child sexual offender data,,North West Leicestershire,481
4241,730605,Mandatory collection and publication of certain child sexual offender data,,North West Norfolk,434
4242,730605,Mandatory collection and publication of certain child sexual offender data,,Northampton North,358
4243,730605,Mandatory collection and publication of certain child sexual offender data,,Northampton South,347
4244,730605,Mandatory collection and publication of certain child sexual offender data,,Norwich North,472
4245,730605,Mandatory collection and publication of certain child sexual offender data,,Norwich South,352
4246,730605,Mandatory collection and publication of certain child sexual offender data,,Nottingham East,177
4247,730605,Mandatory collection and publication of certain child sexual offender data,,Nottingham North and Kimberley,297
4248,730605,Mandatory collection and publication of certain child sexual offender data,,Nottingham South,262
4249,730605,Mandatory collection and publication of certain child sexual offender data,,Nuneaton,451
4250,730605,Mandatory collection and publication of certain child sexual offender data,,Old Bexley and Sidcup,415
4251,730605,Mandatory collection and publication of certain child sexual offender data,,Oldham East and Saddleworth,695
4252,730605,Mandatory collection and publication of certain child sexual offender data,,"Oldham West, Chadderton and Royton",539
4253,730605,Mandatory collection and publication of certain child sexual offender data,,Orpington,355
4254,730605,Mandatory collection and publication of certain child sexual offender data,,Ossett and Denby Dale,556
4255,730605,Mandatory collection and publication of certain child sexual offender data,,Oxford East,166
4256,730605,Mandatory collection and publication of certain child sexual offender data,,Oxford West and Abingdon,218
4257,730605,Mandatory collection and publication of certain child sexual offender data,,Peckham,91
4258,730605,Mandatory collection and publication of certain child sexual offender data,,Pendle and Clitheroe,568
4259,730605,Mandatory collection and publication of certain child sexual offender data,,Penistone and Stocksbridge,554
4260,730605,Mandatory collection and publication of certain child sexual offender data,,Penrith and Solway,495
4261,730605,Mandatory collection and publication of certain child sexual offender data,,Peterborough,314
4262,730605,Mandatory collection and publication of certain child sexual offender data,,Plymouth Moor View,548
4263,730605,Mandatory collection and publication of certain child sexual offender data,,Plymouth Sutton and Devonport,494
4264,730605,Mandatory collection and publication of certain child sexual offender data,,"Pontefract, Castleford and Knottingley",542
4265,730605,Mandatory collection and publication of certain child sexual offender data,,Poole,430
4266,730605,Mandatory collection and publication of certain child sexual offender data,,Poplar and Limehouse,206
4267,730605,Mandatory collection and publication of certain child sexual offender data,,Portsmouth North,601
4268,730605,Mandatory collection and publication of certain child sexual offender data,,Portsmouth South,399
4269,730605,Mandatory collection and publication of certain child sexual offender data,,Preston,382
4270,730605,Mandatory collection and publication of certain child sexual offender data,,Putney,193
4271,730605,Mandatory collection and publication of certain child sexual offender data,,Queen's Park and Maida Vale,115
4272,730605,Mandatory collection and publication of certain child sexual offender data,,Rawmarsh and Conisbrough,529
4273,730605,Mandatory collection and publication of certain child sexual offender data,,Rayleigh and Wickford,639
4274,730605,Mandatory collection and publication of certain child sexual offender data,,Reading Central,214
4275,730605,Mandatory collection and publication of certain child sexual offender data,,Reading West and Mid Berkshire,311
4276,730605,Mandatory collection and publication of certain child sexual offender data,,Redcar,768
4277,730605,Mandatory collection and publication of certain child sexual offender data,,Redditch,445
4278,730605,Mandatory collection and publication of certain child sexual offender data,,Reigate,377
4279,730605,Mandatory collection and publication of certain child sexual offender data,,Ribble Valley,557
4280,730605,Mandatory collection and publication of certain child sexual offender data,,Richmond and Northallerton,540
4281,730605,Mandatory collection and publication of certain child sexual offender data,,Richmond Park,210
4282,730605,Mandatory collection and publication of certain child sexual offender data,,Rochdale,770
4283,730605,Mandatory collection and publication of certain child sexual offender data,,Rochester and Strood,460
4284,730605,Mandatory collection and publication of certain child sexual offender data,,Romford,483
4285,730605,Mandatory collection and publication of certain child sexual offender data,,Romsey and Southampton North,399
4286,730605,Mandatory collection and publication of certain child sexual offender data,,Rossendale and Darwen,742
4287,730605,Mandatory collection and publication of certain child sexual offender data,,Rother Valley,578
4288,730605,Mandatory collection and publication of certain child sexual offender data,,Rotherham,509
4289,730605,Mandatory collection and publication of certain child sexual offender data,,Rugby,438
4290,730605,Mandatory collection and publication of certain child sexual offender data,,"Ruislip, Northwood and Pinner",245
4291,730605,Mandatory collection and publication of certain child sexual offender data,,Runcorn and Helsby,464
4292,730605,Mandatory collection and publication of certain child sexual offender data,,Runnymede and Weybridge,370
4293,730605,Mandatory collection and publication of certain child sexual offender data,,Rushcliffe,356
4294,730605,Mandatory collection and publication of certain child sexual offender data,,Rutland and Stamford,392
4295,730605,Mandatory collection and publication of certain child sexual offender data,,Salford,409
4296,730605,Mandatory collection and publication of certain child sexual offender data,,Salisbury,378
4297,730605,Mandatory collection and publication of certain child sexual offender data,,Scarborough and Whitby,520
4298,730605,Mandatory collection and publication of certain child sexual offender data,,Scunthorpe,495
4299,730605,Mandatory collection and publication of certain child sexual offender data,,Sefton Central,402
4300,730605,Mandatory collection and publication of certain child sexual offender data,,Selby,584
4301,730605,Mandatory collection and publication of certain child sexual offender data,,Sevenoaks,402
4302,730605,Mandatory collection and publication of certain child sexual offender data,,Sheffield Brightside and Hillsborough,353
4303,730605,Mandatory collection and publication of certain child sexual offender data,,Sheffield Central,121
4304,730605,Mandatory collection and publication of certain child sexual offender data,,Sheffield Hallam,252
4305,730605,Mandatory collection and publication of certain child sexual offender data,,Sheffield Heeley,359
4306,730605,Mandatory collection and publication of certain child sexual offender data,,Sheffield South East,428
4307,730605,Mandatory collection and publication of certain child sexual offender data,,Sherwood Forest,483
4308,730605,Mandatory collection and publication of certain child sexual offender data,,Shipley,493
4309,730605,Mandatory collection and publication of certain child sexual offender data,,Shrewsbury,404
4310,730605,Mandatory collection and publication of certain child sexual offender data,,Sittingbourne and Sheppey,490
4311,730605,Mandatory collection and publication of certain child sexual offender data,,Skipton and Ripon,524
4312,730605,Mandatory collection and publication of certain child sexual offender data,,Sleaford and North Hykeham,482
4313,730605,Mandatory collection and publication of certain child sexual offender data,,Slough,169
4314,730605,Mandatory collection and publication of certain child sexual offender data,,Smethwick,250
4315,730605,Mandatory collection and publication of certain child sexual offender data,,Solihull West and Shirley,360
4316,730605,Mandatory collection and publication of certain child sexual offender data,,South Basildon and East Thurrock,599
4317,730605,Mandatory collection and publication of certain child sexual offender data,,South Cambridgeshire,308
4318,730605,Mandatory collection and publication of certain child sexual offender data,,South Cotswolds,324
4319,730605,Mandatory collection and publication of certain child sexual offender data,,South Derbyshire,483
4320,730605,Mandatory collection and publication of certain child sexual offender data,,South Devon,412
4321,730605,Mandatory collection and publication of certain child sexual offender data,,South Dorset,496
4322,730605,Mandatory collection and publication of certain child sexual offender data,,South East Cornwall,538
4323,730605,Mandatory collection and publication of certain child sexual offender data,,South Holland and The Deepings,542
4324,730605,Mandatory collection and publication of certain child sexual offender data,,South Leicestershire,452
4325,730605,Mandatory collection and publication of certain child sexual offender data,,South Norfolk,444
4326,730605,Mandatory collection and publication of certain child sexual offender data,,South Northamptonshire,416
4327,730605,Mandatory collection and publication of certain child sexual offender data,,South Ribble,490
4328,730605,Mandatory collection and publication of certain child sexual offender data,,South Shields,616
4329,730605,Mandatory collection and publication of certain child sexual offender data,,South Shropshire,499
4330,730605,Mandatory collection and publication of certain child sexual offender data,,South Suffolk,476
4331,730605,Mandatory collection and publication of certain child sexual offender data,,South West Devon,533
4332,730605,Mandatory collection and publication of certain child sexual offender data,,South West Hertfordshire,397
4333,730605,Mandatory collection and publication of certain child sexual offender data,,South West Norfolk,570
4334,730605,Mandatory collection and publication of certain child sexual offender data,,South West Wiltshire,354
4335,730605,Mandatory collection and publication of certain child sexual offender data,,Southampton Itchen,491
4336,730605,Mandatory collection and publication of certain child sexual offender data,,Southampton Test,378
4337,730605,Mandatory collection and publication of certain child sexual offender data,,Southend East and Rochford,525
4338,730605,Mandatory collection and publication of certain child sexual offender data,,Southend West and Leigh,544
4339,730605,Mandatory collection and publication of certain child sexual offender data,,Southgate and Wood Green,141
4340,730605,Mandatory collection and publication of certain child sexual offender data,,Southport,492
4341,730605,Mandatory collection and publication of certain child sexual offender data,,Spelthorne,410
4342,730605,Mandatory collection and publication of certain child sexual offender data,,Spen Valley,655
4343,730605,Mandatory collection and publication of certain child sexual offender data,,St Albans,258
4344,730605,Mandatory collection and publication of certain child sexual offender data,,St Austell and Newquay,494
4345,730605,Mandatory collection and publication of certain child sexual offender data,,St Helens North,480
4346,730605,Mandatory collection and publication of certain child sexual offender data,,St Helens South and Whiston,409
4347,730605,Mandatory collection and publication of certain child sexual offender data,,St Ives,403
4348,730605,Mandatory collection and publication of certain child sexual offender data,,St Neots and Mid Cambridgeshire,358
4349,730605,Mandatory collection and publication of certain child sexual offender data,,Stafford,407
4350,730605,Mandatory collection and publication of certain child sexual offender data,,Staffordshire Moorlands,433
4351,730605,Mandatory collection and publication of certain child sexual offender data,,Stalybridge and Hyde,536
4352,730605,Mandatory collection and publication of certain child sexual offender data,,Stevenage,382
4353,730605,Mandatory collection and publication of certain child sexual offender data,,Stockport,397
4354,730605,Mandatory collection and publication of certain child sexual offender data,,Stockton North,533
4355,730605,Mandatory collection and publication of certain child sexual offender data,,Stockton West,650
4356,730605,Mandatory collection and publication of certain child sexual offender data,,Stoke-on-Trent Central,415
4357,730605,Mandatory collection and publication of certain child sexual offender data,,Stoke-on-Trent North,459
4358,730605,Mandatory collection and publication of certain child sexual offender data,,Stoke-on-Trent South,395
4359,730605,Mandatory collection and publication of certain child sexual offender data,,"Stone, Great Wyrley and Penkridge",483
4360,730605,Mandatory collection and publication of certain child sexual offender data,,Stourbridge,372
4361,730605,Mandatory collection and publication of certain child sexual offender data,,Stratford and Bow,104
4362,730605,Mandatory collection and publication of certain child sexual offender data,,Stratford-on-Avon,411
4363,730605,Mandatory collection and publication of certain child sexual offender data,,Streatham and Croydon North,103
4364,730605,Mandatory collection and publication of certain child sexual offender data,,Stretford and Urmston,380
4365,730605,Mandatory collection and publication of certain child sexual offender data,,Stroud,385
4366,730605,Mandatory collection and publication of certain child sexual offender data,,Suffolk Coastal,409
4367,730605,Mandatory collection and publication of certain child sexual offender data,,Sunderland Central,704
4368,730605,Mandatory collection and publication of certain child sexual offender data,,Surrey Heath,353
4369,730605,Mandatory collection and publication of certain child sexual offender data,,Sussex Weald,418
4370,730605,Mandatory collection and publication of certain child sexual offender data,,Sutton and Cheam,288
4371,730605,Mandatory collection and publication of certain child sexual offender data,,Sutton Coldfield,404
4372,730605,Mandatory collection and publication of certain child sexual offender data,,Swindon North,371
4373,730605,Mandatory collection and publication of certain child sexual offender data,,Swindon South,381
4374,730605,Mandatory collection and publication of certain child sexual offender data,,Tamworth,589
4375,730605,Mandatory collection and publication of certain child sexual offender data,,Tatton,432
4376,730605,Mandatory collection and publication of certain child sexual offender data,,Taunton and Wellington,427
4377,730605,Mandatory collection and publication of certain child sexual offender data,,Telford,469
4378,730605,Mandatory collection and publication of certain child sexual offender data,,Tewkesbury,357
4379,730605,Mandatory collection and publication of certain child sexual offender data,,The Wrekin,490
4380,730605,Mandatory collection and publication of certain child sexual offender data,,Thirsk and Malton,520
4381,730605,Mandatory collection and publication of certain child sexual offender data,,Thornbury and Yate,430
4382,730605,Mandatory collection and publication of certain child sexual offender data,,Thurrock,418
4383,730605,Mandatory collection and publication of certain child sexual offender data,,Tipton and Wednesbury,363
4384,730605,Mandatory collection and publication of certain child sexual offender data,,Tiverton and Minehead,419
4385,730605,Mandatory collection and publication of certain child sexual offender data,,Tonbridge,397
4386,730605,Mandatory collection and publication of certain child sexual offender data,,Tooting,135
4387,730605,Mandatory collection and publication of certain child sexual offender data,,Torbay,543
4388,730605,Mandatory collection and publication of certain child sexual offender data,,Torridge and Tavistock,460
4389,730605,Mandatory collection and publication of certain child sexual offender data,,Tottenham,73
4390,730605,Mandatory collection and publication of certain child sexual offender data,,Truro and Falmouth,389
4391,730605,Mandatory collection and publication of certain child sexual offender data,,Tunbridge Wells,367
4392,730605,Mandatory collection and publication of certain child sexual offender data,,Twickenham,229
4393,730605,Mandatory collection and publication of certain child sexual offender data,,Tynemouth,521
4394,730605,Mandatory collection and publication of certain child sexual offender data,,Uxbridge and South Ruislip,366
4395,730605,Mandatory collection and publication of certain child sexual offender data,,Vauxhall and Camberwell Green,103
4396,730605,Mandatory collection and publication of certain child sexual offender data,,Wakefield and Rothwell,530
4397,730605,Mandatory collection and publication of certain child sexual offender data,,Wallasey,492
4398,730605,Mandatory collection and publication of certain child sexual offender data,,Walsall and Bloxwich,328
4399,730605,Mandatory collection and publication of certain child sexual offender data,,Walthamstow,88
4400,730605,Mandatory collection and publication of certain child sexual offender data,,Warrington North,467
4401,730605,Mandatory collection and publication of certain child sexual offender data,,Warrington South,444
4402,730605,Mandatory collection and publication of certain child sexual offender data,,Warwick and Leamington,345
4403,730605,Mandatory collection and publication of certain child sexual offender data,,Washington and Gateshead South,734
4404,730605,Mandatory collection and publication of certain child sexual offender data,,Watford,270
4405,730605,Mandatory collection and publication of certain child sexual offender data,,Waveney Valley,486
4406,730605,Mandatory collection and publication of certain child sexual offender data,,Weald of Kent,454
4407,730605,Mandatory collection and publication of certain child sexual offender data,,Wellingborough and Rushden,392
4408,730605,Mandatory collection and publication of certain child sexual offender data,,Wells and Mendip Hills,319
4409,730605,Mandatory collection and publication of certain child sexual offender data,,Welwyn Hatfield,317
4410,730605,Mandatory collection and publication of certain child sexual offender data,,West Bromwich,269
4411,730605,Mandatory collection and publication of certain child sexual offender data,,West Dorset,382
4412,730605,Mandatory collection and publication of certain child sexual offender data,,West Ham and Beckton,152
4413,730605,Mandatory collection and publication of certain child sexual offender data,,West Lancashire,456
4414,730605,Mandatory collection and publication of certain child sexual offender data,,West Suffolk,497
4415,730605,Mandatory collection and publication of certain child sexual offender data,,West Worcestershire,398
4416,730605,Mandatory collection and publication of certain child sexual offender data,,Westmorland and Lonsdale,414
4417,730605,Mandatory collection and publication of certain child sexual offender data,,Weston-super-Mare,463
4418,730605,Mandatory collection and publication of certain child sexual offender data,,Wetherby and Easingwold,419
4419,730605,Mandatory collection and publication of certain child sexual offender data,,Whitehaven and Workington,733
4420,730605,Mandatory collection and publication of certain child sexual offender data,,Widnes and Halewood,517
4421,730605,Mandatory collection and publication of certain child sexual offender data,,Wigan,557
4422,730605,Mandatory collection and publication of certain child sexual offender data,,Wimbledon,167
4423,730605,Mandatory collection and publication of certain child sexual offender data,,Winchester,316
4424,730605,Mandatory collection and publication of certain child sexual offender data,,Windsor,304
4425,730605,Mandatory collection and publication of certain child sexual offender data,,Wirral West,379
4426,730605,Mandatory collection and publication of certain child sexual offender data,,Witham,530
4427,730605,Mandatory collection and publication of certain child sexual offender data,,Witney,368
4428,730605,Mandatory collection and publication of certain child sexual offender data,,Woking,289
4429,730605,Mandatory collection and publication of certain child sexual offender data,,Wokingham,292
4430,730605,Mandatory collection and publication of certain child sexual offender data,,Wolverhampton North East,339
4431,730605,Mandatory collection and publication of certain child sexual offender data,,Wolverhampton South East,343
4432,730605,Mandatory collection and publication of certain child sexual offender data,,Wolverhampton West,257
4433,730605,Mandatory collection and publication of certain child sexual offender data,,Worcester,329
4434,730605,Mandatory collection and publication of certain child sexual offender data,,Worsley and Eccles,496
4435,730605,Mandatory collection and publication of certain child sexual offender data,,Worthing West,365
4436,730605,Mandatory collection and publication of certain child sexual offender data,,Wycombe,239
4437,730605,Mandatory collection and publication of certain child sexual offender data,,Wyre Forest,499
4438,730605,Mandatory collection and publication of certain child sexual offender data,,Wythenshawe and Sale East,398
4439,730605,Mandatory collection and publication of certain child sexual offender data,,Yeovil,468
4440,730605,Mandatory collection and publication of certain child sexual offender data,,York Central,322
4441,730605,Mandatory collection and publication of certain child sexual offender data,,York Outer,333
4442,730605,Mandatory collection and publication of certain child sexual offender data,,Belfast East,414
4443,730605,Mandatory collection and publication of certain child sexual offender data,,Belfast North,326
4444,730605,Mandatory collection and publication of certain child sexual offender data,,Belfast South and Mid Down,230
4445,730605,Mandatory collection and publication of certain child sexual offender data,,Belfast West,241
4446,730605,Mandatory collection and publication of certain child sexual offender data,,East Antrim,454
4447,730605,Mandatory collection and publication of certain child sexual offender data,,East Londonderry,220
4448,730605,Mandatory collection and publication of certain child sexual offender data,,Fermanagh and South Tyrone,157
4449,730605,Mandatory collection and publication of certain child sexual offender data,,Foyle,122
4450,730605,Mandatory collection and publication of certain child sexual offender data,,Lagan Valley,338
4451,730605,Mandatory collection and publication of certain child sexual offender data,,Mid Ulster,151
4452,730605,Mandatory collection and publication of certain child sexual offender data,,Newry and Armagh,171
4453,730605,Mandatory collection and publication of certain child sexual offender data,,North Antrim,337
4454,730605,Mandatory collection and publication of certain child sexual offender data,,North Down,421
4455,730605,Mandatory collection and publication of certain child sexual offender data,,South Antrim,327
4456,730605,Mandatory collection and publication of certain child sexual offender data,,South Down,154
4457,730605,Mandatory collection and publication of certain child sexual offender data,,Strangford,344
4458,730605,Mandatory collection and publication of certain child sexual offender data,,Upper Bann,321
4459,730605,Mandatory collection and publication of certain child sexual offender data,,West Tyrone,107
4460,730605,Mandatory collection and publication of certain child sexual offender data,,East Renfrewshire,239
4461,730605,Mandatory collection and publication of certain child sexual offender data,,Na h-Eileanan an Iar,101
4462,730605,Mandatory collection and publication of certain child sexual offender data,,Midlothian,266
4463,730605,Mandatory collection and publication of certain child sexual offender data,,North Ayrshire and Arran,362
4464,730605,Mandatory collection and publication of certain child sexual offender data,,Orkney and Shetland,131
4465,730605,Mandatory collection and publication of certain child sexual offender data,,Aberdeen North,394
4466,730605,Mandatory collection and publication of certain child sexual offender data,,Aberdeen South,327
4467,730605,Mandatory collection and publication of certain child sexual offender data,,Aberdeenshire North and Moray East,444
4468,730605,Mandatory collection and publication of certain child sexual offender data,,Airdrie and Shotts,335
4469,730605,Mandatory collection and publication of certain child sexual offender data,,Alloa and Grangemouth,349
4470,730605,Mandatory collection and publication of certain child sexual offender data,,Angus and Perthshire Glens,358
4471,730605,Mandatory collection and publication of certain child sexual offender data,,Arbroath and Broughty Ferry,354
4472,730605,Mandatory collection and publication of certain child sexual offender data,,"Argyll, Bute and South Lochaber",335
4473,730605,Mandatory collection and publication of certain child sexual offender data,,Bathgate and Linlithgow,346
4474,730605,Mandatory collection and publication of certain child sexual offender data,,"Caithness, Sutherland and Easter Ross",385
4475,730605,Mandatory collection and publication of certain child sexual offender data,,Coatbridge and Bellshill,329
4476,730605,Mandatory collection and publication of certain child sexual offender data,,Cowdenbeath and Kirkcaldy,323
4477,730605,Mandatory collection and publication of certain child sexual offender data,,Cumbernauld and Kirkintilloch,335
4478,730605,Mandatory collection and publication of certain child sexual offender data,,Dumfries and Galloway,379
4479,730605,Mandatory collection and publication of certain child sexual offender data,,"Dumfriesshire, Clydesdale and Tweeddale",291
4480,730605,Mandatory collection and publication of certain child sexual offender data,,Dundee Central,289
4481,730605,Mandatory collection and publication of certain child sexual offender data,,Dunfermline and Dollar,276
4482,730605,Mandatory collection and publication of certain child sexual offender data,,East Kilbride and Strathaven,359
4483,730605,Mandatory collection and publication of certain child sexual offender data,,Edinburgh East and Musselburgh,182
4484,730605,Mandatory collection and publication of certain child sexual offender data,,Edinburgh North and Leith,205
4485,730605,Mandatory collection and publication of certain child sexual offender data,,Edinburgh South,155
4486,730605,Mandatory collection and publication of certain child sexual offender data,,Edinburgh South West,183
4487,730605,Mandatory collection and publication of certain child sexual offender data,,Edinburgh West,236
4488,730605,Mandatory collection and publication of certain child sexual offender data,,Falkirk,475
4489,730605,Mandatory collection and publication of certain child sexual offender data,,Glasgow East,306
4490,730605,Mandatory collection and publication of certain child sexual offender data,,Glasgow North,255
4491,730605,Mandatory collection and publication of certain child sexual offender data,,Glasgow North East,363
4492,730605,Mandatory collection and publication of certain child sexual offender data,,Glasgow South,219
4493,730605,Mandatory collection and publication of certain child sexual offender data,,Glasgow South West,270
4494,730605,Mandatory collection and publication of certain child sexual offender data,,Glasgow West,268
4495,730605,Mandatory collection and publication of certain child sexual offender data,,Glenrothes and Mid Fife,325
4496,730605,Mandatory collection and publication of certain child sexual offender data,,Gordon and Buchan,328
4497,730605,Mandatory collection and publication of certain child sexual offender data,,Hamilton and Clyde Valley,373
4498,730605,Mandatory collection and publication of certain child sexual offender data,,Inverclyde and Renfrewshire West,343
4499,730605,Mandatory collection and publication of certain child sexual offender data,,"Inverness, Skye and West Ross-shire",357
4500,730605,Mandatory collection and publication of certain child sexual offender data,,Livingston,350
4501,730605,Mandatory collection and publication of certain child sexual offender data,,Lothian East,258
4502,730605,Mandatory collection and publication of certain child sexual offender data,,Mid Dunbartonshire,280
4503,730605,Mandatory collection and publication of certain child sexual offender data,,"Moray West, Nairn and Strathspey",347
4504,730605,Mandatory collection and publication of certain child sexual offender data,,"Motherwell, Wishaw and Carluke",356
4505,730605,Mandatory collection and publication of certain child sexual offender data,,North East Fife,258
4506,730605,Mandatory collection and publication of certain child sexual offender data,,Paisley and Renfrewshire North,336
4507,730605,Mandatory collection and publication of certain child sexual offender data,,Paisley and Renfrewshire South,311
4508,730605,Mandatory collection and publication of certain child sexual offender data,,Perth and Kinross-shire,302
4509,730605,Mandatory collection and publication of certain child sexual offender data,,Rutherglen,328
4510,730605,Mandatory collection and publication of certain child sexual offender data,,Stirling and Strathallan,312
4511,730605,Mandatory collection and publication of certain child sexual offender data,,West Dunbartonshire,333
4512,730605,Mandatory collection and publication of certain child sexual offender data,,"Ayr, Carrick and Cumnock",368
4513,730605,Mandatory collection and publication of certain child sexual offender data,,"Berwickshire, Roxburgh and Selkirk",329
4514,730605,Mandatory collection and publication of certain child sexual offender data,,Central Ayrshire,351
4515,730605,Mandatory collection and publication of certain child sexual offender data,,Kilmarnock and Loudoun,379
4516,730605,Mandatory collection and publication of certain child sexual offender data,,West Aberdeenshire and Kincardine,328
4517,730605,Mandatory collection and publication of certain child sexual offender data,,Aberafan Maesteg,384
4518,730605,Mandatory collection and publication of certain child sexual offender data,,Alyn and Deeside,504
4519,730605,Mandatory collection and publication of certain child sexual offender data,,Bangor Aberconwy,388
4520,730605,Mandatory collection and publication of certain child sexual offender data,,Blaenau Gwent and Rhymney,556
4521,730605,Mandatory collection and publication of certain child sexual offender data,,"Brecon, Radnor and Cwm Tawe",427
4522,730605,Mandatory collection and publication of certain child sexual offender data,,Bridgend,461
4523,730605,Mandatory collection and publication of certain child sexual offender data,,Caerfyrddin,464
4524,730605,Mandatory collection and publication of certain child sexual offender data,,Caerphilly,451
4525,730605,Mandatory collection and publication of certain child sexual offender data,,Cardiff East,268
4526,730605,Mandatory collection and publication of certain child sexual offender data,,Cardiff North,293
4527,730605,Mandatory collection and publication of certain child sexual offender data,,Cardiff South and Penarth,208
4528,730605,Mandatory collection and publication of certain child sexual offender data,,Cardiff West,287
4529,730605,Mandatory collection and publication of certain child sexual offender data,,Ceredigion Preseli,377
4530,730605,Mandatory collection and publication of certain child sexual offender data,,Clwyd East,492
4531,730605,Mandatory collection and publication of certain child sexual offender data,,Clwyd North,496
4532,730605,Mandatory collection and publication of certain child sexual offender data,,Dwyfor Meirionnydd,341
4533,730605,Mandatory collection and publication of certain child sexual offender data,,Gower,448
4534,730605,Mandatory collection and publication of certain child sexual offender data,,Llanelli,486
4535,730605,Mandatory collection and publication of certain child sexual offender data,,Merthyr Tydfil and Aberdare,432
4536,730605,Mandatory collection and publication of certain child sexual offender data,,Mid and South Pembrokeshire,443
4537,730605,Mandatory collection and publication of certain child sexual offender data,,Monmouthshire,419
4538,730605,Mandatory collection and publication of certain child sexual offender data,,Montgomeryshire and Glyndŵr,453
4539,730605,Mandatory collection and publication of certain child sexual offender data,,Neath and Swansea East,462
4540,730605,Mandatory collection and publication of certain child sexual offender data,,Newport East,416
4541,730605,Mandatory collection and publication of certain child sexual offender data,,Newport West and Islwyn,464
4542,730605,Mandatory collection and publication of certain child sexual offender data,,Pontypridd,457
4543,730605,Mandatory collection and publication of certain child sexual offender data,,Rhondda and Ogmore,527
4544,730605,Mandatory collection and publication of certain child sexual offender data,,Swansea West,378
4545,730605,Mandatory collection and publication of certain child sexual offender data,,Torfaen,423
4546,730605,Mandatory collection and publication of certain child sexual offender data,,Vale of Glamorgan,444
4547,730605,Mandatory collection and publication of certain child sexual offender data,,Wrexham,407
4548,730605,Mandatory collection and publication of certain child sexual offender data,,Ynys Môn,313
4549,727309,Call an immediate general election,,Aldershot,2024
4550,727309,Call an immediate general election,,Aldridge-Brownhills,2154
4551,727309,Call an immediate general election,,Altrincham and Sale West,1523
4552,727309,Call an immediate general election,,Amber Valley,2047
4553,727309,Call an immediate general election,,Arundel and South Downs,1851
4554,727309,Call an immediate general election,,Ashfield,2448
4555,727309,Call an immediate general election,,Ashford,2069
4556,727309,Call an immediate general election,,Ashton-under-Lyne,1775
4557,727309,Call an immediate general election,,Aylesbury,1629
4558,727309,Call an immediate general election,,Banbury,1563
4559,727309,Call an immediate general election,,Barking,1036
4560,727309,Call an immediate general election,,Barnsley North,2318
4561,727309,Call an immediate general election,,Barnsley South,2168
4562,727309,Call an immediate general election,,Barrow and Furness,2058
4563,727309,Call an immediate general election,,Basildon and Billericay,2645
4564,727309,Call an immediate general election,,Basingstoke,1804
4565,727309,Call an immediate general election,,Bassetlaw,2283
4566,727309,Call an immediate general election,,Bath,778
4567,727309,Call an immediate general election,,Battersea,743
4568,727309,Call an immediate general election,,Beaconsfield,1505
4569,727309,Call an immediate general election,,Beckenham and Penge,1055
4570,727309,Call an immediate general election,,Bedford,1129
4571,727309,Call an immediate general election,,Bermondsey and Old Southwark,789
4572,727309,Call an immediate general election,,Bethnal Green and Stepney,577
4573,727309,Call an immediate general election,,Beverley and Holderness,1897
4574,727309,Call an immediate general election,,Bexhill and Battle,1928
4575,727309,Call an immediate general election,,Bexleyheath and Crayford,1781
4576,727309,Call an immediate general election,,Bicester and Woodstock,1428
4577,727309,Call an immediate general election,,Birkenhead,1958
4578,727309,Call an immediate general election,,Birmingham Edgbaston,948
4579,727309,Call an immediate general election,,Birmingham Erdington,1629
4580,727309,Call an immediate general election,,Birmingham Hall Green and Moseley,461
4581,727309,Call an immediate general election,,Birmingham Hodge Hill and Solihull North,1375
4582,727309,Call an immediate general election,,Birmingham Ladywood,550
4583,727309,Call an immediate general election,,Birmingham Northfield,1977
4584,727309,Call an immediate general election,,Birmingham Perry Barr,529
4585,727309,Call an immediate general election,,Birmingham Selly Oak,1155
4586,727309,Call an immediate general election,,Birmingham Yardley,1117
4587,727309,Call an immediate general election,,Bishop Auckland,1875
4588,727309,Call an immediate general election,,Blackburn,1320
4589,727309,Call an immediate general election,,Blackley and Middleton South,1499
4590,727309,Call an immediate general election,,Blackpool North and Fleetwood,2454
4591,727309,Call an immediate general election,,Blackpool South,2418
4592,727309,Call an immediate general election,,Blaydon and Consett,1894
4593,727309,Call an immediate general election,,Blyth and Ashington,2336
4594,727309,Call an immediate general election,,Bognor Regis and Littlehampton,2178
4595,727309,Call an immediate general election,,Bolsover,2534
4596,727309,Call an immediate general election,,Bolton North East,2031
4597,727309,Call an immediate general election,,Bolton South and Walkden,1800
4598,727309,Call an immediate general election,,Bolton West,1917
4599,727309,Call an immediate general election,,Bootle,1482
4600,727309,Call an immediate general election,,Boston and Skegness,2303
4601,727309,Call an immediate general election,,Bournemouth East,1924
4602,727309,Call an immediate general election,,Bournemouth West,2032
4603,727309,Call an immediate general election,,Bracknell,1834
4604,727309,Call an immediate general election,,Bradford East,1083
4605,727309,Call an immediate general election,,Bradford South,1525
4606,727309,Call an immediate general election,,Bradford West,597
4607,727309,Call an immediate general election,,Braintree,2926
4608,727309,Call an immediate general election,,Brent East,484
4609,727309,Call an immediate general election,,Brent West,475
4610,727309,Call an immediate general election,,Brentford and Isleworth,843
4611,727309,Call an immediate general election,,Brentwood and Ongar,3142
4612,727309,Call an immediate general election,,Bridgwater,2223
4613,727309,Call an immediate general election,,Bridlington and The Wolds,2085
4614,727309,Call an immediate general election,,Brigg and Immingham,2412
4615,727309,Call an immediate general election,,Brighton Kemptown and Peacehaven,1259
4616,727309,Call an immediate general election,,Brighton Pavilion,895
4617,727309,Call an immediate general election,,Bristol Central,399
4618,727309,Call an immediate general election,,Bristol East,1171
4619,727309,Call an immediate general election,,Bristol North East,1184
4620,727309,Call an immediate general election,,Bristol North West,1086
4621,727309,Call an immediate general election,,Bristol South,1529
4622,727309,Call an immediate general election,,Broadland and Fakenham,2008
4623,727309,Call an immediate general election,,Bromley and Biggin Hill,1657
4624,727309,Call an immediate general election,,Bromsgrove,2070
4625,727309,Call an immediate general election,,Broxbourne,2306
4626,727309,Call an immediate general election,,Broxtowe,1531
4627,727309,Call an immediate general election,,Buckingham and Bletchley,1597
4628,727309,Call an immediate general election,,Burnley,2820
4629,727309,Call an immediate general election,,Burton and Uttoxeter,1993
4630,727309,Call an immediate general election,,Bury North,1960
4631,727309,Call an immediate general election,,Bury South,1779
4632,727309,Call an immediate general election,,Bury St Edmunds and Stowmarket,1919
4633,727309,Call an immediate general election,,Calder Valley,1975
4634,727309,Call an immediate general election,,Camborne and Redruth,1856
4635,727309,Call an immediate general election,,Cambridge,634
4636,727309,Call an immediate general election,,Cannock Chase,2647
4637,727309,Call an immediate general election,,Canterbury,1373
4638,727309,Call an immediate general election,,Carlisle,2295
4639,727309,Call an immediate general election,,Carshalton and Wallington,1544
4640,727309,Call an immediate general election,,Castle Point,3029
4641,727309,Call an immediate general election,,Central Devon,1648
4642,727309,Call an immediate general election,,Central Suffolk and North Ipswich,1768
4643,727309,Call an immediate general election,,Chatham and Aylesford,2143
4644,727309,Call an immediate general election,,Cheadle,1415
4645,727309,Call an immediate general election,,Chelmsford,1857
4646,727309,Call an immediate general election,,Chelsea and Fulham,1110
4647,727309,Call an immediate general election,,Cheltenham,1212
4648,727309,Call an immediate general election,,Chesham and Amersham,1360
4649,727309,Call an immediate general election,,Chester North and Neston,1394
4650,727309,Call an immediate general election,,Chester South and Eddisbury,1759
4651,727309,Call an immediate general election,,Chesterfield,1731
4652,727309,Call an immediate general election,,Chichester,2085
4653,727309,Call an immediate general election,,Chingford and Woodford Green,1346
4654,727309,Call an immediate general election,,Chippenham,1536
4655,727309,Call an immediate general election,,Chipping Barnet,1040
4656,727309,Call an immediate general election,,Chorley,2092
4657,727309,Call an immediate general election,,Christchurch,2082
4658,727309,Call an immediate general election,,Cities of London and Westminster,1163
4659,727309,Call an immediate general election,,City of Durham,1400
4660,727309,Call an immediate general election,,Clacton,2785
4661,727309,Call an immediate general election,,Clapham and Brixton Hill,399
4662,727309,Call an immediate general election,,Colchester,1953
4663,727309,Call an immediate general election,,Colne Valley,1772
4664,727309,Call an immediate general election,,Congleton,1897
4665,727309,Call an immediate general election,,Corby and East Northamptonshire,1978
4666,727309,Call an immediate general election,,Coventry East,1326
4667,727309,Call an immediate general election,,Coventry North West,1734
4668,727309,Call an immediate general election,,Coventry South,1393
4669,727309,Call an immediate general election,,Cramlington and Killingworth,2005
4670,727309,Call an immediate general election,,Crawley,1956
4671,727309,Call an immediate general election,,Crewe and Nantwich,2046
4672,727309,Call an immediate general election,,Croydon East,1119
4673,727309,Call an immediate general election,,Croydon South,1078
4674,727309,Call an immediate general election,,Croydon West,563
4675,727309,Call an immediate general election,,Dagenham and Rainham,1592
4676,727309,Call an immediate general election,,Darlington,1891
4677,727309,Call an immediate general election,,Dartford,1998
4678,727309,Call an immediate general election,,Daventry,2299
4679,727309,Call an immediate general election,,Derby North,1645
4680,727309,Call an immediate general election,,Derby South,1329
4681,727309,Call an immediate general election,,Derbyshire Dales,1642
4682,727309,Call an immediate general election,,Dewsbury and Batley,1460
4683,727309,Call an immediate general election,,Didcot and Wantage,1578
4684,727309,Call an immediate general election,,Doncaster Central,1776
4685,727309,Call an immediate general election,,Doncaster East and the Isle of Axholme,1962
4686,727309,Call an immediate general election,,Doncaster North,2000
4687,727309,Call an immediate general election,,Dorking and Horley,1676
4688,727309,Call an immediate general election,,Dover and Deal,2018
4689,727309,Call an immediate general election,,Droitwich and Evesham,1992
4690,727309,Call an immediate general election,,Dudley,1966
4691,727309,Call an immediate general election,,Dulwich and West Norwood,347
4692,727309,Call an immediate general election,,Dunstable and Leighton Buzzard,1926
4693,727309,Call an immediate general election,,Ealing Central and Acton,769
4694,727309,Call an immediate general election,,Ealing North,718
4695,727309,Call an immediate general election,,Ealing Southall,462
4696,727309,Call an immediate general election,,Earley and Woodley,1209
4697,727309,Call an immediate general election,,Easington,2014
4698,727309,Call an immediate general election,,East Grinstead and Uckfield,2049
4699,727309,Call an immediate general election,,East Ham,309
4700,727309,Call an immediate general election,,East Hampshire,1639
4701,727309,Call an immediate general election,,East Surrey,1861
4702,727309,Call an immediate general election,,East Thanet,1967
4703,727309,Call an immediate general election,,East Wiltshire,1909
4704,727309,Call an immediate general election,,East Worthing and Shoreham,1679
4705,727309,Call an immediate general election,,Eastbourne,1750
4706,727309,Call an immediate general election,,Eastleigh,1627
4707,727309,Call an immediate general election,,Edmonton and Winchmore Hill,613
4708,727309,Call an immediate general election,,Ellesmere Port and Bromborough,1991
4709,727309,Call an immediate general election,,Eltham and Chislehurst,1612
4710,727309,Call an immediate general election,,Ely and East Cambridgeshire,1553
4711,727309,Call an immediate general election,,Enfield North,868
4712,727309,Call an immediate general election,,Epping Forest,2753
4713,727309,Call an immediate general election,,Epsom and Ewell,1474
4714,727309,Call an immediate general election,,Erewash,2097
4715,727309,Call an immediate general election,,Erith and Thamesmead,1169
4716,727309,Call an immediate general election,,Esher and Walton,1260
4717,727309,Call an immediate general election,,Exeter,1084
4718,727309,Call an immediate general election,,Exmouth and Exeter East,1685
4719,727309,Call an immediate general election,,Fareham and Waterlooville,2644
4720,727309,Call an immediate general election,,Farnham and Bordon,1503
4721,727309,Call an immediate general election,,Faversham and Mid Kent,2167
4722,727309,Call an immediate general election,,Feltham and Heston,1055
4723,727309,Call an immediate general election,,Filton and Bradley Stoke,1490
4724,727309,Call an immediate general election,,Finchley and Golders Green,849
4725,727309,Call an immediate general election,,Folkestone and Hythe,1877
4726,727309,Call an immediate general election,,Forest of Dean,1637
4727,727309,Call an immediate general election,,Frome and East Somerset,1432
4728,727309,Call an immediate general election,,Fylde,2309
4729,727309,Call an immediate general election,,Gainsborough,2115
4730,727309,Call an immediate general election,,Gateshead Central and Whickham,1615
4731,727309,Call an immediate general election,,Gedling,1677
4732,727309,Call an immediate general election,,Gillingham and Rainham,1882
4733,727309,Call an immediate general election,,Glastonbury and Somerton,1659
4734,727309,Call an immediate general election,,Gloucester,1704
4735,727309,Call an immediate general election,,Godalming and Ash,1377
4736,727309,Call an immediate general election,,Goole and Pocklington,2136
4737,727309,Call an immediate general election,,Gorton and Denton,1236
4738,727309,Call an immediate general election,,Gosport,2446
4739,727309,Call an immediate general election,,Grantham and Bourne,1957
4740,727309,Call an immediate general election,,Gravesham,1855
4741,727309,Call an immediate general election,,Great Grimsby and Cleethorpes,2420
4742,727309,Call an immediate general election,,Great Yarmouth,2306
4743,727309,Call an immediate general election,,Greenwich and Woolwich,775
4744,727309,Call an immediate general election,,Guildford,1119
4745,727309,Call an immediate general election,,Hackney North and Stoke Newington,321
4746,727309,Call an immediate general election,,Hackney South and Shoreditch,436
4747,727309,Call an immediate general election,,Halesowen,1811
4748,727309,Call an immediate general election,,Halifax,1800
4749,727309,Call an immediate general election,,Hamble Valley,2300
4750,727309,Call an immediate general election,,Hammersmith and Chiswick,700
4751,727309,Call an immediate general election,,Hampstead and Highgate,633
4752,727309,Call an immediate general election,,"Harborough, Oadby and Wigston",1481
4753,727309,Call an immediate general election,,Harlow,2564
4754,727309,Call an immediate general election,,Harpenden and Berkhamsted,1157
4755,727309,Call an immediate general election,,Harrogate and Knaresborough,1481
4756,727309,Call an immediate general election,,Harrow East,660
4757,727309,Call an immediate general election,,Harrow West,573
4758,727309,Call an immediate general election,,Hartlepool,2171
4759,727309,Call an immediate general election,,Harwich and North Essex,2271
4760,727309,Call an immediate general election,,Hastings and Rye,1800
4761,727309,Call an immediate general election,,Havant,2791
4762,727309,Call an immediate general election,,Hayes and Harlington,942
4763,727309,Call an immediate general election,,Hazel Grove,1948
4764,727309,Call an immediate general election,,Hemel Hempstead,1812
4765,727309,Call an immediate general election,,Hendon,915
4766,727309,Call an immediate general election,,Henley and Thame,1378
4767,727309,Call an immediate general election,,Hereford and South Herefordshire,1760
4768,727309,Call an immediate general election,,Herne Bay and Sandwich,2167
4769,727309,Call an immediate general election,,Hertford and Stortford,2065
4770,727309,Call an immediate general election,,Hertsmere,1750
4771,727309,Call an immediate general election,,Hexham,1709
4772,727309,Call an immediate general election,,Heywood and Middleton North,2205
4773,727309,Call an immediate general election,,High Peak,1790
4774,727309,Call an immediate general election,,Hinckley and Bosworth,2358
4775,727309,Call an immediate general election,,Hitchin,1619
4776,727309,Call an immediate general election,,Holborn and St Pancras,599
4777,727309,Call an immediate general election,,Honiton and Sidmouth,1688
4778,727309,Call an immediate general election,,Hornchurch and Upminster,2470
4779,727309,Call an immediate general election,,Hornsey and Friern Barnet,517
4780,727309,Call an immediate general election,,Horsham,1873
4781,727309,Call an immediate general election,,Houghton and Sunderland South,2296
4782,727309,Call an immediate general election,,Hove and Portslade,1105
4783,727309,Call an immediate general election,,Huddersfield,1308
4784,727309,Call an immediate general election,,Huntingdon,1812
4785,727309,Call an immediate general election,,Hyndburn,2067
4786,727309,Call an immediate general election,,Ilford North,744
4787,727309,Call an immediate general election,,Ilford South,469
4788,727309,Call an immediate general election,,Ipswich,1666
4789,727309,Call an immediate general election,,Isle of Wight East,1320
4790,727309,Call an immediate general election,,Isle of Wight West,1235
4791,727309,Call an immediate general election,,Islington North,559
4792,727309,Call an immediate general election,,Islington South and Finsbury,911
4793,727309,Call an immediate general election,,Jarrow and Gateshead East,1871
4794,727309,Call an immediate general election,,Keighley and Ilkley,1713
4795,727309,Call an immediate general election,,Kenilworth and Southam,1747
4796,727309,Call an immediate general election,,Kensington and Bayswater,835
4797,727309,Call an immediate general election,,Kettering,1886
4798,727309,Call an immediate general election,,Kingston and Surbiton,1096
4799,727309,Call an immediate general election,,Kingston upon Hull East,1954
4800,727309,Call an immediate general election,,Kingston upon Hull North and Cottingham,1819
4801,727309,Call an immediate general election,,Kingston upon Hull West and Haltemprice,2108
4802,727309,Call an immediate general election,,Kingswinford and South Staffordshire,1971
4803,727309,Call an immediate general election,,Knowsley,1541
4804,727309,Call an immediate general election,,Lancaster and Wyre,1561
4805,727309,Call an immediate general election,,Leeds Central and Headingley,666
4806,727309,Call an immediate general election,,Leeds East,1815
4807,727309,Call an immediate general election,,Leeds North East,744
4808,727309,Call an immediate general election,,Leeds North West,1473
4809,727309,Call an immediate general election,,Leeds South,1610
4810,727309,Call an immediate general election,,Leeds South West and Morley,2090
4811,727309,Call an immediate general election,,Leeds West and Pudsey,1445
4812,727309,Call an immediate general election,,Leicester East,556
4813,727309,Call an immediate general election,,Leicester South,635
4814,727309,Call an immediate general election,,Leicester West,1335
4815,727309,Call an immediate general election,,Leigh and Atherton,2377
4816,727309,Call an immediate general election,,Lewes,1621
4817,727309,Call an immediate general election,,Lewisham East,691
4818,727309,Call an immediate general election,,Lewisham North,478
4819,727309,Call an immediate general election,,Lewisham West and East Dulwich,465
4820,727309,Call an immediate general election,,Leyton and Wanstead,594
4821,727309,Call an immediate general election,,Lichfield,2073
4822,727309,Call an immediate general election,,Lincoln,1673
4823,727309,Call an immediate general election,,Liverpool Garston,1303
4824,727309,Call an immediate general election,,Liverpool Riverside,1122
4825,727309,Call an immediate general election,,Liverpool Walton,1636
4826,727309,Call an immediate general election,,Liverpool Wavertree,861
4827,727309,Call an immediate general election,,Liverpool West Derby,1400
4828,727309,Call an immediate general election,,Loughborough,1542
4829,727309,Call an immediate general election,,Louth and Horncastle,2318
4830,727309,Call an immediate general election,,Lowestoft,2012
4831,727309,Call an immediate general election,,Luton North,839
4832,727309,Call an immediate general election,,Luton South and South Bedfordshire,954
4833,727309,Call an immediate general election,,Macclesfield,1701
4834,727309,Call an immediate general election,,Maidenhead,1612
4835,727309,Call an immediate general election,,Maidstone and Malling,1961
4836,727309,Call an immediate general election,,Makerfield,2291
4837,727309,Call an immediate general election,,Maldon,2832
4838,727309,Call an immediate general election,,Manchester Central,1529
4839,727309,Call an immediate general election,,Manchester Rusholme,375
4840,727309,Call an immediate general election,,Manchester Withington,510
4841,727309,Call an immediate general election,,Mansfield,2246
4842,727309,Call an immediate general election,,Melksham and Devizes,1530
4843,727309,Call an immediate general election,,Melton and Syston,1809
4844,727309,Call an immediate general election,,Meriden and Solihull East,2015
4845,727309,Call an immediate general election,,Mid Bedfordshire,1740
4846,727309,Call an immediate general election,,Mid Buckinghamshire,1566
4847,727309,Call an immediate general election,,Mid Cheshire,2016
4848,727309,Call an immediate general election,,Mid Derbyshire,1558
4849,727309,Call an immediate general election,,Mid Dorset and North Poole,2095
4850,727309,Call an immediate general election,,Mid Leicestershire,1820
4851,727309,Call an immediate general election,,Mid Norfolk,2121
4852,727309,Call an immediate general election,,Mid Sussex,1544
4853,727309,Call an immediate general election,,Middlesbrough and Thornaby East,1731
4854,727309,Call an immediate general election,,Middlesbrough South and East Cleveland,2030
4855,727309,Call an immediate general election,,Milton Keynes Central,1561
4856,727309,Call an immediate general election,,Milton Keynes North,1444
4857,727309,Call an immediate general election,,Mitcham and Morden,899
4858,727309,Call an immediate general election,,Morecambe and Lunesdale,1860
4859,727309,Call an immediate general election,,New Forest East,1988
4860,727309,Call an immediate general election,,New Forest West,1698
4861,727309,Call an immediate general election,,Newark,1969
4862,727309,Call an immediate general election,,Newbury,1547
4863,727309,Call an immediate general election,,Newcastle upon Tyne Central and West,1647
4864,727309,Call an immediate general election,,Newcastle upon Tyne East and Wallsend,1884
4865,727309,Call an immediate general election,,Newcastle upon Tyne North,1172
4866,727309,Call an immediate general election,,Newcastle-under-Lyme,1803
4867,727309,Call an immediate general election,,Newton Abbot,1710
4868,727309,Call an immediate general election,,Newton Aycliffe and Spennymoor,2049
4869,727309,Call an immediate general election,,Normanton and Hemsworth,2473
4870,727309,Call an immediate general election,,North Bedfordshire,1817
4871,727309,Call an immediate general election,,North Cornwall,1924
4872,727309,Call an immediate general election,,North Cotswolds,1569
4873,727309,Call an immediate general election,,North Devon,1912
4874,727309,Call an immediate general election,,North Dorset,1949
4875,727309,Call an immediate general election,,North Durham,1832
4876,727309,Call an immediate general election,,North East Cambridgeshire,2291
4877,727309,Call an immediate general election,,North East Derbyshire,1986
4878,727309,Call an immediate general election,,North East Hampshire,1827
4879,727309,Call an immediate general election,,North East Hertfordshire,1842
4880,727309,Call an immediate general election,,North East Somerset and Hanham,1592
4881,727309,Call an immediate general election,,North Herefordshire,1812
4882,727309,Call an immediate general election,,North Norfolk,1703
4883,727309,Call an immediate general election,,North Northumberland,1725
4884,727309,Call an immediate general election,,North Shropshire,2171
4885,727309,Call an immediate general election,,North Somerset,1404
4886,727309,Call an immediate general election,,North Warwickshire and Bedworth,2480
4887,727309,Call an immediate general election,,North West Cambridgeshire,1975
4888,727309,Call an immediate general election,,North West Essex,2449
4889,727309,Call an immediate general election,,North West Hampshire,1909
4890,727309,Call an immediate general election,,North West Leicestershire,2186
4891,727309,Call an immediate general election,,North West Norfolk,1994
4892,727309,Call an immediate general election,,Northampton North,1516
4893,727309,Call an immediate general election,,Northampton South,1569
4894,727309,Call an immediate general election,,Norwich North,1708
4895,727309,Call an immediate general election,,Norwich South,1397
4896,727309,Call an immediate general election,,Nottingham East,824
4897,727309,Call an immediate general election,,Nottingham North and Kimberley,1342
4898,727309,Call an immediate general election,,Nottingham South,1130
4899,727309,Call an immediate general election,,Nuneaton,2516
4900,727309,Call an immediate general election,,Old Bexley and Sidcup,2180
4901,727309,Call an immediate general election,,Oldham East and Saddleworth,1992
4902,727309,Call an immediate general election,,"Oldham West, Chadderton and Royton",1542
4903,727309,Call an immediate general election,,Orpington,1709
4904,727309,Call an immediate general election,,Ossett and Denby Dale,2323
4905,727309,Call an immediate general election,,Oxford East,630
4906,727309,Call an immediate general election,,Oxford West and Abingdon,783
4907,727309,Call an immediate general election,,Peckham,413
4908,727309,Call an immediate general election,,Pendle and Clitheroe,2314
4909,727309,Call an immediate general election,,Penistone and Stocksbridge,1774
4910,727309,Call an immediate general election,,Penrith and Solway,1775
4911,727309,Call an immediate general election,,Peterborough,1453
4912,727309,Call an immediate general election,,Plymouth Moor View,2322
4913,727309,Call an immediate general election,,Plymouth Sutton and Devonport,1903
4914,727309,Call an immediate general election,,"Pontefract, Castleford and Knottingley",2232
4915,727309,Call an immediate general election,,Poole,2135
4916,727309,Call an immediate general election,,Poplar and Limehouse,1361
4917,727309,Call an immediate general election,,Portsmouth North,2860
4918,727309,Call an immediate general election,,Portsmouth South,1719
4919,727309,Call an immediate general election,,Preston,1584
4920,727309,Call an immediate general election,,Putney,842
4921,727309,Call an immediate general election,,Queen's Park and Maida Vale,501
4922,727309,Call an immediate general election,,Rawmarsh and Conisbrough,1861
4923,727309,Call an immediate general election,,Rayleigh and Wickford,2890
4924,727309,Call an immediate general election,,Reading Central,934
4925,727309,Call an immediate general election,,Reading West and Mid Berkshire,1357
4926,727309,Call an immediate general election,,Redcar,2134
4927,727309,Call an immediate general election,,Redditch,2105
4928,727309,Call an immediate general election,,Reigate,1738
4929,727309,Call an immediate general election,,Ribble Valley,2149
4930,727309,Call an immediate general election,,Richmond and Northallerton,1955
4931,727309,Call an immediate general election,,Richmond Park,862
4932,727309,Call an immediate general election,,Rochdale,1532
4933,727309,Call an immediate general election,,Rochester and Strood,2180
4934,727309,Call an immediate general election,,Romford,2170
4935,727309,Call an immediate general election,,Romsey and Southampton North,1632
4936,727309,Call an immediate general election,,Rossendale and Darwen,2699
4937,727309,Call an immediate general election,,Rother Valley,1869
4938,727309,Call an immediate general election,,Rotherham,1734
4939,727309,Call an immediate general election,,Rugby,2113
4940,727309,Call an immediate general election,,"Ruislip, Northwood and Pinner",1100
4941,727309,Call an immediate general election,,Runcorn and Helsby,1868
4942,727309,Call an immediate general election,,Runnymede and Weybridge,1790
4943,727309,Call an immediate general election,,Rushcliffe,1482
4944,727309,Call an immediate general election,,Rutland and Stamford,1633
4945,727309,Call an immediate general election,,Salford,1759
4946,727309,Call an immediate general election,,Salisbury,1476
4947,727309,Call an immediate general election,,Scarborough and Whitby,2119
4948,727309,Call an immediate general election,,Scunthorpe,1902
4949,727309,Call an immediate general election,,Sefton Central,1510
4950,727309,Call an immediate general election,,Selby,2326
4951,727309,Call an immediate general election,,Sevenoaks,2044
4952,727309,Call an immediate general election,,Sheffield Brightside and Hillsborough,1318
4953,727309,Call an immediate general election,,Sheffield Central,432
4954,727309,Call an immediate general election,,Sheffield Hallam,818
4955,727309,Call an immediate general election,,Sheffield Heeley,1252
4956,727309,Call an immediate general election,,Sheffield South East,1640
4957,727309,Call an immediate general election,,Sherwood Forest,2151
4958,727309,Call an immediate general election,,Shipley,1649
4959,727309,Call an immediate general election,,Shrewsbury,1767
4960,727309,Call an immediate general election,,Sittingbourne and Sheppey,2353
4961,727309,Call an immediate general election,,Skipton and Ripon,1875
4962,727309,Call an immediate general election,,Sleaford and North Hykeham,1934
4963,727309,Call an immediate general election,,Slough,781
4964,727309,Call an immediate general election,,Smethwick,1111
4965,727309,Call an immediate general election,,Solihull West and Shirley,1659
4966,727309,Call an immediate general election,,South Basildon and East Thurrock,2649
4967,727309,Call an immediate general election,,South Cambridgeshire,1196
4968,727309,Call an immediate general election,,South Cotswolds,1462
4969,727309,Call an immediate general election,,South Derbyshire,2034
4970,727309,Call an immediate general election,,South Devon,1603
4971,727309,Call an immediate general election,,South Dorset,1952
4972,727309,Call an immediate general election,,South East Cornwall,2089
4973,727309,Call an immediate general election,,South Holland and The Deepings,2442
4974,727309,Call an immediate general election,,South Leicestershire,2207
4975,727309,Call an immediate general election,,South Norfolk,1839
4976,727309,Call an immediate general election,,South Northamptonshire,2042
4977,727309,Call an immediate general election,,South Ribble,2135
4978,727309,Call an immediate general election,,South Shields,1750
4979,727309,Call an immediate general election,,South Shropshire,1925
4980,727309,Call an immediate general election,,South Suffolk,1912
4981,727309,Call an immediate general election,,South West Devon,2137
4982,727309,Call an immediate general election,,South West Hertfordshire,1671
4983,727309,Call an immediate general election,,South West Norfolk,2372
4984,727309,Call an immediate general election,,South West Wiltshire,1747
4985,727309,Call an immediate general election,,Southampton Itchen,1948
4986,727309,Call an immediate general election,,Southampton Test,1466
4987,727309,Call an immediate general election,,Southend East and Rochford,2121
4988,727309,Call an immediate general election,,Southend West and Leigh,2166
4989,727309,Call an immediate general election,,Southgate and Wood Green,777
4990,727309,Call an immediate general election,,Southport,1906
4991,727309,Call an immediate general election,,Spelthorne,1952
4992,727309,Call an immediate general election,,Spen Valley,1906
4993,727309,Call an immediate general election,,St Albans,1042
4994,727309,Call an immediate general election,,St Austell and Newquay,1986
4995,727309,Call an immediate general election,,St Helens North,1968
4996,727309,Call an immediate general election,,St Helens South and Whiston,1831
4997,727309,Call an immediate general election,,St Ives,1577
4998,727309,Call an immediate general election,,St Neots and Mid Cambridgeshire,1468
4999,727309,Call an immediate general election,,Stafford,1808
5000,727309,Call an immediate general election,,Staffordshire Moorlands,2051
5001,727309,Call an immediate general election,,Stalybridge and Hyde,2221
5002,727309,Call an immediate general election,,Stevenage,1842
5003,727309,Call an immediate general election,,Stockport,1496
5004,727309,Call an immediate general election,,Stockton North,2031
5005,727309,Call an immediate general election,,Stockton West,2035
5006,727309,Call an immediate general election,,Stoke-on-Trent Central,1773
5007,727309,Call an immediate general election,,Stoke-on-Trent North,1981
5008,727309,Call an immediate general election,,Stoke-on-Trent South,1864
5009,727309,Call an immediate general election,,"Stone, Great Wyrley and Penkridge",2128
5010,727309,Call an immediate general election,,Stourbridge,1800
5011,727309,Call an immediate general election,,Stratford and Bow,540
5012,727309,Call an immediate general election,,Stratford-on-Avon,1670
5013,727309,Call an immediate general election,,Streatham and Croydon North,481
5014,727309,Call an immediate general election,,Stretford and Urmston,1481
5015,727309,Call an immediate general election,,Stroud,1465
5016,727309,Call an immediate general election,,Suffolk Coastal,1731
5017,727309,Call an immediate general election,,Sunderland Central,1820
5018,727309,Call an immediate general election,,Surrey Heath,1796
5019,727309,Call an immediate general election,,Sussex Weald,2015
5020,727309,Call an immediate general election,,Sutton and Cheam,1276
5021,727309,Call an immediate general election,,Sutton Coldfield,1813
5022,727309,Call an immediate general election,,Swindon North,1754
5023,727309,Call an immediate general election,,Swindon South,1524
5024,727309,Call an immediate general election,,Tamworth,2705
5025,727309,Call an immediate general election,,Tatton,1786
5026,727309,Call an immediate general election,,Taunton and Wellington,1744
5027,727309,Call an immediate general election,,Telford,2175
5028,727309,Call an immediate general election,,Tewkesbury,1540
5029,727309,Call an immediate general election,,The Wrekin,1945
5030,727309,Call an immediate general election,,Thirsk and Malton,2001
5031,727309,Call an immediate general election,,Thornbury and Yate,1761
5032,727309,Call an immediate general election,,Thurrock,2165
5033,727309,Call an immediate general election,,Tipton and Wednesbury,2062
5034,727309,Call an immediate general election,,Tiverton and Minehead,1617
5035,727309,Call an immediate general election,,Tonbridge,1717
5036,727309,Call an immediate general election,,Tooting,641
5037,727309,Call an immediate general election,,Torbay,2103
5038,727309,Call an immediate general election,,Torridge and Tavistock,1828
5039,727309,Call an immediate general election,,Tottenham,383
5040,727309,Call an immediate general election,,Truro and Falmouth,1411
5041,727309,Call an immediate general election,,Tunbridge Wells,1562
5042,727309,Call an immediate general election,,Twickenham,939
5043,727309,Call an immediate general election,,Tynemouth,1594
5044,727309,Call an immediate general election,,Uxbridge and South Ruislip,1526
5045,727309,Call an immediate general election,,Vauxhall and Camberwell Green,427
5046,727309,Call an immediate general election,,Wakefield and Rothwell,2168
5047,727309,Call an immediate general election,,Wallasey,1799
5048,727309,Call an immediate general election,,Walsall and Bloxwich,1472
5049,727309,Call an immediate general election,,Walthamstow,424
5050,727309,Call an immediate general election,,Warrington North,1934
5051,727309,Call an immediate general election,,Warrington South,1831
5052,727309,Call an immediate general election,,Warwick and Leamington,1225
5053,727309,Call an immediate general election,,Washington and Gateshead South,1988
5054,727309,Call an immediate general election,,Watford,1126
5055,727309,Call an immediate general election,,Waveney Valley,2092
5056,727309,Call an immediate general election,,Weald of Kent,2085
5057,727309,Call an immediate general election,,Wellingborough and Rushden,1872
5058,727309,Call an immediate general election,,Wells and Mendip Hills,1572
5059,727309,Call an immediate general election,,Welwyn Hatfield,1720
5060,727309,Call an immediate general election,,West Bromwich,1468
5061,727309,Call an immediate general election,,West Dorset,1450
5062,727309,Call an immediate general election,,West Ham and Beckton,803
5063,727309,Call an immediate general election,,West Lancashire,1766
5064,727309,Call an immediate general election,,West Suffolk,2147
5065,727309,Call an immediate general election,,West Worcestershire,1837
5066,727309,Call an immediate general election,,Westmorland and Lonsdale,1426
5067,727309,Call an immediate general election,,Weston-super-Mare,2139
5068,727309,Call an immediate general election,,Wetherby and Easingwold,1714
5069,727309,Call an immediate general election,,Whitehaven and Workington,2331
5070,727309,Call an immediate general election,,Widnes and Halewood,1755
5071,727309,Call an immediate general election,,Wigan,2181
5072,727309,Call an immediate general election,,Wimbledon,875
5073,727309,Call an immediate general election,,Winchester,1335
5074,727309,Call an immediate general election,,Windsor,1524
5075,727309,Call an immediate general election,,Wirral West,1517
5076,727309,Call an immediate general election,,Witham,2544
5077,727309,Call an immediate general election,,Witney,1683
5078,727309,Call an immediate general election,,Woking,1334
5079,727309,Call an immediate general election,,Wokingham,1554
5080,727309,Call an immediate general election,,Wolverhampton North East,1570
5081,727309,Call an immediate general election,,Wolverhampton South East,1554
5082,727309,Call an immediate general election,,Wolverhampton West,1211
5083,727309,Call an immediate general election,,Worcester,1596
5084,727309,Call an immediate general election,,Worsley and Eccles,2082
5085,727309,Call an immediate general election,,Worthing West,1763
5086,727309,Call an immediate general election,,Wycombe,1117
5087,727309,Call an immediate general election,,Wyre Forest,2283
5088,727309,Call an immediate general election,,Wythenshawe and Sale East,1755
5089,727309,Call an immediate general election,,Yeovil,1928
5090,727309,Call an immediate general election,,York Central,1220
5091,727309,Call an immediate general election,,York Outer,1475
5092,727309,Call an immediate general election,,Belfast East,1026
5093,727309,Call an immediate general election,,Belfast North,899
5094,727309,Call an immediate general election,,Belfast South and Mid Down,551
5095,727309,Call an immediate general election,,Belfast West,490
5096,727309,Call an immediate general election,,East Antrim,1176
5097,727309,Call an immediate general election,,East Londonderry,664
5098,727309,Call an immediate general election,,Fermanagh and South Tyrone,402
5099,727309,Call an immediate general election,,Foyle,300
5100,727309,Call an immediate general election,,Lagan Valley,907
5101,727309,Call an immediate general election,,Mid Ulster,387
5102,727309,Call an immediate general election,,Newry and Armagh,451
5103,727309,Call an immediate general election,,North Antrim,791
5104,727309,Call an immediate general election,,North Down,1218
5105,727309,Call an immediate general election,,South Antrim,950
5106,727309,Call an immediate general election,,South Down,440
5107,727309,Call an immediate general election,,Strangford,1028
5108,727309,Call an immediate general election,,Upper Bann,923
5109,727309,Call an immediate general election,,West Tyrone,337
5110,727309,Call an immediate general election,,East Renfrewshire,711
5111,727309,Call an immediate general election,,Na h-Eileanan an Iar,261
5112,727309,Call an immediate general election,,Midlothian,870
5113,727309,Call an immediate general election,,North Ayrshire and Arran,1088
5114,727309,Call an immediate general election,,Orkney and Shetland,412
5115,727309,Call an immediate general election,,Aberdeen North,1418
5116,727309,Call an immediate general election,,Aberdeen South,1373
5117,727309,Call an immediate general election,,Aberdeenshire North and Moray East,1670
5118,727309,Call an immediate general election,,Airdrie and Shotts,1069
5119,727309,Call an immediate general election,,Alloa and Grangemouth,1046
5120,727309,Call an immediate general election,,Angus and Perthshire Glens,1165
5121,727309,Call an immediate general election,,Arbroath and Broughty Ferry,1227
5122,727309,Call an immediate general election,,"Argyll, Bute and South Lochaber",1050
5123,727309,Call an immediate general election,,Bathgate and Linlithgow,1058
5124,727309,Call an immediate general election,,"Caithness, Sutherland and Easter Ross",1176
5125,727309,Call an immediate general election,,Coatbridge and Bellshill,913
5126,727309,Call an immediate general election,,Cowdenbeath and Kirkcaldy,823
5127,727309,Call an immediate general election,,Cumbernauld and Kirkintilloch,948
5128,727309,Call an immediate general election,,Dumfries and Galloway,1251
5129,727309,Call an immediate general election,,"Dumfriesshire, Clydesdale and Tweeddale",1076
5130,727309,Call an immediate general election,,Dundee Central,953
5131,727309,Call an immediate general election,,Dunfermline and Dollar,955
5132,727309,Call an immediate general election,,East Kilbride and Strathaven,1051
5133,727309,Call an immediate general election,,Edinburgh East and Musselburgh,661
5134,727309,Call an immediate general election,,Edinburgh North and Leith,703
5135,727309,Call an immediate general election,,Edinburgh South,576
5136,727309,Call an immediate general election,,Edinburgh South West,650
5137,727309,Call an immediate general election,,Edinburgh West,768
5138,727309,Call an immediate general election,,Falkirk,1257
5139,727309,Call an immediate general election,,Glasgow East,883
5140,727309,Call an immediate general election,,Glasgow North,759
5141,727309,Call an immediate general election,,Glasgow North East,954
5142,727309,Call an immediate general election,,Glasgow South,598
5143,727309,Call an immediate general election,,Glasgow South West,749
5144,727309,Call an immediate general election,,Glasgow West,748
5145,727309,Call an immediate general election,,Glenrothes and Mid Fife,974
5146,727309,Call an immediate general election,,Gordon and Buchan,1338
5147,727309,Call an immediate general election,,Hamilton and Clyde Valley,1152
5148,727309,Call an immediate general election,,Inverclyde and Renfrewshire West,973
5149,727309,Call an immediate general election,,"Inverness, Skye and West Ross-shire",1052
5150,727309,Call an immediate general election,,Livingston,1178
5151,727309,Call an immediate general election,,Lothian East,841
5152,727309,Call an immediate general election,,Mid Dunbartonshire,770
5153,727309,Call an immediate general election,,"Moray West, Nairn and Strathspey",1232
5154,727309,Call an immediate general election,,"Motherwell, Wishaw and Carluke",979
5155,727309,Call an immediate general election,,North East Fife,787
5156,727309,Call an immediate general election,,Paisley and Renfrewshire North,981
5157,727309,Call an immediate general election,,Paisley and Renfrewshire South,1009
5158,727309,Call an immediate general election,,Perth and Kinross-shire,1079
5159,727309,Call an immediate general election,,Rutherglen,911
5160,727309,Call an immediate general election,,Stirling and Strathallan,870
5161,727309,Call an immediate general election,,West Dunbartonshire,968
5162,727309,Call an immediate general election,,"Ayr, Carrick and Cumnock",1017
5163,727309,Call an immediate general election,,"Berwickshire, Roxburgh and Selkirk",1091
5164,727309,Call an immediate general election,,Central Ayrshire,1057
5165,727309,Call an immediate general election,,Kilmarnock and Loudoun,1116
5166,727309,Call an immediate general election,,West Aberdeenshire and Kincardine,1415
5167,727309,Call an immediate general election,,Aberafan Maesteg,1620
5168,727309,Call an immediate general election,,Alyn and Deeside,2281
5169,727309,Call an immediate general election,,Bangor Aberconwy,1576
5170,727309,Call an immediate general election,,Blaenau Gwent and Rhymney,1838
5171,727309,Call an immediate general election,,"Brecon, Radnor and Cwm Tawe",1595
5172,727309,Call an immediate general election,,Bridgend,1681
5173,727309,Call an immediate general election,,Caerfyrddin,1717
5174,727309,Call an immediate general election,,Caerphilly,1776
5175,727309,Call an immediate general election,,Cardiff East,1114
5176,727309,Call an immediate general election,,Cardiff North,1127
5177,727309,Call an immediate general election,,Cardiff South and Penarth,935
5178,727309,Call an immediate general election,,Cardiff West,1217
5179,727309,Call an immediate general election,,Ceredigion Preseli,1289
5180,727309,Call an immediate general election,,Clwyd East,2056
5181,727309,Call an immediate general election,,Clwyd North,1983
5182,727309,Call an immediate general election,,Dwyfor Meirionnydd,1324
5183,727309,Call an immediate general election,,Gower,1721
5184,727309,Call an immediate general election,,Llanelli,1811
5185,727309,Call an immediate general election,,Merthyr Tydfil and Aberdare,1686
5186,727309,Call an immediate general election,,Mid and South Pembrokeshire,1715
5187,727309,Call an immediate general election,,Monmouthshire,1451
5188,727309,Call an immediate general election,,Montgomeryshire and Glyndŵr,1955
5189,727309,Call an immediate general election,,Neath and Swansea East,1818
5190,727309,Call an immediate general election,,Newport East,1668
5191,727309,Call an immediate general election,,Newport West and Islwyn,1830
5192,727309,Call an immediate general election,,Pontypridd,1667
5193,727309,Call an immediate general election,,Rhondda and Ogmore,2199
5194,727309,Call an immediate general election,,Swansea West,1498
5195,727309,Call an immediate general election,,Torfaen,1637
5196,727309,Call an immediate general election,,Vale of Glamorgan,1764
5197,727309,Call an immediate general election,,Wrexham,1914
5198,727309,Call an immediate general election,,Ynys Môn,1150
5199,737105,Introduce offshore detention/mass deportation for illegal migrants,,Aldershot,1137
5200,737105,Introduce offshore detention/mass deportation for illegal migrants,,Aldridge-Brownhills,1217
5201,737105,Introduce offshore detention/mass deportation for illegal migrants,,Altrincham and Sale West,863
5202,737105,Introduce offshore detention/mass deportation for illegal migrants,,Amber Valley,1276
5203,737105,Introduce offshore detention/mass deportation for illegal migrants,,Arundel and South Downs,932
5204,737105,Introduce offshore detention/mass deportation for illegal migrants,,Ashfield,1239
5205,737105,Introduce offshore detention/mass deportation for illegal migrants,,Ashford,1179
5206,737105,Introduce offshore detention/mass deportation for illegal migrants,,Ashton-under-Lyne,1082
5207,737105,Introduce offshore detention/mass deportation for illegal migrants,,Aylesbury,931
5208,737105,Introduce offshore detention/mass deportation for illegal migrants,,Banbury,834
5209,737105,Introduce offshore detention/mass deportation for illegal migrants,,Barking,512
5210,737105,Introduce offshore detention/mass deportation for illegal migrants,,Barnsley North,1395
5211,737105,Introduce offshore detention/mass deportation for illegal migrants,,Barnsley South,1317
5212,737105,Introduce offshore detention/mass deportation for illegal migrants,,Barrow and Furness,1465
5213,737105,Introduce offshore detention/mass deportation for illegal migrants,,Basildon and Billericay,1424
5214,737105,Introduce offshore detention/mass deportation for illegal migrants,,Basingstoke,1090
5215,737105,Introduce offshore detention/mass deportation for illegal migrants,,Bassetlaw,1426
5216,737105,Introduce offshore detention/mass deportation for illegal migrants,,Bath,435
5217,737105,Introduce offshore detention/mass deportation for illegal migrants,,Battersea,363
5218,737105,Introduce offshore detention/mass deportation for illegal migrants,,Beaconsfield,884
5219,737105,Introduce offshore detention/mass deportation for illegal migrants,,Beckenham and Penge,597
5220,737105,Introduce offshore detention/mass deportation for illegal migrants,,Bedford,560
5221,737105,Introduce offshore detention/mass deportation for illegal migrants,,Bermondsey and Old Southwark,457
5222,737105,Introduce offshore detention/mass deportation for illegal migrants,,Bethnal Green and Stepney,277
5223,737105,Introduce offshore detention/mass deportation for illegal migrants,,Beverley and Holderness,1238
5224,737105,Introduce offshore detention/mass deportation for illegal migrants,,Bexhill and Battle,1159
5225,737105,Introduce offshore detention/mass deportation for illegal migrants,,Bexleyheath and Crayford,1060
5226,737105,Introduce offshore detention/mass deportation for illegal migrants,,Bicester and Woodstock,755
5227,737105,Introduce offshore detention/mass deportation for illegal migrants,,Birkenhead,1272
5228,737105,Introduce offshore detention/mass deportation for illegal migrants,,Birmingham Edgbaston,532
5229,737105,Introduce offshore detention/mass deportation for illegal migrants,,Birmingham Erdington,988
5230,737105,Introduce offshore detention/mass deportation for illegal migrants,,Birmingham Hall Green and Moseley,243
5231,737105,Introduce offshore detention/mass deportation for illegal migrants,,Birmingham Hodge Hill and Solihull North,816
5232,737105,Introduce offshore detention/mass deportation for illegal migrants,,Birmingham Ladywood,252
5233,737105,Introduce offshore detention/mass deportation for illegal migrants,,Birmingham Northfield,1065
5234,737105,Introduce offshore detention/mass deportation for illegal migrants,,Birmingham Perry Barr,270
5235,737105,Introduce offshore detention/mass deportation for illegal migrants,,Birmingham Selly Oak,638
5236,737105,Introduce offshore detention/mass deportation for illegal migrants,,Birmingham Yardley,622
5237,737105,Introduce offshore detention/mass deportation for illegal migrants,,Bishop Auckland,1337
5238,737105,Introduce offshore detention/mass deportation for illegal migrants,,Blackburn,753
5239,737105,Introduce offshore detention/mass deportation for illegal migrants,,Blackley and Middleton South,881
5240,737105,Introduce offshore detention/mass deportation for illegal migrants,,Blackpool North and Fleetwood,1619
5241,737105,Introduce offshore detention/mass deportation for illegal migrants,,Blackpool South,1463
5242,737105,Introduce offshore detention/mass deportation for illegal migrants,,Blaydon and Consett,1369
5243,737105,Introduce offshore detention/mass deportation for illegal migrants,,Blyth and Ashington,1647
5244,737105,Introduce offshore detention/mass deportation for illegal migrants,,Bognor Regis and Littlehampton,1233
5245,737105,Introduce offshore detention/mass deportation for illegal migrants,,Bolsover,1442
5246,737105,Introduce offshore detention/mass deportation for illegal migrants,,Bolton North East,1269
5247,737105,Introduce offshore detention/mass deportation for illegal migrants,,Bolton South and Walkden,1115
5248,737105,Introduce offshore detention/mass deportation for illegal migrants,,Bolton West,1209
5249,737105,Introduce offshore detention/mass deportation for illegal migrants,,Bootle,1025
5250,737105,Introduce offshore detention/mass deportation for illegal migrants,,Boston and Skegness,1396
5251,737105,Introduce offshore detention/mass deportation for illegal migrants,,Bournemouth East,987
5252,737105,Introduce offshore detention/mass deportation for illegal migrants,,Bournemouth West,1118
5253,737105,Introduce offshore detention/mass deportation for illegal migrants,,Bracknell,980
5254,737105,Introduce offshore detention/mass deportation for illegal migrants,,Bradford East,733
5255,737105,Introduce offshore detention/mass deportation for illegal migrants,,Bradford South,978
5256,737105,Introduce offshore detention/mass deportation for illegal migrants,,Bradford West,361
5257,737105,Introduce offshore detention/mass deportation for illegal migrants,,Braintree,1537
5258,737105,Introduce offshore detention/mass deportation for illegal migrants,,Brent East,253
5259,737105,Introduce offshore detention/mass deportation for illegal migrants,,Brent West,194
5260,737105,Introduce offshore detention/mass deportation for illegal migrants,,Brentford and Isleworth,461
5261,737105,Introduce offshore detention/mass deportation for illegal migrants,,Brentwood and Ongar,1572
5262,737105,Introduce offshore detention/mass deportation for illegal migrants,,Bridgwater,1283
5263,737105,Introduce offshore detention/mass deportation for illegal migrants,,Bridlington and The Wolds,1412
5264,737105,Introduce offshore detention/mass deportation for illegal migrants,,Brigg and Immingham,1307
5265,737105,Introduce offshore detention/mass deportation for illegal migrants,,Brighton Kemptown and Peacehaven,834
5266,737105,Introduce offshore detention/mass deportation for illegal migrants,,Brighton Pavilion,484
5267,737105,Introduce offshore detention/mass deportation for illegal migrants,,Bristol Central,224
5268,737105,Introduce offshore detention/mass deportation for illegal migrants,,Bristol East,676
5269,737105,Introduce offshore detention/mass deportation for illegal migrants,,Bristol North East,670
5270,737105,Introduce offshore detention/mass deportation for illegal migrants,,Bristol North West,657
5271,737105,Introduce offshore detention/mass deportation for illegal migrants,,Bristol South,970
5272,737105,Introduce offshore detention/mass deportation for illegal migrants,,Broadland and Fakenham,1339
5273,737105,Introduce offshore detention/mass deportation for illegal migrants,,Bromley and Biggin Hill,788
5274,737105,Introduce offshore detention/mass deportation for illegal migrants,,Bromsgrove,1069
5275,737105,Introduce offshore detention/mass deportation for illegal migrants,,Broxbourne,1209
5276,737105,Introduce offshore detention/mass deportation for illegal migrants,,Broxtowe,903
5277,737105,Introduce offshore detention/mass deportation for illegal migrants,,Buckingham and Bletchley,858
5278,737105,Introduce offshore detention/mass deportation for illegal migrants,,Burnley,1484
5279,737105,Introduce offshore detention/mass deportation for illegal migrants,,Burton and Uttoxeter,1111
5280,737105,Introduce offshore detention/mass deportation for illegal migrants,,Bury North,1146
5281,737105,Introduce offshore detention/mass deportation for illegal migrants,,Bury South,922
5282,737105,Introduce offshore detention/mass deportation for illegal migrants,,Bury St Edmunds and Stowmarket,1037
5283,737105,Introduce offshore detention/mass deportation for illegal migrants,,Calder Valley,1145
5284,737105,Introduce offshore detention/mass deportation for illegal migrants,,Camborne and Redruth,1052
5285,737105,Introduce offshore detention/mass deportation for illegal migrants,,Cambridge,403
5286,737105,Introduce offshore detention/mass deportation for illegal migrants,,Cannock Chase,1416
5287,737105,Introduce offshore detention/mass deportation for illegal migrants,,Canterbury,871
5288,737105,Introduce offshore detention/mass deportation for illegal migrants,,Carlisle,2301
5289,737105,Introduce offshore detention/mass deportation for illegal migrants,,Carshalton and Wallington,888
5290,737105,Introduce offshore detention/mass deportation for illegal migrants,,Castle Point,1690
5291,737105,Introduce offshore detention/mass deportation for illegal migrants,,Central Devon,940
5292,737105,Introduce offshore detention/mass deportation for illegal migrants,,Central Suffolk and North Ipswich,1019
5293,737105,Introduce offshore detention/mass deportation for illegal migrants,,Chatham and Aylesford,1149
5294,737105,Introduce offshore detention/mass deportation for illegal migrants,,Cheadle,797
5295,737105,Introduce offshore detention/mass deportation for illegal migrants,,Chelmsford,1059
5296,737105,Introduce offshore detention/mass deportation for illegal migrants,,Chelsea and Fulham,574
5297,737105,Introduce offshore detention/mass deportation for illegal migrants,,Cheltenham,677
5298,737105,Introduce offshore detention/mass deportation for illegal migrants,,Chesham and Amersham,764
5299,737105,Introduce offshore detention/mass deportation for illegal migrants,,Chester North and Neston,785
5300,737105,Introduce offshore detention/mass deportation for illegal migrants,,Chester South and Eddisbury,1021
5301,737105,Introduce offshore detention/mass deportation for illegal migrants,,Chesterfield,1040
5302,737105,Introduce offshore detention/mass deportation for illegal migrants,,Chichester,1138
5303,737105,Introduce offshore detention/mass deportation for illegal migrants,,Chingford and Woodford Green,675
5304,737105,Introduce offshore detention/mass deportation for illegal migrants,,Chippenham,850
5305,737105,Introduce offshore detention/mass deportation for illegal migrants,,Chipping Barnet,509
5306,737105,Introduce offshore detention/mass deportation for illegal migrants,,Chorley,1434
5307,737105,Introduce offshore detention/mass deportation for illegal migrants,,Christchurch,1124
5308,737105,Introduce offshore detention/mass deportation for illegal migrants,,Cities of London and Westminster,569
5309,737105,Introduce offshore detention/mass deportation for illegal migrants,,City of Durham,1052
5310,737105,Introduce offshore detention/mass deportation for illegal migrants,,Clacton,1672
5311,737105,Introduce offshore detention/mass deportation for illegal migrants,,Clapham and Brixton Hill,213
5312,737105,Introduce offshore detention/mass deportation for illegal migrants,,Colchester,1035
5313,737105,Introduce offshore detention/mass deportation for illegal migrants,,Colne Valley,1008
5314,737105,Introduce offshore detention/mass deportation for illegal migrants,,Congleton,1073
5315,737105,Introduce offshore detention/mass deportation for illegal migrants,,Corby and East Northamptonshire,1180
5316,737105,Introduce offshore detention/mass deportation for illegal migrants,,Coventry East,730
5317,737105,Introduce offshore detention/mass deportation for illegal migrants,,Coventry North West,945
5318,737105,Introduce offshore detention/mass deportation for illegal migrants,,Coventry South,678
5319,737105,Introduce offshore detention/mass deportation for illegal migrants,,Cramlington and Killingworth,1476
5320,737105,Introduce offshore detention/mass deportation for illegal migrants,,Crawley,1177
5321,737105,Introduce offshore detention/mass deportation for illegal migrants,,Crewe and Nantwich,1221
5322,737105,Introduce offshore detention/mass deportation for illegal migrants,,Croydon East,570
5323,737105,Introduce offshore detention/mass deportation for illegal migrants,,Croydon South,528
5324,737105,Introduce offshore detention/mass deportation for illegal migrants,,Croydon West,258
5325,737105,Introduce offshore detention/mass deportation for illegal migrants,,Dagenham and Rainham,907
5326,737105,Introduce offshore detention/mass deportation for illegal migrants,,Darlington,1350
5327,737105,Introduce offshore detention/mass deportation for illegal migrants,,Dartford,1231
5328,737105,Introduce offshore detention/mass deportation for illegal migrants,,Daventry,1252
5329,737105,Introduce offshore detention/mass deportation for illegal migrants,,Derby North,955
5330,737105,Introduce offshore detention/mass deportation for illegal migrants,,Derby South,808
5331,737105,Introduce offshore detention/mass deportation for illegal migrants,,Derbyshire Dales,901
5332,737105,Introduce offshore detention/mass deportation for illegal migrants,,Dewsbury and Batley,835
5333,737105,Introduce offshore detention/mass deportation for illegal migrants,,Didcot and Wantage,870
5334,737105,Introduce offshore detention/mass deportation for illegal migrants,,Doncaster Central,1187
5335,737105,Introduce offshore detention/mass deportation for illegal migrants,,Doncaster East and the Isle of Axholme,1435
5336,737105,Introduce offshore detention/mass deportation for illegal migrants,,Doncaster North,1537
5337,737105,Introduce offshore detention/mass deportation for illegal migrants,,Dorking and Horley,928
5338,737105,Introduce offshore detention/mass deportation for illegal migrants,,Dover and Deal,1313
5339,737105,Introduce offshore detention/mass deportation for illegal migrants,,Droitwich and Evesham,1081
5340,737105,Introduce offshore detention/mass deportation for illegal migrants,,Dudley,981
5341,737105,Introduce offshore detention/mass deportation for illegal migrants,,Dulwich and West Norwood,225
5342,737105,Introduce offshore detention/mass deportation for illegal migrants,,Dunstable and Leighton Buzzard,1122
5343,737105,Introduce offshore detention/mass deportation for illegal migrants,,Ealing Central and Acton,434
5344,737105,Introduce offshore detention/mass deportation for illegal migrants,,Ealing North,402
5345,737105,Introduce offshore detention/mass deportation for illegal migrants,,Ealing Southall,235
5346,737105,Introduce offshore detention/mass deportation for illegal migrants,,Earley and Woodley,671
5347,737105,Introduce offshore detention/mass deportation for illegal migrants,,Easington,1516
5348,737105,Introduce offshore detention/mass deportation for illegal migrants,,East Grinstead and Uckfield,1188
5349,737105,Introduce offshore detention/mass deportation for illegal migrants,,East Ham,136
5350,737105,Introduce offshore detention/mass deportation for illegal migrants,,East Hampshire,847
5351,737105,Introduce offshore detention/mass deportation for illegal migrants,,East Surrey,1005
5352,737105,Introduce offshore detention/mass deportation for illegal migrants,,East Thanet,1190
5353,737105,Introduce offshore detention/mass deportation for illegal migrants,,East Wiltshire,1024
5354,737105,Introduce offshore detention/mass deportation for illegal migrants,,East Worthing and Shoreham,905
5355,737105,Introduce offshore detention/mass deportation for illegal migrants,,Eastbourne,1067
5356,737105,Introduce offshore detention/mass deportation for illegal migrants,,Eastleigh,1001
5357,737105,Introduce offshore detention/mass deportation for illegal migrants,,Edmonton and Winchmore Hill,294
5358,737105,Introduce offshore detention/mass deportation for illegal migrants,,Ellesmere Port and Bromborough,1342
5359,737105,Introduce offshore detention/mass deportation for illegal migrants,,Eltham and Chislehurst,931
5360,737105,Introduce offshore detention/mass deportation for illegal migrants,,Ely and East Cambridgeshire,875
5361,737105,Introduce offshore detention/mass deportation for illegal migrants,,Enfield North,473
5362,737105,Introduce offshore detention/mass deportation for illegal migrants,,Epping Forest,1395
5363,737105,Introduce offshore detention/mass deportation for illegal migrants,,Epsom and Ewell,772
5364,737105,Introduce offshore detention/mass deportation for illegal migrants,,Erewash,1240
5365,737105,Introduce offshore detention/mass deportation for illegal migrants,,Erith and Thamesmead,637
5366,737105,Introduce offshore detention/mass deportation for illegal migrants,,Esher and Walton,765
5367,737105,Introduce offshore detention/mass deportation for illegal migrants,,Exeter,679
5368,737105,Introduce offshore detention/mass deportation for illegal migrants,,Exmouth and Exeter East,1044
5369,737105,Introduce offshore detention/mass deportation for illegal migrants,,Fareham and Waterlooville,1325
5370,737105,Introduce offshore detention/mass deportation for illegal migrants,,Farnham and Bordon,798
5371,737105,Introduce offshore detention/mass deportation for illegal migrants,,Faversham and Mid Kent,1229
5372,737105,Introduce offshore detention/mass deportation for illegal migrants,,Feltham and Heston,533
5373,737105,Introduce offshore detention/mass deportation for illegal migrants,,Filton and Bradley Stoke,788
5374,737105,Introduce offshore detention/mass deportation for illegal migrants,,Finchley and Golders Green,368
5375,737105,Introduce offshore detention/mass deportation for illegal migrants,,Folkestone and Hythe,1171
5376,737105,Introduce offshore detention/mass deportation for illegal migrants,,Forest of Dean,991
5377,737105,Introduce offshore detention/mass deportation for illegal migrants,,Frome and East Somerset,756
5378,737105,Introduce offshore detention/mass deportation for illegal migrants,,Fylde,1388
5379,737105,Introduce offshore detention/mass deportation for illegal migrants,,Gainsborough,1296
5380,737105,Introduce offshore detention/mass deportation for illegal migrants,,Gateshead Central and Whickham,1181
5381,737105,Introduce offshore detention/mass deportation for illegal migrants,,Gedling,965
5382,737105,Introduce offshore detention/mass deportation for illegal migrants,,Gillingham and Rainham,1045
5383,737105,Introduce offshore detention/mass deportation for illegal migrants,,Glastonbury and Somerton,851
5384,737105,Introduce offshore detention/mass deportation for illegal migrants,,Gloucester,892
5385,737105,Introduce offshore detention/mass deportation for illegal migrants,,Godalming and Ash,728
5386,737105,Introduce offshore detention/mass deportation for illegal migrants,,Goole and Pocklington,1289
5387,737105,Introduce offshore detention/mass deportation for illegal migrants,,Gorton and Denton,750
5388,737105,Introduce offshore detention/mass deportation for illegal migrants,,Gosport,1203
5389,737105,Introduce offshore detention/mass deportation for illegal migrants,,Grantham and Bourne,1133
5390,737105,Introduce offshore detention/mass deportation for illegal migrants,,Gravesham,1092
5391,737105,Introduce offshore detention/mass deportation for illegal migrants,,Great Grimsby and Cleethorpes,1384
5392,737105,Introduce offshore detention/mass deportation for illegal migrants,,Great Yarmouth,3745
5393,737105,Introduce offshore detention/mass deportation for illegal migrants,,Greenwich and Woolwich,398
5394,737105,Introduce offshore detention/mass deportation for illegal migrants,,Guildford,553
5395,737105,Introduce offshore detention/mass deportation for illegal migrants,,Hackney North and Stoke Newington,160
5396,737105,Introduce offshore detention/mass deportation for illegal migrants,,Hackney South and Shoreditch,220
5397,737105,Introduce offshore detention/mass deportation for illegal migrants,,Halesowen,1003
5398,737105,Introduce offshore detention/mass deportation for illegal migrants,,Halifax,1126
5399,737105,Introduce offshore detention/mass deportation for illegal migrants,,Hamble Valley,1245
5400,737105,Introduce offshore detention/mass deportation for illegal migrants,,Hammersmith and Chiswick,407
5401,737105,Introduce offshore detention/mass deportation for illegal migrants,,Hampstead and Highgate,308
5402,737105,Introduce offshore detention/mass deportation for illegal migrants,,"Harborough, Oadby and Wigston",720
5403,737105,Introduce offshore detention/mass deportation for illegal migrants,,Harlow,1352
5404,737105,Introduce offshore detention/mass deportation for illegal migrants,,Harpenden and Berkhamsted,695
5405,737105,Introduce offshore detention/mass deportation for illegal migrants,,Harrogate and Knaresborough,915
5406,737105,Introduce offshore detention/mass deportation for illegal migrants,,Harrow East,288
5407,737105,Introduce offshore detention/mass deportation for illegal migrants,,Harrow West,306
5408,737105,Introduce offshore detention/mass deportation for illegal migrants,,Hartlepool,1567
5409,737105,Introduce offshore detention/mass deportation for illegal migrants,,Harwich and North Essex,1240
5410,737105,Introduce offshore detention/mass deportation for illegal migrants,,Hastings and Rye,1037
5411,737105,Introduce offshore detention/mass deportation for illegal migrants,,Havant,1280
5412,737105,Introduce offshore detention/mass deportation for illegal migrants,,Hayes and Harlington,647
5413,737105,Introduce offshore detention/mass deportation for illegal migrants,,Hazel Grove,1123
5414,737105,Introduce offshore detention/mass deportation for illegal migrants,,Hemel Hempstead,934
5415,737105,Introduce offshore detention/mass deportation for illegal migrants,,Hendon,391
5416,737105,Introduce offshore detention/mass deportation for illegal migrants,,Henley and Thame,732
5417,737105,Introduce offshore detention/mass deportation for illegal migrants,,Hereford and South Herefordshire,1007
5418,737105,Introduce offshore detention/mass deportation for illegal migrants,,Herne Bay and Sandwich,1360
5419,737105,Introduce offshore detention/mass deportation for illegal migrants,,Hertford and Stortford,995
5420,737105,Introduce offshore detention/mass deportation for illegal migrants,,Hertsmere,883
5421,737105,Introduce offshore detention/mass deportation for illegal migrants,,Hexham,1174
5422,737105,Introduce offshore detention/mass deportation for illegal migrants,,Heywood and Middleton North,1280
5423,737105,Introduce offshore detention/mass deportation for illegal migrants,,High Peak,1209
5424,737105,Introduce offshore detention/mass deportation for illegal migrants,,Hinckley and Bosworth,1198
5425,737105,Introduce offshore detention/mass deportation for illegal migrants,,Hitchin,896
5426,737105,Introduce offshore detention/mass deportation for illegal migrants,,Holborn and St Pancras,368
5427,737105,Introduce offshore detention/mass deportation for illegal migrants,,Honiton and Sidmouth,873
5428,737105,Introduce offshore detention/mass deportation for illegal migrants,,Hornchurch and Upminster,1304
5429,737105,Introduce offshore detention/mass deportation for illegal migrants,,Hornsey and Friern Barnet,239
5430,737105,Introduce offshore detention/mass deportation for illegal migrants,,Horsham,1051
5431,737105,Introduce offshore detention/mass deportation for illegal migrants,,Houghton and Sunderland South,2092
5432,737105,Introduce offshore detention/mass deportation for illegal migrants,,Hove and Portslade,577
5433,737105,Introduce offshore detention/mass deportation for illegal migrants,,Huddersfield,749
5434,737105,Introduce offshore detention/mass deportation for illegal migrants,,Huntingdon,1083
5435,737105,Introduce offshore detention/mass deportation for illegal migrants,,Hyndburn,1185
5436,737105,Introduce offshore detention/mass deportation for illegal migrants,,Ilford North,346
5437,737105,Introduce offshore detention/mass deportation for illegal migrants,,Ilford South,214
5438,737105,Introduce offshore detention/mass deportation for illegal migrants,,Ipswich,855
5439,737105,Introduce offshore detention/mass deportation for illegal migrants,,Isle of Wight East,917
5440,737105,Introduce offshore detention/mass deportation for illegal migrants,,Isle of Wight West,786
5441,737105,Introduce offshore detention/mass deportation for illegal migrants,,Islington North,304
5442,737105,Introduce offshore detention/mass deportation for illegal migrants,,Islington South and Finsbury,565
5443,737105,Introduce offshore detention/mass deportation for illegal migrants,,Jarrow and Gateshead East,1509
5444,737105,Introduce offshore detention/mass deportation for illegal migrants,,Keighley and Ilkley,1000
5445,737105,Introduce offshore detention/mass deportation for illegal migrants,,Kenilworth and Southam,871
5446,737105,Introduce offshore detention/mass deportation for illegal migrants,,Kensington and Bayswater,421
5447,737105,Introduce offshore detention/mass deportation for illegal migrants,,Kettering,1181
5448,737105,Introduce offshore detention/mass deportation for illegal migrants,,Kingston and Surbiton,632
5449,737105,Introduce offshore detention/mass deportation for illegal migrants,,Kingston upon Hull East,1418
5450,737105,Introduce offshore detention/mass deportation for illegal migrants,,Kingston upon Hull North and Cottingham,1237
5451,737105,Introduce offshore detention/mass deportation for illegal migrants,,Kingston upon Hull West and Haltemprice,1432
5452,737105,Introduce offshore detention/mass deportation for illegal migrants,,Kingswinford and South Staffordshire,1064
5453,737105,Introduce offshore detention/mass deportation for illegal migrants,,Knowsley,1040
5454,737105,Introduce offshore detention/mass deportation for illegal migrants,,Lancaster and Wyre,995
5455,737105,Introduce offshore detention/mass deportation for illegal migrants,,Leeds Central and Headingley,344
5456,737105,Introduce offshore detention/mass deportation for illegal migrants,,Leeds East,1036
5457,737105,Introduce offshore detention/mass deportation for illegal migrants,,Leeds North East,436
5458,737105,Introduce offshore detention/mass deportation for illegal migrants,,Leeds North West,857
5459,737105,Introduce offshore detention/mass deportation for illegal migrants,,Leeds South,1022
5460,737105,Introduce offshore detention/mass deportation for illegal migrants,,Leeds South West and Morley,1277
5461,737105,Introduce offshore detention/mass deportation for illegal migrants,,Leeds West and Pudsey,940
5462,737105,Introduce offshore detention/mass deportation for illegal migrants,,Leicester East,279
5463,737105,Introduce offshore detention/mass deportation for illegal migrants,,Leicester South,311
5464,737105,Introduce offshore detention/mass deportation for illegal migrants,,Leicester West,702
5465,737105,Introduce offshore detention/mass deportation for illegal migrants,,Leigh and Atherton,1581
5466,737105,Introduce offshore detention/mass deportation for illegal migrants,,Lewes,985
5467,737105,Introduce offshore detention/mass deportation for illegal migrants,,Lewisham East,399
5468,737105,Introduce offshore detention/mass deportation for illegal migrants,,Lewisham North,281
5469,737105,Introduce offshore detention/mass deportation for illegal migrants,,Lewisham West and East Dulwich,233
5470,737105,Introduce offshore detention/mass deportation for illegal migrants,,Leyton and Wanstead,331
5471,737105,Introduce offshore detention/mass deportation for illegal migrants,,Lichfield,1255
5472,737105,Introduce offshore detention/mass deportation for illegal migrants,,Lincoln,985
5473,737105,Introduce offshore detention/mass deportation for illegal migrants,,Liverpool Garston,846
5474,737105,Introduce offshore detention/mass deportation for illegal migrants,,Liverpool Riverside,673
5475,737105,Introduce offshore detention/mass deportation for illegal migrants,,Liverpool Walton,1088
5476,737105,Introduce offshore detention/mass deportation for illegal migrants,,Liverpool Wavertree,586
5477,737105,Introduce offshore detention/mass deportation for illegal migrants,,Liverpool West Derby,931
5478,737105,Introduce offshore detention/mass deportation for illegal migrants,,Loughborough,806
5479,737105,Introduce offshore detention/mass deportation for illegal migrants,,Louth and Horncastle,1301
5480,737105,Introduce offshore detention/mass deportation for illegal migrants,,Lowestoft,1609
5481,737105,Introduce offshore detention/mass deportation for illegal migrants,,Luton North,526
5482,737105,Introduce offshore detention/mass deportation for illegal migrants,,Luton South and South Bedfordshire,590
5483,737105,Introduce offshore detention/mass deportation for illegal migrants,,Macclesfield,946
5484,737105,Introduce offshore detention/mass deportation for illegal migrants,,Maidenhead,833
5485,737105,Introduce offshore detention/mass deportation for illegal migrants,,Maidstone and Malling,1066
5486,737105,Introduce offshore detention/mass deportation for illegal migrants,,Makerfield,1745
5487,737105,Introduce offshore detention/mass deportation for illegal migrants,,Maldon,1678
5488,737105,Introduce offshore detention/mass deportation for illegal migrants,,Manchester Central,808
5489,737105,Introduce offshore detention/mass deportation for illegal migrants,,Manchester Rusholme,180
5490,737105,Introduce offshore detention/mass deportation for illegal migrants,,Manchester Withington,314
5491,737105,Introduce offshore detention/mass deportation for illegal migrants,,Mansfield,1244
5492,737105,Introduce offshore detention/mass deportation for illegal migrants,,Melksham and Devizes,853
5493,737105,Introduce offshore detention/mass deportation for illegal migrants,,Melton and Syston,1037
5494,737105,Introduce offshore detention/mass deportation for illegal migrants,,Meriden and Solihull East,1085
5495,737105,Introduce offshore detention/mass deportation for illegal migrants,,Mid Bedfordshire,1004
5496,737105,Introduce offshore detention/mass deportation for illegal migrants,,Mid Buckinghamshire,861
5497,737105,Introduce offshore detention/mass deportation for illegal migrants,,Mid Cheshire,1092
5498,737105,Introduce offshore detention/mass deportation for illegal migrants,,Mid Derbyshire,988
5499,737105,Introduce offshore detention/mass deportation for illegal migrants,,Mid Dorset and North Poole,1126
5500,737105,Introduce offshore detention/mass deportation for illegal migrants,,Mid Leicestershire,948
5501,737105,Introduce offshore detention/mass deportation for illegal migrants,,Mid Norfolk,1315
5502,737105,Introduce offshore detention/mass deportation for illegal migrants,,Mid Sussex,875
5503,737105,Introduce offshore detention/mass deportation for illegal migrants,,Middlesbrough and Thornaby East,1283
5504,737105,Introduce offshore detention/mass deportation for illegal migrants,,Middlesbrough South and East Cleveland,1449
5505,737105,Introduce offshore detention/mass deportation for illegal migrants,,Milton Keynes Central,878
5506,737105,Introduce offshore detention/mass deportation for illegal migrants,,Milton Keynes North,792
5507,737105,Introduce offshore detention/mass deportation for illegal migrants,,Mitcham and Morden,432
5508,737105,Introduce offshore detention/mass deportation for illegal migrants,,Morecambe and Lunesdale,1247
5509,737105,Introduce offshore detention/mass deportation for illegal migrants,,New Forest East,1181
5510,737105,Introduce offshore detention/mass deportation for illegal migrants,,New Forest West,1050
5511,737105,Introduce offshore detention/mass deportation for illegal migrants,,Newark,1155
5512,737105,Introduce offshore detention/mass deportation for illegal migrants,,Newbury,825
5513,737105,Introduce offshore detention/mass deportation for illegal migrants,,Newcastle upon Tyne Central and West,1343
5514,737105,Introduce offshore detention/mass deportation for illegal migrants,,Newcastle upon Tyne East and Wallsend,1356
5515,737105,Introduce offshore detention/mass deportation for illegal migrants,,Newcastle upon Tyne North,815
5516,737105,Introduce offshore detention/mass deportation for illegal migrants,,Newcastle-under-Lyme,1032
5517,737105,Introduce offshore detention/mass deportation for illegal migrants,,Newton Abbot,983
5518,737105,Introduce offshore detention/mass deportation for illegal migrants,,Newton Aycliffe and Spennymoor,1482
5519,737105,Introduce offshore detention/mass deportation for illegal migrants,,Normanton and Hemsworth,1483
5520,737105,Introduce offshore detention/mass deportation for illegal migrants,,North Bedfordshire,1082
5521,737105,Introduce offshore detention/mass deportation for illegal migrants,,North Cornwall,1072
5522,737105,Introduce offshore detention/mass deportation for illegal migrants,,North Cotswolds,847
5523,737105,Introduce offshore detention/mass deportation for illegal migrants,,North Devon,1121
5524,737105,Introduce offshore detention/mass deportation for illegal migrants,,North Dorset,1049
5525,737105,Introduce offshore detention/mass deportation for illegal migrants,,North Durham,1335
5526,737105,Introduce offshore detention/mass deportation for illegal migrants,,North East Cambridgeshire,1308
5527,737105,Introduce offshore detention/mass deportation for illegal migrants,,North East Derbyshire,1167
5528,737105,Introduce offshore detention/mass deportation for illegal migrants,,North East Hampshire,947
5529,737105,Introduce offshore detention/mass deportation for illegal migrants,,North East Hertfordshire,1113
5530,737105,Introduce offshore detention/mass deportation for illegal migrants,,North East Somerset and Hanham,951
5531,737105,Introduce offshore detention/mass deportation for illegal migrants,,North Herefordshire,971
5532,737105,Introduce offshore detention/mass deportation for illegal migrants,,North Norfolk,1210
5533,737105,Introduce offshore detention/mass deportation for illegal migrants,,North Northumberland,1269
5534,737105,Introduce offshore detention/mass deportation for illegal migrants,,North Shropshire,1178
5535,737105,Introduce offshore detention/mass deportation for illegal migrants,,North Somerset,809
5536,737105,Introduce offshore detention/mass deportation for illegal migrants,,North Warwickshire and Bedworth,1292
5537,737105,Introduce offshore detention/mass deportation for illegal migrants,,North West Cambridgeshire,1225
5538,737105,Introduce offshore detention/mass deportation for illegal migrants,,North West Essex,1306
5539,737105,Introduce offshore detention/mass deportation for illegal migrants,,North West Hampshire,1069
5540,737105,Introduce offshore detention/mass deportation for illegal migrants,,North West Leicestershire,1242
5541,737105,Introduce offshore detention/mass deportation for illegal migrants,,North West Norfolk,1196
5542,737105,Introduce offshore detention/mass deportation for illegal migrants,,Northampton North,873
5543,737105,Introduce offshore detention/mass deportation for illegal migrants,,Northampton South,944
5544,737105,Introduce offshore detention/mass deportation for illegal migrants,,Norwich North,1058
5545,737105,Introduce offshore detention/mass deportation for illegal migrants,,Norwich South,846
5546,737105,Introduce offshore detention/mass deportation for illegal migrants,,Nottingham East,416
5547,737105,Introduce offshore detention/mass deportation for illegal migrants,,Nottingham North and Kimberley,746
5548,737105,Introduce offshore detention/mass deportation for illegal migrants,,Nottingham South,618
5549,737105,Introduce offshore detention/mass deportation for illegal migrants,,Nuneaton,1142
5550,737105,Introduce offshore detention/mass deportation for illegal migrants,,Old Bexley and Sidcup,1173
5551,737105,Introduce offshore detention/mass deportation for illegal migrants,,Oldham East and Saddleworth,1160
5552,737105,Introduce offshore detention/mass deportation for illegal migrants,,"Oldham West, Chadderton and Royton",941
5553,737105,Introduce offshore detention/mass deportation for illegal migrants,,Orpington,933
5554,737105,Introduce offshore detention/mass deportation for illegal migrants,,Ossett and Denby Dale,1318
5555,737105,Introduce offshore detention/mass deportation for illegal migrants,,Oxford East,358
5556,737105,Introduce offshore detention/mass deportation for illegal migrants,,Oxford West and Abingdon,468
5557,737105,Introduce offshore detention/mass deportation for illegal migrants,,Peckham,219
5558,737105,Introduce offshore detention/mass deportation for illegal migrants,,Pendle and Clitheroe,1329
5559,737105,Introduce offshore detention/mass deportation for illegal migrants,,Penistone and Stocksbridge,1136
5560,737105,Introduce offshore detention/mass deportation for illegal migrants,,Penrith and Solway,1471
5561,737105,Introduce offshore detention/mass deportation for illegal migrants,,Peterborough,837
5562,737105,Introduce offshore detention/mass deportation for illegal migrants,,Plymouth Moor View,1314
5563,737105,Introduce offshore detention/mass deportation for illegal migrants,,Plymouth Sutton and Devonport,1100
5564,737105,Introduce offshore detention/mass deportation for illegal migrants,,"Pontefract, Castleford and Knottingley",1417
5565,737105,Introduce offshore detention/mass deportation for illegal migrants,,Poole,1116
5566,737105,Introduce offshore detention/mass deportation for illegal migrants,,Poplar and Limehouse,517
5567,737105,Introduce offshore detention/mass deportation for illegal migrants,,Portsmouth North,1453
5568,737105,Introduce offshore detention/mass deportation for illegal migrants,,Portsmouth South,879
5569,737105,Introduce offshore detention/mass deportation for illegal migrants,,Preston,931
5570,737105,Introduce offshore detention/mass deportation for illegal migrants,,Putney,406
5571,737105,Introduce offshore detention/mass deportation for illegal migrants,,Queen's Park and Maida Vale,261
5572,737105,Introduce offshore detention/mass deportation for illegal migrants,,Rawmarsh and Conisbrough,1274
5573,737105,Introduce offshore detention/mass deportation for illegal migrants,,Rayleigh and Wickford,1642
5574,737105,Introduce offshore detention/mass deportation for illegal migrants,,Reading Central,463
5575,737105,Introduce offshore detention/mass deportation for illegal migrants,,Reading West and Mid Berkshire,763
5576,737105,Introduce offshore detention/mass deportation for illegal migrants,,Redcar,1594
5577,737105,Introduce offshore detention/mass deportation for illegal migrants,,Redditch,1089
5578,737105,Introduce offshore detention/mass deportation for illegal migrants,,Reigate,980
5579,737105,Introduce offshore detention/mass deportation for illegal migrants,,Ribble Valley,1296
5580,737105,Introduce offshore detention/mass deportation for illegal migrants,,Richmond and Northallerton,1209
5581,737105,Introduce offshore detention/mass deportation for illegal migrants,,Richmond Park,463
5582,737105,Introduce offshore detention/mass deportation for illegal migrants,,Rochdale,906
5583,737105,Introduce offshore detention/mass deportation for illegal migrants,,Rochester and Strood,1206
5584,737105,Introduce offshore detention/mass deportation for illegal migrants,,Romford,1240
5585,737105,Introduce offshore detention/mass deportation for illegal migrants,,Romsey and Southampton North,906
5586,737105,Introduce offshore detention/mass deportation for illegal migrants,,Rossendale and Darwen,1482
5587,737105,Introduce offshore detention/mass deportation for illegal migrants,,Rother Valley,1199
5588,737105,Introduce offshore detention/mass deportation for illegal migrants,,Rotherham,1086
5589,737105,Introduce offshore detention/mass deportation for illegal migrants,,Rugby,1071
5590,737105,Introduce offshore detention/mass deportation for illegal migrants,,"Ruislip, Northwood and Pinner",686
5591,737105,Introduce offshore detention/mass deportation for illegal migrants,,Runcorn and Helsby,1092
5592,737105,Introduce offshore detention/mass deportation for illegal migrants,,Runnymede and Weybridge,955
5593,737105,Introduce offshore detention/mass deportation for illegal migrants,,Rushcliffe,776
5594,737105,Introduce offshore detention/mass deportation for illegal migrants,,Rutland and Stamford,905
5595,737105,Introduce offshore detention/mass deportation for illegal migrants,,Salford,982
5596,737105,Introduce offshore detention/mass deportation for illegal migrants,,Salisbury,816
5597,737105,Introduce offshore detention/mass deportation for illegal migrants,,Scarborough and Whitby,1309
5598,737105,Introduce offshore detention/mass deportation for illegal migrants,,Scunthorpe,1256
5599,737105,Introduce offshore detention/mass deportation for illegal migrants,,Sefton Central,939
5600,737105,Introduce offshore detention/mass deportation for illegal migrants,,Selby,1365
5601,737105,Introduce offshore detention/mass deportation for illegal migrants,,Sevenoaks,1254
5602,737105,Introduce offshore detention/mass deportation for illegal migrants,,Sheffield Brightside and Hillsborough,843
5603,737105,Introduce offshore detention/mass deportation for illegal migrants,,Sheffield Central,252
5604,737105,Introduce offshore detention/mass deportation for illegal migrants,,Sheffield Hallam,472
5605,737105,Introduce offshore detention/mass deportation for illegal migrants,,Sheffield Heeley,769
5606,737105,Introduce offshore detention/mass deportation for illegal migrants,,Sheffield South East,1040
5607,737105,Introduce offshore detention/mass deportation for illegal migrants,,Sherwood Forest,1235
5608,737105,Introduce offshore detention/mass deportation for illegal migrants,,Shipley,1032
5609,737105,Introduce offshore detention/mass deportation for illegal migrants,,Shrewsbury,954
5610,737105,Introduce offshore detention/mass deportation for illegal migrants,,Sittingbourne and Sheppey,1395
5611,737105,Introduce offshore detention/mass deportation for illegal migrants,,Skipton and Ripon,1153
5612,737105,Introduce offshore detention/mass deportation for illegal migrants,,Sleaford and North Hykeham,1145
5613,737105,Introduce offshore detention/mass deportation for illegal migrants,,Slough,496
5614,737105,Introduce offshore detention/mass deportation for illegal migrants,,Smethwick,627
5615,737105,Introduce offshore detention/mass deportation for illegal migrants,,Solihull West and Shirley,866
5616,737105,Introduce offshore detention/mass deportation for illegal migrants,,South Basildon and East Thurrock,1515
5617,737105,Introduce offshore detention/mass deportation for illegal migrants,,South Cambridgeshire,732
5618,737105,Introduce offshore detention/mass deportation for illegal migrants,,South Cotswolds,766
5619,737105,Introduce offshore detention/mass deportation for illegal migrants,,South Derbyshire,1146
5620,737105,Introduce offshore detention/mass deportation for illegal migrants,,South Devon,944
5621,737105,Introduce offshore detention/mass deportation for illegal migrants,,South Dorset,1236
5622,737105,Introduce offshore detention/mass deportation for illegal migrants,,South East Cornwall,1221
5623,737105,Introduce offshore detention/mass deportation for illegal migrants,,South Holland and The Deepings,1462
5624,737105,Introduce offshore detention/mass deportation for illegal migrants,,South Leicestershire,1122
5625,737105,Introduce offshore detention/mass deportation for illegal migrants,,South Norfolk,1126
5626,737105,Introduce offshore detention/mass deportation for illegal migrants,,South Northamptonshire,1041
5627,737105,Introduce offshore detention/mass deportation for illegal migrants,,South Ribble,1259
5628,737105,Introduce offshore detention/mass deportation for illegal migrants,,South Shields,1446
5629,737105,Introduce offshore detention/mass deportation for illegal migrants,,South Shropshire,1140
5630,737105,Introduce offshore detention/mass deportation for illegal migrants,,South Suffolk,1054
5631,737105,Introduce offshore detention/mass deportation for illegal migrants,,South West Devon,1216
5632,737105,Introduce offshore detention/mass deportation for illegal migrants,,South West Hertfordshire,908
5633,737105,Introduce offshore detention/mass deportation for illegal migrants,,South West Norfolk,1516
5634,737105,Introduce offshore detention/mass deportation for illegal migrants,,South West Wiltshire,970
5635,737105,Introduce offshore detention/mass deportation for illegal migrants,,Southampton Itchen,1184
5636,737105,Introduce offshore detention/mass deportation for illegal migrants,,Southampton Test,861
5637,737105,Introduce offshore detention/mass deportation for illegal migrants,,Southend East and Rochford,1329
5638,737105,Introduce offshore detention/mass deportation for illegal migrants,,Southend West and Leigh,1200
5639,737105,Introduce offshore detention/mass deportation for illegal migrants,,Southgate and Wood Green,337
5640,737105,Introduce offshore detention/mass deportation for illegal migrants,,Southport,1053
5641,737105,Introduce offshore detention/mass deportation for illegal migrants,,Spelthorne,1138
5642,737105,Introduce offshore detention/mass deportation for illegal migrants,,Spen Valley,1232
5643,737105,Introduce offshore detention/mass deportation for illegal migrants,,St Albans,567
5644,737105,Introduce offshore detention/mass deportation for illegal migrants,,St Austell and Newquay,1230
5645,737105,Introduce offshore detention/mass deportation for illegal migrants,,St Helens North,1297
5646,737105,Introduce offshore detention/mass deportation for illegal migrants,,St Helens South and Whiston,1186
5647,737105,Introduce offshore detention/mass deportation for illegal migrants,,St Ives,940
5648,737105,Introduce offshore detention/mass deportation for illegal migrants,,St Neots and Mid Cambridgeshire,849
5649,737105,Introduce offshore detention/mass deportation for illegal migrants,,Stafford,1031
5650,737105,Introduce offshore detention/mass deportation for illegal migrants,,Staffordshire Moorlands,1054
5651,737105,Introduce offshore detention/mass deportation for illegal migrants,,Stalybridge and Hyde,1216
5652,737105,Introduce offshore detention/mass deportation for illegal migrants,,Stevenage,998
5653,737105,Introduce offshore detention/mass deportation for illegal migrants,,Stockport,923
5654,737105,Introduce offshore detention/mass deportation for illegal migrants,,Stockton North,1249
5655,737105,Introduce offshore detention/mass deportation for illegal migrants,,Stockton West,1378
5656,737105,Introduce offshore detention/mass deportation for illegal migrants,,Stoke-on-Trent Central,1048
5657,737105,Introduce offshore detention/mass deportation for illegal migrants,,Stoke-on-Trent North,1221
5658,737105,Introduce offshore detention/mass deportation for illegal migrants,,Stoke-on-Trent South,1051
5659,737105,Introduce offshore detention/mass deportation for illegal migrants,,"Stone, Great Wyrley and Penkridge",1127
5660,737105,Introduce offshore detention/mass deportation for illegal migrants,,Stourbridge,901
5661,737105,Introduce offshore detention/mass deportation for illegal migrants,,Stratford and Bow,254
5662,737105,Introduce offshore detention/mass deportation for illegal migrants,,Stratford-on-Avon,923
5663,737105,Introduce offshore detention/mass deportation for illegal migrants,,Streatham and Croydon North,235
5664,737105,Introduce offshore detention/mass deportation for illegal migrants,,Stretford and Urmston,868
5665,737105,Introduce offshore detention/mass deportation for illegal migrants,,Stroud,775
5666,737105,Introduce offshore detention/mass deportation for illegal migrants,,Suffolk Coastal,1016
5667,737105,Introduce offshore detention/mass deportation for illegal migrants,,Sunderland Central,1599
5668,737105,Introduce offshore detention/mass deportation for illegal migrants,,Surrey Heath,918
5669,737105,Introduce offshore detention/mass deportation for illegal migrants,,Sussex Weald,1451
5670,737105,Introduce offshore detention/mass deportation for illegal migrants,,Sutton and Cheam,685
5671,737105,Introduce offshore detention/mass deportation for illegal migrants,,Sutton Coldfield,972
5672,737105,Introduce offshore detention/mass deportation for illegal migrants,,Swindon North,951
5673,737105,Introduce offshore detention/mass deportation for illegal migrants,,Swindon South,892
5674,737105,Introduce offshore detention/mass deportation for illegal migrants,,Tamworth,1451
5675,737105,Introduce offshore detention/mass deportation for illegal migrants,,Tatton,932
5676,737105,Introduce offshore detention/mass deportation for illegal migrants,,Taunton and Wellington,1049
5677,737105,Introduce offshore detention/mass deportation for illegal migrants,,Telford,1291
5678,737105,Introduce offshore detention/mass deportation for illegal migrants,,Tewkesbury,826
5679,737105,Introduce offshore detention/mass deportation for illegal migrants,,The Wrekin,1246
5680,737105,Introduce offshore detention/mass deportation for illegal migrants,,Thirsk and Malton,1118
5681,737105,Introduce offshore detention/mass deportation for illegal migrants,,Thornbury and Yate,1090
5682,737105,Introduce offshore detention/mass deportation for illegal migrants,,Thurrock,1178
5683,737105,Introduce offshore detention/mass deportation for illegal migrants,,Tipton and Wednesbury,983
5684,737105,Introduce offshore detention/mass deportation for illegal migrants,,Tiverton and Minehead,991
5685,737105,Introduce offshore detention/mass deportation for illegal migrants,,Tonbridge,1086
5686,737105,Introduce offshore detention/mass deportation for illegal migrants,,Tooting,306
5687,737105,Introduce offshore detention/mass deportation for illegal migrants,,Torbay,1290
5688,737105,Introduce offshore detention/mass deportation for illegal migrants,,Torridge and Tavistock,1097
5689,737105,Introduce offshore detention/mass deportation for illegal migrants,,Tottenham,173
5690,737105,Introduce offshore detention/mass deportation for illegal migrants,,Truro and Falmouth,853
5691,737105,Introduce offshore detention/mass deportation for illegal migrants,,Tunbridge Wells,941
5692,737105,Introduce offshore detention/mass deportation for illegal migrants,,Twickenham,486
5693,737105,Introduce offshore detention/mass deportation for illegal migrants,,Tynemouth,1120
5694,737105,Introduce offshore detention/mass deportation for illegal migrants,,Uxbridge and South Ruislip,1021
5695,737105,Introduce offshore detention/mass deportation for illegal migrants,,Vauxhall and Camberwell Green,211
5696,737105,Introduce offshore detention/mass deportation for illegal migrants,,Wakefield and Rothwell,1254
5697,737105,Introduce offshore detention/mass deportation for illegal migrants,,Wallasey,1237
5698,737105,Introduce offshore detention/mass deportation for illegal migrants,,Walsall and Bloxwich,907
5699,737105,Introduce offshore detention/mass deportation for illegal migrants,,Walthamstow,193
5700,737105,Introduce offshore detention/mass deportation for illegal migrants,,Warrington North,1168
5701,737105,Introduce offshore detention/mass deportation for illegal migrants,,Warrington South,1070
5702,737105,Introduce offshore detention/mass deportation for illegal migrants,,Warwick and Leamington,735
5703,737105,Introduce offshore detention/mass deportation for illegal migrants,,Washington and Gateshead South,1509
5704,737105,Introduce offshore detention/mass deportation for illegal migrants,,Watford,652
5705,737105,Introduce offshore detention/mass deportation for illegal migrants,,Waveney Valley,1132
5706,737105,Introduce offshore detention/mass deportation for illegal migrants,,Weald of Kent,1146
5707,737105,Introduce offshore detention/mass deportation for illegal migrants,,Wellingborough and Rushden,1064
5708,737105,Introduce offshore detention/mass deportation for illegal migrants,,Wells and Mendip Hills,795
5709,737105,Introduce offshore detention/mass deportation for illegal migrants,,Welwyn Hatfield,910
5710,737105,Introduce offshore detention/mass deportation for illegal migrants,,West Bromwich,673
5711,737105,Introduce offshore detention/mass deportation for illegal migrants,,West Dorset,789
5712,737105,Introduce offshore detention/mass deportation for illegal migrants,,West Ham and Beckton,332
5713,737105,Introduce offshore detention/mass deportation for illegal migrants,,West Lancashire,1087
5714,737105,Introduce offshore detention/mass deportation for illegal migrants,,West Suffolk,1227
5715,737105,Introduce offshore detention/mass deportation for illegal migrants,,West Worcestershire,1015
5716,737105,Introduce offshore detention/mass deportation for illegal migrants,,Westmorland and Lonsdale,932
5717,737105,Introduce offshore detention/mass deportation for illegal migrants,,Weston-super-Mare,1159
5718,737105,Introduce offshore detention/mass deportation for illegal migrants,,Wetherby and Easingwold,922
5719,737105,Introduce offshore detention/mass deportation for illegal migrants,,Whitehaven and Workington,1843
5720,737105,Introduce offshore detention/mass deportation for illegal migrants,,Widnes and Halewood,1158
5721,737105,Introduce offshore detention/mass deportation for illegal migrants,,Wigan,1671
5722,737105,Introduce offshore detention/mass deportation for illegal migrants,,Wimbledon,421
5723,737105,Introduce offshore detention/mass deportation for illegal migrants,,Winchester,761
5724,737105,Introduce offshore detention/mass deportation for illegal migrants,,Windsor,802
5725,737105,Introduce offshore detention/mass deportation for illegal migrants,,Wirral West,971
5726,737105,Introduce offshore detention/mass deportation for illegal migrants,,Witham,1427
5727,737105,Introduce offshore detention/mass deportation for illegal migrants,,Witney,859
5728,737105,Introduce offshore detention/mass deportation for illegal migrants,,Woking,707
5729,737105,Introduce offshore detention/mass deportation for illegal migrants,,Wokingham,801
5730,737105,Introduce offshore detention/mass deportation for illegal migrants,,Wolverhampton North East,908
5731,737105,Introduce offshore detention/mass deportation for illegal migrants,,Wolverhampton South East,899
5732,737105,Introduce offshore detention/mass deportation for illegal migrants,,Wolverhampton West,641
5733,737105,Introduce offshore detention/mass deportation for illegal migrants,,Worcester,835
5734,737105,Introduce offshore detention/mass deportation for illegal migrants,,Worsley and Eccles,1312
5735,737105,Introduce offshore detention/mass deportation for illegal migrants,,Worthing West,987
5736,737105,Introduce offshore detention/mass deportation for illegal migrants,,Wycombe,610
5737,737105,Introduce offshore detention/mass deportation for illegal migrants,,Wyre Forest,1133
5738,737105,Introduce offshore detention/mass deportation for illegal migrants,,Wythenshawe and Sale East,1017
5739,737105,Introduce offshore detention/mass deportation for illegal migrants,,Yeovil,1091
5740,737105,Introduce offshore detention/mass deportation for illegal migrants,,York Central,785
5741,737105,Introduce offshore detention/mass deportation for illegal migrants,,York Outer,835
5742,737105,Introduce offshore detention/mass deportation for illegal migrants,,Belfast East,944
5743,737105,Introduce offshore detention/mass deportation for illegal migrants,,Belfast North,792
5744,737105,Introduce offshore detention/mass deportation for illegal migrants,,Belfast South and Mid Down,468
5745,737105,Introduce offshore detention/mass deportation for illegal migrants,,Belfast West,466
5746,737105,Introduce offshore detention/mass deportation for illegal migrants,,East Antrim,1141
5747,737105,Introduce offshore detention/mass deportation for illegal migrants,,East Londonderry,626
5748,737105,Introduce offshore detention/mass deportation for illegal migrants,,Fermanagh and South Tyrone,347
5749,737105,Introduce offshore detention/mass deportation for illegal migrants,,Foyle,294
5750,737105,Introduce offshore detention/mass deportation for illegal migrants,,Lagan Valley,765
5751,737105,Introduce offshore detention/mass deportation for illegal migrants,,Mid Ulster,342
5752,737105,Introduce offshore detention/mass deportation for illegal migrants,,Newry and Armagh,469
5753,737105,Introduce offshore detention/mass deportation for illegal migrants,,North Antrim,769
5754,737105,Introduce offshore detention/mass deportation for illegal migrants,,North Down,929
5755,737105,Introduce offshore detention/mass deportation for illegal migrants,,South Antrim,779
5756,737105,Introduce offshore detention/mass deportation for illegal migrants,,South Down,381
5757,737105,Introduce offshore detention/mass deportation for illegal migrants,,Strangford,854
5758,737105,Introduce offshore detention/mass deportation for illegal migrants,,Upper Bann,977
5759,737105,Introduce offshore detention/mass deportation for illegal migrants,,West Tyrone,265
5760,737105,Introduce offshore detention/mass deportation for illegal migrants,,East Renfrewshire,560
5761,737105,Introduce offshore detention/mass deportation for illegal migrants,,Na h-Eileanan an Iar,215
5762,737105,Introduce offshore detention/mass deportation for illegal migrants,,Midlothian,848
5763,737105,Introduce offshore detention/mass deportation for illegal migrants,,North Ayrshire and Arran,956
5764,737105,Introduce offshore detention/mass deportation for illegal migrants,,Orkney and Shetland,325
5765,737105,Introduce offshore detention/mass deportation for illegal migrants,,Aberdeen North,1407
5766,737105,Introduce offshore detention/mass deportation for illegal migrants,,Aberdeen South,1066
5767,737105,Introduce offshore detention/mass deportation for illegal migrants,,Aberdeenshire North and Moray East,1557
5768,737105,Introduce offshore detention/mass deportation for illegal migrants,,Airdrie and Shotts,1044
5769,737105,Introduce offshore detention/mass deportation for illegal migrants,,Alloa and Grangemouth,917
5770,737105,Introduce offshore detention/mass deportation for illegal migrants,,Angus and Perthshire Glens,907
5771,737105,Introduce offshore detention/mass deportation for illegal migrants,,Arbroath and Broughty Ferry,1049
5772,737105,Introduce offshore detention/mass deportation for illegal migrants,,"Argyll, Bute and South Lochaber",869
5773,737105,Introduce offshore detention/mass deportation for illegal migrants,,Bathgate and Linlithgow,939
5774,737105,Introduce offshore detention/mass deportation for illegal migrants,,"Caithness, Sutherland and Easter Ross",1035
5775,737105,Introduce offshore detention/mass deportation for illegal migrants,,Coatbridge and Bellshill,820
5776,737105,Introduce offshore detention/mass deportation for illegal migrants,,Cowdenbeath and Kirkcaldy,882
5777,737105,Introduce offshore detention/mass deportation for illegal migrants,,Cumbernauld and Kirkintilloch,829
5778,737105,Introduce offshore detention/mass deportation for illegal migrants,,Dumfries and Galloway,937
5779,737105,Introduce offshore detention/mass deportation for illegal migrants,,"Dumfriesshire, Clydesdale and Tweeddale",855
5780,737105,Introduce offshore detention/mass deportation for illegal migrants,,Dundee Central,887
5781,737105,Introduce offshore detention/mass deportation for illegal migrants,,Dunfermline and Dollar,780
5782,737105,Introduce offshore detention/mass deportation for illegal migrants,,East Kilbride and Strathaven,934
5783,737105,Introduce offshore detention/mass deportation for illegal migrants,,Edinburgh East and Musselburgh,595
5784,737105,Introduce offshore detention/mass deportation for illegal migrants,,Edinburgh North and Leith,573
5785,737105,Introduce offshore detention/mass deportation for illegal migrants,,Edinburgh South,449
5786,737105,Introduce offshore detention/mass deportation for illegal migrants,,Edinburgh South West,583
5787,737105,Introduce offshore detention/mass deportation for illegal migrants,,Edinburgh West,596
5788,737105,Introduce offshore detention/mass deportation for illegal migrants,,Falkirk,1108
5789,737105,Introduce offshore detention/mass deportation for illegal migrants,,Glasgow East,783
5790,737105,Introduce offshore detention/mass deportation for illegal migrants,,Glasgow North,606
5791,737105,Introduce offshore detention/mass deportation for illegal migrants,,Glasgow North East,983
5792,737105,Introduce offshore detention/mass deportation for illegal migrants,,Glasgow South,517
5793,737105,Introduce offshore detention/mass deportation for illegal migrants,,Glasgow South West,722
5794,737105,Introduce offshore detention/mass deportation for illegal migrants,,Glasgow West,668
5795,737105,Introduce offshore detention/mass deportation for illegal migrants,,Glenrothes and Mid Fife,987
5796,737105,Introduce offshore detention/mass deportation for illegal migrants,,Gordon and Buchan,1129
5797,737105,Introduce offshore detention/mass deportation for illegal migrants,,Hamilton and Clyde Valley,991
5798,737105,Introduce offshore detention/mass deportation for illegal migrants,,Inverclyde and Renfrewshire West,840
5799,737105,Introduce offshore detention/mass deportation for illegal migrants,,"Inverness, Skye and West Ross-shire",1092
5800,737105,Introduce offshore detention/mass deportation for illegal migrants,,Livingston,1028
5801,737105,Introduce offshore detention/mass deportation for illegal migrants,,Lothian East,799
5802,737105,Introduce offshore detention/mass deportation for illegal migrants,,Mid Dunbartonshire,646
5803,737105,Introduce offshore detention/mass deportation for illegal migrants,,"Moray West, Nairn and Strathspey",1054
5804,737105,Introduce offshore detention/mass deportation for illegal migrants,,"Motherwell, Wishaw and Carluke",865
5805,737105,Introduce offshore detention/mass deportation for illegal migrants,,North East Fife,660
5806,737105,Introduce offshore detention/mass deportation for illegal migrants,,Paisley and Renfrewshire North,935
5807,737105,Introduce offshore detention/mass deportation for illegal migrants,,Paisley and Renfrewshire South,849
5808,737105,Introduce offshore detention/mass deportation for illegal migrants,,Perth and Kinross-shire,796
5809,737105,Introduce offshore detention/mass deportation for illegal migrants,,Rutherglen,853
5810,737105,Introduce offshore detention/mass deportation for illegal migrants,,Stirling and Strathallan,694
5811,737105,Introduce offshore detention/mass deportation for illegal migrants,,West Dunbartonshire,928
5812,737105,Introduce offshore detention/mass deportation for illegal migrants,,"Ayr, Carrick and Cumnock",988
5813,737105,Introduce offshore detention/mass deportation for illegal migrants,,"Berwickshire, Roxburgh and Selkirk",825
5814,737105,Introduce offshore detention/mass deportation for illegal migrants,,Central Ayrshire,933
5815,737105,Introduce offshore detention/mass deportation for illegal migrants,,Kilmarnock and Loudoun,985
5816,737105,Introduce offshore detention/mass deportation for illegal migrants,,West Aberdeenshire and Kincardine,1113
5817,737105,Introduce offshore detention/mass deportation for illegal migrants,,Aberafan Maesteg,1361
5818,737105,Introduce offshore detention/mass deportation for illegal migrants,,Alyn and Deeside,1277
5819,737105,Introduce offshore detention/mass deportation for illegal migrants,,Bangor Aberconwy,903
5820,737105,Introduce offshore detention/mass deportation for illegal migrants,,Blaenau Gwent and Rhymney,1385
5821,737105,Introduce offshore detention/mass deportation for illegal migrants,,"Brecon, Radnor and Cwm Tawe",991
5822,737105,Introduce offshore detention/mass deportation for illegal migrants,,Bridgend,1131
5823,737105,Introduce offshore detention/mass deportation for illegal migrants,,Caerfyrddin,1115
5824,737105,Introduce offshore detention/mass deportation for illegal migrants,,Caerphilly,1233
5825,737105,Introduce offshore detention/mass deportation for illegal migrants,,Cardiff East,641
5826,737105,Introduce offshore detention/mass deportation for illegal migrants,,Cardiff North,670
5827,737105,Introduce offshore detention/mass deportation for illegal migrants,,Cardiff South and Penarth,508
5828,737105,Introduce offshore detention/mass deportation for illegal migrants,,Cardiff West,707
5829,737105,Introduce offshore detention/mass deportation for illegal migrants,,Ceredigion Preseli,895
5830,737105,Introduce offshore detention/mass deportation for illegal migrants,,Clwyd East,1263
5831,737105,Introduce offshore detention/mass deportation for illegal migrants,,Clwyd North,1212
5832,737105,Introduce offshore detention/mass deportation for illegal migrants,,Dwyfor Meirionnydd,857
5833,737105,Introduce offshore detention/mass deportation for illegal migrants,,Gower,1143
5834,737105,Introduce offshore detention/mass deportation for illegal migrants,,Llanelli,1303
5835,737105,Introduce offshore detention/mass deportation for illegal migrants,,Merthyr Tydfil and Aberdare,1241
5836,737105,Introduce offshore detention/mass deportation for illegal migrants,,Mid and South Pembrokeshire,1131
5837,737105,Introduce offshore detention/mass deportation for illegal migrants,,Monmouthshire,882
5838,737105,Introduce offshore detention/mass deportation for illegal migrants,,Montgomeryshire and Glyndŵr,1160
5839,737105,Introduce offshore detention/mass deportation for illegal migrants,,Neath and Swansea East,1313
5840,737105,Introduce offshore detention/mass deportation for illegal migrants,,Newport East,1040
5841,737105,Introduce offshore detention/mass deportation for illegal migrants,,Newport West and Islwyn,1191
5842,737105,Introduce offshore detention/mass deportation for illegal migrants,,Pontypridd,1123
5843,737105,Introduce offshore detention/mass deportation for illegal migrants,,Rhondda and Ogmore,1493
5844,737105,Introduce offshore detention/mass deportation for illegal migrants,,Swansea West,1016
5845,737105,Introduce offshore detention/mass deportation for illegal migrants,,Torfaen,1265
5846,737105,Introduce offshore detention/mass deportation for illegal migrants,,Vale of Glamorgan,1188
5847,737105,Introduce offshore detention/mass deportation for illegal migrants,,Wrexham,996
5848,737105,Introduce offshore detention/mass deportation for illegal migrants,,Ynys Môn,783
5849,718660,Introduce Licensing and Regulation for Dog and Cat Rescues to Protect Welfare,,Aldershot,197
5850,718660,Introduce Licensing and Regulation for Dog and Cat Rescues to Protect Welfare,,Aldridge-Brownhills,130
5851,718660,Introduce Licensing and Regulation for Dog and Cat Rescues to Protect Welfare,,Altrincham and Sale West,84
5852,718660,Introduce Licensing and Regulation for Dog and Cat Rescues to Protect Welfare,,Amber Valley,200
5853,718660,Introduce Licensing and Regulation for Dog and Cat Rescues to Protect Welfare,,Arundel and South Downs,213
5854,718660,Introduce Licensing and Regulation for Dog and Cat Rescues to Protect Welfare,,Ashfield,177
5855,718660,Introduce Licensing and Regulation for Dog and Cat Rescues to Protect Welfare,,Ashford,177
5856,718660,Introduce Licensing and Regulation for Dog and Cat Rescues to Protect Welfare,,Ashton-under-Lyne,114
5857,718660,Introduce Licensing and Regulation for Dog and Cat Rescues to Protect Welfare,,Aylesbury,232
5858,718660,Introduce Licensing and Regulation for Dog and Cat Rescues to Protect Welfare,,Banbury,153
5859,718660,Introduce Licensing and Regulation for Dog and Cat Rescues to Protect Welfare,,Barking,208
5860,718660,Introduce Licensing and Regulation for Dog and Cat Rescues to Protect Welfare,,Barnsley North,121
5861,718660,Introduce Licensing and Regulation for Dog and Cat Rescues to Protect Welfare,,Barnsley South,156
5862,718660,Introduce Licensing and Regulation for Dog and Cat Rescues to Protect Welfare,,Barrow and Furness,113
5863,718660,Introduce Licensing and Regulation for Dog and Cat Rescues to Protect Welfare,,Basildon and Billericay,2587
5864,718660,Introduce Licensing and Regulation for Dog and Cat Rescues to Protect Welfare,,Basingstoke,405
5865,718660,Introduce Licensing and Regulation for Dog and Cat Rescues to Protect Welfare,,Bassetlaw,194
5866,718660,Introduce Licensing and Regulation for Dog and Cat Rescues to Protect Welfare,,Bath,144
5867,718660,Introduce Licensing and Regulation for Dog and Cat Rescues to Protect Welfare,,Battersea,62
5868,718660,Introduce Licensing and Regulation for Dog and Cat Rescues to Protect Welfare,,Beaconsfield,189
5869,718660,Introduce Licensing and Regulation for Dog and Cat Rescues to Protect Welfare,,Beckenham and Penge,158
5870,718660,Introduce Licensing and Regulation for Dog and Cat Rescues to Protect Welfare,,Bedford,119
5871,718660,Introduce Licensing and Regulation for Dog and Cat Rescues to Protect Welfare,,Bermondsey and Old Southwark,69
5872,718660,Introduce Licensing and Regulation for Dog and Cat Rescues to Protect Welfare,,Bethnal Green and Stepney,65
5873,718660,Introduce Licensing and Regulation for Dog and Cat Rescues to Protect Welfare,,Beverley and Holderness,151
5874,718660,Introduce Licensing and Regulation for Dog and Cat Rescues to Protect Welfare,,Bexhill and Battle,224
5875,718660,Introduce Licensing and Regulation for Dog and Cat Rescues to Protect Welfare,,Bexleyheath and Crayford,341
5876,718660,Introduce Licensing and Regulation for Dog and Cat Rescues to Protect Welfare,,Bicester and Woodstock,135
5877,718660,Introduce Licensing and Regulation for Dog and Cat Rescues to Protect Welfare,,Birkenhead,129
5878,718660,Introduce Licensing and Regulation for Dog and Cat Rescues to Protect Welfare,,Birmingham Edgbaston,86
5879,718660,Introduce Licensing and Regulation for Dog and Cat Rescues to Protect Welfare,,Birmingham Erdington,132
5880,718660,Introduce Licensing and Regulation for Dog and Cat Rescues to Protect Welfare,,Birmingham Hall Green and Moseley,70
5881,718660,Introduce Licensing and Regulation for Dog and Cat Rescues to Protect Welfare,,Birmingham Hodge Hill and Solihull North,105
5882,718660,Introduce Licensing and Regulation for Dog and Cat Rescues to Protect Welfare,,Birmingham Ladywood,29
5883,718660,Introduce Licensing and Regulation for Dog and Cat Rescues to Protect Welfare,,Birmingham Northfield,169
5884,718660,Introduce Licensing and Regulation for Dog and Cat Rescues to Protect Welfare,,Birmingham Perry Barr,30
5885,718660,Introduce Licensing and Regulation for Dog and Cat Rescues to Protect Welfare,,Birmingham Selly Oak,95
5886,718660,Introduce Licensing and Regulation for Dog and Cat Rescues to Protect Welfare,,Birmingham Yardley,86
5887,718660,Introduce Licensing and Regulation for Dog and Cat Rescues to Protect Welfare,,Bishop Auckland,214
5888,718660,Introduce Licensing and Regulation for Dog and Cat Rescues to Protect Welfare,,Blackburn,66
5889,718660,Introduce Licensing and Regulation for Dog and Cat Rescues to Protect Welfare,,Blackley and Middleton South,75
5890,718660,Introduce Licensing and Regulation for Dog and Cat Rescues to Protect Welfare,,Blackpool North and Fleetwood,138
5891,718660,Introduce Licensing and Regulation for Dog and Cat Rescues to Protect Welfare,,Blackpool South,205
5892,718660,Introduce Licensing and Regulation for Dog and Cat Rescues to Protect Welfare,,Blaydon and Consett,173
5893,718660,Introduce Licensing and Regulation for Dog and Cat Rescues to Protect Welfare,,Blyth and Ashington,175
5894,718660,Introduce Licensing and Regulation for Dog and Cat Rescues to Protect Welfare,,Bognor Regis and Littlehampton,171
5895,718660,Introduce Licensing and Regulation for Dog and Cat Rescues to Protect Welfare,,Bolsover,196
5896,718660,Introduce Licensing and Regulation for Dog and Cat Rescues to Protect Welfare,,Bolton North East,124
5897,718660,Introduce Licensing and Regulation for Dog and Cat Rescues to Protect Welfare,,Bolton South and Walkden,106
5898,718660,Introduce Licensing and Regulation for Dog and Cat Rescues to Protect Welfare,,Bolton West,121
5899,718660,Introduce Licensing and Regulation for Dog and Cat Rescues to Protect Welfare,,Bootle,117
5900,718660,Introduce Licensing and Regulation for Dog and Cat Rescues to Protect Welfare,,Boston and Skegness,203
5901,718660,Introduce Licensing and Regulation for Dog and Cat Rescues to Protect Welfare,,Bournemouth East,145
5902,718660,Introduce Licensing and Regulation for Dog and Cat Rescues to Protect Welfare,,Bournemouth West,157
5903,718660,Introduce Licensing and Regulation for Dog and Cat Rescues to Protect Welfare,,Bracknell,193
5904,718660,Introduce Licensing and Regulation for Dog and Cat Rescues to Protect Welfare,,Bradford East,88
5905,718660,Introduce Licensing and Regulation for Dog and Cat Rescues to Protect Welfare,,Bradford South,126
5906,718660,Introduce Licensing and Regulation for Dog and Cat Rescues to Protect Welfare,,Bradford West,53
5907,718660,Introduce Licensing and Regulation for Dog and Cat Rescues to Protect Welfare,,Braintree,447
5908,718660,Introduce Licensing and Regulation for Dog and Cat Rescues to Protect Welfare,,Brent East,48
5909,718660,Introduce Licensing and Regulation for Dog and Cat Rescues to Protect Welfare,,Brent West,35
5910,718660,Introduce Licensing and Regulation for Dog and Cat Rescues to Protect Welfare,,Brentford and Isleworth,84
5911,718660,Introduce Licensing and Regulation for Dog and Cat Rescues to Protect Welfare,,Brentwood and Ongar,942
5912,718660,Introduce Licensing and Regulation for Dog and Cat Rescues to Protect Welfare,,Bridgwater,334
5913,718660,Introduce Licensing and Regulation for Dog and Cat Rescues to Protect Welfare,,Bridlington and The Wolds,176
5914,718660,Introduce Licensing and Regulation for Dog and Cat Rescues to Protect Welfare,,Brigg and Immingham,151
5915,718660,Introduce Licensing and Regulation for Dog and Cat Rescues to Protect Welfare,,Brighton Kemptown and Peacehaven,186
5916,718660,Introduce Licensing and Regulation for Dog and Cat Rescues to Protect Welfare,,Brighton Pavilion,145
5917,718660,Introduce Licensing and Regulation for Dog and Cat Rescues to Protect Welfare,,Bristol Central,51
5918,718660,Introduce Licensing and Regulation for Dog and Cat Rescues to Protect Welfare,,Bristol East,121
5919,718660,Introduce Licensing and Regulation for Dog and Cat Rescues to Protect Welfare,,Bristol North East,137
5920,718660,Introduce Licensing and Regulation for Dog and Cat Rescues to Protect Welfare,,Bristol North West,118
5921,718660,Introduce Licensing and Regulation for Dog and Cat Rescues to Protect Welfare,,Bristol South,121
5922,718660,Introduce Licensing and Regulation for Dog and Cat Rescues to Protect Welfare,,Broadland and Fakenham,196
5923,718660,Introduce Licensing and Regulation for Dog and Cat Rescues to Protect Welfare,,Bromley and Biggin Hill,190
5924,718660,Introduce Licensing and Regulation for Dog and Cat Rescues to Protect Welfare,,Bromsgrove,170
5925,718660,Introduce Licensing and Regulation for Dog and Cat Rescues to Protect Welfare,,Broxbourne,292
5926,718660,Introduce Licensing and Regulation for Dog and Cat Rescues to Protect Welfare,,Broxtowe,119
5927,718660,Introduce Licensing and Regulation for Dog and Cat Rescues to Protect Welfare,,Buckingham and Bletchley,154
5928,718660,Introduce Licensing and Regulation for Dog and Cat Rescues to Protect Welfare,,Burnley,176
5929,718660,Introduce Licensing and Regulation for Dog and Cat Rescues to Protect Welfare,,Burton and Uttoxeter,147
5930,718660,Introduce Licensing and Regulation for Dog and Cat Rescues to Protect Welfare,,Bury North,123
5931,718660,Introduce Licensing and Regulation for Dog and Cat Rescues to Protect Welfare,,Bury South,124
5932,718660,Introduce Licensing and Regulation for Dog and Cat Rescues to Protect Welfare,,Bury St Edmunds and Stowmarket,202
5933,718660,Introduce Licensing and Regulation for Dog and Cat Rescues to Protect Welfare,,Calder Valley,163
5934,718660,Introduce Licensing and Regulation for Dog and Cat Rescues to Protect Welfare,,Camborne and Redruth,260
5935,718660,Introduce Licensing and Regulation for Dog and Cat Rescues to Protect Welfare,,Cambridge,92
5936,718660,Introduce Licensing and Regulation for Dog and Cat Rescues to Protect Welfare,,Cannock Chase,163
5937,718660,Introduce Licensing and Regulation for Dog and Cat Rescues to Protect Welfare,,Canterbury,181
5938,718660,Introduce Licensing and Regulation for Dog and Cat Rescues to Protect Welfare,,Carlisle,140
5939,718660,Introduce Licensing and Regulation for Dog and Cat Rescues to Protect Welfare,,Carshalton and Wallington,143
5940,718660,Introduce Licensing and Regulation for Dog and Cat Rescues to Protect Welfare,,Castle Point,1507
5941,718660,Introduce Licensing and Regulation for Dog and Cat Rescues to Protect Welfare,,Central Devon,210
5942,718660,Introduce Licensing and Regulation for Dog and Cat Rescues to Protect Welfare,,Central Suffolk and North Ipswich,163
5943,718660,Introduce Licensing and Regulation for Dog and Cat Rescues to Protect Welfare,,Chatham and Aylesford,165
5944,718660,Introduce Licensing and Regulation for Dog and Cat Rescues to Protect Welfare,,Cheadle,124
5945,718660,Introduce Licensing and Regulation for Dog and Cat Rescues to Protect Welfare,,Chelmsford,698
5946,718660,Introduce Licensing and Regulation for Dog and Cat Rescues to Protect Welfare,,Chelsea and Fulham,80
5947,718660,Introduce Licensing and Regulation for Dog and Cat Rescues to Protect Welfare,,Cheltenham,129
5948,718660,Introduce Licensing and Regulation for Dog and Cat Rescues to Protect Welfare,,Chesham and Amersham,261
5949,718660,Introduce Licensing and Regulation for Dog and Cat Rescues to Protect Welfare,,Chester North and Neston,123
5950,718660,Introduce Licensing and Regulation for Dog and Cat Rescues to Protect Welfare,,Chester South and Eddisbury,177
5951,718660,Introduce Licensing and Regulation for Dog and Cat Rescues to Protect Welfare,,Chesterfield,184
5952,718660,Introduce Licensing and Regulation for Dog and Cat Rescues to Protect Welfare,,Chichester,162
5953,718660,Introduce Licensing and Regulation for Dog and Cat Rescues to Protect Welfare,,Chingford and Woodford Green,231
5954,718660,Introduce Licensing and Regulation for Dog and Cat Rescues to Protect Welfare,,Chippenham,158
5955,718660,Introduce Licensing and Regulation for Dog and Cat Rescues to Protect Welfare,,Chipping Barnet,105
5956,718660,Introduce Licensing and Regulation for Dog and Cat Rescues to Protect Welfare,,Chorley,167
5957,718660,Introduce Licensing and Regulation for Dog and Cat Rescues to Protect Welfare,,Christchurch,207
5958,718660,Introduce Licensing and Regulation for Dog and Cat Rescues to Protect Welfare,,Cities of London and Westminster,85
5959,718660,Introduce Licensing and Regulation for Dog and Cat Rescues to Protect Welfare,,City of Durham,143
5960,718660,Introduce Licensing and Regulation for Dog and Cat Rescues to Protect Welfare,,Clacton,515
5961,718660,Introduce Licensing and Regulation for Dog and Cat Rescues to Protect Welfare,,Clapham and Brixton Hill,53
5962,718660,Introduce Licensing and Regulation for Dog and Cat Rescues to Protect Welfare,,Colchester,236
5963,718660,Introduce Licensing and Regulation for Dog and Cat Rescues to Protect Welfare,,Colne Valley,123
5964,718660,Introduce Licensing and Regulation for Dog and Cat Rescues to Protect Welfare,,Congleton,200
5965,718660,Introduce Licensing and Regulation for Dog and Cat Rescues to Protect Welfare,,Corby and East Northamptonshire,215
5966,718660,Introduce Licensing and Regulation for Dog and Cat Rescues to Protect Welfare,,Coventry East,86
5967,718660,Introduce Licensing and Regulation for Dog and Cat Rescues to Protect Welfare,,Coventry North West,143
5968,718660,Introduce Licensing and Regulation for Dog and Cat Rescues to Protect Welfare,,Coventry South,85
5969,718660,Introduce Licensing and Regulation for Dog and Cat Rescues to Protect Welfare,,Cramlington and Killingworth,172
5970,718660,Introduce Licensing and Regulation for Dog and Cat Rescues to Protect Welfare,,Crawley,140
5971,718660,Introduce Licensing and Regulation for Dog and Cat Rescues to Protect Welfare,,Crewe and Nantwich,148
5972,718660,Introduce Licensing and Regulation for Dog and Cat Rescues to Protect Welfare,,Croydon East,128
5973,718660,Introduce Licensing and Regulation for Dog and Cat Rescues to Protect Welfare,,Croydon South,107
5974,718660,Introduce Licensing and Regulation for Dog and Cat Rescues to Protect Welfare,,Croydon West,58
5975,718660,Introduce Licensing and Regulation for Dog and Cat Rescues to Protect Welfare,,Dagenham and Rainham,337
5976,718660,Introduce Licensing and Regulation for Dog and Cat Rescues to Protect Welfare,,Darlington,153
5977,718660,Introduce Licensing and Regulation for Dog and Cat Rescues to Protect Welfare,,Dartford,299
5978,718660,Introduce Licensing and Regulation for Dog and Cat Rescues to Protect Welfare,,Daventry,216
5979,718660,Introduce Licensing and Regulation for Dog and Cat Rescues to Protect Welfare,,Derby North,121
5980,718660,Introduce Licensing and Regulation for Dog and Cat Rescues to Protect Welfare,,Derby South,130
5981,718660,Introduce Licensing and Regulation for Dog and Cat Rescues to Protect Welfare,,Derbyshire Dales,159
5982,718660,Introduce Licensing and Regulation for Dog and Cat Rescues to Protect Welfare,,Dewsbury and Batley,63
5983,718660,Introduce Licensing and Regulation for Dog and Cat Rescues to Protect Welfare,,Didcot and Wantage,133
5984,718660,Introduce Licensing and Regulation for Dog and Cat Rescues to Protect Welfare,,Doncaster Central,158
5985,718660,Introduce Licensing and Regulation for Dog and Cat Rescues to Protect Welfare,,Doncaster East and the Isle of Axholme,153
5986,718660,Introduce Licensing and Regulation for Dog and Cat Rescues to Protect Welfare,,Doncaster North,163
5987,718660,Introduce Licensing and Regulation for Dog and Cat Rescues to Protect Welfare,,Dorking and Horley,204
5988,718660,Introduce Licensing and Regulation for Dog and Cat Rescues to Protect Welfare,,Dover and Deal,185
5989,718660,Introduce Licensing and Regulation for Dog and Cat Rescues to Protect Welfare,,Droitwich and Evesham,200
5990,718660,Introduce Licensing and Regulation for Dog and Cat Rescues to Protect Welfare,,Dudley,104
5991,718660,Introduce Licensing and Regulation for Dog and Cat Rescues to Protect Welfare,,Dulwich and West Norwood,65
5992,718660,Introduce Licensing and Regulation for Dog and Cat Rescues to Protect Welfare,,Dunstable and Leighton Buzzard,181
5993,718660,Introduce Licensing and Regulation for Dog and Cat Rescues to Protect Welfare,,Ealing Central and Acton,76
5994,718660,Introduce Licensing and Regulation for Dog and Cat Rescues to Protect Welfare,,Ealing North,82
5995,718660,Introduce Licensing and Regulation for Dog and Cat Rescues to Protect Welfare,,Ealing Southall,66
5996,718660,Introduce Licensing and Regulation for Dog and Cat Rescues to Protect Welfare,,Earley and Woodley,167
5997,718660,Introduce Licensing and Regulation for Dog and Cat Rescues to Protect Welfare,,Easington,139
5998,718660,Introduce Licensing and Regulation for Dog and Cat Rescues to Protect Welfare,,East Grinstead and Uckfield,195
5999,718660,Introduce Licensing and Regulation for Dog and Cat Rescues to Protect Welfare,,East Ham,58
6000,718660,Introduce Licensing and Regulation for Dog and Cat Rescues to Protect Welfare,,East Hampshire,169
6001,718660,Introduce Licensing and Regulation for Dog and Cat Rescues to Protect Welfare,,East Surrey,294
6002,718660,Introduce Licensing and Regulation for Dog and Cat Rescues to Protect Welfare,,East Thanet,240
6003,718660,Introduce Licensing and Regulation for Dog and Cat Rescues to Protect Welfare,,East Wiltshire,154
6004,718660,Introduce Licensing and Regulation for Dog and Cat Rescues to Protect Welfare,,East Worthing and Shoreham,176
6005,718660,Introduce Licensing and Regulation for Dog and Cat Rescues to Protect Welfare,,Eastbourne,162
6006,718660,Introduce Licensing and Regulation for Dog and Cat Rescues to Protect Welfare,,Eastleigh,110
6007,718660,Introduce Licensing and Regulation for Dog and Cat Rescues to Protect Welfare,,Edmonton and Winchmore Hill,59
6008,718660,Introduce Licensing and Regulation for Dog and Cat Rescues to Protect Welfare,,Ellesmere Port and Bromborough,114
6009,718660,Introduce Licensing and Regulation for Dog and Cat Rescues to Protect Welfare,,Eltham and Chislehurst,232
6010,718660,Introduce Licensing and Regulation for Dog and Cat Rescues to Protect Welfare,,Ely and East Cambridgeshire,224
6011,718660,Introduce Licensing and Regulation for Dog and Cat Rescues to Protect Welfare,,Enfield North,101
6012,718660,Introduce Licensing and Regulation for Dog and Cat Rescues to Protect Welfare,,Epping Forest,388
6013,718660,Introduce Licensing and Regulation for Dog and Cat Rescues to Protect Welfare,,Epsom and Ewell,145
6014,718660,Introduce Licensing and Regulation for Dog and Cat Rescues to Protect Welfare,,Erewash,153
6015,718660,Introduce Licensing and Regulation for Dog and Cat Rescues to Protect Welfare,,Erith and Thamesmead,248
6016,718660,Introduce Licensing and Regulation for Dog and Cat Rescues to Protect Welfare,,Esher and Walton,145
6017,718660,Introduce Licensing and Regulation for Dog and Cat Rescues to Protect Welfare,,Exeter,116
6018,718660,Introduce Licensing and Regulation for Dog and Cat Rescues to Protect Welfare,,Exmouth and Exeter East,159
6019,718660,Introduce Licensing and Regulation for Dog and Cat Rescues to Protect Welfare,,Fareham and Waterlooville,182
6020,718660,Introduce Licensing and Regulation for Dog and Cat Rescues to Protect Welfare,,Farnham and Bordon,168
6021,718660,Introduce Licensing and Regulation for Dog and Cat Rescues to Protect Welfare,,Faversham and Mid Kent,197
6022,718660,Introduce Licensing and Regulation for Dog and Cat Rescues to Protect Welfare,,Feltham and Heston,79
6023,718660,Introduce Licensing and Regulation for Dog and Cat Rescues to Protect Welfare,,Filton and Bradley Stoke,108
6024,718660,Introduce Licensing and Regulation for Dog and Cat Rescues to Protect Welfare,,Finchley and Golders Green,84
6025,718660,Introduce Licensing and Regulation for Dog and Cat Rescues to Protect Welfare,,Folkestone and Hythe,253
6026,718660,Introduce Licensing and Regulation for Dog and Cat Rescues to Protect Welfare,,Forest of Dean,179
6027,718660,Introduce Licensing and Regulation for Dog and Cat Rescues to Protect Welfare,,Frome and East Somerset,158
6028,718660,Introduce Licensing and Regulation for Dog and Cat Rescues to Protect Welfare,,Fylde,162
6029,718660,Introduce Licensing and Regulation for Dog and Cat Rescues to Protect Welfare,,Gainsborough,235
6030,718660,Introduce Licensing and Regulation for Dog and Cat Rescues to Protect Welfare,,Gateshead Central and Whickham,106
6031,718660,Introduce Licensing and Regulation for Dog and Cat Rescues to Protect Welfare,,Gedling,158
6032,718660,Introduce Licensing and Regulation for Dog and Cat Rescues to Protect Welfare,,Gillingham and Rainham,163
6033,718660,Introduce Licensing and Regulation for Dog and Cat Rescues to Protect Welfare,,Glastonbury and Somerton,201
6034,718660,Introduce Licensing and Regulation for Dog and Cat Rescues to Protect Welfare,,Gloucester,103
6035,718660,Introduce Licensing and Regulation for Dog and Cat Rescues to Protect Welfare,,Godalming and Ash,191
6036,718660,Introduce Licensing and Regulation for Dog and Cat Rescues to Protect Welfare,,Goole and Pocklington,157
6037,718660,Introduce Licensing and Regulation for Dog and Cat Rescues to Protect Welfare,,Gorton and Denton,105
6038,718660,Introduce Licensing and Regulation for Dog and Cat Rescues to Protect Welfare,,Gosport,159
6039,718660,Introduce Licensing and Regulation for Dog and Cat Rescues to Protect Welfare,,Grantham and Bourne,205
6040,718660,Introduce Licensing and Regulation for Dog and Cat Rescues to Protect Welfare,,Gravesham,272
6041,718660,Introduce Licensing and Regulation for Dog and Cat Rescues to Protect Welfare,,Great Grimsby and Cleethorpes,126
6042,718660,Introduce Licensing and Regulation for Dog and Cat Rescues to Protect Welfare,,Great Yarmouth,211
6043,718660,Introduce Licensing and Regulation for Dog and Cat Rescues to Protect Welfare,,Greenwich and Woolwich,119
6044,718660,Introduce Licensing and Regulation for Dog and Cat Rescues to Protect Welfare,,Guildford,102
6045,718660,Introduce Licensing and Regulation for Dog and Cat Rescues to Protect Welfare,,Hackney North and Stoke Newington,76
6046,718660,Introduce Licensing and Regulation for Dog and Cat Rescues to Protect Welfare,,Hackney South and Shoreditch,60
6047,718660,Introduce Licensing and Regulation for Dog and Cat Rescues to Protect Welfare,,Halesowen,113
6048,718660,Introduce Licensing and Regulation for Dog and Cat Rescues to Protect Welfare,,Halifax,124
6049,718660,Introduce Licensing and Regulation for Dog and Cat Rescues to Protect Welfare,,Hamble Valley,200
6050,718660,Introduce Licensing and Regulation for Dog and Cat Rescues to Protect Welfare,,Hammersmith and Chiswick,74
6051,718660,Introduce Licensing and Regulation for Dog and Cat Rescues to Protect Welfare,,Hampstead and Highgate,77
6052,718660,Introduce Licensing and Regulation for Dog and Cat Rescues to Protect Welfare,,"Harborough, Oadby and Wigston",122
6053,718660,Introduce Licensing and Regulation for Dog and Cat Rescues to Protect Welfare,,Harlow,348
6054,718660,Introduce Licensing and Regulation for Dog and Cat Rescues to Protect Welfare,,Harpenden and Berkhamsted,172
6055,718660,Introduce Licensing and Regulation for Dog and Cat Rescues to Protect Welfare,,Harrogate and Knaresborough,190
6056,718660,Introduce Licensing and Regulation for Dog and Cat Rescues to Protect Welfare,,Harrow East,56
6057,718660,Introduce Licensing and Regulation for Dog and Cat Rescues to Protect Welfare,,Harrow West,52
6058,718660,Introduce Licensing and Regulation for Dog and Cat Rescues to Protect Welfare,,Hartlepool,125
6059,718660,Introduce Licensing and Regulation for Dog and Cat Rescues to Protect Welfare,,Harwich and North Essex,346
6060,718660,Introduce Licensing and Regulation for Dog and Cat Rescues to Protect Welfare,,Hastings and Rye,203
6061,718660,Introduce Licensing and Regulation for Dog and Cat Rescues to Protect Welfare,,Havant,163
6062,718660,Introduce Licensing and Regulation for Dog and Cat Rescues to Protect Welfare,,Hayes and Harlington,83
6063,718660,Introduce Licensing and Regulation for Dog and Cat Rescues to Protect Welfare,,Hazel Grove,133
6064,718660,Introduce Licensing and Regulation for Dog and Cat Rescues to Protect Welfare,,Hemel Hempstead,151
6065,718660,Introduce Licensing and Regulation for Dog and Cat Rescues to Protect Welfare,,Hendon,56
6066,718660,Introduce Licensing and Regulation for Dog and Cat Rescues to Protect Welfare,,Henley and Thame,134
6067,718660,Introduce Licensing and Regulation for Dog and Cat Rescues to Protect Welfare,,Hereford and South Herefordshire,146
6068,718660,Introduce Licensing and Regulation for Dog and Cat Rescues to Protect Welfare,,Herne Bay and Sandwich,280
6069,718660,Introduce Licensing and Regulation for Dog and Cat Rescues to Protect Welfare,,Hertford and Stortford,369
6070,718660,Introduce Licensing and Regulation for Dog and Cat Rescues to Protect Welfare,,Hertsmere,134
6071,718660,Introduce Licensing and Regulation for Dog and Cat Rescues to Protect Welfare,,Hexham,144
6072,718660,Introduce Licensing and Regulation for Dog and Cat Rescues to Protect Welfare,,Heywood and Middleton North,108
6073,718660,Introduce Licensing and Regulation for Dog and Cat Rescues to Protect Welfare,,High Peak,184
6074,718660,Introduce Licensing and Regulation for Dog and Cat Rescues to Protect Welfare,,Hinckley and Bosworth,189
6075,718660,Introduce Licensing and Regulation for Dog and Cat Rescues to Protect Welfare,,Hitchin,217
6076,718660,Introduce Licensing and Regulation for Dog and Cat Rescues to Protect Welfare,,Holborn and St Pancras,66
6077,718660,Introduce Licensing and Regulation for Dog and Cat Rescues to Protect Welfare,,Honiton and Sidmouth,208
6078,718660,Introduce Licensing and Regulation for Dog and Cat Rescues to Protect Welfare,,Hornchurch and Upminster,423
6079,718660,Introduce Licensing and Regulation for Dog and Cat Rescues to Protect Welfare,,Hornsey and Friern Barnet,101
6080,718660,Introduce Licensing and Regulation for Dog and Cat Rescues to Protect Welfare,,Horsham,181
6081,718660,Introduce Licensing and Regulation for Dog and Cat Rescues to Protect Welfare,,Houghton and Sunderland South,159
6082,718660,Introduce Licensing and Regulation for Dog and Cat Rescues to Protect Welfare,,Hove and Portslade,146
6083,718660,Introduce Licensing and Regulation for Dog and Cat Rescues to Protect Welfare,,Huddersfield,85
6084,718660,Introduce Licensing and Regulation for Dog and Cat Rescues to Protect Welfare,,Huntingdon,176
6085,718660,Introduce Licensing and Regulation for Dog and Cat Rescues to Protect Welfare,,Hyndburn,118
6086,718660,Introduce Licensing and Regulation for Dog and Cat Rescues to Protect Welfare,,Ilford North,186
6087,718660,Introduce Licensing and Regulation for Dog and Cat Rescues to Protect Welfare,,Ilford South,98
6088,718660,Introduce Licensing and Regulation for Dog and Cat Rescues to Protect Welfare,,Ipswich,129
6089,718660,Introduce Licensing and Regulation for Dog and Cat Rescues to Protect Welfare,,Isle of Wight East,114
6090,718660,Introduce Licensing and Regulation for Dog and Cat Rescues to Protect Welfare,,Isle of Wight West,125
6091,718660,Introduce Licensing and Regulation for Dog and Cat Rescues to Protect Welfare,,Islington North,77
6092,718660,Introduce Licensing and Regulation for Dog and Cat Rescues to Protect Welfare,,Islington South and Finsbury,105
6093,718660,Introduce Licensing and Regulation for Dog and Cat Rescues to Protect Welfare,,Jarrow and Gateshead East,95
6094,718660,Introduce Licensing and Regulation for Dog and Cat Rescues to Protect Welfare,,Keighley and Ilkley,216
6095,718660,Introduce Licensing and Regulation for Dog and Cat Rescues to Protect Welfare,,Kenilworth and Southam,192
6096,718660,Introduce Licensing and Regulation for Dog and Cat Rescues to Protect Welfare,,Kensington and Bayswater,70
6097,718660,Introduce Licensing and Regulation for Dog and Cat Rescues to Protect Welfare,,Kettering,312
6098,718660,Introduce Licensing and Regulation for Dog and Cat Rescues to Protect Welfare,,Kingston and Surbiton,130
6099,718660,Introduce Licensing and Regulation for Dog and Cat Rescues to Protect Welfare,,Kingston upon Hull East,100
6100,718660,Introduce Licensing and Regulation for Dog and Cat Rescues to Protect Welfare,,Kingston upon Hull North and Cottingham,105
6101,718660,Introduce Licensing and Regulation for Dog and Cat Rescues to Protect Welfare,,Kingston upon Hull West and Haltemprice,92
6102,718660,Introduce Licensing and Regulation for Dog and Cat Rescues to Protect Welfare,,Kingswinford and South Staffordshire,134
6103,718660,Introduce Licensing and Regulation for Dog and Cat Rescues to Protect Welfare,,Knowsley,120
6104,718660,Introduce Licensing and Regulation for Dog and Cat Rescues to Protect Welfare,,Lancaster and Wyre,119
6105,718660,Introduce Licensing and Regulation for Dog and Cat Rescues to Protect Welfare,,Leeds Central and Headingley,58
6106,718660,Introduce Licensing and Regulation for Dog and Cat Rescues to Protect Welfare,,Leeds East,124
6107,718660,Introduce Licensing and Regulation for Dog and Cat Rescues to Protect Welfare,,Leeds North East,125
6108,718660,Introduce Licensing and Regulation for Dog and Cat Rescues to Protect Welfare,,Leeds North West,161
6109,718660,Introduce Licensing and Regulation for Dog and Cat Rescues to Protect Welfare,,Leeds South,109
6110,718660,Introduce Licensing and Regulation for Dog and Cat Rescues to Protect Welfare,,Leeds South West and Morley,128
6111,718660,Introduce Licensing and Regulation for Dog and Cat Rescues to Protect Welfare,,Leeds West and Pudsey,128
6112,718660,Introduce Licensing and Regulation for Dog and Cat Rescues to Protect Welfare,,Leicester East,33
6113,718660,Introduce Licensing and Regulation for Dog and Cat Rescues to Protect Welfare,,Leicester South,54
6114,718660,Introduce Licensing and Regulation for Dog and Cat Rescues to Protect Welfare,,Leicester West,102
6115,718660,Introduce Licensing and Regulation for Dog and Cat Rescues to Protect Welfare,,Leigh and Atherton,181
6116,718660,Introduce Licensing and Regulation for Dog and Cat Rescues to Protect Welfare,,Lewes,197
6117,718660,Introduce Licensing and Regulation for Dog and Cat Rescues to Protect Welfare,,Lewisham East,104
6118,718660,Introduce Licensing and Regulation for Dog and Cat Rescues to Protect Welfare,,Lewisham North,57
6119,718660,Introduce Licensing and Regulation for Dog and Cat Rescues to Protect Welfare,,Lewisham West and East Dulwich,87
6120,718660,Introduce Licensing and Regulation for Dog and Cat Rescues to Protect Welfare,,Leyton and Wanstead,119
6121,718660,Introduce Licensing and Regulation for Dog and Cat Rescues to Protect Welfare,,Lichfield,215
6122,718660,Introduce Licensing and Regulation for Dog and Cat Rescues to Protect Welfare,,Lincoln,116
6123,718660,Introduce Licensing and Regulation for Dog and Cat Rescues to Protect Welfare,,Liverpool Garston,137
6124,718660,Introduce Licensing and Regulation for Dog and Cat Rescues to Protect Welfare,,Liverpool Riverside,93
6125,718660,Introduce Licensing and Regulation for Dog and Cat Rescues to Protect Welfare,,Liverpool Walton,108
6126,718660,Introduce Licensing and Regulation for Dog and Cat Rescues to Protect Welfare,,Liverpool Wavertree,139
6127,718660,Introduce Licensing and Regulation for Dog and Cat Rescues to Protect Welfare,,Liverpool West Derby,134
6128,718660,Introduce Licensing and Regulation for Dog and Cat Rescues to Protect Welfare,,Loughborough,113
6129,718660,Introduce Licensing and Regulation for Dog and Cat Rescues to Protect Welfare,,Louth and Horncastle,276
6130,718660,Introduce Licensing and Regulation for Dog and Cat Rescues to Protect Welfare,,Lowestoft,208
6131,718660,Introduce Licensing and Regulation for Dog and Cat Rescues to Protect Welfare,,Luton North,104
6132,718660,Introduce Licensing and Regulation for Dog and Cat Rescues to Protect Welfare,,Luton South and South Bedfordshire,112
6133,718660,Introduce Licensing and Regulation for Dog and Cat Rescues to Protect Welfare,,Macclesfield,144
6134,718660,Introduce Licensing and Regulation for Dog and Cat Rescues to Protect Welfare,,Maidenhead,225
6135,718660,Introduce Licensing and Regulation for Dog and Cat Rescues to Protect Welfare,,Maidstone and Malling,169
6136,718660,Introduce Licensing and Regulation for Dog and Cat Rescues to Protect Welfare,,Makerfield,151
6137,718660,Introduce Licensing and Regulation for Dog and Cat Rescues to Protect Welfare,,Maldon,1378
6138,718660,Introduce Licensing and Regulation for Dog and Cat Rescues to Protect Welfare,,Manchester Central,63
6139,718660,Introduce Licensing and Regulation for Dog and Cat Rescues to Protect Welfare,,Manchester Rusholme,36
6140,718660,Introduce Licensing and Regulation for Dog and Cat Rescues to Protect Welfare,,Manchester Withington,71
6141,718660,Introduce Licensing and Regulation for Dog and Cat Rescues to Protect Welfare,,Mansfield,181
6142,718660,Introduce Licensing and Regulation for Dog and Cat Rescues to Protect Welfare,,Melksham and Devizes,192
6143,718660,Introduce Licensing and Regulation for Dog and Cat Rescues to Protect Welfare,,Melton and Syston,145
6144,718660,Introduce Licensing and Regulation for Dog and Cat Rescues to Protect Welfare,,Meriden and Solihull East,132
6145,718660,Introduce Licensing and Regulation for Dog and Cat Rescues to Protect Welfare,,Mid Bedfordshire,220
6146,718660,Introduce Licensing and Regulation for Dog and Cat Rescues to Protect Welfare,,Mid Buckinghamshire,248
6147,718660,Introduce Licensing and Regulation for Dog and Cat Rescues to Protect Welfare,,Mid Cheshire,197
6148,718660,Introduce Licensing and Regulation for Dog and Cat Rescues to Protect Welfare,,Mid Derbyshire,159
6149,718660,Introduce Licensing and Regulation for Dog and Cat Rescues to Protect Welfare,,Mid Dorset and North Poole,232
6150,718660,Introduce Licensing and Regulation for Dog and Cat Rescues to Protect Welfare,,Mid Leicestershire,138
6151,718660,Introduce Licensing and Regulation for Dog and Cat Rescues to Protect Welfare,,Mid Norfolk,244
6152,718660,Introduce Licensing and Regulation for Dog and Cat Rescues to Protect Welfare,,Mid Sussex,154
6153,718660,Introduce Licensing and Regulation for Dog and Cat Rescues to Protect Welfare,,Middlesbrough and Thornaby East,112
6154,718660,Introduce Licensing and Regulation for Dog and Cat Rescues to Protect Welfare,,Middlesbrough South and East Cleveland,108
6155,718660,Introduce Licensing and Regulation for Dog and Cat Rescues to Protect Welfare,,Milton Keynes Central,150
6156,718660,Introduce Licensing and Regulation for Dog and Cat Rescues to Protect Welfare,,Milton Keynes North,231
6157,718660,Introduce Licensing and Regulation for Dog and Cat Rescues to Protect Welfare,,Mitcham and Morden,95
6158,718660,Introduce Licensing and Regulation for Dog and Cat Rescues to Protect Welfare,,Morecambe and Lunesdale,145
6159,718660,Introduce Licensing and Regulation for Dog and Cat Rescues to Protect Welfare,,New Forest East,175
6160,718660,Introduce Licensing and Regulation for Dog and Cat Rescues to Protect Welfare,,New Forest West,201
6161,718660,Introduce Licensing and Regulation for Dog and Cat Rescues to Protect Welfare,,Newark,185
6162,718660,Introduce Licensing and Regulation for Dog and Cat Rescues to Protect Welfare,,Newbury,165
6163,718660,Introduce Licensing and Regulation for Dog and Cat Rescues to Protect Welfare,,Newcastle upon Tyne Central and West,111
6164,718660,Introduce Licensing and Regulation for Dog and Cat Rescues to Protect Welfare,,Newcastle upon Tyne East and Wallsend,124
6165,718660,Introduce Licensing and Regulation for Dog and Cat Rescues to Protect Welfare,,Newcastle upon Tyne North,112
6166,718660,Introduce Licensing and Regulation for Dog and Cat Rescues to Protect Welfare,,Newcastle-under-Lyme,173
6167,718660,Introduce Licensing and Regulation for Dog and Cat Rescues to Protect Welfare,,Newton Abbot,216
6168,718660,Introduce Licensing and Regulation for Dog and Cat Rescues to Protect Welfare,,Newton Aycliffe and Spennymoor,151
6169,718660,Introduce Licensing and Regulation for Dog and Cat Rescues to Protect Welfare,,Normanton and Hemsworth,172
6170,718660,Introduce Licensing and Regulation for Dog and Cat Rescues to Protect Welfare,,North Bedfordshire,225
6171,718660,Introduce Licensing and Regulation for Dog and Cat Rescues to Protect Welfare,,North Cornwall,252
6172,718660,Introduce Licensing and Regulation for Dog and Cat Rescues to Protect Welfare,,North Cotswolds,148
6173,718660,Introduce Licensing and Regulation for Dog and Cat Rescues to Protect Welfare,,North Devon,210
6174,718660,Introduce Licensing and Regulation for Dog and Cat Rescues to Protect Welfare,,North Dorset,268
6175,718660,Introduce Licensing and Regulation for Dog and Cat Rescues to Protect Welfare,,North Durham,145
6176,718660,Introduce Licensing and Regulation for Dog and Cat Rescues to Protect Welfare,,North East Cambridgeshire,247
6177,718660,Introduce Licensing and Regulation for Dog and Cat Rescues to Protect Welfare,,North East Derbyshire,187
6178,718660,Introduce Licensing and Regulation for Dog and Cat Rescues to Protect Welfare,,North East Hampshire,286
6179,718660,Introduce Licensing and Regulation for Dog and Cat Rescues to Protect Welfare,,North East Hertfordshire,462
6180,718660,Introduce Licensing and Regulation for Dog and Cat Rescues to Protect Welfare,,North East Somerset and Hanham,198
6181,718660,Introduce Licensing and Regulation for Dog and Cat Rescues to Protect Welfare,,North Herefordshire,189
6182,718660,Introduce Licensing and Regulation for Dog and Cat Rescues to Protect Welfare,,North Norfolk,240
6183,718660,Introduce Licensing and Regulation for Dog and Cat Rescues to Protect Welfare,,North Northumberland,227
6184,718660,Introduce Licensing and Regulation for Dog and Cat Rescues to Protect Welfare,,North Shropshire,197
6185,718660,Introduce Licensing and Regulation for Dog and Cat Rescues to Protect Welfare,,North Somerset,181
6186,718660,Introduce Licensing and Regulation for Dog and Cat Rescues to Protect Welfare,,North Warwickshire and Bedworth,129
6187,718660,Introduce Licensing and Regulation for Dog and Cat Rescues to Protect Welfare,,North West Cambridgeshire,168
6188,718660,Introduce Licensing and Regulation for Dog and Cat Rescues to Protect Welfare,,North West Essex,523
6189,718660,Introduce Licensing and Regulation for Dog and Cat Rescues to Protect Welfare,,North West Hampshire,237
6190,718660,Introduce Licensing and Regulation for Dog and Cat Rescues to Protect Welfare,,North West Leicestershire,149
6191,718660,Introduce Licensing and Regulation for Dog and Cat Rescues to Protect Welfare,,North West Norfolk,206
6192,718660,Introduce Licensing and Regulation for Dog and Cat Rescues to Protect Welfare,,Northampton North,150
6193,718660,Introduce Licensing and Regulation for Dog and Cat Rescues to Protect Welfare,,Northampton South,171
6194,718660,Introduce Licensing and Regulation for Dog and Cat Rescues to Protect Welfare,,Norwich North,141
6195,718660,Introduce Licensing and Regulation for Dog and Cat Rescues to Protect Welfare,,Norwich South,116
6196,718660,Introduce Licensing and Regulation for Dog and Cat Rescues to Protect Welfare,,Nottingham East,84
6197,718660,Introduce Licensing and Regulation for Dog and Cat Rescues to Protect Welfare,,Nottingham North and Kimberley,116
6198,718660,Introduce Licensing and Regulation for Dog and Cat Rescues to Protect Welfare,,Nottingham South,83
6199,718660,Introduce Licensing and Regulation for Dog and Cat Rescues to Protect Welfare,,Nuneaton,126
6200,718660,Introduce Licensing and Regulation for Dog and Cat Rescues to Protect Welfare,,Old Bexley and Sidcup,314
6201,718660,Introduce Licensing and Regulation for Dog and Cat Rescues to Protect Welfare,,Oldham East and Saddleworth,108
6202,718660,Introduce Licensing and Regulation for Dog and Cat Rescues to Protect Welfare,,"Oldham West, Chadderton and Royton",75
6203,718660,Introduce Licensing and Regulation for Dog and Cat Rescues to Protect Welfare,,Orpington,217
6204,718660,Introduce Licensing and Regulation for Dog and Cat Rescues to Protect Welfare,,Ossett and Denby Dale,155
6205,718660,Introduce Licensing and Regulation for Dog and Cat Rescues to Protect Welfare,,Oxford East,82
6206,718660,Introduce Licensing and Regulation for Dog and Cat Rescues to Protect Welfare,,Oxford West and Abingdon,89
6207,718660,Introduce Licensing and Regulation for Dog and Cat Rescues to Protect Welfare,,Peckham,52
6208,718660,Introduce Licensing and Regulation for Dog and Cat Rescues to Protect Welfare,,Pendle and Clitheroe,160
6209,718660,Introduce Licensing and Regulation for Dog and Cat Rescues to Protect Welfare,,Penistone and Stocksbridge,148
6210,718660,Introduce Licensing and Regulation for Dog and Cat Rescues to Protect Welfare,,Penrith and Solway,177
6211,718660,Introduce Licensing and Regulation for Dog and Cat Rescues to Protect Welfare,,Peterborough,89
6212,718660,Introduce Licensing and Regulation for Dog and Cat Rescues to Protect Welfare,,Plymouth Moor View,151
6213,718660,Introduce Licensing and Regulation for Dog and Cat Rescues to Protect Welfare,,Plymouth Sutton and Devonport,134
6214,718660,Introduce Licensing and Regulation for Dog and Cat Rescues to Protect Welfare,,"Pontefract, Castleford and Knottingley",135
6215,718660,Introduce Licensing and Regulation for Dog and Cat Rescues to Protect Welfare,,Poole,145
6216,718660,Introduce Licensing and Regulation for Dog and Cat Rescues to Protect Welfare,,Poplar and Limehouse,98
6217,718660,Introduce Licensing and Regulation for Dog and Cat Rescues to Protect Welfare,,Portsmouth North,121
6218,718660,Introduce Licensing and Regulation for Dog and Cat Rescues to Protect Welfare,,Portsmouth South,107
6219,718660,Introduce Licensing and Regulation for Dog and Cat Rescues to Protect Welfare,,Preston,70
6220,718660,Introduce Licensing and Regulation for Dog and Cat Rescues to Protect Welfare,,Putney,90
6221,718660,Introduce Licensing and Regulation for Dog and Cat Rescues to Protect Welfare,,Queen's Park and Maida Vale,60
6222,718660,Introduce Licensing and Regulation for Dog and Cat Rescues to Protect Welfare,,Rawmarsh and Conisbrough,136
6223,718660,Introduce Licensing and Regulation for Dog and Cat Rescues to Protect Welfare,,Rayleigh and Wickford,1526
6224,718660,Introduce Licensing and Regulation for Dog and Cat Rescues to Protect Welfare,,Reading Central,109
6225,718660,Introduce Licensing and Regulation for Dog and Cat Rescues to Protect Welfare,,Reading West and Mid Berkshire,186
6226,718660,Introduce Licensing and Regulation for Dog and Cat Rescues to Protect Welfare,,Redcar,133
6227,718660,Introduce Licensing and Regulation for Dog and Cat Rescues to Protect Welfare,,Redditch,144
6228,718660,Introduce Licensing and Regulation for Dog and Cat Rescues to Protect Welfare,,Reigate,165
6229,718660,Introduce Licensing and Regulation for Dog and Cat Rescues to Protect Welfare,,Ribble Valley,144
6230,718660,Introduce Licensing and Regulation for Dog and Cat Rescues to Protect Welfare,,Richmond and Northallerton,168
6231,718660,Introduce Licensing and Regulation for Dog and Cat Rescues to Protect Welfare,,Richmond Park,112
6232,718660,Introduce Licensing and Regulation for Dog and Cat Rescues to Protect Welfare,,Rochdale,78
6233,718660,Introduce Licensing and Regulation for Dog and Cat Rescues to Protect Welfare,,Rochester and Strood,198
6234,718660,Introduce Licensing and Regulation for Dog and Cat Rescues to Protect Welfare,,Romford,419
6235,718660,Introduce Licensing and Regulation for Dog and Cat Rescues to Protect Welfare,,Romsey and Southampton North,149
6236,718660,Introduce Licensing and Regulation for Dog and Cat Rescues to Protect Welfare,,Rossendale and Darwen,144
6237,718660,Introduce Licensing and Regulation for Dog and Cat Rescues to Protect Welfare,,Rother Valley,192
6238,718660,Introduce Licensing and Regulation for Dog and Cat Rescues to Protect Welfare,,Rotherham,176
6239,718660,Introduce Licensing and Regulation for Dog and Cat Rescues to Protect Welfare,,Rugby,206
6240,718660,Introduce Licensing and Regulation for Dog and Cat Rescues to Protect Welfare,,"Ruislip, Northwood and Pinner",143
6241,718660,Introduce Licensing and Regulation for Dog and Cat Rescues to Protect Welfare,,Runcorn and Helsby,162
6242,718660,Introduce Licensing and Regulation for Dog and Cat Rescues to Protect Welfare,,Runnymede and Weybridge,173
6243,718660,Introduce Licensing and Regulation for Dog and Cat Rescues to Protect Welfare,,Rushcliffe,152
6244,718660,Introduce Licensing and Regulation for Dog and Cat Rescues to Protect Welfare,,Rutland and Stamford,154
6245,718660,Introduce Licensing and Regulation for Dog and Cat Rescues to Protect Welfare,,Salford,74
6246,718660,Introduce Licensing and Regulation for Dog and Cat Rescues to Protect Welfare,,Salisbury,157
6247,718660,Introduce Licensing and Regulation for Dog and Cat Rescues to Protect Welfare,,Scarborough and Whitby,163
6248,718660,Introduce Licensing and Regulation for Dog and Cat Rescues to Protect Welfare,,Scunthorpe,129
6249,718660,Introduce Licensing and Regulation for Dog and Cat Rescues to Protect Welfare,,Sefton Central,173
6250,718660,Introduce Licensing and Regulation for Dog and Cat Rescues to Protect Welfare,,Selby,195
6251,718660,Introduce Licensing and Regulation for Dog and Cat Rescues to Protect Welfare,,Sevenoaks,271
6252,718660,Introduce Licensing and Regulation for Dog and Cat Rescues to Protect Welfare,,Sheffield Brightside and Hillsborough,129
6253,718660,Introduce Licensing and Regulation for Dog and Cat Rescues to Protect Welfare,,Sheffield Central,60
6254,718660,Introduce Licensing and Regulation for Dog and Cat Rescues to Protect Welfare,,Sheffield Hallam,130
6255,718660,Introduce Licensing and Regulation for Dog and Cat Rescues to Protect Welfare,,Sheffield Heeley,154
6256,718660,Introduce Licensing and Regulation for Dog and Cat Rescues to Protect Welfare,,Sheffield South East,157
6257,718660,Introduce Licensing and Regulation for Dog and Cat Rescues to Protect Welfare,,Sherwood Forest,169
6258,718660,Introduce Licensing and Regulation for Dog and Cat Rescues to Protect Welfare,,Shipley,215
6259,718660,Introduce Licensing and Regulation for Dog and Cat Rescues to Protect Welfare,,Shrewsbury,185
6260,718660,Introduce Licensing and Regulation for Dog and Cat Rescues to Protect Welfare,,Sittingbourne and Sheppey,227
6261,718660,Introduce Licensing and Regulation for Dog and Cat Rescues to Protect Welfare,,Skipton and Ripon,179
6262,718660,Introduce Licensing and Regulation for Dog and Cat Rescues to Protect Welfare,,Sleaford and North Hykeham,195
6263,718660,Introduce Licensing and Regulation for Dog and Cat Rescues to Protect Welfare,,Slough,84
6264,718660,Introduce Licensing and Regulation for Dog and Cat Rescues to Protect Welfare,,Smethwick,75
6265,718660,Introduce Licensing and Regulation for Dog and Cat Rescues to Protect Welfare,,Solihull West and Shirley,96
6266,718660,Introduce Licensing and Regulation for Dog and Cat Rescues to Protect Welfare,,South Basildon and East Thurrock,1006
6267,718660,Introduce Licensing and Regulation for Dog and Cat Rescues to Protect Welfare,,South Cambridgeshire,176
6268,718660,Introduce Licensing and Regulation for Dog and Cat Rescues to Protect Welfare,,South Cotswolds,156
6269,718660,Introduce Licensing and Regulation for Dog and Cat Rescues to Protect Welfare,,South Derbyshire,191
6270,718660,Introduce Licensing and Regulation for Dog and Cat Rescues to Protect Welfare,,South Devon,169
6271,718660,Introduce Licensing and Regulation for Dog and Cat Rescues to Protect Welfare,,South Dorset,194
6272,718660,Introduce Licensing and Regulation for Dog and Cat Rescues to Protect Welfare,,South East Cornwall,227
6273,718660,Introduce Licensing and Regulation for Dog and Cat Rescues to Protect Welfare,,South Holland and The Deepings,233
6274,718660,Introduce Licensing and Regulation for Dog and Cat Rescues to Protect Welfare,,South Leicestershire,220
6275,718660,Introduce Licensing and Regulation for Dog and Cat Rescues to Protect Welfare,,South Norfolk,172
6276,718660,Introduce Licensing and Regulation for Dog and Cat Rescues to Protect Welfare,,South Northamptonshire,216
6277,718660,Introduce Licensing and Regulation for Dog and Cat Rescues to Protect Welfare,,South Ribble,120
6278,718660,Introduce Licensing and Regulation for Dog and Cat Rescues to Protect Welfare,,South Shields,119
6279,718660,Introduce Licensing and Regulation for Dog and Cat Rescues to Protect Welfare,,South Shropshire,215
6280,718660,Introduce Licensing and Regulation for Dog and Cat Rescues to Protect Welfare,,South Suffolk,256
6281,718660,Introduce Licensing and Regulation for Dog and Cat Rescues to Protect Welfare,,South West Devon,177
6282,718660,Introduce Licensing and Regulation for Dog and Cat Rescues to Protect Welfare,,South West Hertfordshire,198
6283,718660,Introduce Licensing and Regulation for Dog and Cat Rescues to Protect Welfare,,South West Norfolk,263
6284,718660,Introduce Licensing and Regulation for Dog and Cat Rescues to Protect Welfare,,South West Wiltshire,184
6285,718660,Introduce Licensing and Regulation for Dog and Cat Rescues to Protect Welfare,,Southampton Itchen,123
6286,718660,Introduce Licensing and Regulation for Dog and Cat Rescues to Protect Welfare,,Southampton Test,114
6287,718660,Introduce Licensing and Regulation for Dog and Cat Rescues to Protect Welfare,,Southend East and Rochford,647
6288,718660,Introduce Licensing and Regulation for Dog and Cat Rescues to Protect Welfare,,Southend West and Leigh,736
6289,718660,Introduce Licensing and Regulation for Dog and Cat Rescues to Protect Welfare,,Southgate and Wood Green,89
6290,718660,Introduce Licensing and Regulation for Dog and Cat Rescues to Protect Welfare,,Southport,192
6291,718660,Introduce Licensing and Regulation for Dog and Cat Rescues to Protect Welfare,,Spelthorne,143
6292,718660,Introduce Licensing and Regulation for Dog and Cat Rescues to Protect Welfare,,Spen Valley,103
6293,718660,Introduce Licensing and Regulation for Dog and Cat Rescues to Protect Welfare,,St Albans,147
6294,718660,Introduce Licensing and Regulation for Dog and Cat Rescues to Protect Welfare,,St Austell and Newquay,199
6295,718660,Introduce Licensing and Regulation for Dog and Cat Rescues to Protect Welfare,,St Helens North,154
6296,718660,Introduce Licensing and Regulation for Dog and Cat Rescues to Protect Welfare,,St Helens South and Whiston,135
6297,718660,Introduce Licensing and Regulation for Dog and Cat Rescues to Protect Welfare,,St Ives,192
6298,718660,Introduce Licensing and Regulation for Dog and Cat Rescues to Protect Welfare,,St Neots and Mid Cambridgeshire,173
6299,718660,Introduce Licensing and Regulation for Dog and Cat Rescues to Protect Welfare,,Stafford,198
6300,718660,Introduce Licensing and Regulation for Dog and Cat Rescues to Protect Welfare,,Staffordshire Moorlands,182
6301,718660,Introduce Licensing and Regulation for Dog and Cat Rescues to Protect Welfare,,Stalybridge and Hyde,145
6302,718660,Introduce Licensing and Regulation for Dog and Cat Rescues to Protect Welfare,,Stevenage,426
6303,718660,Introduce Licensing and Regulation for Dog and Cat Rescues to Protect Welfare,,Stockport,122
6304,718660,Introduce Licensing and Regulation for Dog and Cat Rescues to Protect Welfare,,Stockton North,142
6305,718660,Introduce Licensing and Regulation for Dog and Cat Rescues to Protect Welfare,,Stockton West,144
6306,718660,Introduce Licensing and Regulation for Dog and Cat Rescues to Protect Welfare,,Stoke-on-Trent Central,162
6307,718660,Introduce Licensing and Regulation for Dog and Cat Rescues to Protect Welfare,,Stoke-on-Trent North,138
6308,718660,Introduce Licensing and Regulation for Dog and Cat Rescues to Protect Welfare,,Stoke-on-Trent South,202
6309,718660,Introduce Licensing and Regulation for Dog and Cat Rescues to Protect Welfare,,"Stone, Great Wyrley and Penkridge",179
6310,718660,Introduce Licensing and Regulation for Dog and Cat Rescues to Protect Welfare,,Stourbridge,107
6311,718660,Introduce Licensing and Regulation for Dog and Cat Rescues to Protect Welfare,,Stratford and Bow,85
6312,718660,Introduce Licensing and Regulation for Dog and Cat Rescues to Protect Welfare,,Stratford-on-Avon,197
6313,718660,Introduce Licensing and Regulation for Dog and Cat Rescues to Protect Welfare,,Streatham and Croydon North,92
6314,718660,Introduce Licensing and Regulation for Dog and Cat Rescues to Protect Welfare,,Stretford and Urmston,108
6315,718660,Introduce Licensing and Regulation for Dog and Cat Rescues to Protect Welfare,,Stroud,167
6316,718660,Introduce Licensing and Regulation for Dog and Cat Rescues to Protect Welfare,,Suffolk Coastal,209
6317,718660,Introduce Licensing and Regulation for Dog and Cat Rescues to Protect Welfare,,Sunderland Central,127
6318,718660,Introduce Licensing and Regulation for Dog and Cat Rescues to Protect Welfare,,Surrey Heath,221
6319,718660,Introduce Licensing and Regulation for Dog and Cat Rescues to Protect Welfare,,Sussex Weald,224
6320,718660,Introduce Licensing and Regulation for Dog and Cat Rescues to Protect Welfare,,Sutton and Cheam,122
6321,718660,Introduce Licensing and Regulation for Dog and Cat Rescues to Protect Welfare,,Sutton Coldfield,144
6322,718660,Introduce Licensing and Regulation for Dog and Cat Rescues to Protect Welfare,,Swindon North,132
6323,718660,Introduce Licensing and Regulation for Dog and Cat Rescues to Protect Welfare,,Swindon South,116
6324,718660,Introduce Licensing and Regulation for Dog and Cat Rescues to Protect Welfare,,Tamworth,150
6325,718660,Introduce Licensing and Regulation for Dog and Cat Rescues to Protect Welfare,,Tatton,143
6326,718660,Introduce Licensing and Regulation for Dog and Cat Rescues to Protect Welfare,,Taunton and Wellington,329
6327,718660,Introduce Licensing and Regulation for Dog and Cat Rescues to Protect Welfare,,Telford,135
6328,718660,Introduce Licensing and Regulation for Dog and Cat Rescues to Protect Welfare,,Tewkesbury,154
6329,718660,Introduce Licensing and Regulation for Dog and Cat Rescues to Protect Welfare,,The Wrekin,159
6330,718660,Introduce Licensing and Regulation for Dog and Cat Rescues to Protect Welfare,,Thirsk and Malton,182
6331,718660,Introduce Licensing and Regulation for Dog and Cat Rescues to Protect Welfare,,Thornbury and Yate,173
6332,718660,Introduce Licensing and Regulation for Dog and Cat Rescues to Protect Welfare,,Thurrock,442
6333,718660,Introduce Licensing and Regulation for Dog and Cat Rescues to Protect Welfare,,Tipton and Wednesbury,115
6334,718660,Introduce Licensing and Regulation for Dog and Cat Rescues to Protect Welfare,,Tiverton and Minehead,240
6335,718660,Introduce Licensing and Regulation for Dog and Cat Rescues to Protect Welfare,,Tonbridge,232
6336,718660,Introduce Licensing and Regulation for Dog and Cat Rescues to Protect Welfare,,Tooting,96
6337,718660,Introduce Licensing and Regulation for Dog and Cat Rescues to Protect Welfare,,Torbay,168
6338,718660,Introduce Licensing and Regulation for Dog and Cat Rescues to Protect Welfare,,Torridge and Tavistock,260
6339,718660,Introduce Licensing and Regulation for Dog and Cat Rescues to Protect Welfare,,Tottenham,56
6340,718660,Introduce Licensing and Regulation for Dog and Cat Rescues to Protect Welfare,,Truro and Falmouth,171
6341,718660,Introduce Licensing and Regulation for Dog and Cat Rescues to Protect Welfare,,Tunbridge Wells,164
6342,718660,Introduce Licensing and Regulation for Dog and Cat Rescues to Protect Welfare,,Twickenham,109
6343,718660,Introduce Licensing and Regulation for Dog and Cat Rescues to Protect Welfare,,Tynemouth,115
6344,718660,Introduce Licensing and Regulation for Dog and Cat Rescues to Protect Welfare,,Uxbridge and South Ruislip,184
6345,718660,Introduce Licensing and Regulation for Dog and Cat Rescues to Protect Welfare,,Vauxhall and Camberwell Green,31
6346,718660,Introduce Licensing and Regulation for Dog and Cat Rescues to Protect Welfare,,Wakefield and Rothwell,143
6347,718660,Introduce Licensing and Regulation for Dog and Cat Rescues to Protect Welfare,,Wallasey,164
6348,718660,Introduce Licensing and Regulation for Dog and Cat Rescues to Protect Welfare,,Walsall and Bloxwich,80
6349,718660,Introduce Licensing and Regulation for Dog and Cat Rescues to Protect Welfare,,Walthamstow,95
6350,718660,Introduce Licensing and Regulation for Dog and Cat Rescues to Protect Welfare,,Warrington North,138
6351,718660,Introduce Licensing and Regulation for Dog and Cat Rescues to Protect Welfare,,Warrington South,157
6352,718660,Introduce Licensing and Regulation for Dog and Cat Rescues to Protect Welfare,,Warwick and Leamington,103
6353,718660,Introduce Licensing and Regulation for Dog and Cat Rescues to Protect Welfare,,Washington and Gateshead South,150
6354,718660,Introduce Licensing and Regulation for Dog and Cat Rescues to Protect Welfare,,Watford,116
6355,718660,Introduce Licensing and Regulation for Dog and Cat Rescues to Protect Welfare,,Waveney Valley,226
6356,718660,Introduce Licensing and Regulation for Dog and Cat Rescues to Protect Welfare,,Weald of Kent,237
6357,718660,Introduce Licensing and Regulation for Dog and Cat Rescues to Protect Welfare,,Wellingborough and Rushden,228
6358,718660,Introduce Licensing and Regulation for Dog and Cat Rescues to Protect Welfare,,Wells and Mendip Hills,265
6359,718660,Introduce Licensing and Regulation for Dog and Cat Rescues to Protect Welfare,,Welwyn Hatfield,292
6360,718660,Introduce Licensing and Regulation for Dog and Cat Rescues to Protect Welfare,,West Bromwich,94
6361,718660,Introduce Licensing and Regulation for Dog and Cat Rescues to Protect Welfare,,West Dorset,205
6362,718660,Introduce Licensing and Regulation for Dog and Cat Rescues to Protect Welfare,,West Ham and Beckton,73
6363,718660,Introduce Licensing and Regulation for Dog and Cat Rescues to Protect Welfare,,West Lancashire,202
6364,718660,Introduce Licensing and Regulation for Dog and Cat Rescues to Protect Welfare,,West Suffolk,243
6365,718660,Introduce Licensing and Regulation for Dog and Cat Rescues to Protect Welfare,,West Worcestershire,205
6366,718660,Introduce Licensing and Regulation for Dog and Cat Rescues to Protect Welfare,,Westmorland and Lonsdale,144
6367,718660,Introduce Licensing and Regulation for Dog and Cat Rescues to Protect Welfare,,Weston-super-Mare,253
6368,718660,Introduce Licensing and Regulation for Dog and Cat Rescues to Protect Welfare,,Wetherby and Easingwold,156
6369,718660,Introduce Licensing and Regulation for Dog and Cat Rescues to Protect Welfare,,Whitehaven and Workington,121
6370,718660,Introduce Licensing and Regulation for Dog and Cat Rescues to Protect Welfare,,Widnes and Halewood,141
6371,718660,Introduce Licensing and Regulation for Dog and Cat Rescues to Protect Welfare,,Wigan,136
6372,718660,Introduce Licensing and Regulation for Dog and Cat Rescues to Protect Welfare,,Wimbledon,87
6373,718660,Introduce Licensing and Regulation for Dog and Cat Rescues to Protect Welfare,,Winchester,154
6374,718660,Introduce Licensing and Regulation for Dog and Cat Rescues to Protect Welfare,,Windsor,182
6375,718660,Introduce Licensing and Regulation for Dog and Cat Rescues to Protect Welfare,,Wirral West,132
6376,718660,Introduce Licensing and Regulation for Dog and Cat Rescues to Protect Welfare,,Witham,589
6377,718660,Introduce Licensing and Regulation for Dog and Cat Rescues to Protect Welfare,,Witney,143
6378,718660,Introduce Licensing and Regulation for Dog and Cat Rescues to Protect Welfare,,Woking,153
6379,718660,Introduce Licensing and Regulation for Dog and Cat Rescues to Protect Welfare,,Wokingham,151
6380,718660,Introduce Licensing and Regulation for Dog and Cat Rescues to Protect Welfare,,Wolverhampton North East,91
6381,718660,Introduce Licensing and Regulation for Dog and Cat Rescues to Protect Welfare,,Wolverhampton South East,81
6382,718660,Introduce Licensing and Regulation for Dog and Cat Rescues to Protect Welfare,,Wolverhampton West,87
6383,718660,Introduce Licensing and Regulation for Dog and Cat Rescues to Protect Welfare,,Worcester,144
6384,718660,Introduce Licensing and Regulation for Dog and Cat Rescues to Protect Welfare,,Worsley and Eccles,142
6385,718660,Introduce Licensing and Regulation for Dog and Cat Rescues to Protect Welfare,,Worthing West,188
6386,718660,Introduce Licensing and Regulation for Dog and Cat Rescues to Protect Welfare,,Wycombe,207
6387,718660,Introduce Licensing and Regulation for Dog and Cat Rescues to Protect Welfare,,Wyre Forest,203
6388,718660,Introduce Licensing and Regulation for Dog and Cat Rescues to Protect Welfare,,Wythenshawe and Sale East,107
6389,718660,Introduce Licensing and Regulation for Dog and Cat Rescues to Protect Welfare,,Yeovil,209
6390,718660,Introduce Licensing and Regulation for Dog and Cat Rescues to Protect Welfare,,York Central,117
6391,718660,Introduce Licensing and Regulation for Dog and Cat Rescues to Protect Welfare,,York Outer,129
6392,718660,Introduce Licensing and Regulation for Dog and Cat Rescues to Protect Welfare,,Belfast East,186
6393,718660,Introduce Licensing and Regulation for Dog and Cat Rescues to Protect Welfare,,Belfast North,115
6394,718660,Introduce Licensing and Regulation for Dog and Cat Rescues to Protect Welfare,,Belfast South and Mid Down,139
6395,718660,Introduce Licensing and Regulation for Dog and Cat Rescues to Protect Welfare,,Belfast West,73
6396,718660,Introduce Licensing and Regulation for Dog and Cat Rescues to Protect Welfare,,East Antrim,114
6397,718660,Introduce Licensing and Regulation for Dog and Cat Rescues to Protect Welfare,,East Londonderry,81
6398,718660,Introduce Licensing and Regulation for Dog and Cat Rescues to Protect Welfare,,Fermanagh and South Tyrone,59
6399,718660,Introduce Licensing and Regulation for Dog and Cat Rescues to Protect Welfare,,Foyle,33
6400,718660,Introduce Licensing and Regulation for Dog and Cat Rescues to Protect Welfare,,Lagan Valley,215
6401,718660,Introduce Licensing and Regulation for Dog and Cat Rescues to Protect Welfare,,Mid Ulster,32
6402,718660,Introduce Licensing and Regulation for Dog and Cat Rescues to Protect Welfare,,Newry and Armagh,52
6403,718660,Introduce Licensing and Regulation for Dog and Cat Rescues to Protect Welfare,,North Antrim,105
6404,718660,Introduce Licensing and Regulation for Dog and Cat Rescues to Protect Welfare,,North Down,135
6405,718660,Introduce Licensing and Regulation for Dog and Cat Rescues to Protect Welfare,,South Antrim,154
6406,718660,Introduce Licensing and Regulation for Dog and Cat Rescues to Protect Welfare,,South Down,60
6407,718660,Introduce Licensing and Regulation for Dog and Cat Rescues to Protect Welfare,,Strangford,130
6408,718660,Introduce Licensing and Regulation for Dog and Cat Rescues to Protect Welfare,,Upper Bann,162
6409,718660,Introduce Licensing and Regulation for Dog and Cat Rescues to Protect Welfare,,West Tyrone,45
6410,718660,Introduce Licensing and Regulation for Dog and Cat Rescues to Protect Welfare,,East Renfrewshire,70
6411,718660,Introduce Licensing and Regulation for Dog and Cat Rescues to Protect Welfare,,Na h-Eileanan an Iar,22
6412,718660,Introduce Licensing and Regulation for Dog and Cat Rescues to Protect Welfare,,Midlothian,74
6413,718660,Introduce Licensing and Regulation for Dog and Cat Rescues to Protect Welfare,,North Ayrshire and Arran,153
6414,718660,Introduce Licensing and Regulation for Dog and Cat Rescues to Protect Welfare,,Orkney and Shetland,38
6415,718660,Introduce Licensing and Regulation for Dog and Cat Rescues to Protect Welfare,,Aberdeen North,63
6416,718660,Introduce Licensing and Regulation for Dog and Cat Rescues to Protect Welfare,,Aberdeen South,74
6417,718660,Introduce Licensing and Regulation for Dog and Cat Rescues to Protect Welfare,,Aberdeenshire North and Moray East,70
6418,718660,Introduce Licensing and Regulation for Dog and Cat Rescues to Protect Welfare,,Airdrie and Shotts,70
6419,718660,Introduce Licensing and Regulation for Dog and Cat Rescues to Protect Welfare,,Alloa and Grangemouth,75
6420,718660,Introduce Licensing and Regulation for Dog and Cat Rescues to Protect Welfare,,Angus and Perthshire Glens,113
6421,718660,Introduce Licensing and Regulation for Dog and Cat Rescues to Protect Welfare,,Arbroath and Broughty Ferry,86
6422,718660,Introduce Licensing and Regulation for Dog and Cat Rescues to Protect Welfare,,"Argyll, Bute and South Lochaber",98
6423,718660,Introduce Licensing and Regulation for Dog and Cat Rescues to Protect Welfare,,Bathgate and Linlithgow,100
6424,718660,Introduce Licensing and Regulation for Dog and Cat Rescues to Protect Welfare,,"Caithness, Sutherland and Easter Ross",104
6425,718660,Introduce Licensing and Regulation for Dog and Cat Rescues to Protect Welfare,,Coatbridge and Bellshill,51
6426,718660,Introduce Licensing and Regulation for Dog and Cat Rescues to Protect Welfare,,Cowdenbeath and Kirkcaldy,74
6427,718660,Introduce Licensing and Regulation for Dog and Cat Rescues to Protect Welfare,,Cumbernauld and Kirkintilloch,67
6428,718660,Introduce Licensing and Regulation for Dog and Cat Rescues to Protect Welfare,,Dumfries and Galloway,116
6429,718660,Introduce Licensing and Regulation for Dog and Cat Rescues to Protect Welfare,,"Dumfriesshire, Clydesdale and Tweeddale",123
6430,718660,Introduce Licensing and Regulation for Dog and Cat Rescues to Protect Welfare,,Dundee Central,69
6431,718660,Introduce Licensing and Regulation for Dog and Cat Rescues to Protect Welfare,,Dunfermline and Dollar,68
6432,718660,Introduce Licensing and Regulation for Dog and Cat Rescues to Protect Welfare,,East Kilbride and Strathaven,93
6433,718660,Introduce Licensing and Regulation for Dog and Cat Rescues to Protect Welfare,,Edinburgh East and Musselburgh,84
6434,718660,Introduce Licensing and Regulation for Dog and Cat Rescues to Protect Welfare,,Edinburgh North and Leith,66
6435,718660,Introduce Licensing and Regulation for Dog and Cat Rescues to Protect Welfare,,Edinburgh South,54
6436,718660,Introduce Licensing and Regulation for Dog and Cat Rescues to Protect Welfare,,Edinburgh South West,65
6437,718660,Introduce Licensing and Regulation for Dog and Cat Rescues to Protect Welfare,,Edinburgh West,79
6438,718660,Introduce Licensing and Regulation for Dog and Cat Rescues to Protect Welfare,,Falkirk,75
6439,718660,Introduce Licensing and Regulation for Dog and Cat Rescues to Protect Welfare,,Glasgow East,59
6440,718660,Introduce Licensing and Regulation for Dog and Cat Rescues to Protect Welfare,,Glasgow North,48
6441,718660,Introduce Licensing and Regulation for Dog and Cat Rescues to Protect Welfare,,Glasgow North East,83
6442,718660,Introduce Licensing and Regulation for Dog and Cat Rescues to Protect Welfare,,Glasgow South,61
6443,718660,Introduce Licensing and Regulation for Dog and Cat Rescues to Protect Welfare,,Glasgow South West,71
6444,718660,Introduce Licensing and Regulation for Dog and Cat Rescues to Protect Welfare,,Glasgow West,56
6445,718660,Introduce Licensing and Regulation for Dog and Cat Rescues to Protect Welfare,,Glenrothes and Mid Fife,66
6446,718660,Introduce Licensing and Regulation for Dog and Cat Rescues to Protect Welfare,,Gordon and Buchan,66
6447,718660,Introduce Licensing and Regulation for Dog and Cat Rescues to Protect Welfare,,Hamilton and Clyde Valley,71
6448,718660,Introduce Licensing and Regulation for Dog and Cat Rescues to Protect Welfare,,Inverclyde and Renfrewshire West,56
6449,718660,Introduce Licensing and Regulation for Dog and Cat Rescues to Protect Welfare,,"Inverness, Skye and West Ross-shire",99
6450,718660,Introduce Licensing and Regulation for Dog and Cat Rescues to Protect Welfare,,Livingston,101
6451,718660,Introduce Licensing and Regulation for Dog and Cat Rescues to Protect Welfare,,Lothian East,90
6452,718660,Introduce Licensing and Regulation for Dog and Cat Rescues to Protect Welfare,,Mid Dunbartonshire,68
6453,718660,Introduce Licensing and Regulation for Dog and Cat Rescues to Protect Welfare,,"Moray West, Nairn and Strathspey",116
6454,718660,Introduce Licensing and Regulation for Dog and Cat Rescues to Protect Welfare,,"Motherwell, Wishaw and Carluke",60
6455,718660,Introduce Licensing and Regulation for Dog and Cat Rescues to Protect Welfare,,North East Fife,74
6456,718660,Introduce Licensing and Regulation for Dog and Cat Rescues to Protect Welfare,,Paisley and Renfrewshire North,66
6457,718660,Introduce Licensing and Regulation for Dog and Cat Rescues to Protect Welfare,,Paisley and Renfrewshire South,80
6458,718660,Introduce Licensing and Regulation for Dog and Cat Rescues to Protect Welfare,,Perth and Kinross-shire,80
6459,718660,Introduce Licensing and Regulation for Dog and Cat Rescues to Protect Welfare,,Rutherglen,71
6460,718660,Introduce Licensing and Regulation for Dog and Cat Rescues to Protect Welfare,,Stirling and Strathallan,81
6461,718660,Introduce Licensing and Regulation for Dog and Cat Rescues to Protect Welfare,,West Dunbartonshire,68
6462,718660,Introduce Licensing and Regulation for Dog and Cat Rescues to Protect Welfare,,"Ayr, Carrick and Cumnock",159
6463,718660,Introduce Licensing and Regulation for Dog and Cat Rescues to Protect Welfare,,"Berwickshire, Roxburgh and Selkirk",141
6464,718660,Introduce Licensing and Regulation for Dog and Cat Rescues to Protect Welfare,,Central Ayrshire,158
6465,718660,Introduce Licensing and Regulation for Dog and Cat Rescues to Protect Welfare,,Kilmarnock and Loudoun,134
6466,718660,Introduce Licensing and Regulation for Dog and Cat Rescues to Protect Welfare,,West Aberdeenshire and Kincardine,80
6467,718660,Introduce Licensing and Regulation for Dog and Cat Rescues to Protect Welfare,,Aberafan Maesteg,186
6468,718660,Introduce Licensing and Regulation for Dog and Cat Rescues to Protect Welfare,,Alyn and Deeside,134
6469,718660,Introduce Licensing and Regulation for Dog and Cat Rescues to Protect Welfare,,Bangor Aberconwy,125
6470,718660,Introduce Licensing and Regulation for Dog and Cat Rescues to Protect Welfare,,Blaenau Gwent and Rhymney,201
6471,718660,Introduce Licensing and Regulation for Dog and Cat Rescues to Protect Welfare,,"Brecon, Radnor and Cwm Tawe",207
6472,718660,Introduce Licensing and Regulation for Dog and Cat Rescues to Protect Welfare,,Bridgend,256
6473,718660,Introduce Licensing and Regulation for Dog and Cat Rescues to Protect Welfare,,Caerfyrddin,240
6474,718660,Introduce Licensing and Regulation for Dog and Cat Rescues to Protect Welfare,,Caerphilly,221
6475,718660,Introduce Licensing and Regulation for Dog and Cat Rescues to Protect Welfare,,Cardiff East,105
6476,718660,Introduce Licensing and Regulation for Dog and Cat Rescues to Protect Welfare,,Cardiff North,197
6477,718660,Introduce Licensing and Regulation for Dog and Cat Rescues to Protect Welfare,,Cardiff South and Penarth,136
6478,718660,Introduce Licensing and Regulation for Dog and Cat Rescues to Protect Welfare,,Cardiff West,194
6479,718660,Introduce Licensing and Regulation for Dog and Cat Rescues to Protect Welfare,,Ceredigion Preseli,214
6480,718660,Introduce Licensing and Regulation for Dog and Cat Rescues to Protect Welfare,,Clwyd East,133
6481,718660,Introduce Licensing and Regulation for Dog and Cat Rescues to Protect Welfare,,Clwyd North,111
6482,718660,Introduce Licensing and Regulation for Dog and Cat Rescues to Protect Welfare,,Dwyfor Meirionnydd,132
6483,718660,Introduce Licensing and Regulation for Dog and Cat Rescues to Protect Welfare,,Gower,161
6484,718660,Introduce Licensing and Regulation for Dog and Cat Rescues to Protect Welfare,,Llanelli,218
6485,718660,Introduce Licensing and Regulation for Dog and Cat Rescues to Protect Welfare,,Merthyr Tydfil and Aberdare,208
6486,718660,Introduce Licensing and Regulation for Dog and Cat Rescues to Protect Welfare,,Mid and South Pembrokeshire,173
6487,718660,Introduce Licensing and Regulation for Dog and Cat Rescues to Protect Welfare,,Monmouthshire,163
6488,718660,Introduce Licensing and Regulation for Dog and Cat Rescues to Protect Welfare,,Montgomeryshire and Glyndŵr,184
6489,718660,Introduce Licensing and Regulation for Dog and Cat Rescues to Protect Welfare,,Neath and Swansea East,165
6490,718660,Introduce Licensing and Regulation for Dog and Cat Rescues to Protect Welfare,,Newport East,147
6491,718660,Introduce Licensing and Regulation for Dog and Cat Rescues to Protect Welfare,,Newport West and Islwyn,175
6492,718660,Introduce Licensing and Regulation for Dog and Cat Rescues to Protect Welfare,,Pontypridd,296
6493,718660,Introduce Licensing and Regulation for Dog and Cat Rescues to Protect Welfare,,Rhondda and Ogmore,274
6494,718660,Introduce Licensing and Regulation for Dog and Cat Rescues to Protect Welfare,,Swansea West,133
6495,718660,Introduce Licensing and Regulation for Dog and Cat Rescues to Protect Welfare,,Torfaen,190
6496,718660,Introduce Licensing and Regulation for Dog and Cat Rescues to Protect Welfare,,Vale of Glamorgan,255
6497,718660,Introduce Licensing and Regulation for Dog and Cat Rescues to Protect Welfare,,Wrexham,122
6498,718660,Introduce Licensing and Regulation for Dog and Cat Rescues to Protect Welfare,,Ynys Môn,106
6499,727514,Reduce the school week to four days a week,,Aldershot,170
6500,727514,Reduce the school week to four days a week,,Aldridge-Brownhills,156
6501,727514,Reduce the school week to four days a week,,Altrincham and Sale West,355
6502,727514,Reduce the school week to four days a week,,Amber Valley,160
6503,727514,Reduce the school week to four days a week,,Arundel and South Downs,78
6504,727514,Reduce the school week to four days a week,,Ashfield,125
6505,727514,Reduce the school week to four days a week,,Ashford,213
6506,727514,Reduce the school week to four days a week,,Ashton-under-Lyne,255
6507,727514,Reduce the school week to four days a week,,Aylesbury,229
6508,727514,Reduce the school week to four days a week,,Banbury,149
6509,727514,Reduce the school week to four days a week,,Barking,375
6510,727514,Reduce the school week to four days a week,,Barnsley North,126
6511,727514,Reduce the school week to four days a week,,Barnsley South,133
6512,727514,Reduce the school week to four days a week,,Barrow and Furness,110
6513,727514,Reduce the school week to four days a week,,Basildon and Billericay,226
6514,727514,Reduce the school week to four days a week,,Basingstoke,208
6515,727514,Reduce the school week to four days a week,,Bassetlaw,231
6516,727514,Reduce the school week to four days a week,,Bath,115
6517,727514,Reduce the school week to four days a week,,Battersea,161
6518,727514,Reduce the school week to four days a week,,Beaconsfield,306
6519,727514,Reduce the school week to four days a week,,Beckenham and Penge,241
6520,727514,Reduce the school week to four days a week,,Bedford,209
6521,727514,Reduce the school week to four days a week,,Bermondsey and Old Southwark,215
6522,727514,Reduce the school week to four days a week,,Bethnal Green and Stepney,277
6523,727514,Reduce the school week to four days a week,,Beverley and Holderness,87
6524,727514,Reduce the school week to four days a week,,Bexhill and Battle,94
6525,727514,Reduce the school week to four days a week,,Bexleyheath and Crayford,184
6526,727514,Reduce the school week to four days a week,,Bicester and Woodstock,134
6527,727514,Reduce the school week to four days a week,,Birkenhead,325
6528,727514,Reduce the school week to four days a week,,Birmingham Edgbaston,192
6529,727514,Reduce the school week to four days a week,,Birmingham Erdington,237
6530,727514,Reduce the school week to four days a week,,Birmingham Hall Green and Moseley,336
6531,727514,Reduce the school week to four days a week,,Birmingham Hodge Hill and Solihull North,307
6532,727514,Reduce the school week to four days a week,,Birmingham Ladywood,312
6533,727514,Reduce the school week to four days a week,,Birmingham Northfield,205
6534,727514,Reduce the school week to four days a week,,Birmingham Perry Barr,285
6535,727514,Reduce the school week to four days a week,,Birmingham Selly Oak,201
6536,727514,Reduce the school week to four days a week,,Birmingham Yardley,384
6537,727514,Reduce the school week to four days a week,,Bishop Auckland,90
6538,727514,Reduce the school week to four days a week,,Blackburn,306
6539,727514,Reduce the school week to four days a week,,Blackley and Middleton South,270
6540,727514,Reduce the school week to four days a week,,Blackpool North and Fleetwood,195
6541,727514,Reduce the school week to four days a week,,Blackpool South,277
6542,727514,Reduce the school week to four days a week,,Blaydon and Consett,180
6543,727514,Reduce the school week to four days a week,,Blyth and Ashington,160
6544,727514,Reduce the school week to four days a week,,Bognor Regis and Littlehampton,125
6545,727514,Reduce the school week to four days a week,,Bolsover,148
6546,727514,Reduce the school week to four days a week,,Bolton North East,238
6547,727514,Reduce the school week to four days a week,,Bolton South and Walkden,329
6548,727514,Reduce the school week to four days a week,,Bolton West,200
6549,727514,Reduce the school week to four days a week,,Bootle,164
6550,727514,Reduce the school week to four days a week,,Boston and Skegness,251
6551,727514,Reduce the school week to four days a week,,Bournemouth East,307
6552,727514,Reduce the school week to four days a week,,Bournemouth West,203
6553,727514,Reduce the school week to four days a week,,Bracknell,188
6554,727514,Reduce the school week to four days a week,,Bradford East,404
6555,727514,Reduce the school week to four days a week,,Bradford South,265
6556,727514,Reduce the school week to four days a week,,Bradford West,386
6557,727514,Reduce the school week to four days a week,,Braintree,145
6558,727514,Reduce the school week to four days a week,,Brent East,419
6559,727514,Reduce the school week to four days a week,,Brent West,520
6560,727514,Reduce the school week to four days a week,,Brentford and Isleworth,384
6561,727514,Reduce the school week to four days a week,,Brentwood and Ongar,188
6562,727514,Reduce the school week to four days a week,,Bridgwater,141
6563,727514,Reduce the school week to four days a week,,Bridlington and The Wolds,139
6564,727514,Reduce the school week to four days a week,,Brigg and Immingham,87
6565,727514,Reduce the school week to four days a week,,Brighton Kemptown and Peacehaven,106
6566,727514,Reduce the school week to four days a week,,Brighton Pavilion,118
6567,727514,Reduce the school week to four days a week,,Bristol Central,64
6568,727514,Reduce the school week to four days a week,,Bristol East,111
6569,727514,Reduce the school week to four days a week,,Bristol North East,137
6570,727514,Reduce the school week to four days a week,,Bristol North West,177
6571,727514,Reduce the school week to four days a week,,Bristol South,125
6572,727514,Reduce the school week to four days a week,,Broadland and Fakenham,176
6573,727514,Reduce the school week to four days a week,,Bromley and Biggin Hill,237
6574,727514,Reduce the school week to four days a week,,Bromsgrove,143
6575,727514,Reduce the school week to four days a week,,Broxbourne,203
6576,727514,Reduce the school week to four days a week,,Broxtowe,146
6577,727514,Reduce the school week to four days a week,,Buckingham and Bletchley,300
6578,727514,Reduce the school week to four days a week,,Burnley,199
6579,727514,Reduce the school week to four days a week,,Burton and Uttoxeter,236
6580,727514,Reduce the school week to four days a week,,Bury North,196
6581,727514,Reduce the school week to four days a week,,Bury South,139
6582,727514,Reduce the school week to four days a week,,Bury St Edmunds and Stowmarket,146
6583,727514,Reduce the school week to four days a week,,Calder Valley,194
6584,727514,Reduce the school week to four days a week,,Camborne and Redruth,210
6585,727514,Reduce the school week to four days a week,,Cambridge,127
6586,727514,Reduce the school week to four days a week,,Cannock Chase,143
6587,727514,Reduce the school week to four days a week,,Canterbury,157
6588,727514,Reduce the school week to four days a week,,Carlisle,201
6589,727514,Reduce the school week to four days a week,,Carshalton and Wallington,326
6590,727514,Reduce the school week to four days a week,,Castle Point,172
6591,727514,Reduce the school week to four days a week,,Central Devon,115
6592,727514,Reduce the school week to four days a week,,Central Suffolk and North Ipswich,105
6593,727514,Reduce the school week to four days a week,,Chatham and Aylesford,173
6594,727514,Reduce the school week to four days a week,,Cheadle,248
6595,727514,Reduce the school week to four days a week,,Chelmsford,186
6596,727514,Reduce the school week to four days a week,,Chelsea and Fulham,162
6597,727514,Reduce the school week to four days a week,,Cheltenham,154
6598,727514,Reduce the school week to four days a week,,Chesham and Amersham,401
6599,727514,Reduce the school week to four days a week,,Chester North and Neston,188
6600,727514,Reduce the school week to four days a week,,Chester South and Eddisbury,159
6601,727514,Reduce the school week to four days a week,,Chesterfield,213
6602,727514,Reduce the school week to four days a week,,Chichester,111
6603,727514,Reduce the school week to four days a week,,Chingford and Woodford Green,245
6604,727514,Reduce the school week to four days a week,,Chippenham,175
6605,727514,Reduce the school week to four days a week,,Chipping Barnet,246
6606,727514,Reduce the school week to four days a week,,Chorley,194
6607,727514,Reduce the school week to four days a week,,Christchurch,120
6608,727514,Reduce the school week to four days a week,,Cities of London and Westminster,299
6609,727514,Reduce the school week to four days a week,,City of Durham,99
6610,727514,Reduce the school week to four days a week,,Clacton,97
6611,727514,Reduce the school week to four days a week,,Clapham and Brixton Hill,169
6612,727514,Reduce the school week to four days a week,,Colchester,190
6613,727514,Reduce the school week to four days a week,,Colne Valley,206
6614,727514,Reduce the school week to four days a week,,Congleton,134
6615,727514,Reduce the school week to four days a week,,Corby and East Northamptonshire,346
6616,727514,Reduce the school week to four days a week,,Coventry East,212
6617,727514,Reduce the school week to four days a week,,Coventry North West,149
6618,727514,Reduce the school week to four days a week,,Coventry South,218
6619,727514,Reduce the school week to four days a week,,Cramlington and Killingworth,151
6620,727514,Reduce the school week to four days a week,,Crawley,247
6621,727514,Reduce the school week to four days a week,,Crewe and Nantwich,151
6622,727514,Reduce the school week to four days a week,,Croydon East,330
6623,727514,Reduce the school week to four days a week,,Croydon South,246
6624,727514,Reduce the school week to four days a week,,Croydon West,305
6625,727514,Reduce the school week to four days a week,,Dagenham and Rainham,242
6626,727514,Reduce the school week to four days a week,,Darlington,95
6627,727514,Reduce the school week to four days a week,,Dartford,242
6628,727514,Reduce the school week to four days a week,,Daventry,171
6629,727514,Reduce the school week to four days a week,,Derby North,240
6630,727514,Reduce the school week to four days a week,,Derby South,257
6631,727514,Reduce the school week to four days a week,,Derbyshire Dales,109
6632,727514,Reduce the school week to four days a week,,Dewsbury and Batley,209
6633,727514,Reduce the school week to four days a week,,Didcot and Wantage,213
6634,727514,Reduce the school week to four days a week,,Doncaster Central,229
6635,727514,Reduce the school week to four days a week,,Doncaster East and the Isle of Axholme,141
6636,727514,Reduce the school week to four days a week,,Doncaster North,199
6637,727514,Reduce the school week to four days a week,,Dorking and Horley,110
6638,727514,Reduce the school week to four days a week,,Dover and Deal,154
6639,727514,Reduce the school week to four days a week,,Droitwich and Evesham,135
6640,727514,Reduce the school week to four days a week,,Dudley,162
6641,727514,Reduce the school week to four days a week,,Dulwich and West Norwood,222
6642,727514,Reduce the school week to four days a week,,Dunstable and Leighton Buzzard,223
6643,727514,Reduce the school week to four days a week,,Ealing Central and Acton,249
6644,727514,Reduce the school week to four days a week,,Ealing North,408
6645,727514,Reduce the school week to four days a week,,Ealing Southall,279
6646,727514,Reduce the school week to four days a week,,Earley and Woodley,366
6647,727514,Reduce the school week to four days a week,,Easington,97
6648,727514,Reduce the school week to four days a week,,East Grinstead and Uckfield,215
6649,727514,Reduce the school week to four days a week,,East Ham,345
6650,727514,Reduce the school week to four days a week,,East Hampshire,91
6651,727514,Reduce the school week to four days a week,,East Surrey,160
6652,727514,Reduce the school week to four days a week,,East Thanet,207
6653,727514,Reduce the school week to four days a week,,East Wiltshire,149
6654,727514,Reduce the school week to four days a week,,East Worthing and Shoreham,124
6655,727514,Reduce the school week to four days a week,,Eastbourne,141
6656,727514,Reduce the school week to four days a week,,Eastleigh,168
6657,727514,Reduce the school week to four days a week,,Edmonton and Winchmore Hill,283
6658,727514,Reduce the school week to four days a week,,Ellesmere Port and Bromborough,269
6659,727514,Reduce the school week to four days a week,,Eltham and Chislehurst,219
6660,727514,Reduce the school week to four days a week,,Ely and East Cambridgeshire,149
6661,727514,Reduce the school week to four days a week,,Enfield North,312
6662,727514,Reduce the school week to four days a week,,Epping Forest,185
6663,727514,Reduce the school week to four days a week,,Epsom and Ewell,259
6664,727514,Reduce the school week to four days a week,,Erewash,149
6665,727514,Reduce the school week to four days a week,,Erith and Thamesmead,243
6666,727514,Reduce the school week to four days a week,,Esher and Walton,157
6667,727514,Reduce the school week to four days a week,,Exeter,167
6668,727514,Reduce the school week to four days a week,,Exmouth and Exeter East,249
6669,727514,Reduce the school week to four days a week,,Fareham and Waterlooville,136
6670,727514,Reduce the school week to four days a week,,Farnham and Bordon,128
6671,727514,Reduce the school week to four days a week,,Faversham and Mid Kent,165
6672,727514,Reduce the school week to four days a week,,Feltham and Heston,351
6673,727514,Reduce the school week to four days a week,,Filton and Bradley Stoke,154
6674,727514,Reduce the school week to four days a week,,Finchley and Golders Green,292
6675,727514,Reduce the school week to four days a week,,Folkestone and Hythe,202
6676,727514,Reduce the school week to four days a week,,Forest of Dean,71
6677,727514,Reduce the school week to four days a week,,Frome and East Somerset,105
6678,727514,Reduce the school week to four days a week,,Fylde,207
6679,727514,Reduce the school week to four days a week,,Gainsborough,134
6680,727514,Reduce the school week to four days a week,,Gateshead Central and Whickham,225
6681,727514,Reduce the school week to four days a week,,Gedling,218
6682,727514,Reduce the school week to four days a week,,Gillingham and Rainham,145
6683,727514,Reduce the school week to four days a week,,Glastonbury and Somerton,101
6684,727514,Reduce the school week to four days a week,,Gloucester,289
6685,727514,Reduce the school week to four days a week,,Godalming and Ash,176
6686,727514,Reduce the school week to four days a week,,Goole and Pocklington,168
6687,727514,Reduce the school week to four days a week,,Gorton and Denton,425
6688,727514,Reduce the school week to four days a week,,Gosport,136
6689,727514,Reduce the school week to four days a week,,Grantham and Bourne,206
6690,727514,Reduce the school week to four days a week,,Gravesham,177
6691,727514,Reduce the school week to four days a week,,Great Grimsby and Cleethorpes,151
6692,727514,Reduce the school week to four days a week,,Great Yarmouth,115
6693,727514,Reduce the school week to four days a week,,Greenwich and Woolwich,221
6694,727514,Reduce the school week to four days a week,,Guildford,140
6695,727514,Reduce the school week to four days a week,,Hackney North and Stoke Newington,207
6696,727514,Reduce the school week to four days a week,,Hackney South and Shoreditch,242
6697,727514,Reduce the school week to four days a week,,Halesowen,194
6698,727514,Reduce the school week to four days a week,,Halifax,219
6699,727514,Reduce the school week to four days a week,,Hamble Valley,137
6700,727514,Reduce the school week to four days a week,,Hammersmith and Chiswick,222
6701,727514,Reduce the school week to four days a week,,Hampstead and Highgate,163
6702,727514,Reduce the school week to four days a week,,"Harborough, Oadby and Wigston",166
6703,727514,Reduce the school week to four days a week,,Harlow,182
6704,727514,Reduce the school week to four days a week,,Harpenden and Berkhamsted,206
6705,727514,Reduce the school week to four days a week,,Harrogate and Knaresborough,128
6706,727514,Reduce the school week to four days a week,,Harrow East,450
6707,727514,Reduce the school week to four days a week,,Harrow West,457
6708,727514,Reduce the school week to four days a week,,Hartlepool,119
6709,727514,Reduce the school week to four days a week,,Harwich and North Essex,117
6710,727514,Reduce the school week to four days a week,,Hastings and Rye,128
6711,727514,Reduce the school week to four days a week,,Havant,95
6712,727514,Reduce the school week to four days a week,,Hayes and Harlington,330
6713,727514,Reduce the school week to four days a week,,Hazel Grove,189
6714,727514,Reduce the school week to four days a week,,Hemel Hempstead,199
6715,727514,Reduce the school week to four days a week,,Hendon,323
6716,727514,Reduce the school week to four days a week,,Henley and Thame,122
6717,727514,Reduce the school week to four days a week,,Hereford and South Herefordshire,134
6718,727514,Reduce the school week to four days a week,,Herne Bay and Sandwich,140
6719,727514,Reduce the school week to four days a week,,Hertford and Stortford,232
6720,727514,Reduce the school week to four days a week,,Hertsmere,240
6721,727514,Reduce the school week to four days a week,,Hexham,88
6722,727514,Reduce the school week to four days a week,,Heywood and Middleton North,237
6723,727514,Reduce the school week to four days a week,,High Peak,124
6724,727514,Reduce the school week to four days a week,,Hinckley and Bosworth,92
6725,727514,Reduce the school week to four days a week,,Hitchin,166
6726,727514,Reduce the school week to four days a week,,Holborn and St Pancras,171
6727,727514,Reduce the school week to four days a week,,Honiton and Sidmouth,145
6728,727514,Reduce the school week to four days a week,,Hornchurch and Upminster,188
6729,727514,Reduce the school week to four days a week,,Hornsey and Friern Barnet,186
6730,727514,Reduce the school week to four days a week,,Horsham,123
6731,727514,Reduce the school week to four days a week,,Houghton and Sunderland South,141
6732,727514,Reduce the school week to four days a week,,Hove and Portslade,107
6733,727514,Reduce the school week to four days a week,,Huddersfield,445
6734,727514,Reduce the school week to four days a week,,Huntingdon,168
6735,727514,Reduce the school week to four days a week,,Hyndburn,205
6736,727514,Reduce the school week to four days a week,,Ilford North,227
6737,727514,Reduce the school week to four days a week,,Ilford South,308
6738,727514,Reduce the school week to four days a week,,Ipswich,108
6739,727514,Reduce the school week to four days a week,,Isle of Wight East,179
6740,727514,Reduce the school week to four days a week,,Isle of Wight West,138
6741,727514,Reduce the school week to four days a week,,Islington North,176
6742,727514,Reduce the school week to four days a week,,Islington South and Finsbury,201
6743,727514,Reduce the school week to four days a week,,Jarrow and Gateshead East,275
6744,727514,Reduce the school week to four days a week,,Keighley and Ilkley,183
6745,727514,Reduce the school week to four days a week,,Kenilworth and Southam,122
6746,727514,Reduce the school week to four days a week,,Kensington and Bayswater,157
6747,727514,Reduce the school week to four days a week,,Kettering,226
6748,727514,Reduce the school week to four days a week,,Kingston and Surbiton,247
6749,727514,Reduce the school week to four days a week,,Kingston upon Hull East,122
6750,727514,Reduce the school week to four days a week,,Kingston upon Hull North and Cottingham,198
6751,727514,Reduce the school week to four days a week,,Kingston upon Hull West and Haltemprice,117
6752,727514,Reduce the school week to four days a week,,Kingswinford and South Staffordshire,112
6753,727514,Reduce the school week to four days a week,,Knowsley,171
6754,727514,Reduce the school week to four days a week,,Lancaster and Wyre,166
6755,727514,Reduce the school week to four days a week,,Leeds Central and Headingley,148
6756,727514,Reduce the school week to four days a week,,Leeds East,250
6757,727514,Reduce the school week to four days a week,,Leeds North East,231
6758,727514,Reduce the school week to four days a week,,Leeds North West,180
6759,727514,Reduce the school week to four days a week,,Leeds South,349
6760,727514,Reduce the school week to four days a week,,Leeds South West and Morley,207
6761,727514,Reduce the school week to four days a week,,Leeds West and Pudsey,283
6762,727514,Reduce the school week to four days a week,,Leicester East,399
6763,727514,Reduce the school week to four days a week,,Leicester South,242
6764,727514,Reduce the school week to four days a week,,Leicester West,285
6765,727514,Reduce the school week to four days a week,,Leigh and Atherton,199
6766,727514,Reduce the school week to four days a week,,Lewes,129
6767,727514,Reduce the school week to four days a week,,Lewisham East,311
6768,727514,Reduce the school week to four days a week,,Lewisham North,252
6769,727514,Reduce the school week to four days a week,,Lewisham West and East Dulwich,222
6770,727514,Reduce the school week to four days a week,,Leyton and Wanstead,204
6771,727514,Reduce the school week to four days a week,,Lichfield,121
6772,727514,Reduce the school week to four days a week,,Lincoln,130
6773,727514,Reduce the school week to four days a week,,Liverpool Garston,253
6774,727514,Reduce the school week to four days a week,,Liverpool Riverside,237
6775,727514,Reduce the school week to four days a week,,Liverpool Walton,202
6776,727514,Reduce the school week to four days a week,,Liverpool Wavertree,215
6777,727514,Reduce the school week to four days a week,,Liverpool West Derby,220
6778,727514,Reduce the school week to four days a week,,Loughborough,95
6779,727514,Reduce the school week to four days a week,,Louth and Horncastle,132
6780,727514,Reduce the school week to four days a week,,Lowestoft,105
6781,727514,Reduce the school week to four days a week,,Luton North,289
6782,727514,Reduce the school week to four days a week,,Luton South and South Bedfordshire,347
6783,727514,Reduce the school week to four days a week,,Macclesfield,163
6784,727514,Reduce the school week to four days a week,,Maidenhead,249
6785,727514,Reduce the school week to four days a week,,Maidstone and Malling,176
6786,727514,Reduce the school week to four days a week,,Makerfield,189
6787,727514,Reduce the school week to four days a week,,Maldon,142
6788,727514,Reduce the school week to four days a week,,Manchester Central,269
6789,727514,Reduce the school week to four days a week,,Manchester Rusholme,264
6790,727514,Reduce the school week to four days a week,,Manchester Withington,166
6791,727514,Reduce the school week to four days a week,,Mansfield,199
6792,727514,Reduce the school week to four days a week,,Melksham and Devizes,115
6793,727514,Reduce the school week to four days a week,,Melton and Syston,166
6794,727514,Reduce the school week to four days a week,,Meriden and Solihull East,170
6795,727514,Reduce the school week to four days a week,,Mid Bedfordshire,133
6796,727514,Reduce the school week to four days a week,,Mid Buckinghamshire,259
6797,727514,Reduce the school week to four days a week,,Mid Cheshire,156
6798,727514,Reduce the school week to four days a week,,Mid Derbyshire,142
6799,727514,Reduce the school week to four days a week,,Mid Dorset and North Poole,122
6800,727514,Reduce the school week to four days a week,,Mid Leicestershire,170
6801,727514,Reduce the school week to four days a week,,Mid Norfolk,126
6802,727514,Reduce the school week to four days a week,,Mid Sussex,211
6803,727514,Reduce the school week to four days a week,,Middlesbrough and Thornaby East,222
6804,727514,Reduce the school week to four days a week,,Middlesbrough South and East Cleveland,103
6805,727514,Reduce the school week to four days a week,,Milton Keynes Central,394
6806,727514,Reduce the school week to four days a week,,Milton Keynes North,349
6807,727514,Reduce the school week to four days a week,,Mitcham and Morden,322
6808,727514,Reduce the school week to four days a week,,Morecambe and Lunesdale,210
6809,727514,Reduce the school week to four days a week,,New Forest East,134
6810,727514,Reduce the school week to four days a week,,New Forest West,121
6811,727514,Reduce the school week to four days a week,,Newark,211
6812,727514,Reduce the school week to four days a week,,Newbury,221
6813,727514,Reduce the school week to four days a week,,Newcastle upon Tyne Central and West,179
6814,727514,Reduce the school week to four days a week,,Newcastle upon Tyne East and Wallsend,159
6815,727514,Reduce the school week to four days a week,,Newcastle upon Tyne North,160
6816,727514,Reduce the school week to four days a week,,Newcastle-under-Lyme,145
6817,727514,Reduce the school week to four days a week,,Newton Abbot,140
6818,727514,Reduce the school week to four days a week,,Newton Aycliffe and Spennymoor,106
6819,727514,Reduce the school week to four days a week,,Normanton and Hemsworth,119
6820,727514,Reduce the school week to four days a week,,North Bedfordshire,152
6821,727514,Reduce the school week to four days a week,,North Cornwall,219
6822,727514,Reduce the school week to four days a week,,North Cotswolds,199
6823,727514,Reduce the school week to four days a week,,North Devon,112
6824,727514,Reduce the school week to four days a week,,North Dorset,121
6825,727514,Reduce the school week to four days a week,,North Durham,124
6826,727514,Reduce the school week to four days a week,,North East Cambridgeshire,100
6827,727514,Reduce the school week to four days a week,,North East Derbyshire,169
6828,727514,Reduce the school week to four days a week,,North East Hampshire,153
6829,727514,Reduce the school week to four days a week,,North East Hertfordshire,150
6830,727514,Reduce the school week to four days a week,,North East Somerset and Hanham,109
6831,727514,Reduce the school week to four days a week,,North Herefordshire,160
6832,727514,Reduce the school week to four days a week,,North Norfolk,89
6833,727514,Reduce the school week to four days a week,,North Northumberland,112
6834,727514,Reduce the school week to four days a week,,North Shropshire,110
6835,727514,Reduce the school week to four days a week,,North Somerset,117
6836,727514,Reduce the school week to four days a week,,North Warwickshire and Bedworth,94
6837,727514,Reduce the school week to four days a week,,North West Cambridgeshire,304
6838,727514,Reduce the school week to four days a week,,North West Essex,143
6839,727514,Reduce the school week to four days a week,,North West Hampshire,297
6840,727514,Reduce the school week to four days a week,,North West Leicestershire,118
6841,727514,Reduce the school week to four days a week,,North West Norfolk,143
6842,727514,Reduce the school week to four days a week,,Northampton North,274
6843,727514,Reduce the school week to four days a week,,Northampton South,248
6844,727514,Reduce the school week to four days a week,,Norwich North,168
6845,727514,Reduce the school week to four days a week,,Norwich South,94
6846,727514,Reduce the school week to four days a week,,Nottingham East,246
6847,727514,Reduce the school week to four days a week,,Nottingham North and Kimberley,255
6848,727514,Reduce the school week to four days a week,,Nottingham South,170
6849,727514,Reduce the school week to four days a week,,Nuneaton,161
6850,727514,Reduce the school week to four days a week,,Old Bexley and Sidcup,172
6851,727514,Reduce the school week to four days a week,,Oldham East and Saddleworth,164
6852,727514,Reduce the school week to four days a week,,"Oldham West, Chadderton and Royton",213
6853,727514,Reduce the school week to four days a week,,Orpington,219
6854,727514,Reduce the school week to four days a week,,Ossett and Denby Dale,137
6855,727514,Reduce the school week to four days a week,,Oxford East,106
6856,727514,Reduce the school week to four days a week,,Oxford West and Abingdon,110
6857,727514,Reduce the school week to four days a week,,Peckham,266
6858,727514,Reduce the school week to four days a week,,Pendle and Clitheroe,253
6859,727514,Reduce the school week to four days a week,,Penistone and Stocksbridge,139
6860,727514,Reduce the school week to four days a week,,Penrith and Solway,158
6861,727514,Reduce the school week to four days a week,,Peterborough,280
6862,727514,Reduce the school week to four days a week,,Plymouth Moor View,197
6863,727514,Reduce the school week to four days a week,,Plymouth Sutton and Devonport,153
6864,727514,Reduce the school week to four days a week,,"Pontefract, Castleford and Knottingley",175
6865,727514,Reduce the school week to four days a week,,Poole,165
6866,727514,Reduce the school week to four days a week,,Poplar and Limehouse,184
6867,727514,Reduce the school week to four days a week,,Portsmouth North,108
6868,727514,Reduce the school week to four days a week,,Portsmouth South,123
6869,727514,Reduce the school week to four days a week,,Preston,285
6870,727514,Reduce the school week to four days a week,,Putney,212
6871,727514,Reduce the school week to four days a week,,Queen's Park and Maida Vale,243
6872,727514,Reduce the school week to four days a week,,Rawmarsh and Conisbrough,163
6873,727514,Reduce the school week to four days a week,,Rayleigh and Wickford,145
6874,727514,Reduce the school week to four days a week,,Reading Central,249
6875,727514,Reduce the school week to four days a week,,Reading West and Mid Berkshire,181
6876,727514,Reduce the school week to four days a week,,Redcar,89
6877,727514,Reduce the school week to four days a week,,Redditch,124
6878,727514,Reduce the school week to four days a week,,Reigate,149
6879,727514,Reduce the school week to four days a week,,Ribble Valley,197
6880,727514,Reduce the school week to four days a week,,Richmond and Northallerton,71
6881,727514,Reduce the school week to four days a week,,Richmond Park,262
6882,727514,Reduce the school week to four days a week,,Rochdale,171
6883,727514,Reduce the school week to four days a week,,Rochester and Strood,223
6884,727514,Reduce the school week to four days a week,,Romford,175
6885,727514,Reduce the school week to four days a week,,Romsey and Southampton North,161
6886,727514,Reduce the school week to four days a week,,Rossendale and Darwen,212
6887,727514,Reduce the school week to four days a week,,Rother Valley,162
6888,727514,Reduce the school week to four days a week,,Rotherham,175
6889,727514,Reduce the school week to four days a week,,Rugby,247
6890,727514,Reduce the school week to four days a week,,"Ruislip, Northwood and Pinner",334
6891,727514,Reduce the school week to four days a week,,Runcorn and Helsby,166
6892,727514,Reduce the school week to four days a week,,Runnymede and Weybridge,189
6893,727514,Reduce the school week to four days a week,,Rushcliffe,199
6894,727514,Reduce the school week to four days a week,,Rutland and Stamford,131
6895,727514,Reduce the school week to four days a week,,Salford,149
6896,727514,Reduce the school week to four days a week,,Salisbury,143
6897,727514,Reduce the school week to four days a week,,Scarborough and Whitby,136
6898,727514,Reduce the school week to four days a week,,Scunthorpe,155
6899,727514,Reduce the school week to four days a week,,Sefton Central,132
6900,727514,Reduce the school week to four days a week,,Selby,125
6901,727514,Reduce the school week to four days a week,,Sevenoaks,152
6902,727514,Reduce the school week to four days a week,,Sheffield Brightside and Hillsborough,211
6903,727514,Reduce the school week to four days a week,,Sheffield Central,94
6904,727514,Reduce the school week to four days a week,,Sheffield Hallam,164
6905,727514,Reduce the school week to four days a week,,Sheffield Heeley,176
6906,727514,Reduce the school week to four days a week,,Sheffield South East,164
6907,727514,Reduce the school week to four days a week,,Sherwood Forest,146
6908,727514,Reduce the school week to four days a week,,Shipley,193
6909,727514,Reduce the school week to four days a week,,Shrewsbury,120
6910,727514,Reduce the school week to four days a week,,Sittingbourne and Sheppey,134
6911,727514,Reduce the school week to four days a week,,Skipton and Ripon,122
6912,727514,Reduce the school week to four days a week,,Sleaford and North Hykeham,142
6913,727514,Reduce the school week to four days a week,,Slough,422
6914,727514,Reduce the school week to four days a week,,Smethwick,372
6915,727514,Reduce the school week to four days a week,,Solihull West and Shirley,237
6916,727514,Reduce the school week to four days a week,,South Basildon and East Thurrock,150
6917,727514,Reduce the school week to four days a week,,South Cambridgeshire,127
6918,727514,Reduce the school week to four days a week,,South Cotswolds,133
6919,727514,Reduce the school week to four days a week,,South Derbyshire,142
6920,727514,Reduce the school week to four days a week,,South Devon,148
6921,727514,Reduce the school week to four days a week,,South Dorset,108
6922,727514,Reduce the school week to four days a week,,South East Cornwall,265
6923,727514,Reduce the school week to four days a week,,South Holland and The Deepings,276
6924,727514,Reduce the school week to four days a week,,South Leicestershire,144
6925,727514,Reduce the school week to four days a week,,South Norfolk,95
6926,727514,Reduce the school week to four days a week,,South Northamptonshire,168
6927,727514,Reduce the school week to four days a week,,South Ribble,201
6928,727514,Reduce the school week to four days a week,,South Shields,257
6929,727514,Reduce the school week to four days a week,,South Shropshire,144
6930,727514,Reduce the school week to four days a week,,South Suffolk,87
6931,727514,Reduce the school week to four days a week,,South West Devon,256
6932,727514,Reduce the school week to four days a week,,South West Hertfordshire,357
6933,727514,Reduce the school week to four days a week,,South West Norfolk,152
6934,727514,Reduce the school week to four days a week,,South West Wiltshire,88
6935,727514,Reduce the school week to four days a week,,Southampton Itchen,139
6936,727514,Reduce the school week to four days a week,,Southampton Test,126
6937,727514,Reduce the school week to four days a week,,Southend East and Rochford,229
6938,727514,Reduce the school week to four days a week,,Southend West and Leigh,257
6939,727514,Reduce the school week to four days a week,,Southgate and Wood Green,247
6940,727514,Reduce the school week to four days a week,,Southport,211
6941,727514,Reduce the school week to four days a week,,Spelthorne,233
6942,727514,Reduce the school week to four days a week,,Spen Valley,210
6943,727514,Reduce the school week to four days a week,,St Albans,326
6944,727514,Reduce the school week to four days a week,,St Austell and Newquay,211
6945,727514,Reduce the school week to four days a week,,St Helens North,154
6946,727514,Reduce the school week to four days a week,,St Helens South and Whiston,165
6947,727514,Reduce the school week to four days a week,,St Ives,222
6948,727514,Reduce the school week to four days a week,,St Neots and Mid Cambridgeshire,147
6949,727514,Reduce the school week to four days a week,,Stafford,161
6950,727514,Reduce the school week to four days a week,,Staffordshire Moorlands,127
6951,727514,Reduce the school week to four days a week,,Stalybridge and Hyde,245
6952,727514,Reduce the school week to four days a week,,Stevenage,154
6953,727514,Reduce the school week to four days a week,,Stockport,239
6954,727514,Reduce the school week to four days a week,,Stockton North,115
6955,727514,Reduce the school week to four days a week,,Stockton West,127
6956,727514,Reduce the school week to four days a week,,Stoke-on-Trent Central,185
6957,727514,Reduce the school week to four days a week,,Stoke-on-Trent North,159
6958,727514,Reduce the school week to four days a week,,Stoke-on-Trent South,197
6959,727514,Reduce the school week to four days a week,,"Stone, Great Wyrley and Penkridge",107
6960,727514,Reduce the school week to four days a week,,Stourbridge,163
6961,727514,Reduce the school week to four days a week,,Stratford and Bow,243
6962,727514,Reduce the school week to four days a week,,Stratford-on-Avon,127
6963,727514,Reduce the school week to four days a week,,Streatham and Croydon North,283
6964,727514,Reduce the school week to four days a week,,Stretford and Urmston,266
6965,727514,Reduce the school week to four days a week,,Stroud,140
6966,727514,Reduce the school week to four days a week,,Suffolk Coastal,50
6967,727514,Reduce the school week to four days a week,,Sunderland Central,148
6968,727514,Reduce the school week to four days a week,,Surrey Heath,138
6969,727514,Reduce the school week to four days a week,,Sussex Weald,154
6970,727514,Reduce the school week to four days a week,,Sutton and Cheam,287
6971,727514,Reduce the school week to four days a week,,Sutton Coldfield,196
6972,727514,Reduce the school week to four days a week,,Swindon North,174
6973,727514,Reduce the school week to four days a week,,Swindon South,173
6974,727514,Reduce the school week to four days a week,,Tamworth,116
6975,727514,Reduce the school week to four days a week,,Tatton,204
6976,727514,Reduce the school week to four days a week,,Taunton and Wellington,128
6977,727514,Reduce the school week to four days a week,,Telford,189
6978,727514,Reduce the school week to four days a week,,Tewkesbury,148
6979,727514,Reduce the school week to four days a week,,The Wrekin,180
6980,727514,Reduce the school week to four days a week,,Thirsk and Malton,122
6981,727514,Reduce the school week to four days a week,,Thornbury and Yate,153
6982,727514,Reduce the school week to four days a week,,Thurrock,220
6983,727514,Reduce the school week to four days a week,,Tipton and Wednesbury,301
6984,727514,Reduce the school week to four days a week,,Tiverton and Minehead,90
6985,727514,Reduce the school week to four days a week,,Tonbridge,168
6986,727514,Reduce the school week to four days a week,,Tooting,186
6987,727514,Reduce the school week to four days a week,,Torbay,245
6988,727514,Reduce the school week to four days a week,,Torridge and Tavistock,135
6989,727514,Reduce the school week to four days a week,,Tottenham,232
6990,727514,Reduce the school week to four days a week,,Truro and Falmouth,199
6991,727514,Reduce the school week to four days a week,,Tunbridge Wells,204
6992,727514,Reduce the school week to four days a week,,Twickenham,264
6993,727514,Reduce the school week to four days a week,,Tynemouth,106
6994,727514,Reduce the school week to four days a week,,Uxbridge and South Ruislip,339
6995,727514,Reduce the school week to four days a week,,Vauxhall and Camberwell Green,200
6996,727514,Reduce the school week to four days a week,,Wakefield and Rothwell,257
6997,727514,Reduce the school week to four days a week,,Wallasey,248
6998,727514,Reduce the school week to four days a week,,Walsall and Bloxwich,281
6999,727514,Reduce the school week to four days a week,,Walthamstow,255
7000,727514,Reduce the school week to four days a week,,Warrington North,175
7001,727514,Reduce the school week to four days a week,,Warrington South,186
7002,727514,Reduce the school week to four days a week,,Warwick and Leamington,126
7003,727514,Reduce the school week to four days a week,,Washington and Gateshead South,201
7004,727514,Reduce the school week to four days a week,,Watford,385
7005,727514,Reduce the school week to four days a week,,Waveney Valley,97
7006,727514,Reduce the school week to four days a week,,Weald of Kent,186
7007,727514,Reduce the school week to four days a week,,Wellingborough and Rushden,182
7008,727514,Reduce the school week to four days a week,,Wells and Mendip Hills,116
7009,727514,Reduce the school week to four days a week,,Welwyn Hatfield,248
7010,727514,Reduce the school week to four days a week,,West Bromwich,258
7011,727514,Reduce the school week to four days a week,,West Dorset,107
7012,727514,Reduce the school week to four days a week,,West Ham and Beckton,340
7013,727514,Reduce the school week to four days a week,,West Lancashire,207
7014,727514,Reduce the school week to four days a week,,West Suffolk,139
7015,727514,Reduce the school week to four days a week,,West Worcestershire,147
7016,727514,Reduce the school week to four days a week,,Westmorland and Lonsdale,113
7017,727514,Reduce the school week to four days a week,,Weston-super-Mare,135
7018,727514,Reduce the school week to four days a week,,Wetherby and Easingwold,89
7019,727514,Reduce the school week to four days a week,,Whitehaven and Workington,148
7020,727514,Reduce the school week to four days a week,,Widnes and Halewood,218
7021,727514,Reduce the school week to four days a week,,Wigan,229
7022,727514,Reduce the school week to four days a week,,Wimbledon,210
7023,727514,Reduce the school week to four days a week,,Winchester,92
7024,727514,Reduce the school week to four days a week,,Windsor,199
7025,727514,Reduce the school week to four days a week,,Wirral West,224
7026,727514,Reduce the school week to four days a week,,Witham,119
7027,727514,Reduce the school week to four days a week,,Witney,120
7028,727514,Reduce the school week to four days a week,,Woking,149
7029,727514,Reduce the school week to four days a week,,Wokingham,287
7030,727514,Reduce the school week to four days a week,,Wolverhampton North East,163
7031,727514,Reduce the school week to four days a week,,Wolverhampton South East,302
7032,727514,Reduce the school week to four days a week,,Wolverhampton West,229
7033,727514,Reduce the school week to four days a week,,Worcester,226
7034,727514,Reduce the school week to four days a week,,Worsley and Eccles,202
7035,727514,Reduce the school week to four days a week,,Worthing West,109
7036,727514,Reduce the school week to four days a week,,Wycombe,373
7037,727514,Reduce the school week to four days a week,,Wyre Forest,150
7038,727514,Reduce the school week to four days a week,,Wythenshawe and Sale East,354
7039,727514,Reduce the school week to four days a week,,Yeovil,142
7040,727514,Reduce the school week to four days a week,,York Central,97
7041,727514,Reduce the school week to four days a week,,York Outer,94
7042,727514,Reduce the school week to four days a week,,Belfast East,179
7043,727514,Reduce the school week to four days a week,,Belfast North,130
7044,727514,Reduce the school week to four days a week,,Belfast South and Mid Down,160
7045,727514,Reduce the school week to four days a week,,Belfast West,132
7046,727514,Reduce the school week to four days a week,,East Antrim,124
7047,727514,Reduce the school week to four days a week,,East Londonderry,77
7048,727514,Reduce the school week to four days a week,,Fermanagh and South Tyrone,167
7049,727514,Reduce the school week to four days a week,,Foyle,75
7050,727514,Reduce the school week to four days a week,,Lagan Valley,192
7051,727514,Reduce the school week to four days a week,,Mid Ulster,73
7052,727514,Reduce the school week to four days a week,,Newry and Armagh,114
7053,727514,Reduce the school week to four days a week,,North Antrim,102
7054,727514,Reduce the school week to four days a week,,North Down,151
7055,727514,Reduce the school week to four days a week,,South Antrim,132
7056,727514,Reduce the school week to four days a week,,South Down,122
7057,727514,Reduce the school week to four days a week,,Strangford,114
7058,727514,Reduce the school week to four days a week,,Upper Bann,119
7059,727514,Reduce the school week to four days a week,,West Tyrone,99
7060,727514,Reduce the school week to four days a week,,East Renfrewshire,540
7061,727514,Reduce the school week to four days a week,,Na h-Eileanan an Iar,25
7062,727514,Reduce the school week to four days a week,,Midlothian,151
7063,727514,Reduce the school week to four days a week,,North Ayrshire and Arran,252
7064,727514,Reduce the school week to four days a week,,Orkney and Shetland,41
7065,727514,Reduce the school week to four days a week,,Aberdeen North,96
7066,727514,Reduce the school week to four days a week,,Aberdeen South,89
7067,727514,Reduce the school week to four days a week,,Aberdeenshire North and Moray East,66
7068,727514,Reduce the school week to four days a week,,Airdrie and Shotts,116
7069,727514,Reduce the school week to four days a week,,Alloa and Grangemouth,108
7070,727514,Reduce the school week to four days a week,,Angus and Perthshire Glens,81
7071,727514,Reduce the school week to four days a week,,Arbroath and Broughty Ferry,98
7072,727514,Reduce the school week to four days a week,,"Argyll, Bute and South Lochaber",117
7073,727514,Reduce the school week to four days a week,,Bathgate and Linlithgow,114
7074,727514,Reduce the school week to four days a week,,"Caithness, Sutherland and Easter Ross",106
7075,727514,Reduce the school week to four days a week,,Coatbridge and Bellshill,106
7076,727514,Reduce the school week to four days a week,,Cowdenbeath and Kirkcaldy,169
7077,727514,Reduce the school week to four days a week,,Cumbernauld and Kirkintilloch,134
7078,727514,Reduce the school week to four days a week,,Dumfries and Galloway,81
7079,727514,Reduce the school week to four days a week,,"Dumfriesshire, Clydesdale and Tweeddale",176
7080,727514,Reduce the school week to four days a week,,Dundee Central,186
7081,727514,Reduce the school week to four days a week,,Dunfermline and Dollar,93
7082,727514,Reduce the school week to four days a week,,East Kilbride and Strathaven,207
7083,727514,Reduce the school week to four days a week,,Edinburgh East and Musselburgh,175
7084,727514,Reduce the school week to four days a week,,Edinburgh North and Leith,127
7085,727514,Reduce the school week to four days a week,,Edinburgh South,99
7086,727514,Reduce the school week to four days a week,,Edinburgh South West,93
7087,727514,Reduce the school week to four days a week,,Edinburgh West,176
7088,727514,Reduce the school week to four days a week,,Falkirk,77
7089,727514,Reduce the school week to four days a week,,Glasgow East,167
7090,727514,Reduce the school week to four days a week,,Glasgow North,88
7091,727514,Reduce the school week to four days a week,,Glasgow North East,165
7092,727514,Reduce the school week to four days a week,,Glasgow South,163
7093,727514,Reduce the school week to four days a week,,Glasgow South West,199
7094,727514,Reduce the school week to four days a week,,Glasgow West,168
7095,727514,Reduce the school week to four days a week,,Glenrothes and Mid Fife,192
7096,727514,Reduce the school week to four days a week,,Gordon and Buchan,81
7097,727514,Reduce the school week to four days a week,,Hamilton and Clyde Valley,151
7098,727514,Reduce the school week to four days a week,,Inverclyde and Renfrewshire West,209
7099,727514,Reduce the school week to four days a week,,"Inverness, Skye and West Ross-shire",210
7100,727514,Reduce the school week to four days a week,,Livingston,136
7101,727514,Reduce the school week to four days a week,,Lothian East,174
7102,727514,Reduce the school week to four days a week,,Mid Dunbartonshire,132
7103,727514,Reduce the school week to four days a week,,"Moray West, Nairn and Strathspey",122
7104,727514,Reduce the school week to four days a week,,"Motherwell, Wishaw and Carluke",124
7105,727514,Reduce the school week to four days a week,,North East Fife,129
7106,727514,Reduce the school week to four days a week,,Paisley and Renfrewshire North,349
7107,727514,Reduce the school week to four days a week,,Paisley and Renfrewshire South,295
7108,727514,Reduce the school week to four days a week,,Perth and Kinross-shire,143
7109,727514,Reduce the school week to four days a week,,Rutherglen,188
7110,727514,Reduce the school week to four days a week,,Stirling and Strathallan,144
7111,727514,Reduce the school week to four days a week,,West Dunbartonshire,131
7112,727514,Reduce the school week to four days a week,,"Ayr, Carrick and Cumnock",90
7113,727514,Reduce the school week to four days a week,,"Berwickshire, Roxburgh and Selkirk",162
7114,727514,Reduce the school week to four days a week,,Central Ayrshire,108
7115,727514,Reduce the school week to four days a week,,Kilmarnock and Loudoun,143
7116,727514,Reduce the school week to four days a week,,West Aberdeenshire and Kincardine,121
7117,727514,Reduce the school week to four days a week,,Aberafan Maesteg,97
7118,727514,Reduce the school week to four days a week,,Alyn and Deeside,253
7119,727514,Reduce the school week to four days a week,,Bangor Aberconwy,108
7120,727514,Reduce the school week to four days a week,,Blaenau Gwent and Rhymney,277
7121,727514,Reduce the school week to four days a week,,"Brecon, Radnor and Cwm Tawe",132
7122,727514,Reduce the school week to four days a week,,Bridgend,66
7123,727514,Reduce the school week to four days a week,,Caerfyrddin,181
7124,727514,Reduce the school week to four days a week,,Caerphilly,326
7125,727514,Reduce the school week to four days a week,,Cardiff East,214
7126,727514,Reduce the school week to four days a week,,Cardiff North,205
7127,727514,Reduce the school week to four days a week,,Cardiff South and Penarth,180
7128,727514,Reduce the school week to four days a week,,Cardiff West,173
7129,727514,Reduce the school week to four days a week,,Ceredigion Preseli,148
7130,727514,Reduce the school week to four days a week,,Clwyd East,147
7131,727514,Reduce the school week to four days a week,,Clwyd North,139
7132,727514,Reduce the school week to four days a week,,Dwyfor Meirionnydd,110
7133,727514,Reduce the school week to four days a week,,Gower,119
7134,727514,Reduce the school week to four days a week,,Llanelli,169
7135,727514,Reduce the school week to four days a week,,Merthyr Tydfil and Aberdare,247
7136,727514,Reduce the school week to four days a week,,Mid and South Pembrokeshire,124
7137,727514,Reduce the school week to four days a week,,Monmouthshire,95
7138,727514,Reduce the school week to four days a week,,Montgomeryshire and Glyndŵr,178
7139,727514,Reduce the school week to four days a week,,Neath and Swansea East,113
7140,727514,Reduce the school week to four days a week,,Newport East,170
7141,727514,Reduce the school week to four days a week,,Newport West and Islwyn,271
7142,727514,Reduce the school week to four days a week,,Pontypridd,250
7143,727514,Reduce the school week to four days a week,,Rhondda and Ogmore,89
7144,727514,Reduce the school week to four days a week,,Swansea West,141
7145,727514,Reduce the school week to four days a week,,Torfaen,261
7146,727514,Reduce the school week to four days a week,,Vale of Glamorgan,142
7147,727514,Reduce the school week to four days a week,,Wrexham,120
7148,727514,Reduce the school week to four days a week,,Ynys Môn,78
7149,729440,Make Play and Continuous Provision statutory in England's Key Stage 1 Curriculum,,Aldershot,249
7150,729440,Make Play and Continuous Provision statutory in England's Key Stage 1 Curriculum,,Aldridge-Brownhills,216
7151,729440,Make Play and Continuous Provision statutory in England's Key Stage 1 Curriculum,,Altrincham and Sale West,247
7152,729440,Make Play and Continuous Provision statutory in England's Key Stage 1 Curriculum,,Amber Valley,207
7153,729440,Make Play and Continuous Provision statutory in England's Key Stage 1 Curriculum,,Arundel and South Downs,243
7154,729440,Make Play and Continuous Provision statutory in England's Key Stage 1 Curriculum,,Ashfield,160
7155,729440,Make Play and Continuous Provision statutory in England's Key Stage 1 Curriculum,,Ashford,150
7156,729440,Make Play and Continuous Provision statutory in England's Key Stage 1 Curriculum,,Ashton-under-Lyne,126
7157,729440,Make Play and Continuous Provision statutory in England's Key Stage 1 Curriculum,,Aylesbury,293
7158,729440,Make Play and Continuous Provision statutory in England's Key Stage 1 Curriculum,,Banbury,303
7159,729440,Make Play and Continuous Provision statutory in England's Key Stage 1 Curriculum,,Barking,56
7160,729440,Make Play and Continuous Provision statutory in England's Key Stage 1 Curriculum,,Barnsley North,153
7161,729440,Make Play and Continuous Provision statutory in England's Key Stage 1 Curriculum,,Barnsley South,89
7162,729440,Make Play and Continuous Provision statutory in England's Key Stage 1 Curriculum,,Barrow and Furness,125
7163,729440,Make Play and Continuous Provision statutory in England's Key Stage 1 Curriculum,,Basildon and Billericay,161
7164,729440,Make Play and Continuous Provision statutory in England's Key Stage 1 Curriculum,,Basingstoke,288
7165,729440,Make Play and Continuous Provision statutory in England's Key Stage 1 Curriculum,,Bassetlaw,232
7166,729440,Make Play and Continuous Provision statutory in England's Key Stage 1 Curriculum,,Bath,226
7167,729440,Make Play and Continuous Provision statutory in England's Key Stage 1 Curriculum,,Battersea,86
7168,729440,Make Play and Continuous Provision statutory in England's Key Stage 1 Curriculum,,Beaconsfield,175
7169,729440,Make Play and Continuous Provision statutory in England's Key Stage 1 Curriculum,,Beckenham and Penge,310
7170,729440,Make Play and Continuous Provision statutory in England's Key Stage 1 Curriculum,,Bedford,164
7171,729440,Make Play and Continuous Provision statutory in England's Key Stage 1 Curriculum,,Bermondsey and Old Southwark,71
7172,729440,Make Play and Continuous Provision statutory in England's Key Stage 1 Curriculum,,Bethnal Green and Stepney,55
7173,729440,Make Play and Continuous Provision statutory in England's Key Stage 1 Curriculum,,Beverley and Holderness,195
7174,729440,Make Play and Continuous Provision statutory in England's Key Stage 1 Curriculum,,Bexhill and Battle,165
7175,729440,Make Play and Continuous Provision statutory in England's Key Stage 1 Curriculum,,Bexleyheath and Crayford,196
7176,729440,Make Play and Continuous Provision statutory in England's Key Stage 1 Curriculum,,Bicester and Woodstock,363
7177,729440,Make Play and Continuous Provision statutory in England's Key Stage 1 Curriculum,,Birkenhead,158
7178,729440,Make Play and Continuous Provision statutory in England's Key Stage 1 Curriculum,,Birmingham Edgbaston,112
7179,729440,Make Play and Continuous Provision statutory in England's Key Stage 1 Curriculum,,Birmingham Erdington,127
7180,729440,Make Play and Continuous Provision statutory in England's Key Stage 1 Curriculum,,Birmingham Hall Green and Moseley,102
7181,729440,Make Play and Continuous Provision statutory in England's Key Stage 1 Curriculum,,Birmingham Hodge Hill and Solihull North,91
7182,729440,Make Play and Continuous Provision statutory in England's Key Stage 1 Curriculum,,Birmingham Ladywood,30
7183,729440,Make Play and Continuous Provision statutory in England's Key Stage 1 Curriculum,,Birmingham Northfield,152
7184,729440,Make Play and Continuous Provision statutory in England's Key Stage 1 Curriculum,,Birmingham Perry Barr,43
7185,729440,Make Play and Continuous Provision statutory in England's Key Stage 1 Curriculum,,Birmingham Selly Oak,232
7186,729440,Make Play and Continuous Provision statutory in England's Key Stage 1 Curriculum,,Birmingham Yardley,94
7187,729440,Make Play and Continuous Provision statutory in England's Key Stage 1 Curriculum,,Bishop Auckland,147
7188,729440,Make Play and Continuous Provision statutory in England's Key Stage 1 Curriculum,,Blackburn,77
7189,729440,Make Play and Continuous Provision statutory in England's Key Stage 1 Curriculum,,Blackley and Middleton South,82
7190,729440,Make Play and Continuous Provision statutory in England's Key Stage 1 Curriculum,,Blackpool North and Fleetwood,96
7191,729440,Make Play and Continuous Provision statutory in England's Key Stage 1 Curriculum,,Blackpool South,98
7192,729440,Make Play and Continuous Provision statutory in England's Key Stage 1 Curriculum,,Blaydon and Consett,181
7193,729440,Make Play and Continuous Provision statutory in England's Key Stage 1 Curriculum,,Blyth and Ashington,101
7194,729440,Make Play and Continuous Provision statutory in England's Key Stage 1 Curriculum,,Bognor Regis and Littlehampton,175
7195,729440,Make Play and Continuous Provision statutory in England's Key Stage 1 Curriculum,,Bolsover,170
7196,729440,Make Play and Continuous Provision statutory in England's Key Stage 1 Curriculum,,Bolton North East,153
7197,729440,Make Play and Continuous Provision statutory in England's Key Stage 1 Curriculum,,Bolton South and Walkden,93
7198,729440,Make Play and Continuous Provision statutory in England's Key Stage 1 Curriculum,,Bolton West,155
7199,729440,Make Play and Continuous Provision statutory in England's Key Stage 1 Curriculum,,Bootle,142
7200,729440,Make Play and Continuous Provision statutory in England's Key Stage 1 Curriculum,,Boston and Skegness,127
7201,729440,Make Play and Continuous Provision statutory in England's Key Stage 1 Curriculum,,Bournemouth East,215
7202,729440,Make Play and Continuous Provision statutory in England's Key Stage 1 Curriculum,,Bournemouth West,157
7203,729440,Make Play and Continuous Provision statutory in England's Key Stage 1 Curriculum,,Bracknell,250
7204,729440,Make Play and Continuous Provision statutory in England's Key Stage 1 Curriculum,,Bradford East,117
7205,729440,Make Play and Continuous Provision statutory in England's Key Stage 1 Curriculum,,Bradford South,142
7206,729440,Make Play and Continuous Provision statutory in England's Key Stage 1 Curriculum,,Bradford West,66
7207,729440,Make Play and Continuous Provision statutory in England's Key Stage 1 Curriculum,,Braintree,244
7208,729440,Make Play and Continuous Provision statutory in England's Key Stage 1 Curriculum,,Brent East,66
7209,729440,Make Play and Continuous Provision statutory in England's Key Stage 1 Curriculum,,Brent West,38
7210,729440,Make Play and Continuous Provision statutory in England's Key Stage 1 Curriculum,,Brentford and Isleworth,177
7211,729440,Make Play and Continuous Provision statutory in England's Key Stage 1 Curriculum,,Brentwood and Ongar,264
7212,729440,Make Play and Continuous Provision statutory in England's Key Stage 1 Curriculum,,Bridgwater,135
7213,729440,Make Play and Continuous Provision statutory in England's Key Stage 1 Curriculum,,Bridlington and The Wolds,98
7214,729440,Make Play and Continuous Provision statutory in England's Key Stage 1 Curriculum,,Brigg and Immingham,156
7215,729440,Make Play and Continuous Provision statutory in England's Key Stage 1 Curriculum,,Brighton Kemptown and Peacehaven,155
7216,729440,Make Play and Continuous Provision statutory in England's Key Stage 1 Curriculum,,Brighton Pavilion,283
7217,729440,Make Play and Continuous Provision statutory in England's Key Stage 1 Curriculum,,Bristol Central,148
7218,729440,Make Play and Continuous Provision statutory in England's Key Stage 1 Curriculum,,Bristol East,402
7219,729440,Make Play and Continuous Provision statutory in England's Key Stage 1 Curriculum,,Bristol North East,276
7220,729440,Make Play and Continuous Provision statutory in England's Key Stage 1 Curriculum,,Bristol North West,236
7221,729440,Make Play and Continuous Provision statutory in England's Key Stage 1 Curriculum,,Bristol South,254
7222,729440,Make Play and Continuous Provision statutory in England's Key Stage 1 Curriculum,,Broadland and Fakenham,233
7223,729440,Make Play and Continuous Provision statutory in England's Key Stage 1 Curriculum,,Bromley and Biggin Hill,193
7224,729440,Make Play and Continuous Provision statutory in England's Key Stage 1 Curriculum,,Bromsgrove,329
7225,729440,Make Play and Continuous Provision statutory in England's Key Stage 1 Curriculum,,Broxbourne,206
7226,729440,Make Play and Continuous Provision statutory in England's Key Stage 1 Curriculum,,Broxtowe,184
7227,729440,Make Play and Continuous Provision statutory in England's Key Stage 1 Curriculum,,Buckingham and Bletchley,172
7228,729440,Make Play and Continuous Provision statutory in England's Key Stage 1 Curriculum,,Burnley,115
7229,729440,Make Play and Continuous Provision statutory in England's Key Stage 1 Curriculum,,Burton and Uttoxeter,200
7230,729440,Make Play and Continuous Provision statutory in England's Key Stage 1 Curriculum,,Bury North,215
7231,729440,Make Play and Continuous Provision statutory in England's Key Stage 1 Curriculum,,Bury South,202
7232,729440,Make Play and Continuous Provision statutory in England's Key Stage 1 Curriculum,,Bury St Edmunds and Stowmarket,262
7233,729440,Make Play and Continuous Provision statutory in England's Key Stage 1 Curriculum,,Calder Valley,243
7234,729440,Make Play and Continuous Provision statutory in England's Key Stage 1 Curriculum,,Camborne and Redruth,264
7235,729440,Make Play and Continuous Provision statutory in England's Key Stage 1 Curriculum,,Cambridge,175
7236,729440,Make Play and Continuous Provision statutory in England's Key Stage 1 Curriculum,,Cannock Chase,221
7237,729440,Make Play and Continuous Provision statutory in England's Key Stage 1 Curriculum,,Canterbury,169
7238,729440,Make Play and Continuous Provision statutory in England's Key Stage 1 Curriculum,,Carlisle,130
7239,729440,Make Play and Continuous Provision statutory in England's Key Stage 1 Curriculum,,Carshalton and Wallington,168
7240,729440,Make Play and Continuous Provision statutory in England's Key Stage 1 Curriculum,,Castle Point,147
7241,729440,Make Play and Continuous Provision statutory in England's Key Stage 1 Curriculum,,Central Devon,238
7242,729440,Make Play and Continuous Provision statutory in England's Key Stage 1 Curriculum,,Central Suffolk and North Ipswich,240
7243,729440,Make Play and Continuous Provision statutory in England's Key Stage 1 Curriculum,,Chatham and Aylesford,162
7244,729440,Make Play and Continuous Provision statutory in England's Key Stage 1 Curriculum,,Cheadle,282
7245,729440,Make Play and Continuous Provision statutory in England's Key Stage 1 Curriculum,,Chelmsford,242
7246,729440,Make Play and Continuous Provision statutory in England's Key Stage 1 Curriculum,,Chelsea and Fulham,64
7247,729440,Make Play and Continuous Provision statutory in England's Key Stage 1 Curriculum,,Cheltenham,212
7248,729440,Make Play and Continuous Provision statutory in England's Key Stage 1 Curriculum,,Chesham and Amersham,263
7249,729440,Make Play and Continuous Provision statutory in England's Key Stage 1 Curriculum,,Chester North and Neston,196
7250,729440,Make Play and Continuous Provision statutory in England's Key Stage 1 Curriculum,,Chester South and Eddisbury,231
7251,729440,Make Play and Continuous Provision statutory in England's Key Stage 1 Curriculum,,Chesterfield,158
7252,729440,Make Play and Continuous Provision statutory in England's Key Stage 1 Curriculum,,Chichester,226
7253,729440,Make Play and Continuous Provision statutory in England's Key Stage 1 Curriculum,,Chingford and Woodford Green,239
7254,729440,Make Play and Continuous Provision statutory in England's Key Stage 1 Curriculum,,Chippenham,265
7255,729440,Make Play and Continuous Provision statutory in England's Key Stage 1 Curriculum,,Chipping Barnet,210
7256,729440,Make Play and Continuous Provision statutory in England's Key Stage 1 Curriculum,,Chorley,264
7257,729440,Make Play and Continuous Provision statutory in England's Key Stage 1 Curriculum,,Christchurch,205
7258,729440,Make Play and Continuous Provision statutory in England's Key Stage 1 Curriculum,,Cities of London and Westminster,58
7259,729440,Make Play and Continuous Provision statutory in England's Key Stage 1 Curriculum,,City of Durham,138
7260,729440,Make Play and Continuous Provision statutory in England's Key Stage 1 Curriculum,,Clacton,111
7261,729440,Make Play and Continuous Provision statutory in England's Key Stage 1 Curriculum,,Clapham and Brixton Hill,87
7262,729440,Make Play and Continuous Provision statutory in England's Key Stage 1 Curriculum,,Colchester,242
7263,729440,Make Play and Continuous Provision statutory in England's Key Stage 1 Curriculum,,Colne Valley,232
7264,729440,Make Play and Continuous Provision statutory in England's Key Stage 1 Curriculum,,Congleton,234
7265,729440,Make Play and Continuous Provision statutory in England's Key Stage 1 Curriculum,,Corby and East Northamptonshire,265
7266,729440,Make Play and Continuous Provision statutory in England's Key Stage 1 Curriculum,,Coventry East,100
7267,729440,Make Play and Continuous Provision statutory in England's Key Stage 1 Curriculum,,Coventry North West,238
7268,729440,Make Play and Continuous Provision statutory in England's Key Stage 1 Curriculum,,Coventry South,188
7269,729440,Make Play and Continuous Provision statutory in England's Key Stage 1 Curriculum,,Cramlington and Killingworth,179
7270,729440,Make Play and Continuous Provision statutory in England's Key Stage 1 Curriculum,,Crawley,181
7271,729440,Make Play and Continuous Provision statutory in England's Key Stage 1 Curriculum,,Crewe and Nantwich,147
7272,729440,Make Play and Continuous Provision statutory in England's Key Stage 1 Curriculum,,Croydon East,108
7273,729440,Make Play and Continuous Provision statutory in England's Key Stage 1 Curriculum,,Croydon South,168
7274,729440,Make Play and Continuous Provision statutory in England's Key Stage 1 Curriculum,,Croydon West,104
7275,729440,Make Play and Continuous Provision statutory in England's Key Stage 1 Curriculum,,Dagenham and Rainham,86
7276,729440,Make Play and Continuous Provision statutory in England's Key Stage 1 Curriculum,,Darlington,134
7277,729440,Make Play and Continuous Provision statutory in England's Key Stage 1 Curriculum,,Dartford,218
7278,729440,Make Play and Continuous Provision statutory in England's Key Stage 1 Curriculum,,Daventry,323
7279,729440,Make Play and Continuous Provision statutory in England's Key Stage 1 Curriculum,,Derby North,172
7280,729440,Make Play and Continuous Provision statutory in England's Key Stage 1 Curriculum,,Derby South,92
7281,729440,Make Play and Continuous Provision statutory in England's Key Stage 1 Curriculum,,Derbyshire Dales,184
7282,729440,Make Play and Continuous Provision statutory in England's Key Stage 1 Curriculum,,Dewsbury and Batley,88
7283,729440,Make Play and Continuous Provision statutory in England's Key Stage 1 Curriculum,,Didcot and Wantage,319
7284,729440,Make Play and Continuous Provision statutory in England's Key Stage 1 Curriculum,,Doncaster Central,157
7285,729440,Make Play and Continuous Provision statutory in England's Key Stage 1 Curriculum,,Doncaster East and the Isle of Axholme,138
7286,729440,Make Play and Continuous Provision statutory in England's Key Stage 1 Curriculum,,Doncaster North,120
7287,729440,Make Play and Continuous Provision statutory in England's Key Stage 1 Curriculum,,Dorking and Horley,265
7288,729440,Make Play and Continuous Provision statutory in England's Key Stage 1 Curriculum,,Dover and Deal,168
7289,729440,Make Play and Continuous Provision statutory in England's Key Stage 1 Curriculum,,Droitwich and Evesham,223
7290,729440,Make Play and Continuous Provision statutory in England's Key Stage 1 Curriculum,,Dudley,165
7291,729440,Make Play and Continuous Provision statutory in England's Key Stage 1 Curriculum,,Dulwich and West Norwood,186
7292,729440,Make Play and Continuous Provision statutory in England's Key Stage 1 Curriculum,,Dunstable and Leighton Buzzard,288
7293,729440,Make Play and Continuous Provision statutory in England's Key Stage 1 Curriculum,,Ealing Central and Acton,143
7294,729440,Make Play and Continuous Provision statutory in England's Key Stage 1 Curriculum,,Ealing North,93
7295,729440,Make Play and Continuous Provision statutory in England's Key Stage 1 Curriculum,,Ealing Southall,107
7296,729440,Make Play and Continuous Provision statutory in England's Key Stage 1 Curriculum,,Earley and Woodley,185
7297,729440,Make Play and Continuous Provision statutory in England's Key Stage 1 Curriculum,,Easington,71
7298,729440,Make Play and Continuous Provision statutory in England's Key Stage 1 Curriculum,,East Grinstead and Uckfield,231
7299,729440,Make Play and Continuous Provision statutory in England's Key Stage 1 Curriculum,,East Ham,45
7300,729440,Make Play and Continuous Provision statutory in England's Key Stage 1 Curriculum,,East Hampshire,225
7301,729440,Make Play and Continuous Provision statutory in England's Key Stage 1 Curriculum,,East Surrey,260
7302,729440,Make Play and Continuous Provision statutory in England's Key Stage 1 Curriculum,,East Thanet,211
7303,729440,Make Play and Continuous Provision statutory in England's Key Stage 1 Curriculum,,East Wiltshire,255
7304,729440,Make Play and Continuous Provision statutory in England's Key Stage 1 Curriculum,,East Worthing and Shoreham,268
7305,729440,Make Play and Continuous Provision statutory in England's Key Stage 1 Curriculum,,Eastbourne,175
7306,729440,Make Play and Continuous Provision statutory in England's Key Stage 1 Curriculum,,Eastleigh,213
7307,729440,Make Play and Continuous Provision statutory in England's Key Stage 1 Curriculum,,Edmonton and Winchmore Hill,107
7308,729440,Make Play and Continuous Provision statutory in England's Key Stage 1 Curriculum,,Ellesmere Port and Bromborough,175
7309,729440,Make Play and Continuous Provision statutory in England's Key Stage 1 Curriculum,,Eltham and Chislehurst,181
7310,729440,Make Play and Continuous Provision statutory in England's Key Stage 1 Curriculum,,Ely and East Cambridgeshire,278
7311,729440,Make Play and Continuous Provision statutory in England's Key Stage 1 Curriculum,,Enfield North,173
7312,729440,Make Play and Continuous Provision statutory in England's Key Stage 1 Curriculum,,Epping Forest,198
7313,729440,Make Play and Continuous Provision statutory in England's Key Stage 1 Curriculum,,Epsom and Ewell,300
7314,729440,Make Play and Continuous Provision statutory in England's Key Stage 1 Curriculum,,Erewash,177
7315,729440,Make Play and Continuous Provision statutory in England's Key Stage 1 Curriculum,,Erith and Thamesmead,125
7316,729440,Make Play and Continuous Provision statutory in England's Key Stage 1 Curriculum,,Esher and Walton,300
7317,729440,Make Play and Continuous Provision statutory in England's Key Stage 1 Curriculum,,Exeter,213
7318,729440,Make Play and Continuous Provision statutory in England's Key Stage 1 Curriculum,,Exmouth and Exeter East,258
7319,729440,Make Play and Continuous Provision statutory in England's Key Stage 1 Curriculum,,Fareham and Waterlooville,175
7320,729440,Make Play and Continuous Provision statutory in England's Key Stage 1 Curriculum,,Farnham and Bordon,284
7321,729440,Make Play and Continuous Provision statutory in England's Key Stage 1 Curriculum,,Faversham and Mid Kent,245
7322,729440,Make Play and Continuous Provision statutory in England's Key Stage 1 Curriculum,,Feltham and Heston,81
7323,729440,Make Play and Continuous Provision statutory in England's Key Stage 1 Curriculum,,Filton and Bradley Stoke,228
7324,729440,Make Play and Continuous Provision statutory in England's Key Stage 1 Curriculum,,Finchley and Golders Green,124
7325,729440,Make Play and Continuous Provision statutory in England's Key Stage 1 Curriculum,,Folkestone and Hythe,190
7326,729440,Make Play and Continuous Provision statutory in England's Key Stage 1 Curriculum,,Forest of Dean,264
7327,729440,Make Play and Continuous Provision statutory in England's Key Stage 1 Curriculum,,Frome and East Somerset,287
7328,729440,Make Play and Continuous Provision statutory in England's Key Stage 1 Curriculum,,Fylde,141
7329,729440,Make Play and Continuous Provision statutory in England's Key Stage 1 Curriculum,,Gainsborough,217
7330,729440,Make Play and Continuous Provision statutory in England's Key Stage 1 Curriculum,,Gateshead Central and Whickham,132
7331,729440,Make Play and Continuous Provision statutory in England's Key Stage 1 Curriculum,,Gedling,313
7332,729440,Make Play and Continuous Provision statutory in England's Key Stage 1 Curriculum,,Gillingham and Rainham,168
7333,729440,Make Play and Continuous Provision statutory in England's Key Stage 1 Curriculum,,Glastonbury and Somerton,182
7334,729440,Make Play and Continuous Provision statutory in England's Key Stage 1 Curriculum,,Gloucester,193
7335,729440,Make Play and Continuous Provision statutory in England's Key Stage 1 Curriculum,,Godalming and Ash,267
7336,729440,Make Play and Continuous Provision statutory in England's Key Stage 1 Curriculum,,Goole and Pocklington,258
7337,729440,Make Play and Continuous Provision statutory in England's Key Stage 1 Curriculum,,Gorton and Denton,134
7338,729440,Make Play and Continuous Provision statutory in England's Key Stage 1 Curriculum,,Gosport,126
7339,729440,Make Play and Continuous Provision statutory in England's Key Stage 1 Curriculum,,Grantham and Bourne,192
7340,729440,Make Play and Continuous Provision statutory in England's Key Stage 1 Curriculum,,Gravesham,172
7341,729440,Make Play and Continuous Provision statutory in England's Key Stage 1 Curriculum,,Great Grimsby and Cleethorpes,107
7342,729440,Make Play and Continuous Provision statutory in England's Key Stage 1 Curriculum,,Great Yarmouth,119
7343,729440,Make Play and Continuous Provision statutory in England's Key Stage 1 Curriculum,,Greenwich and Woolwich,118
7344,729440,Make Play and Continuous Provision statutory in England's Key Stage 1 Curriculum,,Guildford,183
7345,729440,Make Play and Continuous Provision statutory in England's Key Stage 1 Curriculum,,Hackney North and Stoke Newington,185
7346,729440,Make Play and Continuous Provision statutory in England's Key Stage 1 Curriculum,,Hackney South and Shoreditch,119
7347,729440,Make Play and Continuous Provision statutory in England's Key Stage 1 Curriculum,,Halesowen,189
7348,729440,Make Play and Continuous Provision statutory in England's Key Stage 1 Curriculum,,Halifax,170
7349,729440,Make Play and Continuous Provision statutory in England's Key Stage 1 Curriculum,,Hamble Valley,286
7350,729440,Make Play and Continuous Provision statutory in England's Key Stage 1 Curriculum,,Hammersmith and Chiswick,85
7351,729440,Make Play and Continuous Provision statutory in England's Key Stage 1 Curriculum,,Hampstead and Highgate,84
7352,729440,Make Play and Continuous Provision statutory in England's Key Stage 1 Curriculum,,"Harborough, Oadby and Wigston",246
7353,729440,Make Play and Continuous Provision statutory in England's Key Stage 1 Curriculum,,Harlow,199
7354,729440,Make Play and Continuous Provision statutory in England's Key Stage 1 Curriculum,,Harpenden and Berkhamsted,294
7355,729440,Make Play and Continuous Provision statutory in England's Key Stage 1 Curriculum,,Harrogate and Knaresborough,272
7356,729440,Make Play and Continuous Provision statutory in England's Key Stage 1 Curriculum,,Harrow East,47
7357,729440,Make Play and Continuous Provision statutory in England's Key Stage 1 Curriculum,,Harrow West,65
7358,729440,Make Play and Continuous Provision statutory in England's Key Stage 1 Curriculum,,Hartlepool,131
7359,729440,Make Play and Continuous Provision statutory in England's Key Stage 1 Curriculum,,Harwich and North Essex,253
7360,729440,Make Play and Continuous Provision statutory in England's Key Stage 1 Curriculum,,Hastings and Rye,203
7361,729440,Make Play and Continuous Provision statutory in England's Key Stage 1 Curriculum,,Havant,133
7362,729440,Make Play and Continuous Provision statutory in England's Key Stage 1 Curriculum,,Hayes and Harlington,43
7363,729440,Make Play and Continuous Provision statutory in England's Key Stage 1 Curriculum,,Hazel Grove,279
7364,729440,Make Play and Continuous Provision statutory in England's Key Stage 1 Curriculum,,Hemel Hempstead,249
7365,729440,Make Play and Continuous Provision statutory in England's Key Stage 1 Curriculum,,Hendon,70
7366,729440,Make Play and Continuous Provision statutory in England's Key Stage 1 Curriculum,,Henley and Thame,262
7367,729440,Make Play and Continuous Provision statutory in England's Key Stage 1 Curriculum,,Hereford and South Herefordshire,207
7368,729440,Make Play and Continuous Provision statutory in England's Key Stage 1 Curriculum,,Herne Bay and Sandwich,151
7369,729440,Make Play and Continuous Provision statutory in England's Key Stage 1 Curriculum,,Hertford and Stortford,364
7370,729440,Make Play and Continuous Provision statutory in England's Key Stage 1 Curriculum,,Hertsmere,145
7371,729440,Make Play and Continuous Provision statutory in England's Key Stage 1 Curriculum,,Hexham,162
7372,729440,Make Play and Continuous Provision statutory in England's Key Stage 1 Curriculum,,Heywood and Middleton North,110
7373,729440,Make Play and Continuous Provision statutory in England's Key Stage 1 Curriculum,,High Peak,161
7374,729440,Make Play and Continuous Provision statutory in England's Key Stage 1 Curriculum,,Hinckley and Bosworth,219
7375,729440,Make Play and Continuous Provision statutory in England's Key Stage 1 Curriculum,,Hitchin,389
7376,729440,Make Play and Continuous Provision statutory in England's Key Stage 1 Curriculum,,Holborn and St Pancras,60
7377,729440,Make Play and Continuous Provision statutory in England's Key Stage 1 Curriculum,,Honiton and Sidmouth,210
7378,729440,Make Play and Continuous Provision statutory in England's Key Stage 1 Curriculum,,Hornchurch and Upminster,154
7379,729440,Make Play and Continuous Provision statutory in England's Key Stage 1 Curriculum,,Hornsey and Friern Barnet,223
7380,729440,Make Play and Continuous Provision statutory in England's Key Stage 1 Curriculum,,Horsham,341
7381,729440,Make Play and Continuous Provision statutory in England's Key Stage 1 Curriculum,,Houghton and Sunderland South,117
7382,729440,Make Play and Continuous Provision statutory in England's Key Stage 1 Curriculum,,Hove and Portslade,347
7383,729440,Make Play and Continuous Provision statutory in England's Key Stage 1 Curriculum,,Huddersfield,110
7384,729440,Make Play and Continuous Provision statutory in England's Key Stage 1 Curriculum,,Huntingdon,311
7385,729440,Make Play and Continuous Provision statutory in England's Key Stage 1 Curriculum,,Hyndburn,113
7386,729440,Make Play and Continuous Provision statutory in England's Key Stage 1 Curriculum,,Ilford North,63
7387,729440,Make Play and Continuous Provision statutory in England's Key Stage 1 Curriculum,,Ilford South,46
7388,729440,Make Play and Continuous Provision statutory in England's Key Stage 1 Curriculum,,Ipswich,207
7389,729440,Make Play and Continuous Provision statutory in England's Key Stage 1 Curriculum,,Isle of Wight East,74
7390,729440,Make Play and Continuous Provision statutory in England's Key Stage 1 Curriculum,,Isle of Wight West,120
7391,729440,Make Play and Continuous Provision statutory in England's Key Stage 1 Curriculum,,Islington North,130
7392,729440,Make Play and Continuous Provision statutory in England's Key Stage 1 Curriculum,,Islington South and Finsbury,100
7393,729440,Make Play and Continuous Provision statutory in England's Key Stage 1 Curriculum,,Jarrow and Gateshead East,86
7394,729440,Make Play and Continuous Provision statutory in England's Key Stage 1 Curriculum,,Keighley and Ilkley,166
7395,729440,Make Play and Continuous Provision statutory in England's Key Stage 1 Curriculum,,Kenilworth and Southam,294
7396,729440,Make Play and Continuous Provision statutory in England's Key Stage 1 Curriculum,,Kensington and Bayswater,58
7397,729440,Make Play and Continuous Provision statutory in England's Key Stage 1 Curriculum,,Kettering,233
7398,729440,Make Play and Continuous Provision statutory in England's Key Stage 1 Curriculum,,Kingston and Surbiton,283
7399,729440,Make Play and Continuous Provision statutory in England's Key Stage 1 Curriculum,,Kingston upon Hull East,128
7400,729440,Make Play and Continuous Provision statutory in England's Key Stage 1 Curriculum,,Kingston upon Hull North and Cottingham,210
7401,729440,Make Play and Continuous Provision statutory in England's Key Stage 1 Curriculum,,Kingston upon Hull West and Haltemprice,166
7402,729440,Make Play and Continuous Provision statutory in England's Key Stage 1 Curriculum,,Kingswinford and South Staffordshire,438
7403,729440,Make Play and Continuous Provision statutory in England's Key Stage 1 Curriculum,,Knowsley,148
7404,729440,Make Play and Continuous Provision statutory in England's Key Stage 1 Curriculum,,Lancaster and Wyre,170
7405,729440,Make Play and Continuous Provision statutory in England's Key Stage 1 Curriculum,,Leeds Central and Headingley,159
7406,729440,Make Play and Continuous Provision statutory in England's Key Stage 1 Curriculum,,Leeds East,164
7407,729440,Make Play and Continuous Provision statutory in England's Key Stage 1 Curriculum,,Leeds North East,341
7408,729440,Make Play and Continuous Provision statutory in England's Key Stage 1 Curriculum,,Leeds North West,356
7409,729440,Make Play and Continuous Provision statutory in England's Key Stage 1 Curriculum,,Leeds South,67
7410,729440,Make Play and Continuous Provision statutory in England's Key Stage 1 Curriculum,,Leeds South West and Morley,218
7411,729440,Make Play and Continuous Provision statutory in England's Key Stage 1 Curriculum,,Leeds West and Pudsey,248
7412,729440,Make Play and Continuous Provision statutory in England's Key Stage 1 Curriculum,,Leicester East,44
7413,729440,Make Play and Continuous Provision statutory in England's Key Stage 1 Curriculum,,Leicester South,88
7414,729440,Make Play and Continuous Provision statutory in England's Key Stage 1 Curriculum,,Leicester West,94
7415,729440,Make Play and Continuous Provision statutory in England's Key Stage 1 Curriculum,,Leigh and Atherton,177
7416,729440,Make Play and Continuous Provision statutory in England's Key Stage 1 Curriculum,,Lewes,264
7417,729440,Make Play and Continuous Provision statutory in England's Key Stage 1 Curriculum,,Lewisham East,152
7418,729440,Make Play and Continuous Provision statutory in England's Key Stage 1 Curriculum,,Lewisham North,133
7419,729440,Make Play and Continuous Provision statutory in England's Key Stage 1 Curriculum,,Lewisham West and East Dulwich,209
7420,729440,Make Play and Continuous Provision statutory in England's Key Stage 1 Curriculum,,Leyton and Wanstead,220
7421,729440,Make Play and Continuous Provision statutory in England's Key Stage 1 Curriculum,,Lichfield,370
7422,729440,Make Play and Continuous Provision statutory in England's Key Stage 1 Curriculum,,Lincoln,214
7423,729440,Make Play and Continuous Provision statutory in England's Key Stage 1 Curriculum,,Liverpool Garston,237
7424,729440,Make Play and Continuous Provision statutory in England's Key Stage 1 Curriculum,,Liverpool Riverside,117
7425,729440,Make Play and Continuous Provision statutory in England's Key Stage 1 Curriculum,,Liverpool Walton,121
7426,729440,Make Play and Continuous Provision statutory in England's Key Stage 1 Curriculum,,Liverpool Wavertree,219
7427,729440,Make Play and Continuous Provision statutory in England's Key Stage 1 Curriculum,,Liverpool West Derby,170
7428,729440,Make Play and Continuous Provision statutory in England's Key Stage 1 Curriculum,,Loughborough,255
7429,729440,Make Play and Continuous Provision statutory in England's Key Stage 1 Curriculum,,Louth and Horncastle,147
7430,729440,Make Play and Continuous Provision statutory in England's Key Stage 1 Curriculum,,Lowestoft,142
7431,729440,Make Play and Continuous Provision statutory in England's Key Stage 1 Curriculum,,Luton North,96
7432,729440,Make Play and Continuous Provision statutory in England's Key Stage 1 Curriculum,,Luton South and South Bedfordshire,88
7433,729440,Make Play and Continuous Provision statutory in England's Key Stage 1 Curriculum,,Macclesfield,242
7434,729440,Make Play and Continuous Provision statutory in England's Key Stage 1 Curriculum,,Maidenhead,233
7435,729440,Make Play and Continuous Provision statutory in England's Key Stage 1 Curriculum,,Maidstone and Malling,221
7436,729440,Make Play and Continuous Provision statutory in England's Key Stage 1 Curriculum,,Makerfield,159
7437,729440,Make Play and Continuous Provision statutory in England's Key Stage 1 Curriculum,,Maldon,215
7438,729440,Make Play and Continuous Provision statutory in England's Key Stage 1 Curriculum,,Manchester Central,79
7439,729440,Make Play and Continuous Provision statutory in England's Key Stage 1 Curriculum,,Manchester Rusholme,36
7440,729440,Make Play and Continuous Provision statutory in England's Key Stage 1 Curriculum,,Manchester Withington,177
7441,729440,Make Play and Continuous Provision statutory in England's Key Stage 1 Curriculum,,Mansfield,168
7442,729440,Make Play and Continuous Provision statutory in England's Key Stage 1 Curriculum,,Melksham and Devizes,210
7443,729440,Make Play and Continuous Provision statutory in England's Key Stage 1 Curriculum,,Melton and Syston,197
7444,729440,Make Play and Continuous Provision statutory in England's Key Stage 1 Curriculum,,Meriden and Solihull East,199
7445,729440,Make Play and Continuous Provision statutory in England's Key Stage 1 Curriculum,,Mid Bedfordshire,295
7446,729440,Make Play and Continuous Provision statutory in England's Key Stage 1 Curriculum,,Mid Buckinghamshire,276
7447,729440,Make Play and Continuous Provision statutory in England's Key Stage 1 Curriculum,,Mid Cheshire,175
7448,729440,Make Play and Continuous Provision statutory in England's Key Stage 1 Curriculum,,Mid Derbyshire,283
7449,729440,Make Play and Continuous Provision statutory in England's Key Stage 1 Curriculum,,Mid Dorset and North Poole,256
7450,729440,Make Play and Continuous Provision statutory in England's Key Stage 1 Curriculum,,Mid Leicestershire,250
7451,729440,Make Play and Continuous Provision statutory in England's Key Stage 1 Curriculum,,Mid Norfolk,172
7452,729440,Make Play and Continuous Provision statutory in England's Key Stage 1 Curriculum,,Mid Sussex,289
7453,729440,Make Play and Continuous Provision statutory in England's Key Stage 1 Curriculum,,Middlesbrough and Thornaby East,82
7454,729440,Make Play and Continuous Provision statutory in England's Key Stage 1 Curriculum,,Middlesbrough South and East Cleveland,129
7455,729440,Make Play and Continuous Provision statutory in England's Key Stage 1 Curriculum,,Milton Keynes Central,139
7456,729440,Make Play and Continuous Provision statutory in England's Key Stage 1 Curriculum,,Milton Keynes North,208
7457,729440,Make Play and Continuous Provision statutory in England's Key Stage 1 Curriculum,,Mitcham and Morden,169
7458,729440,Make Play and Continuous Provision statutory in England's Key Stage 1 Curriculum,,Morecambe and Lunesdale,156
7459,729440,Make Play and Continuous Provision statutory in England's Key Stage 1 Curriculum,,New Forest East,232
7460,729440,Make Play and Continuous Provision statutory in England's Key Stage 1 Curriculum,,New Forest West,144
7461,729440,Make Play and Continuous Provision statutory in England's Key Stage 1 Curriculum,,Newark,241
7462,729440,Make Play and Continuous Provision statutory in England's Key Stage 1 Curriculum,,Newbury,247
7463,729440,Make Play and Continuous Provision statutory in England's Key Stage 1 Curriculum,,Newcastle upon Tyne Central and West,72
7464,729440,Make Play and Continuous Provision statutory in England's Key Stage 1 Curriculum,,Newcastle upon Tyne East and Wallsend,140
7465,729440,Make Play and Continuous Provision statutory in England's Key Stage 1 Curriculum,,Newcastle upon Tyne North,168
7466,729440,Make Play and Continuous Provision statutory in England's Key Stage 1 Curriculum,,Newcastle-under-Lyme,155
7467,729440,Make Play and Continuous Provision statutory in England's Key Stage 1 Curriculum,,Newton Abbot,254
7468,729440,Make Play and Continuous Provision statutory in England's Key Stage 1 Curriculum,,Newton Aycliffe and Spennymoor,141
7469,729440,Make Play and Continuous Provision statutory in England's Key Stage 1 Curriculum,,Normanton and Hemsworth,170
7470,729440,Make Play and Continuous Provision statutory in England's Key Stage 1 Curriculum,,North Bedfordshire,303
7471,729440,Make Play and Continuous Provision statutory in England's Key Stage 1 Curriculum,,North Cornwall,196
7472,729440,Make Play and Continuous Provision statutory in England's Key Stage 1 Curriculum,,North Cotswolds,288
7473,729440,Make Play and Continuous Provision statutory in England's Key Stage 1 Curriculum,,North Devon,148
7474,729440,Make Play and Continuous Provision statutory in England's Key Stage 1 Curriculum,,North Dorset,222
7475,729440,Make Play and Continuous Provision statutory in England's Key Stage 1 Curriculum,,North Durham,102
7476,729440,Make Play and Continuous Provision statutory in England's Key Stage 1 Curriculum,,North East Cambridgeshire,165
7477,729440,Make Play and Continuous Provision statutory in England's Key Stage 1 Curriculum,,North East Derbyshire,208
7478,729440,Make Play and Continuous Provision statutory in England's Key Stage 1 Curriculum,,North East Hampshire,347
7479,729440,Make Play and Continuous Provision statutory in England's Key Stage 1 Curriculum,,North East Hertfordshire,318
7480,729440,Make Play and Continuous Provision statutory in England's Key Stage 1 Curriculum,,North East Somerset and Hanham,294
7481,729440,Make Play and Continuous Provision statutory in England's Key Stage 1 Curriculum,,North Herefordshire,199
7482,729440,Make Play and Continuous Provision statutory in England's Key Stage 1 Curriculum,,North Norfolk,117
7483,729440,Make Play and Continuous Provision statutory in England's Key Stage 1 Curriculum,,North Northumberland,140
7484,729440,Make Play and Continuous Provision statutory in England's Key Stage 1 Curriculum,,North Shropshire,160
7485,729440,Make Play and Continuous Provision statutory in England's Key Stage 1 Curriculum,,North Somerset,323
7486,729440,Make Play and Continuous Provision statutory in England's Key Stage 1 Curriculum,,North Warwickshire and Bedworth,174
7487,729440,Make Play and Continuous Provision statutory in England's Key Stage 1 Curriculum,,North West Cambridgeshire,218
7488,729440,Make Play and Continuous Provision statutory in England's Key Stage 1 Curriculum,,North West Essex,309
7489,729440,Make Play and Continuous Provision statutory in England's Key Stage 1 Curriculum,,North West Hampshire,269
7490,729440,Make Play and Continuous Provision statutory in England's Key Stage 1 Curriculum,,North West Leicestershire,264
7491,729440,Make Play and Continuous Provision statutory in England's Key Stage 1 Curriculum,,North West Norfolk,130
7492,729440,Make Play and Continuous Provision statutory in England's Key Stage 1 Curriculum,,Northampton North,202
7493,729440,Make Play and Continuous Provision statutory in England's Key Stage 1 Curriculum,,Northampton South,207
7494,729440,Make Play and Continuous Provision statutory in England's Key Stage 1 Curriculum,,Norwich North,172
7495,729440,Make Play and Continuous Provision statutory in England's Key Stage 1 Curriculum,,Norwich South,139
7496,729440,Make Play and Continuous Provision statutory in England's Key Stage 1 Curriculum,,Nottingham East,143
7497,729440,Make Play and Continuous Provision statutory in England's Key Stage 1 Curriculum,,Nottingham North and Kimberley,128
7498,729440,Make Play and Continuous Provision statutory in England's Key Stage 1 Curriculum,,Nottingham South,112
7499,729440,Make Play and Continuous Provision statutory in England's Key Stage 1 Curriculum,,Nuneaton,140
7500,729440,Make Play and Continuous Provision statutory in England's Key Stage 1 Curriculum,,Old Bexley and Sidcup,244
7501,729440,Make Play and Continuous Provision statutory in England's Key Stage 1 Curriculum,,Oldham East and Saddleworth,162
7502,729440,Make Play and Continuous Provision statutory in England's Key Stage 1 Curriculum,,"Oldham West, Chadderton and Royton",122
7503,729440,Make Play and Continuous Provision statutory in England's Key Stage 1 Curriculum,,Orpington,179
7504,729440,Make Play and Continuous Provision statutory in England's Key Stage 1 Curriculum,,Ossett and Denby Dale,215
7505,729440,Make Play and Continuous Provision statutory in England's Key Stage 1 Curriculum,,Oxford East,164
7506,729440,Make Play and Continuous Provision statutory in England's Key Stage 1 Curriculum,,Oxford West and Abingdon,194
7507,729440,Make Play and Continuous Provision statutory in England's Key Stage 1 Curriculum,,Peckham,60
7508,729440,Make Play and Continuous Provision statutory in England's Key Stage 1 Curriculum,,Pendle and Clitheroe,192
7509,729440,Make Play and Continuous Provision statutory in England's Key Stage 1 Curriculum,,Penistone and Stocksbridge,227
7510,729440,Make Play and Continuous Provision statutory in England's Key Stage 1 Curriculum,,Penrith and Solway,196
7511,729440,Make Play and Continuous Provision statutory in England's Key Stage 1 Curriculum,,Peterborough,118
7512,729440,Make Play and Continuous Provision statutory in England's Key Stage 1 Curriculum,,Plymouth Moor View,156
7513,729440,Make Play and Continuous Provision statutory in England's Key Stage 1 Curriculum,,Plymouth Sutton and Devonport,184
7514,729440,Make Play and Continuous Provision statutory in England's Key Stage 1 Curriculum,,"Pontefract, Castleford and Knottingley",155
7515,729440,Make Play and Continuous Provision statutory in England's Key Stage 1 Curriculum,,Poole,193
7516,729440,Make Play and Continuous Provision statutory in England's Key Stage 1 Curriculum,,Poplar and Limehouse,83
7517,729440,Make Play and Continuous Provision statutory in England's Key Stage 1 Curriculum,,Portsmouth North,146
7518,729440,Make Play and Continuous Provision statutory in England's Key Stage 1 Curriculum,,Portsmouth South,153
7519,729440,Make Play and Continuous Provision statutory in England's Key Stage 1 Curriculum,,Preston,112
7520,729440,Make Play and Continuous Provision statutory in England's Key Stage 1 Curriculum,,Putney,158
7521,729440,Make Play and Continuous Provision statutory in England's Key Stage 1 Curriculum,,Queen's Park and Maida Vale,65
7522,729440,Make Play and Continuous Provision statutory in England's Key Stage 1 Curriculum,,Rawmarsh and Conisbrough,143
7523,729440,Make Play and Continuous Provision statutory in England's Key Stage 1 Curriculum,,Rayleigh and Wickford,208
7524,729440,Make Play and Continuous Provision statutory in England's Key Stage 1 Curriculum,,Reading Central,154
7525,729440,Make Play and Continuous Provision statutory in England's Key Stage 1 Curriculum,,Reading West and Mid Berkshire,219
7526,729440,Make Play and Continuous Provision statutory in England's Key Stage 1 Curriculum,,Redcar,102
7527,729440,Make Play and Continuous Provision statutory in England's Key Stage 1 Curriculum,,Redditch,241
7528,729440,Make Play and Continuous Provision statutory in England's Key Stage 1 Curriculum,,Reigate,271
7529,729440,Make Play and Continuous Provision statutory in England's Key Stage 1 Curriculum,,Ribble Valley,248
7530,729440,Make Play and Continuous Provision statutory in England's Key Stage 1 Curriculum,,Richmond and Northallerton,145
7531,729440,Make Play and Continuous Provision statutory in England's Key Stage 1 Curriculum,,Richmond Park,209
7532,729440,Make Play and Continuous Provision statutory in England's Key Stage 1 Curriculum,,Rochdale,141
7533,729440,Make Play and Continuous Provision statutory in England's Key Stage 1 Curriculum,,Rochester and Strood,184
7534,729440,Make Play and Continuous Provision statutory in England's Key Stage 1 Curriculum,,Romford,130
7535,729440,Make Play and Continuous Provision statutory in England's Key Stage 1 Curriculum,,Romsey and Southampton North,212
7536,729440,Make Play and Continuous Provision statutory in England's Key Stage 1 Curriculum,,Rossendale and Darwen,208
7537,729440,Make Play and Continuous Provision statutory in England's Key Stage 1 Curriculum,,Rother Valley,159
7538,729440,Make Play and Continuous Provision statutory in England's Key Stage 1 Curriculum,,Rotherham,130
7539,729440,Make Play and Continuous Provision statutory in England's Key Stage 1 Curriculum,,Rugby,224
7540,729440,Make Play and Continuous Provision statutory in England's Key Stage 1 Curriculum,,"Ruislip, Northwood and Pinner",121
7541,729440,Make Play and Continuous Provision statutory in England's Key Stage 1 Curriculum,,Runcorn and Helsby,149
7542,729440,Make Play and Continuous Provision statutory in England's Key Stage 1 Curriculum,,Runnymede and Weybridge,252
7543,729440,Make Play and Continuous Provision statutory in England's Key Stage 1 Curriculum,,Rushcliffe,293
7544,729440,Make Play and Continuous Provision statutory in England's Key Stage 1 Curriculum,,Rutland and Stamford,192
7545,729440,Make Play and Continuous Provision statutory in England's Key Stage 1 Curriculum,,Salford,116
7546,729440,Make Play and Continuous Provision statutory in England's Key Stage 1 Curriculum,,Salisbury,194
7547,729440,Make Play and Continuous Provision statutory in England's Key Stage 1 Curriculum,,Scarborough and Whitby,167
7548,729440,Make Play and Continuous Provision statutory in England's Key Stage 1 Curriculum,,Scunthorpe,121
7549,729440,Make Play and Continuous Provision statutory in England's Key Stage 1 Curriculum,,Sefton Central,249
7550,729440,Make Play and Continuous Provision statutory in England's Key Stage 1 Curriculum,,Selby,278
7551,729440,Make Play and Continuous Provision statutory in England's Key Stage 1 Curriculum,,Sevenoaks,204
7552,729440,Make Play and Continuous Provision statutory in England's Key Stage 1 Curriculum,,Sheffield Brightside and Hillsborough,150
7553,729440,Make Play and Continuous Provision statutory in England's Key Stage 1 Curriculum,,Sheffield Central,173
7554,729440,Make Play and Continuous Provision statutory in England's Key Stage 1 Curriculum,,Sheffield Hallam,342
7555,729440,Make Play and Continuous Provision statutory in England's Key Stage 1 Curriculum,,Sheffield Heeley,264
7556,729440,Make Play and Continuous Provision statutory in England's Key Stage 1 Curriculum,,Sheffield South East,146
7557,729440,Make Play and Continuous Provision statutory in England's Key Stage 1 Curriculum,,Sherwood Forest,245
7558,729440,Make Play and Continuous Provision statutory in England's Key Stage 1 Curriculum,,Shipley,303
7559,729440,Make Play and Continuous Provision statutory in England's Key Stage 1 Curriculum,,Shrewsbury,243
7560,729440,Make Play and Continuous Provision statutory in England's Key Stage 1 Curriculum,,Sittingbourne and Sheppey,127
7561,729440,Make Play and Continuous Provision statutory in England's Key Stage 1 Curriculum,,Skipton and Ripon,207
7562,729440,Make Play and Continuous Provision statutory in England's Key Stage 1 Curriculum,,Sleaford and North Hykeham,222
7563,729440,Make Play and Continuous Provision statutory in England's Key Stage 1 Curriculum,,Slough,82
7564,729440,Make Play and Continuous Provision statutory in England's Key Stage 1 Curriculum,,Smethwick,156
7565,729440,Make Play and Continuous Provision statutory in England's Key Stage 1 Curriculum,,Solihull West and Shirley,217
7566,729440,Make Play and Continuous Provision statutory in England's Key Stage 1 Curriculum,,South Basildon and East Thurrock,146
7567,729440,Make Play and Continuous Provision statutory in England's Key Stage 1 Curriculum,,South Cambridgeshire,304
7568,729440,Make Play and Continuous Provision statutory in England's Key Stage 1 Curriculum,,South Cotswolds,218
7569,729440,Make Play and Continuous Provision statutory in England's Key Stage 1 Curriculum,,South Derbyshire,232
7570,729440,Make Play and Continuous Provision statutory in England's Key Stage 1 Curriculum,,South Devon,234
7571,729440,Make Play and Continuous Provision statutory in England's Key Stage 1 Curriculum,,South Dorset,202
7572,729440,Make Play and Continuous Provision statutory in England's Key Stage 1 Curriculum,,South East Cornwall,147
7573,729440,Make Play and Continuous Provision statutory in England's Key Stage 1 Curriculum,,South Holland and The Deepings,137
7574,729440,Make Play and Continuous Provision statutory in England's Key Stage 1 Curriculum,,South Leicestershire,302
7575,729440,Make Play and Continuous Provision statutory in England's Key Stage 1 Curriculum,,South Norfolk,254
7576,729440,Make Play and Continuous Provision statutory in England's Key Stage 1 Curriculum,,South Northamptonshire,351
7577,729440,Make Play and Continuous Provision statutory in England's Key Stage 1 Curriculum,,South Ribble,239
7578,729440,Make Play and Continuous Provision statutory in England's Key Stage 1 Curriculum,,South Shields,127
7579,729440,Make Play and Continuous Provision statutory in England's Key Stage 1 Curriculum,,South Shropshire,247
7580,729440,Make Play and Continuous Provision statutory in England's Key Stage 1 Curriculum,,South Suffolk,239
7581,729440,Make Play and Continuous Provision statutory in England's Key Stage 1 Curriculum,,South West Devon,388
7582,729440,Make Play and Continuous Provision statutory in England's Key Stage 1 Curriculum,,South West Hertfordshire,182
7583,729440,Make Play and Continuous Provision statutory in England's Key Stage 1 Curriculum,,South West Norfolk,165
7584,729440,Make Play and Continuous Provision statutory in England's Key Stage 1 Curriculum,,South West Wiltshire,232
7585,729440,Make Play and Continuous Provision statutory in England's Key Stage 1 Curriculum,,Southampton Itchen,146
7586,729440,Make Play and Continuous Provision statutory in England's Key Stage 1 Curriculum,,Southampton Test,117
7587,729440,Make Play and Continuous Provision statutory in England's Key Stage 1 Curriculum,,Southend East and Rochford,144
7588,729440,Make Play and Continuous Provision statutory in England's Key Stage 1 Curriculum,,Southend West and Leigh,223
7589,729440,Make Play and Continuous Provision statutory in England's Key Stage 1 Curriculum,,Southgate and Wood Green,181
7590,729440,Make Play and Continuous Provision statutory in England's Key Stage 1 Curriculum,,Southport,195
7591,729440,Make Play and Continuous Provision statutory in England's Key Stage 1 Curriculum,,Spelthorne,200
7592,729440,Make Play and Continuous Provision statutory in England's Key Stage 1 Curriculum,,Spen Valley,250
7593,729440,Make Play and Continuous Provision statutory in England's Key Stage 1 Curriculum,,St Albans,216
7594,729440,Make Play and Continuous Provision statutory in England's Key Stage 1 Curriculum,,St Austell and Newquay,182
7595,729440,Make Play and Continuous Provision statutory in England's Key Stage 1 Curriculum,,St Helens North,189
7596,729440,Make Play and Continuous Provision statutory in England's Key Stage 1 Curriculum,,St Helens South and Whiston,155
7597,729440,Make Play and Continuous Provision statutory in England's Key Stage 1 Curriculum,,St Ives,223
7598,729440,Make Play and Continuous Provision statutory in England's Key Stage 1 Curriculum,,St Neots and Mid Cambridgeshire,287
7599,729440,Make Play and Continuous Provision statutory in England's Key Stage 1 Curriculum,,Stafford,207
7600,729440,Make Play and Continuous Provision statutory in England's Key Stage 1 Curriculum,,Staffordshire Moorlands,153
7601,729440,Make Play and Continuous Provision statutory in England's Key Stage 1 Curriculum,,Stalybridge and Hyde,144
7602,729440,Make Play and Continuous Provision statutory in England's Key Stage 1 Curriculum,,Stevenage,184
7603,729440,Make Play and Continuous Provision statutory in England's Key Stage 1 Curriculum,,Stockport,277
7604,729440,Make Play and Continuous Provision statutory in England's Key Stage 1 Curriculum,,Stockton North,151
7605,729440,Make Play and Continuous Provision statutory in England's Key Stage 1 Curriculum,,Stockton West,210
7606,729440,Make Play and Continuous Provision statutory in England's Key Stage 1 Curriculum,,Stoke-on-Trent Central,91
7607,729440,Make Play and Continuous Provision statutory in England's Key Stage 1 Curriculum,,Stoke-on-Trent North,104
7608,729440,Make Play and Continuous Provision statutory in England's Key Stage 1 Curriculum,,Stoke-on-Trent South,104
7609,729440,Make Play and Continuous Provision statutory in England's Key Stage 1 Curriculum,,"Stone, Great Wyrley and Penkridge",295
7610,729440,Make Play and Continuous Provision statutory in England's Key Stage 1 Curriculum,,Stourbridge,214
7611,729440,Make Play and Continuous Provision statutory in England's Key Stage 1 Curriculum,,Stratford and Bow,118
7612,729440,Make Play and Continuous Provision statutory in England's Key Stage 1 Curriculum,,Stratford-on-Avon,248
7613,729440,Make Play and Continuous Provision statutory in England's Key Stage 1 Curriculum,,Streatham and Croydon North,192
7614,729440,Make Play and Continuous Provision statutory in England's Key Stage 1 Curriculum,,Stretford and Urmston,245
7615,729440,Make Play and Continuous Provision statutory in England's Key Stage 1 Curriculum,,Stroud,328
7616,729440,Make Play and Continuous Provision statutory in England's Key Stage 1 Curriculum,,Suffolk Coastal,176
7617,729440,Make Play and Continuous Provision statutory in England's Key Stage 1 Curriculum,,Sunderland Central,113
7618,729440,Make Play and Continuous Provision statutory in England's Key Stage 1 Curriculum,,Surrey Heath,220
7619,729440,Make Play and Continuous Provision statutory in England's Key Stage 1 Curriculum,,Sussex Weald,266
7620,729440,Make Play and Continuous Provision statutory in England's Key Stage 1 Curriculum,,Sutton and Cheam,181
7621,729440,Make Play and Continuous Provision statutory in England's Key Stage 1 Curriculum,,Sutton Coldfield,208
7622,729440,Make Play and Continuous Provision statutory in England's Key Stage 1 Curriculum,,Swindon North,274
7623,729440,Make Play and Continuous Provision statutory in England's Key Stage 1 Curriculum,,Swindon South,187
7624,729440,Make Play and Continuous Provision statutory in England's Key Stage 1 Curriculum,,Tamworth,221
7625,729440,Make Play and Continuous Provision statutory in England's Key Stage 1 Curriculum,,Tatton,257
7626,729440,Make Play and Continuous Provision statutory in England's Key Stage 1 Curriculum,,Taunton and Wellington,186
7627,729440,Make Play and Continuous Provision statutory in England's Key Stage 1 Curriculum,,Telford,205
7628,729440,Make Play and Continuous Provision statutory in England's Key Stage 1 Curriculum,,Tewkesbury,238
7629,729440,Make Play and Continuous Provision statutory in England's Key Stage 1 Curriculum,,The Wrekin,258
7630,729440,Make Play and Continuous Provision statutory in England's Key Stage 1 Curriculum,,Thirsk and Malton,172
7631,729440,Make Play and Continuous Provision statutory in England's Key Stage 1 Curriculum,,Thornbury and Yate,281
7632,729440,Make Play and Continuous Provision statutory in England's Key Stage 1 Curriculum,,Thurrock,107
7633,729440,Make Play and Continuous Provision statutory in England's Key Stage 1 Curriculum,,Tipton and Wednesbury,65
7634,729440,Make Play and Continuous Provision statutory in England's Key Stage 1 Curriculum,,Tiverton and Minehead,128
7635,729440,Make Play and Continuous Provision statutory in England's Key Stage 1 Curriculum,,Tonbridge,235
7636,729440,Make Play and Continuous Provision statutory in England's Key Stage 1 Curriculum,,Tooting,155
7637,729440,Make Play and Continuous Provision statutory in England's Key Stage 1 Curriculum,,Torbay,179
7638,729440,Make Play and Continuous Provision statutory in England's Key Stage 1 Curriculum,,Torridge and Tavistock,177
7639,729440,Make Play and Continuous Provision statutory in England's Key Stage 1 Curriculum,,Tottenham,149
7640,729440,Make Play and Continuous Provision statutory in England's Key Stage 1 Curriculum,,Truro and Falmouth,285
7641,729440,Make Play and Continuous Provision statutory in England's Key Stage 1 Curriculum,,Tunbridge Wells,447
7642,729440,Make Play and Continuous Provision statutory in England's Key Stage 1 Curriculum,,Twickenham,342
7643,729440,Make Play and Continuous Provision statutory in England's Key Stage 1 Curriculum,,Tynemouth,248
7644,729440,Make Play and Continuous Provision statutory in England's Key Stage 1 Curriculum,,Uxbridge and South Ruislip,138
7645,729440,Make Play and Continuous Provision statutory in England's Key Stage 1 Curriculum,,Vauxhall and Camberwell Green,52
7646,729440,Make Play and Continuous Provision statutory in England's Key Stage 1 Curriculum,,Wakefield and Rothwell,207
7647,729440,Make Play and Continuous Provision statutory in England's Key Stage 1 Curriculum,,Wallasey,141
7648,729440,Make Play and Continuous Provision statutory in England's Key Stage 1 Curriculum,,Walsall and Bloxwich,81
7649,729440,Make Play and Continuous Provision statutory in England's Key Stage 1 Curriculum,,Walthamstow,322
7650,729440,Make Play and Continuous Provision statutory in England's Key Stage 1 Curriculum,,Warrington North,137
7651,729440,Make Play and Continuous Provision statutory in England's Key Stage 1 Curriculum,,Warrington South,227
7652,729440,Make Play and Continuous Provision statutory in England's Key Stage 1 Curriculum,,Warwick and Leamington,288
7653,729440,Make Play and Continuous Provision statutory in England's Key Stage 1 Curriculum,,Washington and Gateshead South,93
7654,729440,Make Play and Continuous Provision statutory in England's Key Stage 1 Curriculum,,Watford,131
7655,729440,Make Play and Continuous Provision statutory in England's Key Stage 1 Curriculum,,Waveney Valley,194
7656,729440,Make Play and Continuous Provision statutory in England's Key Stage 1 Curriculum,,Weald of Kent,235
7657,729440,Make Play and Continuous Provision statutory in England's Key Stage 1 Curriculum,,Wellingborough and Rushden,195
7658,729440,Make Play and Continuous Provision statutory in England's Key Stage 1 Curriculum,,Wells and Mendip Hills,266
7659,729440,Make Play and Continuous Provision statutory in England's Key Stage 1 Curriculum,,Welwyn Hatfield,268
7660,729440,Make Play and Continuous Provision statutory in England's Key Stage 1 Curriculum,,West Bromwich,88
7661,729440,Make Play and Continuous Provision statutory in England's Key Stage 1 Curriculum,,West Dorset,200
7662,729440,Make Play and Continuous Provision statutory in England's Key Stage 1 Curriculum,,West Ham and Beckton,63
7663,729440,Make Play and Continuous Provision statutory in England's Key Stage 1 Curriculum,,West Lancashire,226
7664,729440,Make Play and Continuous Provision statutory in England's Key Stage 1 Curriculum,,West Suffolk,289
7665,729440,Make Play and Continuous Provision statutory in England's Key Stage 1 Curriculum,,West Worcestershire,276
7666,729440,Make Play and Continuous Provision statutory in England's Key Stage 1 Curriculum,,Westmorland and Lonsdale,211
7667,729440,Make Play and Continuous Provision statutory in England's Key Stage 1 Curriculum,,Weston-super-Mare,214
7668,729440,Make Play and Continuous Provision statutory in England's Key Stage 1 Curriculum,,Wetherby and Easingwold,260
7669,729440,Make Play and Continuous Provision statutory in England's Key Stage 1 Curriculum,,Whitehaven and Workington,138
7670,729440,Make Play and Continuous Provision statutory in England's Key Stage 1 Curriculum,,Widnes and Halewood,196
7671,729440,Make Play and Continuous Provision statutory in England's Key Stage 1 Curriculum,,Wigan,172
7672,729440,Make Play and Continuous Provision statutory in England's Key Stage 1 Curriculum,,Wimbledon,208
7673,729440,Make Play and Continuous Provision statutory in England's Key Stage 1 Curriculum,,Winchester,275
7674,729440,Make Play and Continuous Provision statutory in England's Key Stage 1 Curriculum,,Windsor,138
7675,729440,Make Play and Continuous Provision statutory in England's Key Stage 1 Curriculum,,Wirral West,194
7676,729440,Make Play and Continuous Provision statutory in England's Key Stage 1 Curriculum,,Witham,250
7677,729440,Make Play and Continuous Provision statutory in England's Key Stage 1 Curriculum,,Witney,309
7678,729440,Make Play and Continuous Provision statutory in England's Key Stage 1 Curriculum,,Woking,201
7679,729440,Make Play and Continuous Provision statutory in England's Key Stage 1 Curriculum,,Wokingham,256
7680,729440,Make Play and Continuous Provision statutory in England's Key Stage 1 Curriculum,,Wolverhampton North East,223
7681,729440,Make Play and Continuous Provision statutory in England's Key Stage 1 Curriculum,,Wolverhampton South East,123
7682,729440,Make Play and Continuous Provision statutory in England's Key Stage 1 Curriculum,,Wolverhampton West,250
7683,729440,Make Play and Continuous Provision statutory in England's Key Stage 1 Curriculum,,Worcester,272
7684,729440,Make Play and Continuous Provision statutory in England's Key Stage 1 Curriculum,,Worsley and Eccles,248
7685,729440,Make Play and Continuous Provision statutory in England's Key Stage 1 Curriculum,,Worthing West,235
7686,729440,Make Play and Continuous Provision statutory in England's Key Stage 1 Curriculum,,Wycombe,209
7687,729440,Make Play and Continuous Provision statutory in England's Key Stage 1 Curriculum,,Wyre Forest,195
7688,729440,Make Play and Continuous Provision statutory in England's Key Stage 1 Curriculum,,Wythenshawe and Sale East,212
7689,729440,Make Play and Continuous Provision statutory in England's Key Stage 1 Curriculum,,Yeovil,209
7690,729440,Make Play and Continuous Provision statutory in England's Key Stage 1 Curriculum,,York Central,215
7691,729440,Make Play and Continuous Provision statutory in England's Key Stage 1 Curriculum,,York Outer,233
7692,729440,Make Play and Continuous Provision statutory in England's Key Stage 1 Curriculum,,Belfast East,18
7693,729440,Make Play and Continuous Provision statutory in England's Key Stage 1 Curriculum,,Belfast North,6
7694,729440,Make Play and Continuous Provision statutory in England's Key Stage 1 Curriculum,,Belfast South and Mid Down,17
7695,729440,Make Play and Continuous Provision statutory in England's Key Stage 1 Curriculum,,Belfast West,6
7696,729440,Make Play and Continuous Provision statutory in England's Key Stage 1 Curriculum,,East Antrim,16
7697,729440,Make Play and Continuous Provision statutory in England's Key Stage 1 Curriculum,,East Londonderry,13
7698,729440,Make Play and Continuous Provision statutory in England's Key Stage 1 Curriculum,,Fermanagh and South Tyrone,9
7699,729440,Make Play and Continuous Provision statutory in England's Key Stage 1 Curriculum,,Foyle,21
7700,729440,Make Play and Continuous Provision statutory in England's Key Stage 1 Curriculum,,Lagan Valley,18
7701,729440,Make Play and Continuous Provision statutory in England's Key Stage 1 Curriculum,,Mid Ulster,8
7702,729440,Make Play and Continuous Provision statutory in England's Key Stage 1 Curriculum,,Newry and Armagh,16
7703,729440,Make Play and Continuous Provision statutory in England's Key Stage 1 Curriculum,,North Antrim,14
7704,729440,Make Play and Continuous Provision statutory in England's Key Stage 1 Curriculum,,North Down,17
7705,729440,Make Play and Continuous Provision statutory in England's Key Stage 1 Curriculum,,South Antrim,14
7706,729440,Make Play and Continuous Provision statutory in England's Key Stage 1 Curriculum,,South Down,24
7707,729440,Make Play and Continuous Provision statutory in England's Key Stage 1 Curriculum,,Strangford,11
7708,729440,Make Play and Continuous Provision statutory in England's Key Stage 1 Curriculum,,Upper Bann,11
7709,729440,Make Play and Continuous Provision statutory in England's Key Stage 1 Curriculum,,West Tyrone,14
7710,729440,Make Play and Continuous Provision statutory in England's Key Stage 1 Curriculum,,East Renfrewshire,12
7711,729440,Make Play and Continuous Provision statutory in England's Key Stage 1 Curriculum,,Na h-Eileanan an Iar,2
7712,729440,Make Play and Continuous Provision statutory in England's Key Stage 1 Curriculum,,Midlothian,13
7713,729440,Make Play and Continuous Provision statutory in England's Key Stage 1 Curriculum,,North Ayrshire and Arran,5
7714,729440,Make Play and Continuous Provision statutory in England's Key Stage 1 Curriculum,,Orkney and Shetland,1
7715,729440,Make Play and Continuous Provision statutory in England's Key Stage 1 Curriculum,,Aberdeen North,5
7716,729440,Make Play and Continuous Provision statutory in England's Key Stage 1 Curriculum,,Aberdeen South,10
7717,729440,Make Play and Continuous Provision statutory in England's Key Stage 1 Curriculum,,Aberdeenshire North and Moray East,6
7718,729440,Make Play and Continuous Provision statutory in England's Key Stage 1 Curriculum,,Airdrie and Shotts,5
7719,729440,Make Play and Continuous Provision statutory in England's Key Stage 1 Curriculum,,Alloa and Grangemouth,3
7720,729440,Make Play and Continuous Provision statutory in England's Key Stage 1 Curriculum,,Angus and Perthshire Glens,11
7721,729440,Make Play and Continuous Provision statutory in England's Key Stage 1 Curriculum,,Arbroath and Broughty Ferry,11
7722,729440,Make Play and Continuous Provision statutory in England's Key Stage 1 Curriculum,,"Argyll, Bute and South Lochaber",14
7723,729440,Make Play and Continuous Provision statutory in England's Key Stage 1 Curriculum,,Bathgate and Linlithgow,7
7724,729440,Make Play and Continuous Provision statutory in England's Key Stage 1 Curriculum,,"Caithness, Sutherland and Easter Ross",9
7725,729440,Make Play and Continuous Provision statutory in England's Key Stage 1 Curriculum,,Coatbridge and Bellshill,4
7726,729440,Make Play and Continuous Provision statutory in England's Key Stage 1 Curriculum,,Cowdenbeath and Kirkcaldy,8
7727,729440,Make Play and Continuous Provision statutory in England's Key Stage 1 Curriculum,,Cumbernauld and Kirkintilloch,1
7728,729440,Make Play and Continuous Provision statutory in England's Key Stage 1 Curriculum,,Dumfries and Galloway,13
7729,729440,Make Play and Continuous Provision statutory in England's Key Stage 1 Curriculum,,"Dumfriesshire, Clydesdale and Tweeddale",12
7730,729440,Make Play and Continuous Provision statutory in England's Key Stage 1 Curriculum,,Dundee Central,4
7731,729440,Make Play and Continuous Provision statutory in England's Key Stage 1 Curriculum,,Dunfermline and Dollar,4
7732,729440,Make Play and Continuous Provision statutory in England's Key Stage 1 Curriculum,,East Kilbride and Strathaven,9
7733,729440,Make Play and Continuous Provision statutory in England's Key Stage 1 Curriculum,,Edinburgh East and Musselburgh,10
7734,729440,Make Play and Continuous Provision statutory in England's Key Stage 1 Curriculum,,Edinburgh North and Leith,16
7735,729440,Make Play and Continuous Provision statutory in England's Key Stage 1 Curriculum,,Edinburgh South,17
7736,729440,Make Play and Continuous Provision statutory in England's Key Stage 1 Curriculum,,Edinburgh South West,15
7737,729440,Make Play and Continuous Provision statutory in England's Key Stage 1 Curriculum,,Edinburgh West,12
7738,729440,Make Play and Continuous Provision statutory in England's Key Stage 1 Curriculum,,Falkirk,2
7739,729440,Make Play and Continuous Provision statutory in England's Key Stage 1 Curriculum,,Glasgow East,6
7740,729440,Make Play and Continuous Provision statutory in England's Key Stage 1 Curriculum,,Glasgow North,6
7741,729440,Make Play and Continuous Provision statutory in England's Key Stage 1 Curriculum,,Glasgow North East,3
7742,729440,Make Play and Continuous Provision statutory in England's Key Stage 1 Curriculum,,Glasgow South,15
7743,729440,Make Play and Continuous Provision statutory in England's Key Stage 1 Curriculum,,Glasgow South West,6
7744,729440,Make Play and Continuous Provision statutory in England's Key Stage 1 Curriculum,,Glasgow West,8
7745,729440,Make Play and Continuous Provision statutory in England's Key Stage 1 Curriculum,,Glenrothes and Mid Fife,10
7746,729440,Make Play and Continuous Provision statutory in England's Key Stage 1 Curriculum,,Gordon and Buchan,6
7747,729440,Make Play and Continuous Provision statutory in England's Key Stage 1 Curriculum,,Hamilton and Clyde Valley,10
7748,729440,Make Play and Continuous Provision statutory in England's Key Stage 1 Curriculum,,Inverclyde and Renfrewshire West,11
7749,729440,Make Play and Continuous Provision statutory in England's Key Stage 1 Curriculum,,"Inverness, Skye and West Ross-shire",14
7750,729440,Make Play and Continuous Provision statutory in England's Key Stage 1 Curriculum,,Livingston,8
7751,729440,Make Play and Continuous Provision statutory in England's Key Stage 1 Curriculum,,Lothian East,13
7752,729440,Make Play and Continuous Provision statutory in England's Key Stage 1 Curriculum,,Mid Dunbartonshire,11
7753,729440,Make Play and Continuous Provision statutory in England's Key Stage 1 Curriculum,,"Moray West, Nairn and Strathspey",15
7754,729440,Make Play and Continuous Provision statutory in England's Key Stage 1 Curriculum,,"Motherwell, Wishaw and Carluke",9
7755,729440,Make Play and Continuous Provision statutory in England's Key Stage 1 Curriculum,,North East Fife,11
7756,729440,Make Play and Continuous Provision statutory in England's Key Stage 1 Curriculum,,Paisley and Renfrewshire North,9
7757,729440,Make Play and Continuous Provision statutory in England's Key Stage 1 Curriculum,,Paisley and Renfrewshire South,6
7758,729440,Make Play and Continuous Provision statutory in England's Key Stage 1 Curriculum,,Perth and Kinross-shire,10
7759,729440,Make Play and Continuous Provision statutory in England's Key Stage 1 Curriculum,,Rutherglen,7
7760,729440,Make Play and Continuous Provision statutory in England's Key Stage 1 Curriculum,,Stirling and Strathallan,13
7761,729440,Make Play and Continuous Provision statutory in England's Key Stage 1 Curriculum,,West Dunbartonshire,6
7762,729440,Make Play and Continuous Provision statutory in England's Key Stage 1 Curriculum,,"Ayr, Carrick and Cumnock",10
7763,729440,Make Play and Continuous Provision statutory in England's Key Stage 1 Curriculum,,"Berwickshire, Roxburgh and Selkirk",14
7764,729440,Make Play and Continuous Provision statutory in England's Key Stage 1 Curriculum,,Central Ayrshire,5
7765,729440,Make Play and Continuous Provision statutory in England's Key Stage 1 Curriculum,,Kilmarnock and Loudoun,6
7766,729440,Make Play and Continuous Provision statutory in England's Key Stage 1 Curriculum,,West Aberdeenshire and Kincardine,7
7767,729440,Make Play and Continuous Provision statutory in England's Key Stage 1 Curriculum,,Aberafan Maesteg,14
7768,729440,Make Play and Continuous Provision statutory in England's Key Stage 1 Curriculum,,Alyn and Deeside,64
7769,729440,Make Play and Continuous Provision statutory in England's Key Stage 1 Curriculum,,Bangor Aberconwy,30
7770,729440,Make Play and Continuous Provision statutory in England's Key Stage 1 Curriculum,,Blaenau Gwent and Rhymney,14
7771,729440,Make Play and Continuous Provision statutory in England's Key Stage 1 Curriculum,,"Brecon, Radnor and Cwm Tawe",50
7772,729440,Make Play and Continuous Provision statutory in England's Key Stage 1 Curriculum,,Bridgend,32
7773,729440,Make Play and Continuous Provision statutory in England's Key Stage 1 Curriculum,,Caerfyrddin,17
7774,729440,Make Play and Continuous Provision statutory in England's Key Stage 1 Curriculum,,Caerphilly,24
7775,729440,Make Play and Continuous Provision statutory in England's Key Stage 1 Curriculum,,Cardiff East,30
7776,729440,Make Play and Continuous Provision statutory in England's Key Stage 1 Curriculum,,Cardiff North,49
7777,729440,Make Play and Continuous Provision statutory in England's Key Stage 1 Curriculum,,Cardiff South and Penarth,30
7778,729440,Make Play and Continuous Provision statutory in England's Key Stage 1 Curriculum,,Cardiff West,41
7779,729440,Make Play and Continuous Provision statutory in England's Key Stage 1 Curriculum,,Ceredigion Preseli,31
7780,729440,Make Play and Continuous Provision statutory in England's Key Stage 1 Curriculum,,Clwyd East,43
7781,729440,Make Play and Continuous Provision statutory in England's Key Stage 1 Curriculum,,Clwyd North,49
7782,729440,Make Play and Continuous Provision statutory in England's Key Stage 1 Curriculum,,Dwyfor Meirionnydd,22
7783,729440,Make Play and Continuous Provision statutory in England's Key Stage 1 Curriculum,,Gower,40
7784,729440,Make Play and Continuous Provision statutory in England's Key Stage 1 Curriculum,,Llanelli,22
7785,729440,Make Play and Continuous Provision statutory in England's Key Stage 1 Curriculum,,Merthyr Tydfil and Aberdare,25
7786,729440,Make Play and Continuous Provision statutory in England's Key Stage 1 Curriculum,,Mid and South Pembrokeshire,34
7787,729440,Make Play and Continuous Provision statutory in England's Key Stage 1 Curriculum,,Monmouthshire,100
7788,729440,Make Play and Continuous Provision statutory in England's Key Stage 1 Curriculum,,Montgomeryshire and Glyndŵr,54
7789,729440,Make Play and Continuous Provision statutory in England's Key Stage 1 Curriculum,,Neath and Swansea East,19
7790,729440,Make Play and Continuous Provision statutory in England's Key Stage 1 Curriculum,,Newport East,37
7791,729440,Make Play and Continuous Provision statutory in England's Key Stage 1 Curriculum,,Newport West and Islwyn,24
7792,729440,Make Play and Continuous Provision statutory in England's Key Stage 1 Curriculum,,Pontypridd,27
7793,729440,Make Play and Continuous Provision statutory in England's Key Stage 1 Curriculum,,Rhondda and Ogmore,8
7794,729440,Make Play and Continuous Provision statutory in England's Key Stage 1 Curriculum,,Swansea West,21
7795,729440,Make Play and Continuous Provision statutory in England's Key Stage 1 Curriculum,,Torfaen,25
7796,729440,Make Play and Continuous Provision statutory in England's Key Stage 1 Curriculum,,Vale of Glamorgan,28
7797,729440,Make Play and Continuous Provision statutory in England's Key Stage 1 Curriculum,,Wrexham,52
7798,729440,Make Play and Continuous Provision statutory in England's Key Stage 1 Curriculum,,Ynys Môn,18
7799,738192,Reduce the maximum noise level for consumer fireworks from 120 to 90 decibels,,Aldershot,291
7800,738192,Reduce the maximum noise level for consumer fireworks from 120 to 90 decibels,,Aldridge-Brownhills,396
7801,738192,Reduce the maximum noise level for consumer fireworks from 120 to 90 decibels,,Altrincham and Sale West,185
7802,738192,Reduce the maximum noise level for consumer fireworks from 120 to 90 decibels,,Amber Valley,405
7803,738192,Reduce the maximum noise level for consumer fireworks from 120 to 90 decibels,,Arundel and South Downs,336
7804,738192,Reduce the maximum noise level for consumer fireworks from 120 to 90 decibels,,Ashfield,366
7805,738192,Reduce the maximum noise level for consumer fireworks from 120 to 90 decibels,,Ashford,232
7806,738192,Reduce the maximum noise level for consumer fireworks from 120 to 90 decibels,,Ashton-under-Lyne,241
7807,738192,Reduce the maximum noise level for consumer fireworks from 120 to 90 decibels,,Aylesbury,388
7808,738192,Reduce the maximum noise level for consumer fireworks from 120 to 90 decibels,,Banbury,300
7809,738192,Reduce the maximum noise level for consumer fireworks from 120 to 90 decibels,,Barking,123
7810,738192,Reduce the maximum noise level for consumer fireworks from 120 to 90 decibels,,Barnsley North,368
7811,738192,Reduce the maximum noise level for consumer fireworks from 120 to 90 decibels,,Barnsley South,419
7812,738192,Reduce the maximum noise level for consumer fireworks from 120 to 90 decibels,,Barrow and Furness,206
7813,738192,Reduce the maximum noise level for consumer fireworks from 120 to 90 decibels,,Basildon and Billericay,360
7814,738192,Reduce the maximum noise level for consumer fireworks from 120 to 90 decibels,,Basingstoke,234
7815,738192,Reduce the maximum noise level for consumer fireworks from 120 to 90 decibels,,Bassetlaw,426
7816,738192,Reduce the maximum noise level for consumer fireworks from 120 to 90 decibels,,Bath,192
7817,738192,Reduce the maximum noise level for consumer fireworks from 120 to 90 decibels,,Battersea,103
7818,738192,Reduce the maximum noise level for consumer fireworks from 120 to 90 decibels,,Beaconsfield,637
7819,738192,Reduce the maximum noise level for consumer fireworks from 120 to 90 decibels,,Beckenham and Penge,151
7820,738192,Reduce the maximum noise level for consumer fireworks from 120 to 90 decibels,,Bedford,245
7821,738192,Reduce the maximum noise level for consumer fireworks from 120 to 90 decibels,,Bermondsey and Old Southwark,102
7822,738192,Reduce the maximum noise level for consumer fireworks from 120 to 90 decibels,,Bethnal Green and Stepney,87
7823,738192,Reduce the maximum noise level for consumer fireworks from 120 to 90 decibels,,Beverley and Holderness,319
7824,738192,Reduce the maximum noise level for consumer fireworks from 120 to 90 decibels,,Bexhill and Battle,271
7825,738192,Reduce the maximum noise level for consumer fireworks from 120 to 90 decibels,,Bexleyheath and Crayford,242
7826,738192,Reduce the maximum noise level for consumer fireworks from 120 to 90 decibels,,Bicester and Woodstock,267
7827,738192,Reduce the maximum noise level for consumer fireworks from 120 to 90 decibels,,Birkenhead,303
7828,738192,Reduce the maximum noise level for consumer fireworks from 120 to 90 decibels,,Birmingham Edgbaston,192
7829,738192,Reduce the maximum noise level for consumer fireworks from 120 to 90 decibels,,Birmingham Erdington,188
7830,738192,Reduce the maximum noise level for consumer fireworks from 120 to 90 decibels,,Birmingham Hall Green and Moseley,112
7831,738192,Reduce the maximum noise level for consumer fireworks from 120 to 90 decibels,,Birmingham Hodge Hill and Solihull North,177
7832,738192,Reduce the maximum noise level for consumer fireworks from 120 to 90 decibels,,Birmingham Ladywood,53
7833,738192,Reduce the maximum noise level for consumer fireworks from 120 to 90 decibels,,Birmingham Northfield,295
7834,738192,Reduce the maximum noise level for consumer fireworks from 120 to 90 decibels,,Birmingham Perry Barr,73
7835,738192,Reduce the maximum noise level for consumer fireworks from 120 to 90 decibels,,Birmingham Selly Oak,214
7836,738192,Reduce the maximum noise level for consumer fireworks from 120 to 90 decibels,,Birmingham Yardley,149
7837,738192,Reduce the maximum noise level for consumer fireworks from 120 to 90 decibels,,Bishop Auckland,289
7838,738192,Reduce the maximum noise level for consumer fireworks from 120 to 90 decibels,,Blackburn,143
7839,738192,Reduce the maximum noise level for consumer fireworks from 120 to 90 decibels,,Blackley and Middleton South,179
7840,738192,Reduce the maximum noise level for consumer fireworks from 120 to 90 decibels,,Blackpool North and Fleetwood,359
7841,738192,Reduce the maximum noise level for consumer fireworks from 120 to 90 decibels,,Blackpool South,351
7842,738192,Reduce the maximum noise level for consumer fireworks from 120 to 90 decibels,,Blaydon and Consett,261
7843,738192,Reduce the maximum noise level for consumer fireworks from 120 to 90 decibels,,Blyth and Ashington,307
7844,738192,Reduce the maximum noise level for consumer fireworks from 120 to 90 decibels,,Bognor Regis and Littlehampton,222
7845,738192,Reduce the maximum noise level for consumer fireworks from 120 to 90 decibels,,Bolsover,430
7846,738192,Reduce the maximum noise level for consumer fireworks from 120 to 90 decibels,,Bolton North East,302
7847,738192,Reduce the maximum noise level for consumer fireworks from 120 to 90 decibels,,Bolton South and Walkden,264
7848,738192,Reduce the maximum noise level for consumer fireworks from 120 to 90 decibels,,Bolton West,377
7849,738192,Reduce the maximum noise level for consumer fireworks from 120 to 90 decibels,,Bootle,279
7850,738192,Reduce the maximum noise level for consumer fireworks from 120 to 90 decibels,,Boston and Skegness,256
7851,738192,Reduce the maximum noise level for consumer fireworks from 120 to 90 decibels,,Bournemouth East,210
7852,738192,Reduce the maximum noise level for consumer fireworks from 120 to 90 decibels,,Bournemouth West,212
7853,738192,Reduce the maximum noise level for consumer fireworks from 120 to 90 decibels,,Bracknell,469
7854,738192,Reduce the maximum noise level for consumer fireworks from 120 to 90 decibels,,Bradford East,284
7855,738192,Reduce the maximum noise level for consumer fireworks from 120 to 90 decibels,,Bradford South,261
7856,738192,Reduce the maximum noise level for consumer fireworks from 120 to 90 decibels,,Bradford West,147
7857,738192,Reduce the maximum noise level for consumer fireworks from 120 to 90 decibels,,Braintree,397
7858,738192,Reduce the maximum noise level for consumer fireworks from 120 to 90 decibels,,Brent East,128
7859,738192,Reduce the maximum noise level for consumer fireworks from 120 to 90 decibels,,Brent West,215
7860,738192,Reduce the maximum noise level for consumer fireworks from 120 to 90 decibels,,Brentford and Isleworth,367
7861,738192,Reduce the maximum noise level for consumer fireworks from 120 to 90 decibels,,Brentwood and Ongar,378
7862,738192,Reduce the maximum noise level for consumer fireworks from 120 to 90 decibels,,Bridgwater,264
7863,738192,Reduce the maximum noise level for consumer fireworks from 120 to 90 decibels,,Bridlington and The Wolds,339
7864,738192,Reduce the maximum noise level for consumer fireworks from 120 to 90 decibels,,Brigg and Immingham,393
7865,738192,Reduce the maximum noise level for consumer fireworks from 120 to 90 decibels,,Brighton Kemptown and Peacehaven,236
7866,738192,Reduce the maximum noise level for consumer fireworks from 120 to 90 decibels,,Brighton Pavilion,161
7867,738192,Reduce the maximum noise level for consumer fireworks from 120 to 90 decibels,,Bristol Central,92
7868,738192,Reduce the maximum noise level for consumer fireworks from 120 to 90 decibels,,Bristol East,226
7869,738192,Reduce the maximum noise level for consumer fireworks from 120 to 90 decibels,,Bristol North East,263
7870,738192,Reduce the maximum noise level for consumer fireworks from 120 to 90 decibels,,Bristol North West,217
7871,738192,Reduce the maximum noise level for consumer fireworks from 120 to 90 decibels,,Bristol South,204
7872,738192,Reduce the maximum noise level for consumer fireworks from 120 to 90 decibels,,Broadland and Fakenham,671
7873,738192,Reduce the maximum noise level for consumer fireworks from 120 to 90 decibels,,Bromley and Biggin Hill,202
7874,738192,Reduce the maximum noise level for consumer fireworks from 120 to 90 decibels,,Bromsgrove,345
7875,738192,Reduce the maximum noise level for consumer fireworks from 120 to 90 decibels,,Broxbourne,374
7876,738192,Reduce the maximum noise level for consumer fireworks from 120 to 90 decibels,,Broxtowe,298
7877,738192,Reduce the maximum noise level for consumer fireworks from 120 to 90 decibels,,Buckingham and Bletchley,276
7878,738192,Reduce the maximum noise level for consumer fireworks from 120 to 90 decibels,,Burnley,288
7879,738192,Reduce the maximum noise level for consumer fireworks from 120 to 90 decibels,,Burton and Uttoxeter,305
7880,738192,Reduce the maximum noise level for consumer fireworks from 120 to 90 decibels,,Bury North,370
7881,738192,Reduce the maximum noise level for consumer fireworks from 120 to 90 decibels,,Bury South,334
7882,738192,Reduce the maximum noise level for consumer fireworks from 120 to 90 decibels,,Bury St Edmunds and Stowmarket,296
7883,738192,Reduce the maximum noise level for consumer fireworks from 120 to 90 decibels,,Calder Valley,354
7884,738192,Reduce the maximum noise level for consumer fireworks from 120 to 90 decibels,,Camborne and Redruth,257
7885,738192,Reduce the maximum noise level for consumer fireworks from 120 to 90 decibels,,Cambridge,136
7886,738192,Reduce the maximum noise level for consumer fireworks from 120 to 90 decibels,,Cannock Chase,306
7887,738192,Reduce the maximum noise level for consumer fireworks from 120 to 90 decibels,,Canterbury,196
7888,738192,Reduce the maximum noise level for consumer fireworks from 120 to 90 decibels,,Carlisle,333
7889,738192,Reduce the maximum noise level for consumer fireworks from 120 to 90 decibels,,Carshalton and Wallington,290
7890,738192,Reduce the maximum noise level for consumer fireworks from 120 to 90 decibels,,Castle Point,401
7891,738192,Reduce the maximum noise level for consumer fireworks from 120 to 90 decibels,,Central Devon,297
7892,738192,Reduce the maximum noise level for consumer fireworks from 120 to 90 decibels,,Central Suffolk and North Ipswich,336
7893,738192,Reduce the maximum noise level for consumer fireworks from 120 to 90 decibels,,Chatham and Aylesford,275
7894,738192,Reduce the maximum noise level for consumer fireworks from 120 to 90 decibels,,Cheadle,383
7895,738192,Reduce the maximum noise level for consumer fireworks from 120 to 90 decibels,,Chelmsford,422
7896,738192,Reduce the maximum noise level for consumer fireworks from 120 to 90 decibels,,Chelsea and Fulham,76
7897,738192,Reduce the maximum noise level for consumer fireworks from 120 to 90 decibels,,Cheltenham,303
7898,738192,Reduce the maximum noise level for consumer fireworks from 120 to 90 decibels,,Chesham and Amersham,345
7899,738192,Reduce the maximum noise level for consumer fireworks from 120 to 90 decibels,,Chester North and Neston,306
7900,738192,Reduce the maximum noise level for consumer fireworks from 120 to 90 decibels,,Chester South and Eddisbury,311
7901,738192,Reduce the maximum noise level for consumer fireworks from 120 to 90 decibels,,Chesterfield,370
7902,738192,Reduce the maximum noise level for consumer fireworks from 120 to 90 decibels,,Chichester,248
7903,738192,Reduce the maximum noise level for consumer fireworks from 120 to 90 decibels,,Chingford and Woodford Green,263
7904,738192,Reduce the maximum noise level for consumer fireworks from 120 to 90 decibels,,Chippenham,255
7905,738192,Reduce the maximum noise level for consumer fireworks from 120 to 90 decibels,,Chipping Barnet,174
7906,738192,Reduce the maximum noise level for consumer fireworks from 120 to 90 decibels,,Chorley,363
7907,738192,Reduce the maximum noise level for consumer fireworks from 120 to 90 decibels,,Christchurch,276
7908,738192,Reduce the maximum noise level for consumer fireworks from 120 to 90 decibels,,Cities of London and Westminster,78
7909,738192,Reduce the maximum noise level for consumer fireworks from 120 to 90 decibels,,City of Durham,206
7910,738192,Reduce the maximum noise level for consumer fireworks from 120 to 90 decibels,,Clacton,444
7911,738192,Reduce the maximum noise level for consumer fireworks from 120 to 90 decibels,,Clapham and Brixton Hill,60
7912,738192,Reduce the maximum noise level for consumer fireworks from 120 to 90 decibels,,Colchester,265
7913,738192,Reduce the maximum noise level for consumer fireworks from 120 to 90 decibels,,Colne Valley,336
7914,738192,Reduce the maximum noise level for consumer fireworks from 120 to 90 decibels,,Congleton,312
7915,738192,Reduce the maximum noise level for consumer fireworks from 120 to 90 decibels,,Corby and East Northamptonshire,263
7916,738192,Reduce the maximum noise level for consumer fireworks from 120 to 90 decibels,,Coventry East,220
7917,738192,Reduce the maximum noise level for consumer fireworks from 120 to 90 decibels,,Coventry North West,372
7918,738192,Reduce the maximum noise level for consumer fireworks from 120 to 90 decibels,,Coventry South,288
7919,738192,Reduce the maximum noise level for consumer fireworks from 120 to 90 decibels,,Cramlington and Killingworth,322
7920,738192,Reduce the maximum noise level for consumer fireworks from 120 to 90 decibels,,Crawley,278
7921,738192,Reduce the maximum noise level for consumer fireworks from 120 to 90 decibels,,Crewe and Nantwich,308
7922,738192,Reduce the maximum noise level for consumer fireworks from 120 to 90 decibels,,Croydon East,196
7923,738192,Reduce the maximum noise level for consumer fireworks from 120 to 90 decibels,,Croydon South,253
7924,738192,Reduce the maximum noise level for consumer fireworks from 120 to 90 decibels,,Croydon West,73
7925,738192,Reduce the maximum noise level for consumer fireworks from 120 to 90 decibels,,Dagenham and Rainham,196
7926,738192,Reduce the maximum noise level for consumer fireworks from 120 to 90 decibels,,Darlington,274
7927,738192,Reduce the maximum noise level for consumer fireworks from 120 to 90 decibels,,Dartford,222
7928,738192,Reduce the maximum noise level for consumer fireworks from 120 to 90 decibels,,Daventry,437
7929,738192,Reduce the maximum noise level for consumer fireworks from 120 to 90 decibels,,Derby North,263
7930,738192,Reduce the maximum noise level for consumer fireworks from 120 to 90 decibels,,Derby South,263
7931,738192,Reduce the maximum noise level for consumer fireworks from 120 to 90 decibels,,Derbyshire Dales,333
7932,738192,Reduce the maximum noise level for consumer fireworks from 120 to 90 decibels,,Dewsbury and Batley,200
7933,738192,Reduce the maximum noise level for consumer fireworks from 120 to 90 decibels,,Didcot and Wantage,309
7934,738192,Reduce the maximum noise level for consumer fireworks from 120 to 90 decibels,,Doncaster Central,331
7935,738192,Reduce the maximum noise level for consumer fireworks from 120 to 90 decibels,,Doncaster East and the Isle of Axholme,434
7936,738192,Reduce the maximum noise level for consumer fireworks from 120 to 90 decibels,,Doncaster North,282
7937,738192,Reduce the maximum noise level for consumer fireworks from 120 to 90 decibels,,Dorking and Horley,382
7938,738192,Reduce the maximum noise level for consumer fireworks from 120 to 90 decibels,,Dover and Deal,290
7939,738192,Reduce the maximum noise level for consumer fireworks from 120 to 90 decibels,,Droitwich and Evesham,356
7940,738192,Reduce the maximum noise level for consumer fireworks from 120 to 90 decibels,,Dudley,289
7941,738192,Reduce the maximum noise level for consumer fireworks from 120 to 90 decibels,,Dulwich and West Norwood,103
7942,738192,Reduce the maximum noise level for consumer fireworks from 120 to 90 decibels,,Dunstable and Leighton Buzzard,332
7943,738192,Reduce the maximum noise level for consumer fireworks from 120 to 90 decibels,,Ealing Central and Acton,199
7944,738192,Reduce the maximum noise level for consumer fireworks from 120 to 90 decibels,,Ealing North,509
7945,738192,Reduce the maximum noise level for consumer fireworks from 120 to 90 decibels,,Ealing Southall,380
7946,738192,Reduce the maximum noise level for consumer fireworks from 120 to 90 decibels,,Earley and Woodley,380
7947,738192,Reduce the maximum noise level for consumer fireworks from 120 to 90 decibels,,Easington,205
7948,738192,Reduce the maximum noise level for consumer fireworks from 120 to 90 decibels,,East Grinstead and Uckfield,363
7949,738192,Reduce the maximum noise level for consumer fireworks from 120 to 90 decibels,,East Ham,101
7950,738192,Reduce the maximum noise level for consumer fireworks from 120 to 90 decibels,,East Hampshire,328
7951,738192,Reduce the maximum noise level for consumer fireworks from 120 to 90 decibels,,East Surrey,435
7952,738192,Reduce the maximum noise level for consumer fireworks from 120 to 90 decibels,,East Thanet,266
7953,738192,Reduce the maximum noise level for consumer fireworks from 120 to 90 decibels,,East Wiltshire,261
7954,738192,Reduce the maximum noise level for consumer fireworks from 120 to 90 decibels,,East Worthing and Shoreham,278
7955,738192,Reduce the maximum noise level for consumer fireworks from 120 to 90 decibels,,Eastbourne,186
7956,738192,Reduce the maximum noise level for consumer fireworks from 120 to 90 decibels,,Eastleigh,256
7957,738192,Reduce the maximum noise level for consumer fireworks from 120 to 90 decibels,,Edmonton and Winchmore Hill,103
7958,738192,Reduce the maximum noise level for consumer fireworks from 120 to 90 decibels,,Ellesmere Port and Bromborough,481
7959,738192,Reduce the maximum noise level for consumer fireworks from 120 to 90 decibels,,Eltham and Chislehurst,193
7960,738192,Reduce the maximum noise level for consumer fireworks from 120 to 90 decibels,,Ely and East Cambridgeshire,342
7961,738192,Reduce the maximum noise level for consumer fireworks from 120 to 90 decibels,,Enfield North,128
7962,738192,Reduce the maximum noise level for consumer fireworks from 120 to 90 decibels,,Epping Forest,415
7963,738192,Reduce the maximum noise level for consumer fireworks from 120 to 90 decibels,,Epsom and Ewell,271
7964,738192,Reduce the maximum noise level for consumer fireworks from 120 to 90 decibels,,Erewash,305
7965,738192,Reduce the maximum noise level for consumer fireworks from 120 to 90 decibels,,Erith and Thamesmead,156
7966,738192,Reduce the maximum noise level for consumer fireworks from 120 to 90 decibels,,Esher and Walton,304
7967,738192,Reduce the maximum noise level for consumer fireworks from 120 to 90 decibels,,Exeter,168
7968,738192,Reduce the maximum noise level for consumer fireworks from 120 to 90 decibels,,Exmouth and Exeter East,261
7969,738192,Reduce the maximum noise level for consumer fireworks from 120 to 90 decibels,,Fareham and Waterlooville,313
7970,738192,Reduce the maximum noise level for consumer fireworks from 120 to 90 decibels,,Farnham and Bordon,271
7971,738192,Reduce the maximum noise level for consumer fireworks from 120 to 90 decibels,,Faversham and Mid Kent,333
7972,738192,Reduce the maximum noise level for consumer fireworks from 120 to 90 decibels,,Feltham and Heston,286
7973,738192,Reduce the maximum noise level for consumer fireworks from 120 to 90 decibels,,Filton and Bradley Stoke,218
7974,738192,Reduce the maximum noise level for consumer fireworks from 120 to 90 decibels,,Finchley and Golders Green,123
7975,738192,Reduce the maximum noise level for consumer fireworks from 120 to 90 decibels,,Folkestone and Hythe,211
7976,738192,Reduce the maximum noise level for consumer fireworks from 120 to 90 decibels,,Forest of Dean,329
7977,738192,Reduce the maximum noise level for consumer fireworks from 120 to 90 decibels,,Frome and East Somerset,253
7978,738192,Reduce the maximum noise level for consumer fireworks from 120 to 90 decibels,,Fylde,326
7979,738192,Reduce the maximum noise level for consumer fireworks from 120 to 90 decibels,,Gainsborough,343
7980,738192,Reduce the maximum noise level for consumer fireworks from 120 to 90 decibels,,Gateshead Central and Whickham,192
7981,738192,Reduce the maximum noise level for consumer fireworks from 120 to 90 decibels,,Gedling,435
7982,738192,Reduce the maximum noise level for consumer fireworks from 120 to 90 decibels,,Gillingham and Rainham,273
7983,738192,Reduce the maximum noise level for consumer fireworks from 120 to 90 decibels,,Glastonbury and Somerton,291
7984,738192,Reduce the maximum noise level for consumer fireworks from 120 to 90 decibels,,Gloucester,316
7985,738192,Reduce the maximum noise level for consumer fireworks from 120 to 90 decibels,,Godalming and Ash,334
7986,738192,Reduce the maximum noise level for consumer fireworks from 120 to 90 decibels,,Goole and Pocklington,354
7987,738192,Reduce the maximum noise level for consumer fireworks from 120 to 90 decibels,,Gorton and Denton,168
7988,738192,Reduce the maximum noise level for consumer fireworks from 120 to 90 decibels,,Gosport,267
7989,738192,Reduce the maximum noise level for consumer fireworks from 120 to 90 decibels,,Grantham and Bourne,245
7990,738192,Reduce the maximum noise level for consumer fireworks from 120 to 90 decibels,,Gravesham,247
7991,738192,Reduce the maximum noise level for consumer fireworks from 120 to 90 decibels,,Great Grimsby and Cleethorpes,333
7992,738192,Reduce the maximum noise level for consumer fireworks from 120 to 90 decibels,,Great Yarmouth,581
7993,738192,Reduce the maximum noise level for consumer fireworks from 120 to 90 decibels,,Greenwich and Woolwich,123
7994,738192,Reduce the maximum noise level for consumer fireworks from 120 to 90 decibels,,Guildford,249
7995,738192,Reduce the maximum noise level for consumer fireworks from 120 to 90 decibels,,Hackney North and Stoke Newington,83
7996,738192,Reduce the maximum noise level for consumer fireworks from 120 to 90 decibels,,Hackney South and Shoreditch,103
7997,738192,Reduce the maximum noise level for consumer fireworks from 120 to 90 decibels,,Halesowen,286
7998,738192,Reduce the maximum noise level for consumer fireworks from 120 to 90 decibels,,Halifax,323
7999,738192,Reduce the maximum noise level for consumer fireworks from 120 to 90 decibels,,Hamble Valley,294
8000,738192,Reduce the maximum noise level for consumer fireworks from 120 to 90 decibels,,Hammersmith and Chiswick,108
8001,738192,Reduce the maximum noise level for consumer fireworks from 120 to 90 decibels,,Hampstead and Highgate,130
8002,738192,Reduce the maximum noise level for consumer fireworks from 120 to 90 decibels,,"Harborough, Oadby and Wigston",269
8003,738192,Reduce the maximum noise level for consumer fireworks from 120 to 90 decibels,,Harlow,445
8004,738192,Reduce the maximum noise level for consumer fireworks from 120 to 90 decibels,,Harpenden and Berkhamsted,258
8005,738192,Reduce the maximum noise level for consumer fireworks from 120 to 90 decibels,,Harrogate and Knaresborough,342
8006,738192,Reduce the maximum noise level for consumer fireworks from 120 to 90 decibels,,Harrow East,283
8007,738192,Reduce the maximum noise level for consumer fireworks from 120 to 90 decibels,,Harrow West,391
8008,738192,Reduce the maximum noise level for consumer fireworks from 120 to 90 decibels,,Hartlepool,217
8009,738192,Reduce the maximum noise level for consumer fireworks from 120 to 90 decibels,,Harwich and North Essex,346
8010,738192,Reduce the maximum noise level for consumer fireworks from 120 to 90 decibels,,Hastings and Rye,248
8011,738192,Reduce the maximum noise level for consumer fireworks from 120 to 90 decibels,,Havant,258
8012,738192,Reduce the maximum noise level for consumer fireworks from 120 to 90 decibels,,Hayes and Harlington,269
8013,738192,Reduce the maximum noise level for consumer fireworks from 120 to 90 decibels,,Hazel Grove,384
8014,738192,Reduce the maximum noise level for consumer fireworks from 120 to 90 decibels,,Hemel Hempstead,230
8015,738192,Reduce the maximum noise level for consumer fireworks from 120 to 90 decibels,,Hendon,145
8016,738192,Reduce the maximum noise level for consumer fireworks from 120 to 90 decibels,,Henley and Thame,322
8017,738192,Reduce the maximum noise level for consumer fireworks from 120 to 90 decibels,,Hereford and South Herefordshire,267
8018,738192,Reduce the maximum noise level for consumer fireworks from 120 to 90 decibels,,Herne Bay and Sandwich,305
8019,738192,Reduce the maximum noise level for consumer fireworks from 120 to 90 decibels,,Hertford and Stortford,344
8020,738192,Reduce the maximum noise level for consumer fireworks from 120 to 90 decibels,,Hertsmere,304
8021,738192,Reduce the maximum noise level for consumer fireworks from 120 to 90 decibels,,Hexham,318
8022,738192,Reduce the maximum noise level for consumer fireworks from 120 to 90 decibels,,Heywood and Middleton North,281
8023,738192,Reduce the maximum noise level for consumer fireworks from 120 to 90 decibels,,High Peak,325
8024,738192,Reduce the maximum noise level for consumer fireworks from 120 to 90 decibels,,Hinckley and Bosworth,398
8025,738192,Reduce the maximum noise level for consumer fireworks from 120 to 90 decibels,,Hitchin,333
8026,738192,Reduce the maximum noise level for consumer fireworks from 120 to 90 decibels,,Holborn and St Pancras,93
8027,738192,Reduce the maximum noise level for consumer fireworks from 120 to 90 decibels,,Honiton and Sidmouth,219
8028,738192,Reduce the maximum noise level for consumer fireworks from 120 to 90 decibels,,Hornchurch and Upminster,282
8029,738192,Reduce the maximum noise level for consumer fireworks from 120 to 90 decibels,,Hornsey and Friern Barnet,124
8030,738192,Reduce the maximum noise level for consumer fireworks from 120 to 90 decibels,,Horsham,362
8031,738192,Reduce the maximum noise level for consumer fireworks from 120 to 90 decibels,,Houghton and Sunderland South,310
8032,738192,Reduce the maximum noise level for consumer fireworks from 120 to 90 decibels,,Hove and Portslade,194
8033,738192,Reduce the maximum noise level for consumer fireworks from 120 to 90 decibels,,Huddersfield,307
8034,738192,Reduce the maximum noise level for consumer fireworks from 120 to 90 decibels,,Huntingdon,259
8035,738192,Reduce the maximum noise level for consumer fireworks from 120 to 90 decibels,,Hyndburn,227
8036,738192,Reduce the maximum noise level for consumer fireworks from 120 to 90 decibels,,Ilford North,186
8037,738192,Reduce the maximum noise level for consumer fireworks from 120 to 90 decibels,,Ilford South,114
8038,738192,Reduce the maximum noise level for consumer fireworks from 120 to 90 decibels,,Ipswich,280
8039,738192,Reduce the maximum noise level for consumer fireworks from 120 to 90 decibels,,Isle of Wight East,171
8040,738192,Reduce the maximum noise level for consumer fireworks from 120 to 90 decibels,,Isle of Wight West,151
8041,738192,Reduce the maximum noise level for consumer fireworks from 120 to 90 decibels,,Islington North,110
8042,738192,Reduce the maximum noise level for consumer fireworks from 120 to 90 decibels,,Islington South and Finsbury,107
8043,738192,Reduce the maximum noise level for consumer fireworks from 120 to 90 decibels,,Jarrow and Gateshead East,212
8044,738192,Reduce the maximum noise level for consumer fireworks from 120 to 90 decibels,,Keighley and Ilkley,336
8045,738192,Reduce the maximum noise level for consumer fireworks from 120 to 90 decibels,,Kenilworth and Southam,361
8046,738192,Reduce the maximum noise level for consumer fireworks from 120 to 90 decibels,,Kensington and Bayswater,96
8047,738192,Reduce the maximum noise level for consumer fireworks from 120 to 90 decibels,,Kettering,337
8048,738192,Reduce the maximum noise level for consumer fireworks from 120 to 90 decibels,,Kingston and Surbiton,200
8049,738192,Reduce the maximum noise level for consumer fireworks from 120 to 90 decibels,,Kingston upon Hull East,265
8050,738192,Reduce the maximum noise level for consumer fireworks from 120 to 90 decibels,,Kingston upon Hull North and Cottingham,320
8051,738192,Reduce the maximum noise level for consumer fireworks from 120 to 90 decibels,,Kingston upon Hull West and Haltemprice,292
8052,738192,Reduce the maximum noise level for consumer fireworks from 120 to 90 decibels,,Kingswinford and South Staffordshire,355
8053,738192,Reduce the maximum noise level for consumer fireworks from 120 to 90 decibels,,Knowsley,226
8054,738192,Reduce the maximum noise level for consumer fireworks from 120 to 90 decibels,,Lancaster and Wyre,257
8055,738192,Reduce the maximum noise level for consumer fireworks from 120 to 90 decibels,,Leeds Central and Headingley,180
8056,738192,Reduce the maximum noise level for consumer fireworks from 120 to 90 decibels,,Leeds East,351
8057,738192,Reduce the maximum noise level for consumer fireworks from 120 to 90 decibels,,Leeds North East,368
8058,738192,Reduce the maximum noise level for consumer fireworks from 120 to 90 decibels,,Leeds North West,533
8059,738192,Reduce the maximum noise level for consumer fireworks from 120 to 90 decibels,,Leeds South,220
8060,738192,Reduce the maximum noise level for consumer fireworks from 120 to 90 decibels,,Leeds South West and Morley,497
8061,738192,Reduce the maximum noise level for consumer fireworks from 120 to 90 decibels,,Leeds West and Pudsey,357
8062,738192,Reduce the maximum noise level for consumer fireworks from 120 to 90 decibels,,Leicester East,180
8063,738192,Reduce the maximum noise level for consumer fireworks from 120 to 90 decibels,,Leicester South,145
8064,738192,Reduce the maximum noise level for consumer fireworks from 120 to 90 decibels,,Leicester West,262
8065,738192,Reduce the maximum noise level for consumer fireworks from 120 to 90 decibels,,Leigh and Atherton,359
8066,738192,Reduce the maximum noise level for consumer fireworks from 120 to 90 decibels,,Lewes,251
8067,738192,Reduce the maximum noise level for consumer fireworks from 120 to 90 decibels,,Lewisham East,123
8068,738192,Reduce the maximum noise level for consumer fireworks from 120 to 90 decibels,,Lewisham North,104
8069,738192,Reduce the maximum noise level for consumer fireworks from 120 to 90 decibels,,Lewisham West and East Dulwich,113
8070,738192,Reduce the maximum noise level for consumer fireworks from 120 to 90 decibels,,Leyton and Wanstead,151
8071,738192,Reduce the maximum noise level for consumer fireworks from 120 to 90 decibels,,Lichfield,365
8072,738192,Reduce the maximum noise level for consumer fireworks from 120 to 90 decibels,,Lincoln,209
8073,738192,Reduce the maximum noise level for consumer fireworks from 120 to 90 decibels,,Liverpool Garston,263
8074,738192,Reduce the maximum noise level for consumer fireworks from 120 to 90 decibels,,Liverpool Riverside,139
8075,738192,Reduce the maximum noise level for consumer fireworks from 120 to 90 decibels,,Liverpool Walton,230
8076,738192,Reduce the maximum noise level for consumer fireworks from 120 to 90 decibels,,Liverpool Wavertree,152
8077,738192,Reduce the maximum noise level for consumer fireworks from 120 to 90 decibels,,Liverpool West Derby,240
8078,738192,Reduce the maximum noise level for consumer fireworks from 120 to 90 decibels,,Loughborough,278
8079,738192,Reduce the maximum noise level for consumer fireworks from 120 to 90 decibels,,Louth and Horncastle,351
8080,738192,Reduce the maximum noise level for consumer fireworks from 120 to 90 decibels,,Lowestoft,451
8081,738192,Reduce the maximum noise level for consumer fireworks from 120 to 90 decibels,,Luton North,242
8082,738192,Reduce the maximum noise level for consumer fireworks from 120 to 90 decibels,,Luton South and South Bedfordshire,211
8083,738192,Reduce the maximum noise level for consumer fireworks from 120 to 90 decibels,,Macclesfield,280
8084,738192,Reduce the maximum noise level for consumer fireworks from 120 to 90 decibels,,Maidenhead,500
8085,738192,Reduce the maximum noise level for consumer fireworks from 120 to 90 decibels,,Maidstone and Malling,275
8086,738192,Reduce the maximum noise level for consumer fireworks from 120 to 90 decibels,,Makerfield,362
8087,738192,Reduce the maximum noise level for consumer fireworks from 120 to 90 decibels,,Maldon,470
8088,738192,Reduce the maximum noise level for consumer fireworks from 120 to 90 decibels,,Manchester Central,145
8089,738192,Reduce the maximum noise level for consumer fireworks from 120 to 90 decibels,,Manchester Rusholme,79
8090,738192,Reduce the maximum noise level for consumer fireworks from 120 to 90 decibels,,Manchester Withington,155
8091,738192,Reduce the maximum noise level for consumer fireworks from 120 to 90 decibels,,Mansfield,290
8092,738192,Reduce the maximum noise level for consumer fireworks from 120 to 90 decibels,,Melksham and Devizes,279
8093,738192,Reduce the maximum noise level for consumer fireworks from 120 to 90 decibels,,Melton and Syston,383
8094,738192,Reduce the maximum noise level for consumer fireworks from 120 to 90 decibels,,Meriden and Solihull East,242
8095,738192,Reduce the maximum noise level for consumer fireworks from 120 to 90 decibels,,Mid Bedfordshire,423
8096,738192,Reduce the maximum noise level for consumer fireworks from 120 to 90 decibels,,Mid Buckinghamshire,372
8097,738192,Reduce the maximum noise level for consumer fireworks from 120 to 90 decibels,,Mid Cheshire,322
8098,738192,Reduce the maximum noise level for consumer fireworks from 120 to 90 decibels,,Mid Derbyshire,369
8099,738192,Reduce the maximum noise level for consumer fireworks from 120 to 90 decibels,,Mid Dorset and North Poole,294
8100,738192,Reduce the maximum noise level for consumer fireworks from 120 to 90 decibels,,Mid Leicestershire,415
8101,738192,Reduce the maximum noise level for consumer fireworks from 120 to 90 decibels,,Mid Norfolk,574
8102,738192,Reduce the maximum noise level for consumer fireworks from 120 to 90 decibels,,Mid Sussex,259
8103,738192,Reduce the maximum noise level for consumer fireworks from 120 to 90 decibels,,Middlesbrough and Thornaby East,157
8104,738192,Reduce the maximum noise level for consumer fireworks from 120 to 90 decibels,,Middlesbrough South and East Cleveland,307
8105,738192,Reduce the maximum noise level for consumer fireworks from 120 to 90 decibels,,Milton Keynes Central,252
8106,738192,Reduce the maximum noise level for consumer fireworks from 120 to 90 decibels,,Milton Keynes North,245
8107,738192,Reduce the maximum noise level for consumer fireworks from 120 to 90 decibels,,Mitcham and Morden,167
8108,738192,Reduce the maximum noise level for consumer fireworks from 120 to 90 decibels,,Morecambe and Lunesdale,273
8109,738192,Reduce the maximum noise level for consumer fireworks from 120 to 90 decibels,,New Forest East,264
8110,738192,Reduce the maximum noise level for consumer fireworks from 120 to 90 decibels,,New Forest West,316
8111,738192,Reduce the maximum noise level for consumer fireworks from 120 to 90 decibels,,Newark,416
8112,738192,Reduce the maximum noise level for consumer fireworks from 120 to 90 decibels,,Newbury,253
8113,738192,Reduce the maximum noise level for consumer fireworks from 120 to 90 decibels,,Newcastle upon Tyne Central and West,280
8114,738192,Reduce the maximum noise level for consumer fireworks from 120 to 90 decibels,,Newcastle upon Tyne East and Wallsend,222
8115,738192,Reduce the maximum noise level for consumer fireworks from 120 to 90 decibels,,Newcastle upon Tyne North,247
8116,738192,Reduce the maximum noise level for consumer fireworks from 120 to 90 decibels,,Newcastle-under-Lyme,303
8117,738192,Reduce the maximum noise level for consumer fireworks from 120 to 90 decibels,,Newton Abbot,248
8118,738192,Reduce the maximum noise level for consumer fireworks from 120 to 90 decibels,,Newton Aycliffe and Spennymoor,256
8119,738192,Reduce the maximum noise level for consumer fireworks from 120 to 90 decibels,,Normanton and Hemsworth,373
8120,738192,Reduce the maximum noise level for consumer fireworks from 120 to 90 decibels,,North Bedfordshire,407
8121,738192,Reduce the maximum noise level for consumer fireworks from 120 to 90 decibels,,North Cornwall,273
8122,738192,Reduce the maximum noise level for consumer fireworks from 120 to 90 decibels,,North Cotswolds,333
8123,738192,Reduce the maximum noise level for consumer fireworks from 120 to 90 decibels,,North Devon,250
8124,738192,Reduce the maximum noise level for consumer fireworks from 120 to 90 decibels,,North Dorset,303
8125,738192,Reduce the maximum noise level for consumer fireworks from 120 to 90 decibels,,North Durham,304
8126,738192,Reduce the maximum noise level for consumer fireworks from 120 to 90 decibels,,North East Cambridgeshire,283
8127,738192,Reduce the maximum noise level for consumer fireworks from 120 to 90 decibels,,North East Derbyshire,413
8128,738192,Reduce the maximum noise level for consumer fireworks from 120 to 90 decibels,,North East Hampshire,379
8129,738192,Reduce the maximum noise level for consumer fireworks from 120 to 90 decibels,,North East Hertfordshire,388
8130,738192,Reduce the maximum noise level for consumer fireworks from 120 to 90 decibels,,North East Somerset and Hanham,290
8131,738192,Reduce the maximum noise level for consumer fireworks from 120 to 90 decibels,,North Herefordshire,256
8132,738192,Reduce the maximum noise level for consumer fireworks from 120 to 90 decibels,,North Norfolk,579
8133,738192,Reduce the maximum noise level for consumer fireworks from 120 to 90 decibels,,North Northumberland,274
8134,738192,Reduce the maximum noise level for consumer fireworks from 120 to 90 decibels,,North Shropshire,259
8135,738192,Reduce the maximum noise level for consumer fireworks from 120 to 90 decibels,,North Somerset,281
8136,738192,Reduce the maximum noise level for consumer fireworks from 120 to 90 decibels,,North Warwickshire and Bedworth,320
8137,738192,Reduce the maximum noise level for consumer fireworks from 120 to 90 decibels,,North West Cambridgeshire,267
8138,738192,Reduce the maximum noise level for consumer fireworks from 120 to 90 decibels,,North West Essex,396
8139,738192,Reduce the maximum noise level for consumer fireworks from 120 to 90 decibels,,North West Hampshire,302
8140,738192,Reduce the maximum noise level for consumer fireworks from 120 to 90 decibels,,North West Leicestershire,331
8141,738192,Reduce the maximum noise level for consumer fireworks from 120 to 90 decibels,,North West Norfolk,401
8142,738192,Reduce the maximum noise level for consumer fireworks from 120 to 90 decibels,,Northampton North,255
8143,738192,Reduce the maximum noise level for consumer fireworks from 120 to 90 decibels,,Northampton South,304
8144,738192,Reduce the maximum noise level for consumer fireworks from 120 to 90 decibels,,Norwich North,636
8145,738192,Reduce the maximum noise level for consumer fireworks from 120 to 90 decibels,,Norwich South,478
8146,738192,Reduce the maximum noise level for consumer fireworks from 120 to 90 decibels,,Nottingham East,150
8147,738192,Reduce the maximum noise level for consumer fireworks from 120 to 90 decibels,,Nottingham North and Kimberley,264
8148,738192,Reduce the maximum noise level for consumer fireworks from 120 to 90 decibels,,Nottingham South,134
8149,738192,Reduce the maximum noise level for consumer fireworks from 120 to 90 decibels,,Nuneaton,281
8150,738192,Reduce the maximum noise level for consumer fireworks from 120 to 90 decibels,,Old Bexley and Sidcup,266
8151,738192,Reduce the maximum noise level for consumer fireworks from 120 to 90 decibels,,Oldham East and Saddleworth,233
8152,738192,Reduce the maximum noise level for consumer fireworks from 120 to 90 decibels,,"Oldham West, Chadderton and Royton",179
8153,738192,Reduce the maximum noise level for consumer fireworks from 120 to 90 decibels,,Orpington,311
8154,738192,Reduce the maximum noise level for consumer fireworks from 120 to 90 decibels,,Ossett and Denby Dale,304
8155,738192,Reduce the maximum noise level for consumer fireworks from 120 to 90 decibels,,Oxford East,119
8156,738192,Reduce the maximum noise level for consumer fireworks from 120 to 90 decibels,,Oxford West and Abingdon,200
8157,738192,Reduce the maximum noise level for consumer fireworks from 120 to 90 decibels,,Peckham,50
8158,738192,Reduce the maximum noise level for consumer fireworks from 120 to 90 decibels,,Pendle and Clitheroe,275
8159,738192,Reduce the maximum noise level for consumer fireworks from 120 to 90 decibels,,Penistone and Stocksbridge,341
8160,738192,Reduce the maximum noise level for consumer fireworks from 120 to 90 decibels,,Penrith and Solway,309
8161,738192,Reduce the maximum noise level for consumer fireworks from 120 to 90 decibels,,Peterborough,201
8162,738192,Reduce the maximum noise level for consumer fireworks from 120 to 90 decibels,,Plymouth Moor View,229
8163,738192,Reduce the maximum noise level for consumer fireworks from 120 to 90 decibels,,Plymouth Sutton and Devonport,212
8164,738192,Reduce the maximum noise level for consumer fireworks from 120 to 90 decibels,,"Pontefract, Castleford and Knottingley",407
8165,738192,Reduce the maximum noise level for consumer fireworks from 120 to 90 decibels,,Poole,229
8166,738192,Reduce the maximum noise level for consumer fireworks from 120 to 90 decibels,,Poplar and Limehouse,95
8167,738192,Reduce the maximum noise level for consumer fireworks from 120 to 90 decibels,,Portsmouth North,224
8168,738192,Reduce the maximum noise level for consumer fireworks from 120 to 90 decibels,,Portsmouth South,149
8169,738192,Reduce the maximum noise level for consumer fireworks from 120 to 90 decibels,,Preston,200
8170,738192,Reduce the maximum noise level for consumer fireworks from 120 to 90 decibels,,Putney,102
8171,738192,Reduce the maximum noise level for consumer fireworks from 120 to 90 decibels,,Queen's Park and Maida Vale,81
8172,738192,Reduce the maximum noise level for consumer fireworks from 120 to 90 decibels,,Rawmarsh and Conisbrough,327
8173,738192,Reduce the maximum noise level for consumer fireworks from 120 to 90 decibels,,Rayleigh and Wickford,431
8174,738192,Reduce the maximum noise level for consumer fireworks from 120 to 90 decibels,,Reading Central,211
8175,738192,Reduce the maximum noise level for consumer fireworks from 120 to 90 decibels,,Reading West and Mid Berkshire,336
8176,738192,Reduce the maximum noise level for consumer fireworks from 120 to 90 decibels,,Redcar,261
8177,738192,Reduce the maximum noise level for consumer fireworks from 120 to 90 decibels,,Redditch,271
8178,738192,Reduce the maximum noise level for consumer fireworks from 120 to 90 decibels,,Reigate,362
8179,738192,Reduce the maximum noise level for consumer fireworks from 120 to 90 decibels,,Ribble Valley,295
8180,738192,Reduce the maximum noise level for consumer fireworks from 120 to 90 decibels,,Richmond and Northallerton,291
8181,738192,Reduce the maximum noise level for consumer fireworks from 120 to 90 decibels,,Richmond Park,201
8182,738192,Reduce the maximum noise level for consumer fireworks from 120 to 90 decibels,,Rochdale,221
8183,738192,Reduce the maximum noise level for consumer fireworks from 120 to 90 decibels,,Rochester and Strood,265
8184,738192,Reduce the maximum noise level for consumer fireworks from 120 to 90 decibels,,Romford,283
8185,738192,Reduce the maximum noise level for consumer fireworks from 120 to 90 decibels,,Romsey and Southampton North,287
8186,738192,Reduce the maximum noise level for consumer fireworks from 120 to 90 decibels,,Rossendale and Darwen,344
8187,738192,Reduce the maximum noise level for consumer fireworks from 120 to 90 decibels,,Rother Valley,364
8188,738192,Reduce the maximum noise level for consumer fireworks from 120 to 90 decibels,,Rotherham,301
8189,738192,Reduce the maximum noise level for consumer fireworks from 120 to 90 decibels,,Rugby,366
8190,738192,Reduce the maximum noise level for consumer fireworks from 120 to 90 decibels,,"Ruislip, Northwood and Pinner",638
8191,738192,Reduce the maximum noise level for consumer fireworks from 120 to 90 decibels,,Runcorn and Helsby,293
8192,738192,Reduce the maximum noise level for consumer fireworks from 120 to 90 decibels,,Runnymede and Weybridge,367
8193,738192,Reduce the maximum noise level for consumer fireworks from 120 to 90 decibels,,Rushcliffe,277
8194,738192,Reduce the maximum noise level for consumer fireworks from 120 to 90 decibels,,Rutland and Stamford,252
8195,738192,Reduce the maximum noise level for consumer fireworks from 120 to 90 decibels,,Salford,210
8196,738192,Reduce the maximum noise level for consumer fireworks from 120 to 90 decibels,,Salisbury,214
8197,738192,Reduce the maximum noise level for consumer fireworks from 120 to 90 decibels,,Scarborough and Whitby,374
8198,738192,Reduce the maximum noise level for consumer fireworks from 120 to 90 decibels,,Scunthorpe,324
8199,738192,Reduce the maximum noise level for consumer fireworks from 120 to 90 decibels,,Sefton Central,351
8200,738192,Reduce the maximum noise level for consumer fireworks from 120 to 90 decibels,,Selby,438
8201,738192,Reduce the maximum noise level for consumer fireworks from 120 to 90 decibels,,Sevenoaks,344
8202,738192,Reduce the maximum noise level for consumer fireworks from 120 to 90 decibels,,Sheffield Brightside and Hillsborough,290
8203,738192,Reduce the maximum noise level for consumer fireworks from 120 to 90 decibels,,Sheffield Central,132
8204,738192,Reduce the maximum noise level for consumer fireworks from 120 to 90 decibels,,Sheffield Hallam,277
8205,738192,Reduce the maximum noise level for consumer fireworks from 120 to 90 decibels,,Sheffield Heeley,297
8206,738192,Reduce the maximum noise level for consumer fireworks from 120 to 90 decibels,,Sheffield South East,362
8207,738192,Reduce the maximum noise level for consumer fireworks from 120 to 90 decibels,,Sherwood Forest,404
8208,738192,Reduce the maximum noise level for consumer fireworks from 120 to 90 decibels,,Shipley,464
8209,738192,Reduce the maximum noise level for consumer fireworks from 120 to 90 decibels,,Shrewsbury,229
8210,738192,Reduce the maximum noise level for consumer fireworks from 120 to 90 decibels,,Sittingbourne and Sheppey,340
8211,738192,Reduce the maximum noise level for consumer fireworks from 120 to 90 decibels,,Skipton and Ripon,339
8212,738192,Reduce the maximum noise level for consumer fireworks from 120 to 90 decibels,,Sleaford and North Hykeham,269
8213,738192,Reduce the maximum noise level for consumer fireworks from 120 to 90 decibels,,Slough,452
8214,738192,Reduce the maximum noise level for consumer fireworks from 120 to 90 decibels,,Smethwick,258
8215,738192,Reduce the maximum noise level for consumer fireworks from 120 to 90 decibels,,Solihull West and Shirley,334
8216,738192,Reduce the maximum noise level for consumer fireworks from 120 to 90 decibels,,South Basildon and East Thurrock,315
8217,738192,Reduce the maximum noise level for consumer fireworks from 120 to 90 decibels,,South Cambridgeshire,276
8218,738192,Reduce the maximum noise level for consumer fireworks from 120 to 90 decibels,,South Cotswolds,319
8219,738192,Reduce the maximum noise level for consumer fireworks from 120 to 90 decibels,,South Derbyshire,343
8220,738192,Reduce the maximum noise level for consumer fireworks from 120 to 90 decibels,,South Devon,217
8221,738192,Reduce the maximum noise level for consumer fireworks from 120 to 90 decibels,,South Dorset,244
8222,738192,Reduce the maximum noise level for consumer fireworks from 120 to 90 decibels,,South East Cornwall,289
8223,738192,Reduce the maximum noise level for consumer fireworks from 120 to 90 decibels,,South Holland and The Deepings,295
8224,738192,Reduce the maximum noise level for consumer fireworks from 120 to 90 decibels,,South Leicestershire,371
8225,738192,Reduce the maximum noise level for consumer fireworks from 120 to 90 decibels,,South Norfolk,659
8226,738192,Reduce the maximum noise level for consumer fireworks from 120 to 90 decibels,,South Northamptonshire,340
8227,738192,Reduce the maximum noise level for consumer fireworks from 120 to 90 decibels,,South Ribble,425
8228,738192,Reduce the maximum noise level for consumer fireworks from 120 to 90 decibels,,South Shields,280
8229,738192,Reduce the maximum noise level for consumer fireworks from 120 to 90 decibels,,South Shropshire,285
8230,738192,Reduce the maximum noise level for consumer fireworks from 120 to 90 decibels,,South Suffolk,333
8231,738192,Reduce the maximum noise level for consumer fireworks from 120 to 90 decibels,,South West Devon,290
8232,738192,Reduce the maximum noise level for consumer fireworks from 120 to 90 decibels,,South West Hertfordshire,342
8233,738192,Reduce the maximum noise level for consumer fireworks from 120 to 90 decibels,,South West Norfolk,472
8234,738192,Reduce the maximum noise level for consumer fireworks from 120 to 90 decibels,,South West Wiltshire,301
8235,738192,Reduce the maximum noise level for consumer fireworks from 120 to 90 decibels,,Southampton Itchen,229
8236,738192,Reduce the maximum noise level for consumer fireworks from 120 to 90 decibels,,Southampton Test,209
8237,738192,Reduce the maximum noise level for consumer fireworks from 120 to 90 decibels,,Southend East and Rochford,314
8238,738192,Reduce the maximum noise level for consumer fireworks from 120 to 90 decibels,,Southend West and Leigh,360
8239,738192,Reduce the maximum noise level for consumer fireworks from 120 to 90 decibels,,Southgate and Wood Green,120
8240,738192,Reduce the maximum noise level for consumer fireworks from 120 to 90 decibels,,Southport,339
8241,738192,Reduce the maximum noise level for consumer fireworks from 120 to 90 decibels,,Spelthorne,470
8242,738192,Reduce the maximum noise level for consumer fireworks from 120 to 90 decibels,,Spen Valley,331
8243,738192,Reduce the maximum noise level for consumer fireworks from 120 to 90 decibels,,St Albans,197
8244,738192,Reduce the maximum noise level for consumer fireworks from 120 to 90 decibels,,St Austell and Newquay,235
8245,738192,Reduce the maximum noise level for consumer fireworks from 120 to 90 decibels,,St Helens North,320
8246,738192,Reduce the maximum noise level for consumer fireworks from 120 to 90 decibels,,St Helens South and Whiston,256
8247,738192,Reduce the maximum noise level for consumer fireworks from 120 to 90 decibels,,St Ives,225
8248,738192,Reduce the maximum noise level for consumer fireworks from 120 to 90 decibels,,St Neots and Mid Cambridgeshire,213
8249,738192,Reduce the maximum noise level for consumer fireworks from 120 to 90 decibels,,Stafford,303
8250,738192,Reduce the maximum noise level for consumer fireworks from 120 to 90 decibels,,Staffordshire Moorlands,325
8251,738192,Reduce the maximum noise level for consumer fireworks from 120 to 90 decibels,,Stalybridge and Hyde,339
8252,738192,Reduce the maximum noise level for consumer fireworks from 120 to 90 decibels,,Stevenage,232
8253,738192,Reduce the maximum noise level for consumer fireworks from 120 to 90 decibels,,Stockport,300
8254,738192,Reduce the maximum noise level for consumer fireworks from 120 to 90 decibels,,Stockton North,274
8255,738192,Reduce the maximum noise level for consumer fireworks from 120 to 90 decibels,,Stockton West,281
8256,738192,Reduce the maximum noise level for consumer fireworks from 120 to 90 decibels,,Stoke-on-Trent Central,324
8257,738192,Reduce the maximum noise level for consumer fireworks from 120 to 90 decibels,,Stoke-on-Trent North,349
8258,738192,Reduce the maximum noise level for consumer fireworks from 120 to 90 decibels,,Stoke-on-Trent South,369
8259,738192,Reduce the maximum noise level for consumer fireworks from 120 to 90 decibels,,"Stone, Great Wyrley and Penkridge",339
8260,738192,Reduce the maximum noise level for consumer fireworks from 120 to 90 decibels,,Stourbridge,289
8261,738192,Reduce the maximum noise level for consumer fireworks from 120 to 90 decibels,,Stratford and Bow,111
8262,738192,Reduce the maximum noise level for consumer fireworks from 120 to 90 decibels,,Stratford-on-Avon,379
8263,738192,Reduce the maximum noise level for consumer fireworks from 120 to 90 decibels,,Streatham and Croydon North,101
8264,738192,Reduce the maximum noise level for consumer fireworks from 120 to 90 decibels,,Stretford and Urmston,207
8265,738192,Reduce the maximum noise level for consumer fireworks from 120 to 90 decibels,,Stroud,347
8266,738192,Reduce the maximum noise level for consumer fireworks from 120 to 90 decibels,,Suffolk Coastal,317
8267,738192,Reduce the maximum noise level for consumer fireworks from 120 to 90 decibels,,Sunderland Central,242
8268,738192,Reduce the maximum noise level for consumer fireworks from 120 to 90 decibels,,Surrey Heath,314
8269,738192,Reduce the maximum noise level for consumer fireworks from 120 to 90 decibels,,Sussex Weald,285
8270,738192,Reduce the maximum noise level for consumer fireworks from 120 to 90 decibels,,Sutton and Cheam,219
8271,738192,Reduce the maximum noise level for consumer fireworks from 120 to 90 decibels,,Sutton Coldfield,292
8272,738192,Reduce the maximum noise level for consumer fireworks from 120 to 90 decibels,,Swindon North,342
8273,738192,Reduce the maximum noise level for consumer fireworks from 120 to 90 decibels,,Swindon South,293
8274,738192,Reduce the maximum noise level for consumer fireworks from 120 to 90 decibels,,Tamworth,304
8275,738192,Reduce the maximum noise level for consumer fireworks from 120 to 90 decibels,,Tatton,323
8276,738192,Reduce the maximum noise level for consumer fireworks from 120 to 90 decibels,,Taunton and Wellington,237
8277,738192,Reduce the maximum noise level for consumer fireworks from 120 to 90 decibels,,Telford,246
8278,738192,Reduce the maximum noise level for consumer fireworks from 120 to 90 decibels,,Tewkesbury,306
8279,738192,Reduce the maximum noise level for consumer fireworks from 120 to 90 decibels,,The Wrekin,339
8280,738192,Reduce the maximum noise level for consumer fireworks from 120 to 90 decibels,,Thirsk and Malton,330
8281,738192,Reduce the maximum noise level for consumer fireworks from 120 to 90 decibels,,Thornbury and Yate,334
8282,738192,Reduce the maximum noise level for consumer fireworks from 120 to 90 decibels,,Thurrock,219
8283,738192,Reduce the maximum noise level for consumer fireworks from 120 to 90 decibels,,Tipton and Wednesbury,350
8284,738192,Reduce the maximum noise level for consumer fireworks from 120 to 90 decibels,,Tiverton and Minehead,260
8285,738192,Reduce the maximum noise level for consumer fireworks from 120 to 90 decibels,,Tonbridge,350
8286,738192,Reduce the maximum noise level for consumer fireworks from 120 to 90 decibels,,Tooting,95
8287,738192,Reduce the maximum noise level for consumer fireworks from 120 to 90 decibels,,Torbay,218
8288,738192,Reduce the maximum noise level for consumer fireworks from 120 to 90 decibels,,Torridge and Tavistock,300
8289,738192,Reduce the maximum noise level for consumer fireworks from 120 to 90 decibels,,Tottenham,62
8290,738192,Reduce the maximum noise level for consumer fireworks from 120 to 90 decibels,,Truro and Falmouth,183
8291,738192,Reduce the maximum noise level for consumer fireworks from 120 to 90 decibels,,Tunbridge Wells,302
8292,738192,Reduce the maximum noise level for consumer fireworks from 120 to 90 decibels,,Twickenham,378
8293,738192,Reduce the maximum noise level for consumer fireworks from 120 to 90 decibels,,Tynemouth,258
8294,738192,Reduce the maximum noise level for consumer fireworks from 120 to 90 decibels,,Uxbridge and South Ruislip,453
8295,738192,Reduce the maximum noise level for consumer fireworks from 120 to 90 decibels,,Vauxhall and Camberwell Green,46
8296,738192,Reduce the maximum noise level for consumer fireworks from 120 to 90 decibels,,Wakefield and Rothwell,397
8297,738192,Reduce the maximum noise level for consumer fireworks from 120 to 90 decibels,,Wallasey,353
8298,738192,Reduce the maximum noise level for consumer fireworks from 120 to 90 decibels,,Walsall and Bloxwich,196
8299,738192,Reduce the maximum noise level for consumer fireworks from 120 to 90 decibels,,Walthamstow,182
8300,738192,Reduce the maximum noise level for consumer fireworks from 120 to 90 decibels,,Warrington North,305
8301,738192,Reduce the maximum noise level for consumer fireworks from 120 to 90 decibels,,Warrington South,340
8302,738192,Reduce the maximum noise level for consumer fireworks from 120 to 90 decibels,,Warwick and Leamington,318
8303,738192,Reduce the maximum noise level for consumer fireworks from 120 to 90 decibels,,Washington and Gateshead South,301
8304,738192,Reduce the maximum noise level for consumer fireworks from 120 to 90 decibels,,Watford,269
8305,738192,Reduce the maximum noise level for consumer fireworks from 120 to 90 decibels,,Waveney Valley,471
8306,738192,Reduce the maximum noise level for consumer fireworks from 120 to 90 decibels,,Weald of Kent,312
8307,738192,Reduce the maximum noise level for consumer fireworks from 120 to 90 decibels,,Wellingborough and Rushden,358
8308,738192,Reduce the maximum noise level for consumer fireworks from 120 to 90 decibels,,Wells and Mendip Hills,354
8309,738192,Reduce the maximum noise level for consumer fireworks from 120 to 90 decibels,,Welwyn Hatfield,306
8310,738192,Reduce the maximum noise level for consumer fireworks from 120 to 90 decibels,,West Bromwich,321
8311,738192,Reduce the maximum noise level for consumer fireworks from 120 to 90 decibels,,West Dorset,246
8312,738192,Reduce the maximum noise level for consumer fireworks from 120 to 90 decibels,,West Ham and Beckton,115
8313,738192,Reduce the maximum noise level for consumer fireworks from 120 to 90 decibels,,West Lancashire,360
8314,738192,Reduce the maximum noise level for consumer fireworks from 120 to 90 decibels,,West Suffolk,336
8315,738192,Reduce the maximum noise level for consumer fireworks from 120 to 90 decibels,,West Worcestershire,356
8316,738192,Reduce the maximum noise level for consumer fireworks from 120 to 90 decibels,,Westmorland and Lonsdale,253
8317,738192,Reduce the maximum noise level for consumer fireworks from 120 to 90 decibels,,Weston-super-Mare,280
8318,738192,Reduce the maximum noise level for consumer fireworks from 120 to 90 decibels,,Wetherby and Easingwold,368
8319,738192,Reduce the maximum noise level for consumer fireworks from 120 to 90 decibels,,Whitehaven and Workington,423
8320,738192,Reduce the maximum noise level for consumer fireworks from 120 to 90 decibels,,Widnes and Halewood,253
8321,738192,Reduce the maximum noise level for consumer fireworks from 120 to 90 decibels,,Wigan,362
8322,738192,Reduce the maximum noise level for consumer fireworks from 120 to 90 decibels,,Wimbledon,130
8323,738192,Reduce the maximum noise level for consumer fireworks from 120 to 90 decibels,,Winchester,244
8324,738192,Reduce the maximum noise level for consumer fireworks from 120 to 90 decibels,,Windsor,543
8325,738192,Reduce the maximum noise level for consumer fireworks from 120 to 90 decibels,,Wirral West,331
8326,738192,Reduce the maximum noise level for consumer fireworks from 120 to 90 decibels,,Witham,414
8327,738192,Reduce the maximum noise level for consumer fireworks from 120 to 90 decibels,,Witney,291
8328,738192,Reduce the maximum noise level for consumer fireworks from 120 to 90 decibels,,Woking,278
8329,738192,Reduce the maximum noise level for consumer fireworks from 120 to 90 decibels,,Wokingham,373
8330,738192,Reduce the maximum noise level for consumer fireworks from 120 to 90 decibels,,Wolverhampton North East,246
8331,738192,Reduce the maximum noise level for consumer fireworks from 120 to 90 decibels,,Wolverhampton South East,258
8332,738192,Reduce the maximum noise level for consumer fireworks from 120 to 90 decibels,,Wolverhampton West,268
8333,738192,Reduce the maximum noise level for consumer fireworks from 120 to 90 decibels,,Worcester,233
8334,738192,Reduce the maximum noise level for consumer fireworks from 120 to 90 decibels,,Worsley and Eccles,359
8335,738192,Reduce the maximum noise level for consumer fireworks from 120 to 90 decibels,,Worthing West,266
8336,738192,Reduce the maximum noise level for consumer fireworks from 120 to 90 decibels,,Wycombe,268
8337,738192,Reduce the maximum noise level for consumer fireworks from 120 to 90 decibels,,Wyre Forest,364
8338,738192,Reduce the maximum noise level for consumer fireworks from 120 to 90 decibels,,Wythenshawe and Sale East,275
8339,738192,Reduce the maximum noise level for consumer fireworks from 120 to 90 decibels,,Yeovil,251
8340,738192,Reduce the maximum noise level for consumer fireworks from 120 to 90 decibels,,York Central,279
8341,738192,Reduce the maximum noise level for consumer fireworks from 120 to 90 decibels,,York Outer,306
8342,738192,Reduce the maximum noise level for consumer fireworks from 120 to 90 decibels,,Belfast East,110
8343,738192,Reduce the maximum noise level for consumer fireworks from 120 to 90 decibels,,Belfast North,138
8344,738192,Reduce the maximum noise level for consumer fireworks from 120 to 90 decibels,,Belfast South and Mid Down,82
8345,738192,Reduce the maximum noise level for consumer fireworks from 120 to 90 decibels,,Belfast West,69
8346,738192,Reduce the maximum noise level for consumer fireworks from 120 to 90 decibels,,East Antrim,178
8347,738192,Reduce the maximum noise level for consumer fireworks from 120 to 90 decibels,,East Londonderry,58
8348,738192,Reduce the maximum noise level for consumer fireworks from 120 to 90 decibels,,Fermanagh and South Tyrone,43
8349,738192,Reduce the maximum noise level for consumer fireworks from 120 to 90 decibels,,Foyle,32
8350,738192,Reduce the maximum noise level for consumer fireworks from 120 to 90 decibels,,Lagan Valley,130
8351,738192,Reduce the maximum noise level for consumer fireworks from 120 to 90 decibels,,Mid Ulster,52
8352,738192,Reduce the maximum noise level for consumer fireworks from 120 to 90 decibels,,Newry and Armagh,67
8353,738192,Reduce the maximum noise level for consumer fireworks from 120 to 90 decibels,,North Antrim,111
8354,738192,Reduce the maximum noise level for consumer fireworks from 120 to 90 decibels,,North Down,120
8355,738192,Reduce the maximum noise level for consumer fireworks from 120 to 90 decibels,,South Antrim,274
8356,738192,Reduce the maximum noise level for consumer fireworks from 120 to 90 decibels,,South Down,91
8357,738192,Reduce the maximum noise level for consumer fireworks from 120 to 90 decibels,,Strangford,149
8358,738192,Reduce the maximum noise level for consumer fireworks from 120 to 90 decibels,,Upper Bann,122
8359,738192,Reduce the maximum noise level for consumer fireworks from 120 to 90 decibels,,West Tyrone,32
8360,738192,Reduce the maximum noise level for consumer fireworks from 120 to 90 decibels,,East Renfrewshire,133
8361,738192,Reduce the maximum noise level for consumer fireworks from 120 to 90 decibels,,Na h-Eileanan an Iar,26
8362,738192,Reduce the maximum noise level for consumer fireworks from 120 to 90 decibels,,Midlothian,185
8363,738192,Reduce the maximum noise level for consumer fireworks from 120 to 90 decibels,,North Ayrshire and Arran,147
8364,738192,Reduce the maximum noise level for consumer fireworks from 120 to 90 decibels,,Orkney and Shetland,44
8365,738192,Reduce the maximum noise level for consumer fireworks from 120 to 90 decibels,,Aberdeen North,164
8366,738192,Reduce the maximum noise level for consumer fireworks from 120 to 90 decibels,,Aberdeen South,120
8367,738192,Reduce the maximum noise level for consumer fireworks from 120 to 90 decibels,,Aberdeenshire North and Moray East,123
8368,738192,Reduce the maximum noise level for consumer fireworks from 120 to 90 decibels,,Airdrie and Shotts,134
8369,738192,Reduce the maximum noise level for consumer fireworks from 120 to 90 decibels,,Alloa and Grangemouth,136
8370,738192,Reduce the maximum noise level for consumer fireworks from 120 to 90 decibels,,Angus and Perthshire Glens,202
8371,738192,Reduce the maximum noise level for consumer fireworks from 120 to 90 decibels,,Arbroath and Broughty Ferry,135
8372,738192,Reduce the maximum noise level for consumer fireworks from 120 to 90 decibels,,"Argyll, Bute and South Lochaber",169
8373,738192,Reduce the maximum noise level for consumer fireworks from 120 to 90 decibels,,Bathgate and Linlithgow,138
8374,738192,Reduce the maximum noise level for consumer fireworks from 120 to 90 decibels,,"Caithness, Sutherland and Easter Ross",156
8375,738192,Reduce the maximum noise level for consumer fireworks from 120 to 90 decibels,,Coatbridge and Bellshill,128
8376,738192,Reduce the maximum noise level for consumer fireworks from 120 to 90 decibels,,Cowdenbeath and Kirkcaldy,146
8377,738192,Reduce the maximum noise level for consumer fireworks from 120 to 90 decibels,,Cumbernauld and Kirkintilloch,160
8378,738192,Reduce the maximum noise level for consumer fireworks from 120 to 90 decibels,,Dumfries and Galloway,160
8379,738192,Reduce the maximum noise level for consumer fireworks from 120 to 90 decibels,,"Dumfriesshire, Clydesdale and Tweeddale",212
8380,738192,Reduce the maximum noise level for consumer fireworks from 120 to 90 decibels,,Dundee Central,106
8381,738192,Reduce the maximum noise level for consumer fireworks from 120 to 90 decibels,,Dunfermline and Dollar,142
8382,738192,Reduce the maximum noise level for consumer fireworks from 120 to 90 decibels,,East Kilbride and Strathaven,207
8383,738192,Reduce the maximum noise level for consumer fireworks from 120 to 90 decibels,,Edinburgh East and Musselburgh,98
8384,738192,Reduce the maximum noise level for consumer fireworks from 120 to 90 decibels,,Edinburgh North and Leith,110
8385,738192,Reduce the maximum noise level for consumer fireworks from 120 to 90 decibels,,Edinburgh South,84
8386,738192,Reduce the maximum noise level for consumer fireworks from 120 to 90 decibels,,Edinburgh South West,88
8387,738192,Reduce the maximum noise level for consumer fireworks from 120 to 90 decibels,,Edinburgh West,93
8388,738192,Reduce the maximum noise level for consumer fireworks from 120 to 90 decibels,,Falkirk,138
8389,738192,Reduce the maximum noise level for consumer fireworks from 120 to 90 decibels,,Glasgow East,120
8390,738192,Reduce the maximum noise level for consumer fireworks from 120 to 90 decibels,,Glasgow North,138
8391,738192,Reduce the maximum noise level for consumer fireworks from 120 to 90 decibels,,Glasgow North East,120
8392,738192,Reduce the maximum noise level for consumer fireworks from 120 to 90 decibels,,Glasgow South,158
8393,738192,Reduce the maximum noise level for consumer fireworks from 120 to 90 decibels,,Glasgow South West,141
8394,738192,Reduce the maximum noise level for consumer fireworks from 120 to 90 decibels,,Glasgow West,130
8395,738192,Reduce the maximum noise level for consumer fireworks from 120 to 90 decibels,,Glenrothes and Mid Fife,124
8396,738192,Reduce the maximum noise level for consumer fireworks from 120 to 90 decibels,,Gordon and Buchan,130
8397,738192,Reduce the maximum noise level for consumer fireworks from 120 to 90 decibels,,Hamilton and Clyde Valley,147
8398,738192,Reduce the maximum noise level for consumer fireworks from 120 to 90 decibels,,Inverclyde and Renfrewshire West,92
8399,738192,Reduce the maximum noise level for consumer fireworks from 120 to 90 decibels,,"Inverness, Skye and West Ross-shire",138
8400,738192,Reduce the maximum noise level for consumer fireworks from 120 to 90 decibels,,Livingston,155
8401,738192,Reduce the maximum noise level for consumer fireworks from 120 to 90 decibels,,Lothian East,127
8402,738192,Reduce the maximum noise level for consumer fireworks from 120 to 90 decibels,,Mid Dunbartonshire,174
8403,738192,Reduce the maximum noise level for consumer fireworks from 120 to 90 decibels,,"Moray West, Nairn and Strathspey",133
8404,738192,Reduce the maximum noise level for consumer fireworks from 120 to 90 decibels,,"Motherwell, Wishaw and Carluke",141
8405,738192,Reduce the maximum noise level for consumer fireworks from 120 to 90 decibels,,North East Fife,124
8406,738192,Reduce the maximum noise level for consumer fireworks from 120 to 90 decibels,,Paisley and Renfrewshire North,213
8407,738192,Reduce the maximum noise level for consumer fireworks from 120 to 90 decibels,,Paisley and Renfrewshire South,181
8408,738192,Reduce the maximum noise level for consumer fireworks from 120 to 90 decibels,,Perth and Kinross-shire,153
8409,738192,Reduce the maximum noise level for consumer fireworks from 120 to 90 decibels,,Rutherglen,186
8410,738192,Reduce the maximum noise level for consumer fireworks from 120 to 90 decibels,,Stirling and Strathallan,133
8411,738192,Reduce the maximum noise level for consumer fireworks from 120 to 90 decibels,,West Dunbartonshire,228
8412,738192,Reduce the maximum noise level for consumer fireworks from 120 to 90 decibels,,"Ayr, Carrick and Cumnock",124
8413,738192,Reduce the maximum noise level for consumer fireworks from 120 to 90 decibels,,"Berwickshire, Roxburgh and Selkirk",168
8414,738192,Reduce the maximum noise level for consumer fireworks from 120 to 90 decibels,,Central Ayrshire,138
8415,738192,Reduce the maximum noise level for consumer fireworks from 120 to 90 decibels,,Kilmarnock and Loudoun,165
8416,738192,Reduce the maximum noise level for consumer fireworks from 120 to 90 decibels,,West Aberdeenshire and Kincardine,141
8417,738192,Reduce the maximum noise level for consumer fireworks from 120 to 90 decibels,,Aberafan Maesteg,251
8418,738192,Reduce the maximum noise level for consumer fireworks from 120 to 90 decibels,,Alyn and Deeside,356
8419,738192,Reduce the maximum noise level for consumer fireworks from 120 to 90 decibels,,Bangor Aberconwy,227
8420,738192,Reduce the maximum noise level for consumer fireworks from 120 to 90 decibels,,Blaenau Gwent and Rhymney,231
8421,738192,Reduce the maximum noise level for consumer fireworks from 120 to 90 decibels,,"Brecon, Radnor and Cwm Tawe",293
8422,738192,Reduce the maximum noise level for consumer fireworks from 120 to 90 decibels,,Bridgend,224
8423,738192,Reduce the maximum noise level for consumer fireworks from 120 to 90 decibels,,Caerfyrddin,274
8424,738192,Reduce the maximum noise level for consumer fireworks from 120 to 90 decibels,,Caerphilly,293
8425,738192,Reduce the maximum noise level for consumer fireworks from 120 to 90 decibels,,Cardiff East,200
8426,738192,Reduce the maximum noise level for consumer fireworks from 120 to 90 decibels,,Cardiff North,284
8427,738192,Reduce the maximum noise level for consumer fireworks from 120 to 90 decibels,,Cardiff South and Penarth,166
8428,738192,Reduce the maximum noise level for consumer fireworks from 120 to 90 decibels,,Cardiff West,214
8429,738192,Reduce the maximum noise level for consumer fireworks from 120 to 90 decibels,,Ceredigion Preseli,248
8430,738192,Reduce the maximum noise level for consumer fireworks from 120 to 90 decibels,,Clwyd East,339
8431,738192,Reduce the maximum noise level for consumer fireworks from 120 to 90 decibels,,Clwyd North,301
8432,738192,Reduce the maximum noise level for consumer fireworks from 120 to 90 decibels,,Dwyfor Meirionnydd,161
8433,738192,Reduce the maximum noise level for consumer fireworks from 120 to 90 decibels,,Gower,289
8434,738192,Reduce the maximum noise level for consumer fireworks from 120 to 90 decibels,,Llanelli,270
8435,738192,Reduce the maximum noise level for consumer fireworks from 120 to 90 decibels,,Merthyr Tydfil and Aberdare,226
8436,738192,Reduce the maximum noise level for consumer fireworks from 120 to 90 decibels,,Mid and South Pembrokeshire,223
8437,738192,Reduce the maximum noise level for consumer fireworks from 120 to 90 decibels,,Monmouthshire,354
8438,738192,Reduce the maximum noise level for consumer fireworks from 120 to 90 decibels,,Montgomeryshire and Glyndŵr,245
8439,738192,Reduce the maximum noise level for consumer fireworks from 120 to 90 decibels,,Neath and Swansea East,240
8440,738192,Reduce the maximum noise level for consumer fireworks from 120 to 90 decibels,,Newport East,235
8441,738192,Reduce the maximum noise level for consumer fireworks from 120 to 90 decibels,,Newport West and Islwyn,264
8442,738192,Reduce the maximum noise level for consumer fireworks from 120 to 90 decibels,,Pontypridd,257
8443,738192,Reduce the maximum noise level for consumer fireworks from 120 to 90 decibels,,Rhondda and Ogmore,221
8444,738192,Reduce the maximum noise level for consumer fireworks from 120 to 90 decibels,,Swansea West,226
8445,738192,Reduce the maximum noise level for consumer fireworks from 120 to 90 decibels,,Torfaen,318
8446,738192,Reduce the maximum noise level for consumer fireworks from 120 to 90 decibels,,Vale of Glamorgan,300
8447,738192,Reduce the maximum noise level for consumer fireworks from 120 to 90 decibels,,Wrexham,267
8448,738192,Reduce the maximum noise level for consumer fireworks from 120 to 90 decibels,,Ynys Môn,205
8449,732559,Limit the sale of fireworks to those running local council approved events only,,Aldershot,211
8450,732559,Limit the sale of fireworks to those running local council approved events only,,Aldridge-Brownhills,326
8451,732559,Limit the sale of fireworks to those running local council approved events only,,Altrincham and Sale West,367
8452,732559,Limit the sale of fireworks to those running local council approved events only,,Amber Valley,395
8453,732559,Limit the sale of fireworks to those running local council approved events only,,Arundel and South Downs,322
8454,732559,Limit the sale of fireworks to those running local council approved events only,,Ashfield,445
8455,732559,Limit the sale of fireworks to those running local council approved events only,,Ashford,190
8456,732559,Limit the sale of fireworks to those running local council approved events only,,Ashton-under-Lyne,337
8457,732559,Limit the sale of fireworks to those running local council approved events only,,Aylesbury,323
8458,732559,Limit the sale of fireworks to those running local council approved events only,,Banbury,162
8459,732559,Limit the sale of fireworks to those running local council approved events only,,Barking,98
8460,732559,Limit the sale of fireworks to those running local council approved events only,,Barnsley North,475
8461,732559,Limit the sale of fireworks to those running local council approved events only,,Barnsley South,492
8462,732559,Limit the sale of fireworks to those running local council approved events only,,Barrow and Furness,302
8463,732559,Limit the sale of fireworks to those running local council approved events only,,Basildon and Billericay,277
8464,732559,Limit the sale of fireworks to those running local council approved events only,,Basingstoke,246
8465,732559,Limit the sale of fireworks to those running local council approved events only,,Bassetlaw,422
8466,732559,Limit the sale of fireworks to those running local council approved events only,,Bath,173
8467,732559,Limit the sale of fireworks to those running local council approved events only,,Battersea,59
8468,732559,Limit the sale of fireworks to those running local council approved events only,,Beaconsfield,425
8469,732559,Limit the sale of fireworks to those running local council approved events only,,Beckenham and Penge,176
8470,732559,Limit the sale of fireworks to those running local council approved events only,,Bedford,221
8471,732559,Limit the sale of fireworks to those running local council approved events only,,Bermondsey and Old Southwark,76
8472,732559,Limit the sale of fireworks to those running local council approved events only,,Bethnal Green and Stepney,76
8473,732559,Limit the sale of fireworks to those running local council approved events only,,Beverley and Holderness,429
8474,732559,Limit the sale of fireworks to those running local council approved events only,,Bexhill and Battle,408
8475,732559,Limit the sale of fireworks to those running local council approved events only,,Bexleyheath and Crayford,213
8476,732559,Limit the sale of fireworks to those running local council approved events only,,Bicester and Woodstock,194
8477,732559,Limit the sale of fireworks to those running local council approved events only,,Birkenhead,422
8478,732559,Limit the sale of fireworks to those running local council approved events only,,Birmingham Edgbaston,210
8479,732559,Limit the sale of fireworks to those running local council approved events only,,Birmingham Erdington,188
8480,732559,Limit the sale of fireworks to those running local council approved events only,,Birmingham Hall Green and Moseley,98
8481,732559,Limit the sale of fireworks to those running local council approved events only,,Birmingham Hodge Hill and Solihull North,172
8482,732559,Limit the sale of fireworks to those running local council approved events only,,Birmingham Ladywood,55
8483,732559,Limit the sale of fireworks to those running local council approved events only,,Birmingham Northfield,282
8484,732559,Limit the sale of fireworks to those running local council approved events only,,Birmingham Perry Barr,59
8485,732559,Limit the sale of fireworks to those running local council approved events only,,Birmingham Selly Oak,234
8486,732559,Limit the sale of fireworks to those running local council approved events only,,Birmingham Yardley,230
8487,732559,Limit the sale of fireworks to those running local council approved events only,,Bishop Auckland,332
8488,732559,Limit the sale of fireworks to those running local council approved events only,,Blackburn,211
8489,732559,Limit the sale of fireworks to those running local council approved events only,,Blackley and Middleton South,302
8490,732559,Limit the sale of fireworks to those running local council approved events only,,Blackpool North and Fleetwood,519
8491,732559,Limit the sale of fireworks to those running local council approved events only,,Blackpool South,506
8492,732559,Limit the sale of fireworks to those running local council approved events only,,Blaydon and Consett,308
8493,732559,Limit the sale of fireworks to those running local council approved events only,,Blyth and Ashington,530
8494,732559,Limit the sale of fireworks to those running local council approved events only,,Bognor Regis and Littlehampton,207
8495,732559,Limit the sale of fireworks to those running local council approved events only,,Bolsover,513
8496,732559,Limit the sale of fireworks to those running local council approved events only,,Bolton North East,486
8497,732559,Limit the sale of fireworks to those running local council approved events only,,Bolton South and Walkden,365
8498,732559,Limit the sale of fireworks to those running local council approved events only,,Bolton West,491
8499,732559,Limit the sale of fireworks to those running local council approved events only,,Bootle,486
8500,732559,Limit the sale of fireworks to those running local council approved events only,,Boston and Skegness,262
8501,732559,Limit the sale of fireworks to those running local council approved events only,,Bournemouth East,270
8502,732559,Limit the sale of fireworks to those running local council approved events only,,Bournemouth West,227
8503,732559,Limit the sale of fireworks to those running local council approved events only,,Bracknell,265
8504,732559,Limit the sale of fireworks to those running local council approved events only,,Bradford East,282
8505,732559,Limit the sale of fireworks to those running local council approved events only,,Bradford South,305
8506,732559,Limit the sale of fireworks to those running local council approved events only,,Bradford West,160
8507,732559,Limit the sale of fireworks to those running local council approved events only,,Braintree,279
8508,732559,Limit the sale of fireworks to those running local council approved events only,,Brent East,74
8509,732559,Limit the sale of fireworks to those running local council approved events only,,Brent West,98
8510,732559,Limit the sale of fireworks to those running local council approved events only,,Brentford and Isleworth,177
8511,732559,Limit the sale of fireworks to those running local council approved events only,,Brentwood and Ongar,227
8512,732559,Limit the sale of fireworks to those running local council approved events only,,Bridgwater,239
8513,732559,Limit the sale of fireworks to those running local council approved events only,,Bridlington and The Wolds,708
8514,732559,Limit the sale of fireworks to those running local council approved events only,,Brigg and Immingham,469
8515,732559,Limit the sale of fireworks to those running local council approved events only,,Brighton Kemptown and Peacehaven,236
8516,732559,Limit the sale of fireworks to those running local council approved events only,,Brighton Pavilion,208
8517,732559,Limit the sale of fireworks to those running local council approved events only,,Bristol Central,103
8518,732559,Limit the sale of fireworks to those running local council approved events only,,Bristol East,259
8519,732559,Limit the sale of fireworks to those running local council approved events only,,Bristol North East,297
8520,732559,Limit the sale of fireworks to those running local council approved events only,,Bristol North West,226
8521,732559,Limit the sale of fireworks to those running local council approved events only,,Bristol South,218
8522,732559,Limit the sale of fireworks to those running local council approved events only,,Broadland and Fakenham,286
8523,732559,Limit the sale of fireworks to those running local council approved events only,,Bromley and Biggin Hill,219
8524,732559,Limit the sale of fireworks to those running local council approved events only,,Bromsgrove,293
8525,732559,Limit the sale of fireworks to those running local council approved events only,,Broxbourne,294
8526,732559,Limit the sale of fireworks to those running local council approved events only,,Broxtowe,349
8527,732559,Limit the sale of fireworks to those running local council approved events only,,Buckingham and Bletchley,209
8528,732559,Limit the sale of fireworks to those running local council approved events only,,Burnley,366
8529,732559,Limit the sale of fireworks to those running local council approved events only,,Burton and Uttoxeter,287
8530,732559,Limit the sale of fireworks to those running local council approved events only,,Bury North,475
8531,732559,Limit the sale of fireworks to those running local council approved events only,,Bury South,510
8532,732559,Limit the sale of fireworks to those running local council approved events only,,Bury St Edmunds and Stowmarket,209
8533,732559,Limit the sale of fireworks to those running local council approved events only,,Calder Valley,464
8534,732559,Limit the sale of fireworks to those running local council approved events only,,Camborne and Redruth,215
8535,732559,Limit the sale of fireworks to those running local council approved events only,,Cambridge,83
8536,732559,Limit the sale of fireworks to those running local council approved events only,,Cannock Chase,417
8537,732559,Limit the sale of fireworks to those running local council approved events only,,Canterbury,165
8538,732559,Limit the sale of fireworks to those running local council approved events only,,Carlisle,466
8539,732559,Limit the sale of fireworks to those running local council approved events only,,Carshalton and Wallington,152
8540,732559,Limit the sale of fireworks to those running local council approved events only,,Castle Point,376
8541,732559,Limit the sale of fireworks to those running local council approved events only,,Central Devon,282
8542,732559,Limit the sale of fireworks to those running local council approved events only,,Central Suffolk and North Ipswich,217
8543,732559,Limit the sale of fireworks to those running local council approved events only,,Chatham and Aylesford,229
8544,732559,Limit the sale of fireworks to those running local council approved events only,,Cheadle,369
8545,732559,Limit the sale of fireworks to those running local council approved events only,,Chelmsford,301
8546,732559,Limit the sale of fireworks to those running local council approved events only,,Chelsea and Fulham,70
8547,732559,Limit the sale of fireworks to those running local council approved events only,,Cheltenham,268
8548,732559,Limit the sale of fireworks to those running local council approved events only,,Chesham and Amersham,259
8549,732559,Limit the sale of fireworks to those running local council approved events only,,Chester North and Neston,342
8550,732559,Limit the sale of fireworks to those running local council approved events only,,Chester South and Eddisbury,284
8551,732559,Limit the sale of fireworks to those running local council approved events only,,Chesterfield,404
8552,732559,Limit the sale of fireworks to those running local council approved events only,,Chichester,235
8553,732559,Limit the sale of fireworks to those running local council approved events only,,Chingford and Woodford Green,166
8554,732559,Limit the sale of fireworks to those running local council approved events only,,Chippenham,328
8555,732559,Limit the sale of fireworks to those running local council approved events only,,Chipping Barnet,173
8556,732559,Limit the sale of fireworks to those running local council approved events only,,Chorley,455
8557,732559,Limit the sale of fireworks to those running local council approved events only,,Christchurch,265
8558,732559,Limit the sale of fireworks to those running local council approved events only,,Cities of London and Westminster,58
8559,732559,Limit the sale of fireworks to those running local council approved events only,,City of Durham,218
8560,732559,Limit the sale of fireworks to those running local council approved events only,,Clacton,328
8561,732559,Limit the sale of fireworks to those running local council approved events only,,Clapham and Brixton Hill,78
8562,732559,Limit the sale of fireworks to those running local council approved events only,,Colchester,235
8563,732559,Limit the sale of fireworks to those running local council approved events only,,Colne Valley,326
8564,732559,Limit the sale of fireworks to those running local council approved events only,,Congleton,458
8565,732559,Limit the sale of fireworks to those running local council approved events only,,Corby and East Northamptonshire,219
8566,732559,Limit the sale of fireworks to those running local council approved events only,,Coventry East,209
8567,732559,Limit the sale of fireworks to those running local council approved events only,,Coventry North West,271
8568,732559,Limit the sale of fireworks to those running local council approved events only,,Coventry South,195
8569,732559,Limit the sale of fireworks to those running local council approved events only,,Cramlington and Killingworth,474
8570,732559,Limit the sale of fireworks to those running local council approved events only,,Crawley,260
8571,732559,Limit the sale of fireworks to those running local council approved events only,,Crewe and Nantwich,391
8572,732559,Limit the sale of fireworks to those running local council approved events only,,Croydon East,184
8573,732559,Limit the sale of fireworks to those running local council approved events only,,Croydon South,191
8574,732559,Limit the sale of fireworks to those running local council approved events only,,Croydon West,67
8575,732559,Limit the sale of fireworks to those running local council approved events only,,Dagenham and Rainham,121
8576,732559,Limit the sale of fireworks to those running local council approved events only,,Darlington,362
8577,732559,Limit the sale of fireworks to those running local council approved events only,,Dartford,253
8578,732559,Limit the sale of fireworks to those running local council approved events only,,Daventry,317
8579,732559,Limit the sale of fireworks to those running local council approved events only,,Derby North,264
8580,732559,Limit the sale of fireworks to those running local council approved events only,,Derby South,298
8581,732559,Limit the sale of fireworks to those running local council approved events only,,Derbyshire Dales,282
8582,732559,Limit the sale of fireworks to those running local council approved events only,,Dewsbury and Batley,227
8583,732559,Limit the sale of fireworks to those running local council approved events only,,Didcot and Wantage,255
8584,732559,Limit the sale of fireworks to those running local council approved events only,,Doncaster Central,363
8585,732559,Limit the sale of fireworks to those running local council approved events only,,Doncaster East and the Isle of Axholme,494
8586,732559,Limit the sale of fireworks to those running local council approved events only,,Doncaster North,365
8587,732559,Limit the sale of fireworks to those running local council approved events only,,Dorking and Horley,237
8588,732559,Limit the sale of fireworks to those running local council approved events only,,Dover and Deal,260
8589,732559,Limit the sale of fireworks to those running local council approved events only,,Droitwich and Evesham,282
8590,732559,Limit the sale of fireworks to those running local council approved events only,,Dudley,290
8591,732559,Limit the sale of fireworks to those running local council approved events only,,Dulwich and West Norwood,114
8592,732559,Limit the sale of fireworks to those running local council approved events only,,Dunstable and Leighton Buzzard,400
8593,732559,Limit the sale of fireworks to those running local council approved events only,,Ealing Central and Acton,128
8594,732559,Limit the sale of fireworks to those running local council approved events only,,Ealing North,269
8595,732559,Limit the sale of fireworks to those running local council approved events only,,Ealing Southall,121
8596,732559,Limit the sale of fireworks to those running local council approved events only,,Earley and Woodley,405
8597,732559,Limit the sale of fireworks to those running local council approved events only,,Easington,333
8598,732559,Limit the sale of fireworks to those running local council approved events only,,East Grinstead and Uckfield,288
8599,732559,Limit the sale of fireworks to those running local council approved events only,,East Ham,48
8600,732559,Limit the sale of fireworks to those running local council approved events only,,East Hampshire,228
8601,732559,Limit the sale of fireworks to those running local council approved events only,,East Surrey,329
8602,732559,Limit the sale of fireworks to those running local council approved events only,,East Thanet,207
8603,732559,Limit the sale of fireworks to those running local council approved events only,,East Wiltshire,216
8604,732559,Limit the sale of fireworks to those running local council approved events only,,East Worthing and Shoreham,336
8605,732559,Limit the sale of fireworks to those running local council approved events only,,Eastbourne,228
8606,732559,Limit the sale of fireworks to those running local council approved events only,,Eastleigh,306
8607,732559,Limit the sale of fireworks to those running local council approved events only,,Edmonton and Winchmore Hill,81
8608,732559,Limit the sale of fireworks to those running local council approved events only,,Ellesmere Port and Bromborough,447
8609,732559,Limit the sale of fireworks to those running local council approved events only,,Eltham and Chislehurst,186
8610,732559,Limit the sale of fireworks to those running local council approved events only,,Ely and East Cambridgeshire,243
8611,732559,Limit the sale of fireworks to those running local council approved events only,,Enfield North,109
8612,732559,Limit the sale of fireworks to those running local council approved events only,,Epping Forest,289
8613,732559,Limit the sale of fireworks to those running local council approved events only,,Epsom and Ewell,237
8614,732559,Limit the sale of fireworks to those running local council approved events only,,Erewash,398
8615,732559,Limit the sale of fireworks to those running local council approved events only,,Erith and Thamesmead,131
8616,732559,Limit the sale of fireworks to those running local council approved events only,,Esher and Walton,218
8617,732559,Limit the sale of fireworks to those running local council approved events only,,Exeter,200
8618,732559,Limit the sale of fireworks to those running local council approved events only,,Exmouth and Exeter East,235
8619,732559,Limit the sale of fireworks to those running local council approved events only,,Fareham and Waterlooville,416
8620,732559,Limit the sale of fireworks to those running local council approved events only,,Farnham and Bordon,289
8621,732559,Limit the sale of fireworks to those running local council approved events only,,Faversham and Mid Kent,229
8622,732559,Limit the sale of fireworks to those running local council approved events only,,Feltham and Heston,165
8623,732559,Limit the sale of fireworks to those running local council approved events only,,Filton and Bradley Stoke,293
8624,732559,Limit the sale of fireworks to those running local council approved events only,,Finchley and Golders Green,99
8625,732559,Limit the sale of fireworks to those running local council approved events only,,Folkestone and Hythe,166
8626,732559,Limit the sale of fireworks to those running local council approved events only,,Forest of Dean,283
8627,732559,Limit the sale of fireworks to those running local council approved events only,,Frome and East Somerset,352
8628,732559,Limit the sale of fireworks to those running local council approved events only,,Fylde,495
8629,732559,Limit the sale of fireworks to those running local council approved events only,,Gainsborough,370
8630,732559,Limit the sale of fireworks to those running local council approved events only,,Gateshead Central and Whickham,325
8631,732559,Limit the sale of fireworks to those running local council approved events only,,Gedling,510
8632,732559,Limit the sale of fireworks to those running local council approved events only,,Gillingham and Rainham,224
8633,732559,Limit the sale of fireworks to those running local council approved events only,,Glastonbury and Somerton,340
8634,732559,Limit the sale of fireworks to those running local council approved events only,,Gloucester,365
8635,732559,Limit the sale of fireworks to those running local council approved events only,,Godalming and Ash,196
8636,732559,Limit the sale of fireworks to those running local council approved events only,,Goole and Pocklington,524
8637,732559,Limit the sale of fireworks to those running local council approved events only,,Gorton and Denton,269
8638,732559,Limit the sale of fireworks to those running local council approved events only,,Gosport,362
8639,732559,Limit the sale of fireworks to those running local council approved events only,,Grantham and Bourne,339
8640,732559,Limit the sale of fireworks to those running local council approved events only,,Gravesham,216
8641,732559,Limit the sale of fireworks to those running local council approved events only,,Great Grimsby and Cleethorpes,450
8642,732559,Limit the sale of fireworks to those running local council approved events only,,Great Yarmouth,303
8643,732559,Limit the sale of fireworks to those running local council approved events only,,Greenwich and Woolwich,82
8644,732559,Limit the sale of fireworks to those running local council approved events only,,Guildford,242
8645,732559,Limit the sale of fireworks to those running local council approved events only,,Hackney North and Stoke Newington,140
8646,732559,Limit the sale of fireworks to those running local council approved events only,,Hackney South and Shoreditch,93
8647,732559,Limit the sale of fireworks to those running local council approved events only,,Halesowen,274
8648,732559,Limit the sale of fireworks to those running local council approved events only,,Halifax,399
8649,732559,Limit the sale of fireworks to those running local council approved events only,,Hamble Valley,330
8650,732559,Limit the sale of fireworks to those running local council approved events only,,Hammersmith and Chiswick,117
8651,732559,Limit the sale of fireworks to those running local council approved events only,,Hampstead and Highgate,121
8652,732559,Limit the sale of fireworks to those running local council approved events only,,"Harborough, Oadby and Wigston",305
8653,732559,Limit the sale of fireworks to those running local council approved events only,,Harlow,441
8654,732559,Limit the sale of fireworks to those running local council approved events only,,Harpenden and Berkhamsted,228
8655,732559,Limit the sale of fireworks to those running local council approved events only,,Harrogate and Knaresborough,351
8656,732559,Limit the sale of fireworks to those running local council approved events only,,Harrow East,126
8657,732559,Limit the sale of fireworks to those running local council approved events only,,Harrow West,157
8658,732559,Limit the sale of fireworks to those running local council approved events only,,Hartlepool,351
8659,732559,Limit the sale of fireworks to those running local council approved events only,,Harwich and North Essex,238
8660,732559,Limit the sale of fireworks to those running local council approved events only,,Hastings and Rye,417
8661,732559,Limit the sale of fireworks to those running local council approved events only,,Havant,376
8662,732559,Limit the sale of fireworks to those running local council approved events only,,Hayes and Harlington,182
8663,732559,Limit the sale of fireworks to those running local council approved events only,,Hazel Grove,472
8664,732559,Limit the sale of fireworks to those running local council approved events only,,Hemel Hempstead,289
8665,732559,Limit the sale of fireworks to those running local council approved events only,,Hendon,81
8666,732559,Limit the sale of fireworks to those running local council approved events only,,Henley and Thame,228
8667,732559,Limit the sale of fireworks to those running local council approved events only,,Hereford and South Herefordshire,186
8668,732559,Limit the sale of fireworks to those running local council approved events only,,Herne Bay and Sandwich,210
8669,732559,Limit the sale of fireworks to those running local council approved events only,,Hertford and Stortford,234
8670,732559,Limit the sale of fireworks to those running local council approved events only,,Hertsmere,241
8671,732559,Limit the sale of fireworks to those running local council approved events only,,Hexham,317
8672,732559,Limit the sale of fireworks to those running local council approved events only,,Heywood and Middleton North,632
8673,732559,Limit the sale of fireworks to those running local council approved events only,,High Peak,375
8674,732559,Limit the sale of fireworks to those running local council approved events only,,Hinckley and Bosworth,358
8675,732559,Limit the sale of fireworks to those running local council approved events only,,Hitchin,290
8676,732559,Limit the sale of fireworks to those running local council approved events only,,Holborn and St Pancras,68
8677,732559,Limit the sale of fireworks to those running local council approved events only,,Honiton and Sidmouth,194
8678,732559,Limit the sale of fireworks to those running local council approved events only,,Hornchurch and Upminster,209
8679,732559,Limit the sale of fireworks to those running local council approved events only,,Hornsey and Friern Barnet,203
8680,732559,Limit the sale of fireworks to those running local council approved events only,,Horsham,334
8681,732559,Limit the sale of fireworks to those running local council approved events only,,Houghton and Sunderland South,402
8682,732559,Limit the sale of fireworks to those running local council approved events only,,Hove and Portslade,295
8683,732559,Limit the sale of fireworks to those running local council approved events only,,Huddersfield,317
8684,732559,Limit the sale of fireworks to those running local council approved events only,,Huntingdon,249
8685,732559,Limit the sale of fireworks to those running local council approved events only,,Hyndburn,355
8686,732559,Limit the sale of fireworks to those running local council approved events only,,Ilford North,99
8687,732559,Limit the sale of fireworks to those running local council approved events only,,Ilford South,38
8688,732559,Limit the sale of fireworks to those running local council approved events only,,Ipswich,245
8689,732559,Limit the sale of fireworks to those running local council approved events only,,Isle of Wight East,220
8690,732559,Limit the sale of fireworks to those running local council approved events only,,Isle of Wight West,225
8691,732559,Limit the sale of fireworks to those running local council approved events only,,Islington North,122
8692,732559,Limit the sale of fireworks to those running local council approved events only,,Islington South and Finsbury,98
8693,732559,Limit the sale of fireworks to those running local council approved events only,,Jarrow and Gateshead East,395
8694,732559,Limit the sale of fireworks to those running local council approved events only,,Keighley and Ilkley,454
8695,732559,Limit the sale of fireworks to those running local council approved events only,,Kenilworth and Southam,209
8696,732559,Limit the sale of fireworks to those running local council approved events only,,Kensington and Bayswater,65
8697,732559,Limit the sale of fireworks to those running local council approved events only,,Kettering,297
8698,732559,Limit the sale of fireworks to those running local council approved events only,,Kingston and Surbiton,192
8699,732559,Limit the sale of fireworks to those running local council approved events only,,Kingston upon Hull East,424
8700,732559,Limit the sale of fireworks to those running local council approved events only,,Kingston upon Hull North and Cottingham,591
8701,732559,Limit the sale of fireworks to those running local council approved events only,,Kingston upon Hull West and Haltemprice,423
8702,732559,Limit the sale of fireworks to those running local council approved events only,,Kingswinford and South Staffordshire,300
8703,732559,Limit the sale of fireworks to those running local council approved events only,,Knowsley,303
8704,732559,Limit the sale of fireworks to those running local council approved events only,,Lancaster and Wyre,505
8705,732559,Limit the sale of fireworks to those running local council approved events only,,Leeds Central and Headingley,219
8706,732559,Limit the sale of fireworks to those running local council approved events only,,Leeds East,359
8707,732559,Limit the sale of fireworks to those running local council approved events only,,Leeds North East,490
8708,732559,Limit the sale of fireworks to those running local council approved events only,,Leeds North West,688
8709,732559,Limit the sale of fireworks to those running local council approved events only,,Leeds South,317
8710,732559,Limit the sale of fireworks to those running local council approved events only,,Leeds South West and Morley,542
8711,732559,Limit the sale of fireworks to those running local council approved events only,,Leeds West and Pudsey,402
8712,732559,Limit the sale of fireworks to those running local council approved events only,,Leicester East,129
8713,732559,Limit the sale of fireworks to those running local council approved events only,,Leicester South,153
8714,732559,Limit the sale of fireworks to those running local council approved events only,,Leicester West,275
8715,732559,Limit the sale of fireworks to those running local council approved events only,,Leigh and Atherton,466
8716,732559,Limit the sale of fireworks to those running local council approved events only,,Lewes,233
8717,732559,Limit the sale of fireworks to those running local council approved events only,,Lewisham East,169
8718,732559,Limit the sale of fireworks to those running local council approved events only,,Lewisham North,83
8719,732559,Limit the sale of fireworks to those running local council approved events only,,Lewisham West and East Dulwich,131
8720,732559,Limit the sale of fireworks to those running local council approved events only,,Leyton and Wanstead,232
8721,732559,Limit the sale of fireworks to those running local council approved events only,,Lichfield,298
8722,732559,Limit the sale of fireworks to those running local council approved events only,,Lincoln,347
8723,732559,Limit the sale of fireworks to those running local council approved events only,,Liverpool Garston,403
8724,732559,Limit the sale of fireworks to those running local council approved events only,,Liverpool Riverside,211
8725,732559,Limit the sale of fireworks to those running local council approved events only,,Liverpool Walton,290
8726,732559,Limit the sale of fireworks to those running local council approved events only,,Liverpool Wavertree,294
8727,732559,Limit the sale of fireworks to those running local council approved events only,,Liverpool West Derby,319
8728,732559,Limit the sale of fireworks to those running local council approved events only,,Loughborough,343
8729,732559,Limit the sale of fireworks to those running local council approved events only,,Louth and Horncastle,308
8730,732559,Limit the sale of fireworks to those running local council approved events only,,Lowestoft,449
8731,732559,Limit the sale of fireworks to those running local council approved events only,,Luton North,225
8732,732559,Limit the sale of fireworks to those running local council approved events only,,Luton South and South Bedfordshire,242
8733,732559,Limit the sale of fireworks to those running local council approved events only,,Macclesfield,374
8734,732559,Limit the sale of fireworks to those running local council approved events only,,Maidenhead,424
8735,732559,Limit the sale of fireworks to those running local council approved events only,,Maidstone and Malling,208
8736,732559,Limit the sale of fireworks to those running local council approved events only,,Makerfield,427
8737,732559,Limit the sale of fireworks to those running local council approved events only,,Maldon,544
8738,732559,Limit the sale of fireworks to those running local council approved events only,,Manchester Central,237
8739,732559,Limit the sale of fireworks to those running local council approved events only,,Manchester Rusholme,102
8740,732559,Limit the sale of fireworks to those running local council approved events only,,Manchester Withington,207
8741,732559,Limit the sale of fireworks to those running local council approved events only,,Mansfield,395
8742,732559,Limit the sale of fireworks to those running local council approved events only,,Melksham and Devizes,251
8743,732559,Limit the sale of fireworks to those running local council approved events only,,Melton and Syston,352
8744,732559,Limit the sale of fireworks to those running local council approved events only,,Meriden and Solihull East,315
8745,732559,Limit the sale of fireworks to those running local council approved events only,,Mid Bedfordshire,268
8746,732559,Limit the sale of fireworks to those running local council approved events only,,Mid Buckinghamshire,254
8747,732559,Limit the sale of fireworks to those running local council approved events only,,Mid Cheshire,385
8748,732559,Limit the sale of fireworks to those running local council approved events only,,Mid Derbyshire,338
8749,732559,Limit the sale of fireworks to those running local council approved events only,,Mid Dorset and North Poole,257
8750,732559,Limit the sale of fireworks to those running local council approved events only,,Mid Leicestershire,336
8751,732559,Limit the sale of fireworks to those running local council approved events only,,Mid Norfolk,217
8752,732559,Limit the sale of fireworks to those running local council approved events only,,Mid Sussex,568
8753,732559,Limit the sale of fireworks to those running local council approved events only,,Middlesbrough and Thornaby East,222
8754,732559,Limit the sale of fireworks to those running local council approved events only,,Middlesbrough South and East Cleveland,369
8755,732559,Limit the sale of fireworks to those running local council approved events only,,Milton Keynes Central,184
8756,732559,Limit the sale of fireworks to those running local council approved events only,,Milton Keynes North,194
8757,732559,Limit the sale of fireworks to those running local council approved events only,,Mitcham and Morden,150
8758,732559,Limit the sale of fireworks to those running local council approved events only,,Morecambe and Lunesdale,739
8759,732559,Limit the sale of fireworks to those running local council approved events only,,New Forest East,338
8760,732559,Limit the sale of fireworks to those running local council approved events only,,New Forest West,234
8761,732559,Limit the sale of fireworks to those running local council approved events only,,Newark,440
8762,732559,Limit the sale of fireworks to those running local council approved events only,,Newbury,235
8763,732559,Limit the sale of fireworks to those running local council approved events only,,Newcastle upon Tyne Central and West,374
8764,732559,Limit the sale of fireworks to those running local council approved events only,,Newcastle upon Tyne East and Wallsend,602
8765,732559,Limit the sale of fireworks to those running local council approved events only,,Newcastle upon Tyne North,369
8766,732559,Limit the sale of fireworks to those running local council approved events only,,Newcastle-under-Lyme,314
8767,732559,Limit the sale of fireworks to those running local council approved events only,,Newton Abbot,269
8768,732559,Limit the sale of fireworks to those running local council approved events only,,Newton Aycliffe and Spennymoor,332
8769,732559,Limit the sale of fireworks to those running local council approved events only,,Normanton and Hemsworth,487
8770,732559,Limit the sale of fireworks to those running local council approved events only,,North Bedfordshire,331
8771,732559,Limit the sale of fireworks to those running local council approved events only,,North Cornwall,169
8772,732559,Limit the sale of fireworks to those running local council approved events only,,North Cotswolds,265
8773,732559,Limit the sale of fireworks to those running local council approved events only,,North Devon,234
8774,732559,Limit the sale of fireworks to those running local council approved events only,,North Dorset,219
8775,732559,Limit the sale of fireworks to those running local council approved events only,,North Durham,375
8776,732559,Limit the sale of fireworks to those running local council approved events only,,North East Cambridgeshire,242
8777,732559,Limit the sale of fireworks to those running local council approved events only,,North East Derbyshire,426
8778,732559,Limit the sale of fireworks to those running local council approved events only,,North East Hampshire,227
8779,732559,Limit the sale of fireworks to those running local council approved events only,,North East Hertfordshire,257
8780,732559,Limit the sale of fireworks to those running local council approved events only,,North East Somerset and Hanham,302
8781,732559,Limit the sale of fireworks to those running local council approved events only,,North Herefordshire,218
8782,732559,Limit the sale of fireworks to those running local council approved events only,,North Norfolk,209
8783,732559,Limit the sale of fireworks to those running local council approved events only,,North Northumberland,277
8784,732559,Limit the sale of fireworks to those running local council approved events only,,North Shropshire,238
8785,732559,Limit the sale of fireworks to those running local council approved events only,,North Somerset,230
8786,732559,Limit the sale of fireworks to those running local council approved events only,,North Warwickshire and Bedworth,333
8787,732559,Limit the sale of fireworks to those running local council approved events only,,North West Cambridgeshire,278
8788,732559,Limit the sale of fireworks to those running local council approved events only,,North West Essex,323
8789,732559,Limit the sale of fireworks to those running local council approved events only,,North West Hampshire,255
8790,732559,Limit the sale of fireworks to those running local council approved events only,,North West Leicestershire,325
8791,732559,Limit the sale of fireworks to those running local council approved events only,,North West Norfolk,248
8792,732559,Limit the sale of fireworks to those running local council approved events only,,Northampton North,229
8793,732559,Limit the sale of fireworks to those running local council approved events only,,Northampton South,290
8794,732559,Limit the sale of fireworks to those running local council approved events only,,Norwich North,288
8795,732559,Limit the sale of fireworks to those running local council approved events only,,Norwich South,255
8796,732559,Limit the sale of fireworks to those running local council approved events only,,Nottingham East,270
8797,732559,Limit the sale of fireworks to those running local council approved events only,,Nottingham North and Kimberley,417
8798,732559,Limit the sale of fireworks to those running local council approved events only,,Nottingham South,243
8799,732559,Limit the sale of fireworks to those running local council approved events only,,Nuneaton,282
8800,732559,Limit the sale of fireworks to those running local council approved events only,,Old Bexley and Sidcup,240
8801,732559,Limit the sale of fireworks to those running local council approved events only,,Oldham East and Saddleworth,351
8802,732559,Limit the sale of fireworks to those running local council approved events only,,"Oldham West, Chadderton and Royton",318
8803,732559,Limit the sale of fireworks to those running local council approved events only,,Orpington,245
8804,732559,Limit the sale of fireworks to those running local council approved events only,,Ossett and Denby Dale,346
8805,732559,Limit the sale of fireworks to those running local council approved events only,,Oxford East,104
8806,732559,Limit the sale of fireworks to those running local council approved events only,,Oxford West and Abingdon,163
8807,732559,Limit the sale of fireworks to those running local council approved events only,,Peckham,53
8808,732559,Limit the sale of fireworks to those running local council approved events only,,Pendle and Clitheroe,429
8809,732559,Limit the sale of fireworks to those running local council approved events only,,Penistone and Stocksbridge,361
8810,732559,Limit the sale of fireworks to those running local council approved events only,,Penrith and Solway,400
8811,732559,Limit the sale of fireworks to those running local council approved events only,,Peterborough,221
8812,732559,Limit the sale of fireworks to those running local council approved events only,,Plymouth Moor View,519
8813,732559,Limit the sale of fireworks to those running local council approved events only,,Plymouth Sutton and Devonport,419
8814,732559,Limit the sale of fireworks to those running local council approved events only,,"Pontefract, Castleford and Knottingley",541
8815,732559,Limit the sale of fireworks to those running local council approved events only,,Poole,199
8816,732559,Limit the sale of fireworks to those running local council approved events only,,Poplar and Limehouse,129
8817,732559,Limit the sale of fireworks to those running local council approved events only,,Portsmouth North,328
8818,732559,Limit the sale of fireworks to those running local council approved events only,,Portsmouth South,224
8819,732559,Limit the sale of fireworks to those running local council approved events only,,Preston,441
8820,732559,Limit the sale of fireworks to those running local council approved events only,,Putney,93
8821,732559,Limit the sale of fireworks to those running local council approved events only,,Queen's Park and Maida Vale,48
8822,732559,Limit the sale of fireworks to those running local council approved events only,,Rawmarsh and Conisbrough,387
8823,732559,Limit the sale of fireworks to those running local council approved events only,,Rayleigh and Wickford,409
8824,732559,Limit the sale of fireworks to those running local council approved events only,,Reading Central,209
8825,732559,Limit the sale of fireworks to those running local council approved events only,,Reading West and Mid Berkshire,246
8826,732559,Limit the sale of fireworks to those running local council approved events only,,Redcar,353
8827,732559,Limit the sale of fireworks to those running local council approved events only,,Redditch,282
8828,732559,Limit the sale of fireworks to those running local council approved events only,,Reigate,212
8829,732559,Limit the sale of fireworks to those running local council approved events only,,Ribble Valley,391
8830,732559,Limit the sale of fireworks to those running local council approved events only,,Richmond and Northallerton,250
8831,732559,Limit the sale of fireworks to those running local council approved events only,,Richmond Park,162
8832,732559,Limit the sale of fireworks to those running local council approved events only,,Rochdale,805
8833,732559,Limit the sale of fireworks to those running local council approved events only,,Rochester and Strood,221
8834,732559,Limit the sale of fireworks to those running local council approved events only,,Romford,191
8835,732559,Limit the sale of fireworks to those running local council approved events only,,Romsey and Southampton North,289
8836,732559,Limit the sale of fireworks to those running local council approved events only,,Rossendale and Darwen,534
8837,732559,Limit the sale of fireworks to those running local council approved events only,,Rother Valley,466
8838,732559,Limit the sale of fireworks to those running local council approved events only,,Rotherham,376
8839,732559,Limit the sale of fireworks to those running local council approved events only,,Rugby,280
8840,732559,Limit the sale of fireworks to those running local council approved events only,,"Ruislip, Northwood and Pinner",210
8841,732559,Limit the sale of fireworks to those running local council approved events only,,Runcorn and Helsby,426
8842,732559,Limit the sale of fireworks to those running local council approved events only,,Runnymede and Weybridge,240
8843,732559,Limit the sale of fireworks to those running local council approved events only,,Rushcliffe,330
8844,732559,Limit the sale of fireworks to those running local council approved events only,,Rutland and Stamford,182
8845,732559,Limit the sale of fireworks to those running local council approved events only,,Salford,333
8846,732559,Limit the sale of fireworks to those running local council approved events only,,Salisbury,186
8847,732559,Limit the sale of fireworks to those running local council approved events only,,Scarborough and Whitby,855
8848,732559,Limit the sale of fireworks to those running local council approved events only,,Scunthorpe,501
8849,732559,Limit the sale of fireworks to those running local council approved events only,,Sefton Central,548
8850,732559,Limit the sale of fireworks to those running local council approved events only,,Selby,500
8851,732559,Limit the sale of fireworks to those running local council approved events only,,Sevenoaks,306
8852,732559,Limit the sale of fireworks to those running local council approved events only,,Sheffield Brightside and Hillsborough,361
8853,732559,Limit the sale of fireworks to those running local council approved events only,,Sheffield Central,187
8854,732559,Limit the sale of fireworks to those running local council approved events only,,Sheffield Hallam,255
8855,732559,Limit the sale of fireworks to those running local council approved events only,,Sheffield Heeley,347
8856,732559,Limit the sale of fireworks to those running local council approved events only,,Sheffield South East,411
8857,732559,Limit the sale of fireworks to those running local council approved events only,,Sherwood Forest,626
8858,732559,Limit the sale of fireworks to those running local council approved events only,,Shipley,493
8859,732559,Limit the sale of fireworks to those running local council approved events only,,Shrewsbury,227
8860,732559,Limit the sale of fireworks to those running local council approved events only,,Sittingbourne and Sheppey,247
8861,732559,Limit the sale of fireworks to those running local council approved events only,,Skipton and Ripon,349
8862,732559,Limit the sale of fireworks to those running local council approved events only,,Sleaford and North Hykeham,282
8863,732559,Limit the sale of fireworks to those running local council approved events only,,Slough,413
8864,732559,Limit the sale of fireworks to those running local council approved events only,,Smethwick,266
8865,732559,Limit the sale of fireworks to those running local council approved events only,,Solihull West and Shirley,243
8866,732559,Limit the sale of fireworks to those running local council approved events only,,South Basildon and East Thurrock,350
8867,732559,Limit the sale of fireworks to those running local council approved events only,,South Cambridgeshire,183
8868,732559,Limit the sale of fireworks to those running local council approved events only,,South Cotswolds,178
8869,732559,Limit the sale of fireworks to those running local council approved events only,,South Derbyshire,303
8870,732559,Limit the sale of fireworks to those running local council approved events only,,South Devon,227
8871,732559,Limit the sale of fireworks to those running local council approved events only,,South Dorset,211
8872,732559,Limit the sale of fireworks to those running local council approved events only,,South East Cornwall,250
8873,732559,Limit the sale of fireworks to those running local council approved events only,,South Holland and The Deepings,653
8874,732559,Limit the sale of fireworks to those running local council approved events only,,South Leicestershire,358
8875,732559,Limit the sale of fireworks to those running local council approved events only,,South Norfolk,248
8876,732559,Limit the sale of fireworks to those running local council approved events only,,South Northamptonshire,224
8877,732559,Limit the sale of fireworks to those running local council approved events only,,South Ribble,405
8878,732559,Limit the sale of fireworks to those running local council approved events only,,South Shields,432
8879,732559,Limit the sale of fireworks to those running local council approved events only,,South Shropshire,195
8880,732559,Limit the sale of fireworks to those running local council approved events only,,South Suffolk,229
8881,732559,Limit the sale of fireworks to those running local council approved events only,,South West Devon,443
8882,732559,Limit the sale of fireworks to those running local council approved events only,,South West Hertfordshire,271
8883,732559,Limit the sale of fireworks to those running local council approved events only,,South West Norfolk,225
8884,732559,Limit the sale of fireworks to those running local council approved events only,,South West Wiltshire,323
8885,732559,Limit the sale of fireworks to those running local council approved events only,,Southampton Itchen,240
8886,732559,Limit the sale of fireworks to those running local council approved events only,,Southampton Test,234
8887,732559,Limit the sale of fireworks to those running local council approved events only,,Southend East and Rochford,302
8888,732559,Limit the sale of fireworks to those running local council approved events only,,Southend West and Leigh,381
8889,732559,Limit the sale of fireworks to those running local council approved events only,,Southgate and Wood Green,171
8890,732559,Limit the sale of fireworks to those running local council approved events only,,Southport,396
8891,732559,Limit the sale of fireworks to those running local council approved events only,,Spelthorne,246
8892,732559,Limit the sale of fireworks to those running local council approved events only,,Spen Valley,420
8893,732559,Limit the sale of fireworks to those running local council approved events only,,St Albans,259
8894,732559,Limit the sale of fireworks to those running local council approved events only,,St Austell and Newquay,204
8895,732559,Limit the sale of fireworks to those running local council approved events only,,St Helens North,448
8896,732559,Limit the sale of fireworks to those running local council approved events only,,St Helens South and Whiston,304
8897,732559,Limit the sale of fireworks to those running local council approved events only,,St Ives,190
8898,732559,Limit the sale of fireworks to those running local council approved events only,,St Neots and Mid Cambridgeshire,239
8899,732559,Limit the sale of fireworks to those running local council approved events only,,Stafford,342
8900,732559,Limit the sale of fireworks to those running local council approved events only,,Staffordshire Moorlands,301
8901,732559,Limit the sale of fireworks to those running local council approved events only,,Stalybridge and Hyde,465
8902,732559,Limit the sale of fireworks to those running local council approved events only,,Stevenage,236
8903,732559,Limit the sale of fireworks to those running local council approved events only,,Stockport,415
8904,732559,Limit the sale of fireworks to those running local council approved events only,,Stockton North,318
8905,732559,Limit the sale of fireworks to those running local council approved events only,,Stockton West,341
8906,732559,Limit the sale of fireworks to those running local council approved events only,,Stoke-on-Trent Central,369
8907,732559,Limit the sale of fireworks to those running local council approved events only,,Stoke-on-Trent North,420
8908,732559,Limit the sale of fireworks to those running local council approved events only,,Stoke-on-Trent South,343
8909,732559,Limit the sale of fireworks to those running local council approved events only,,"Stone, Great Wyrley and Penkridge",336
8910,732559,Limit the sale of fireworks to those running local council approved events only,,Stourbridge,282
8911,732559,Limit the sale of fireworks to those running local council approved events only,,Stratford and Bow,116
8912,732559,Limit the sale of fireworks to those running local council approved events only,,Stratford-on-Avon,211
8913,732559,Limit the sale of fireworks to those running local council approved events only,,Streatham and Croydon North,90
8914,732559,Limit the sale of fireworks to those running local council approved events only,,Stretford and Urmston,360
8915,732559,Limit the sale of fireworks to those running local council approved events only,,Stroud,217
8916,732559,Limit the sale of fireworks to those running local council approved events only,,Suffolk Coastal,203
8917,732559,Limit the sale of fireworks to those running local council approved events only,,Sunderland Central,373
8918,732559,Limit the sale of fireworks to those running local council approved events only,,Surrey Heath,257
8919,732559,Limit the sale of fireworks to those running local council approved events only,,Sussex Weald,246
8920,732559,Limit the sale of fireworks to those running local council approved events only,,Sutton and Cheam,153
8921,732559,Limit the sale of fireworks to those running local council approved events only,,Sutton Coldfield,252
8922,732559,Limit the sale of fireworks to those running local council approved events only,,Swindon North,332
8923,732559,Limit the sale of fireworks to those running local council approved events only,,Swindon South,277
8924,732559,Limit the sale of fireworks to those running local council approved events only,,Tamworth,308
8925,732559,Limit the sale of fireworks to those running local council approved events only,,Tatton,357
8926,732559,Limit the sale of fireworks to those running local council approved events only,,Taunton and Wellington,254
8927,732559,Limit the sale of fireworks to those running local council approved events only,,Telford,300
8928,732559,Limit the sale of fireworks to those running local council approved events only,,Tewkesbury,407
8929,732559,Limit the sale of fireworks to those running local council approved events only,,The Wrekin,286
8930,732559,Limit the sale of fireworks to those running local council approved events only,,Thirsk and Malton,375
8931,732559,Limit the sale of fireworks to those running local council approved events only,,Thornbury and Yate,358
8932,732559,Limit the sale of fireworks to those running local council approved events only,,Thurrock,230
8933,732559,Limit the sale of fireworks to those running local council approved events only,,Tipton and Wednesbury,259
8934,732559,Limit the sale of fireworks to those running local council approved events only,,Tiverton and Minehead,209
8935,732559,Limit the sale of fireworks to those running local council approved events only,,Tonbridge,248
8936,732559,Limit the sale of fireworks to those running local council approved events only,,Tooting,97
8937,732559,Limit the sale of fireworks to those running local council approved events only,,Torbay,293
8938,732559,Limit the sale of fireworks to those running local council approved events only,,Torridge and Tavistock,213
8939,732559,Limit the sale of fireworks to those running local council approved events only,,Tottenham,74
8940,732559,Limit the sale of fireworks to those running local council approved events only,,Truro and Falmouth,149
8941,732559,Limit the sale of fireworks to those running local council approved events only,,Tunbridge Wells,297
8942,732559,Limit the sale of fireworks to those running local council approved events only,,Twickenham,222
8943,732559,Limit the sale of fireworks to those running local council approved events only,,Tynemouth,521
8944,732559,Limit the sale of fireworks to those running local council approved events only,,Uxbridge and South Ruislip,269
8945,732559,Limit the sale of fireworks to those running local council approved events only,,Vauxhall and Camberwell Green,69
8946,732559,Limit the sale of fireworks to those running local council approved events only,,Wakefield and Rothwell,476
8947,732559,Limit the sale of fireworks to those running local council approved events only,,Wallasey,451
8948,732559,Limit the sale of fireworks to those running local council approved events only,,Walsall and Bloxwich,181
8949,732559,Limit the sale of fireworks to those running local council approved events only,,Walthamstow,190
8950,732559,Limit the sale of fireworks to those running local council approved events only,,Warrington North,320
8951,732559,Limit the sale of fireworks to those running local council approved events only,,Warrington South,410
8952,732559,Limit the sale of fireworks to those running local council approved events only,,Warwick and Leamington,224
8953,732559,Limit the sale of fireworks to those running local council approved events only,,Washington and Gateshead South,376
8954,732559,Limit the sale of fireworks to those running local council approved events only,,Watford,224
8955,732559,Limit the sale of fireworks to those running local council approved events only,,Waveney Valley,237
8956,732559,Limit the sale of fireworks to those running local council approved events only,,Weald of Kent,282
8957,732559,Limit the sale of fireworks to those running local council approved events only,,Wellingborough and Rushden,283
8958,732559,Limit the sale of fireworks to those running local council approved events only,,Wells and Mendip Hills,280
8959,732559,Limit the sale of fireworks to those running local council approved events only,,Welwyn Hatfield,306
8960,732559,Limit the sale of fireworks to those running local council approved events only,,West Bromwich,208
8961,732559,Limit the sale of fireworks to those running local council approved events only,,West Dorset,220
8962,732559,Limit the sale of fireworks to those running local council approved events only,,West Ham and Beckton,79
8963,732559,Limit the sale of fireworks to those running local council approved events only,,West Lancashire,443
8964,732559,Limit the sale of fireworks to those running local council approved events only,,West Suffolk,243
8965,732559,Limit the sale of fireworks to those running local council approved events only,,West Worcestershire,239
8966,732559,Limit the sale of fireworks to those running local council approved events only,,Westmorland and Lonsdale,303
8967,732559,Limit the sale of fireworks to those running local council approved events only,,Weston-super-Mare,283
8968,732559,Limit the sale of fireworks to those running local council approved events only,,Wetherby and Easingwold,319
8969,732559,Limit the sale of fireworks to those running local council approved events only,,Whitehaven and Workington,586
8970,732559,Limit the sale of fireworks to those running local council approved events only,,Widnes and Halewood,369
8971,732559,Limit the sale of fireworks to those running local council approved events only,,Wigan,360
8972,732559,Limit the sale of fireworks to those running local council approved events only,,Wimbledon,179
8973,732559,Limit the sale of fireworks to those running local council approved events only,,Winchester,203
8974,732559,Limit the sale of fireworks to those running local council approved events only,,Windsor,389
8975,732559,Limit the sale of fireworks to those running local council approved events only,,Wirral West,445
8976,732559,Limit the sale of fireworks to those running local council approved events only,,Witham,369
8977,732559,Limit the sale of fireworks to those running local council approved events only,,Witney,236
8978,732559,Limit the sale of fireworks to those running local council approved events only,,Woking,204
8979,732559,Limit the sale of fireworks to those running local council approved events only,,Wokingham,395
8980,732559,Limit the sale of fireworks to those running local council approved events only,,Wolverhampton North East,269
8981,732559,Limit the sale of fireworks to those running local council approved events only,,Wolverhampton South East,216
8982,732559,Limit the sale of fireworks to those running local council approved events only,,Wolverhampton West,261
8983,732559,Limit the sale of fireworks to those running local council approved events only,,Worcester,243
8984,732559,Limit the sale of fireworks to those running local council approved events only,,Worsley and Eccles,396
8985,732559,Limit the sale of fireworks to those running local council approved events only,,Worthing West,267
8986,732559,Limit the sale of fireworks to those running local council approved events only,,Wycombe,222
8987,732559,Limit the sale of fireworks to those running local council approved events only,,Wyre Forest,341
8988,732559,Limit the sale of fireworks to those running local council approved events only,,Wythenshawe and Sale East,380
8989,732559,Limit the sale of fireworks to those running local council approved events only,,Yeovil,288
8990,732559,Limit the sale of fireworks to those running local council approved events only,,York Central,343
8991,732559,Limit the sale of fireworks to those running local council approved events only,,York Outer,402
8992,732559,Limit the sale of fireworks to those running local council approved events only,,Belfast East,46
8993,732559,Limit the sale of fireworks to those running local council approved events only,,Belfast North,42
8994,732559,Limit the sale of fireworks to those running local council approved events only,,Belfast South and Mid Down,36
8995,732559,Limit the sale of fireworks to those running local council approved events only,,Belfast West,31
8996,732559,Limit the sale of fireworks to those running local council approved events only,,East Antrim,61
8997,732559,Limit the sale of fireworks to those running local council approved events only,,East Londonderry,25
8998,732559,Limit the sale of fireworks to those running local council approved events only,,Fermanagh and South Tyrone,34
8999,732559,Limit the sale of fireworks to those running local council approved events only,,Foyle,19
9000,732559,Limit the sale of fireworks to those running local council approved events only,,Lagan Valley,52
9001,732559,Limit the sale of fireworks to those running local council approved events only,,Mid Ulster,27
9002,732559,Limit the sale of fireworks to those running local council approved events only,,Newry and Armagh,41
9003,732559,Limit the sale of fireworks to those running local council approved events only,,North Antrim,51
9004,732559,Limit the sale of fireworks to those running local council approved events only,,North Down,53
9005,732559,Limit the sale of fireworks to those running local council approved events only,,South Antrim,50
9006,732559,Limit the sale of fireworks to those running local council approved events only,,South Down,61
9007,732559,Limit the sale of fireworks to those running local council approved events only,,Strangford,75
9008,732559,Limit the sale of fireworks to those running local council approved events only,,Upper Bann,39
9009,732559,Limit the sale of fireworks to those running local council approved events only,,West Tyrone,21
9010,732559,Limit the sale of fireworks to those running local council approved events only,,East Renfrewshire,241
9011,732559,Limit the sale of fireworks to those running local council approved events only,,Na h-Eileanan an Iar,22
9012,732559,Limit the sale of fireworks to those running local council approved events only,,Midlothian,253
9013,732559,Limit the sale of fireworks to those running local council approved events only,,North Ayrshire and Arran,171
9014,732559,Limit the sale of fireworks to those running local council approved events only,,Orkney and Shetland,42
9015,732559,Limit the sale of fireworks to those running local council approved events only,,Aberdeen North,235
9016,732559,Limit the sale of fireworks to those running local council approved events only,,Aberdeen South,254
9017,732559,Limit the sale of fireworks to those running local council approved events only,,Aberdeenshire North and Moray East,150
9018,732559,Limit the sale of fireworks to those running local council approved events only,,Airdrie and Shotts,178
9019,732559,Limit the sale of fireworks to those running local council approved events only,,Alloa and Grangemouth,217
9020,732559,Limit the sale of fireworks to those running local council approved events only,,Angus and Perthshire Glens,249
9021,732559,Limit the sale of fireworks to those running local council approved events only,,Arbroath and Broughty Ferry,256
9022,732559,Limit the sale of fireworks to those running local council approved events only,,"Argyll, Bute and South Lochaber",186
9023,732559,Limit the sale of fireworks to those running local council approved events only,,Bathgate and Linlithgow,195
9024,732559,Limit the sale of fireworks to those running local council approved events only,,"Caithness, Sutherland and Easter Ross",113
9025,732559,Limit the sale of fireworks to those running local council approved events only,,Coatbridge and Bellshill,207
9026,732559,Limit the sale of fireworks to those running local council approved events only,,Cowdenbeath and Kirkcaldy,243
9027,732559,Limit the sale of fireworks to those running local council approved events only,,Cumbernauld and Kirkintilloch,236
9028,732559,Limit the sale of fireworks to those running local council approved events only,,Dumfries and Galloway,165
9029,732559,Limit the sale of fireworks to those running local council approved events only,,"Dumfriesshire, Clydesdale and Tweeddale",211
9030,732559,Limit the sale of fireworks to those running local council approved events only,,Dundee Central,242
9031,732559,Limit the sale of fireworks to those running local council approved events only,,Dunfermline and Dollar,215
9032,732559,Limit the sale of fireworks to those running local council approved events only,,East Kilbride and Strathaven,285
9033,732559,Limit the sale of fireworks to those running local council approved events only,,Edinburgh East and Musselburgh,156
9034,732559,Limit the sale of fireworks to those running local council approved events only,,Edinburgh North and Leith,115
9035,732559,Limit the sale of fireworks to those running local council approved events only,,Edinburgh South,125
9036,732559,Limit the sale of fireworks to those running local council approved events only,,Edinburgh South West,92
9037,732559,Limit the sale of fireworks to those running local council approved events only,,Edinburgh West,180
9038,732559,Limit the sale of fireworks to those running local council approved events only,,Falkirk,180
9039,732559,Limit the sale of fireworks to those running local council approved events only,,Glasgow East,221
9040,732559,Limit the sale of fireworks to those running local council approved events only,,Glasgow North,184
9041,732559,Limit the sale of fireworks to those running local council approved events only,,Glasgow North East,185
9042,732559,Limit the sale of fireworks to those running local council approved events only,,Glasgow South,280
9043,732559,Limit the sale of fireworks to those running local council approved events only,,Glasgow South West,215
9044,732559,Limit the sale of fireworks to those running local council approved events only,,Glasgow West,246
9045,732559,Limit the sale of fireworks to those running local council approved events only,,Glenrothes and Mid Fife,256
9046,732559,Limit the sale of fireworks to those running local council approved events only,,Gordon and Buchan,170
9047,732559,Limit the sale of fireworks to those running local council approved events only,,Hamilton and Clyde Valley,240
9048,732559,Limit the sale of fireworks to those running local council approved events only,,Inverclyde and Renfrewshire West,160
9049,732559,Limit the sale of fireworks to those running local council approved events only,,"Inverness, Skye and West Ross-shire",156
9050,732559,Limit the sale of fireworks to those running local council approved events only,,Livingston,248
9051,732559,Limit the sale of fireworks to those running local council approved events only,,Lothian East,205
9052,732559,Limit the sale of fireworks to those running local council approved events only,,Mid Dunbartonshire,344
9053,732559,Limit the sale of fireworks to those running local council approved events only,,"Moray West, Nairn and Strathspey",149
9054,732559,Limit the sale of fireworks to those running local council approved events only,,"Motherwell, Wishaw and Carluke",204
9055,732559,Limit the sale of fireworks to those running local council approved events only,,North East Fife,159
9056,732559,Limit the sale of fireworks to those running local council approved events only,,Paisley and Renfrewshire North,286
9057,732559,Limit the sale of fireworks to those running local council approved events only,,Paisley and Renfrewshire South,280
9058,732559,Limit the sale of fireworks to those running local council approved events only,,Perth and Kinross-shire,387
9059,732559,Limit the sale of fireworks to those running local council approved events only,,Rutherglen,242
9060,732559,Limit the sale of fireworks to those running local council approved events only,,Stirling and Strathallan,151
9061,732559,Limit the sale of fireworks to those running local council approved events only,,West Dunbartonshire,427
9062,732559,Limit the sale of fireworks to those running local council approved events only,,"Ayr, Carrick and Cumnock",216
9063,732559,Limit the sale of fireworks to those running local council approved events only,,"Berwickshire, Roxburgh and Selkirk",149
9064,732559,Limit the sale of fireworks to those running local council approved events only,,Central Ayrshire,159
9065,732559,Limit the sale of fireworks to those running local council approved events only,,Kilmarnock and Loudoun,193
9066,732559,Limit the sale of fireworks to those running local council approved events only,,West Aberdeenshire and Kincardine,227
9067,732559,Limit the sale of fireworks to those running local council approved events only,,Aberafan Maesteg,388
9068,732559,Limit the sale of fireworks to those running local council approved events only,,Alyn and Deeside,432
9069,732559,Limit the sale of fireworks to those running local council approved events only,,Bangor Aberconwy,333
9070,732559,Limit the sale of fireworks to those running local council approved events only,,Blaenau Gwent and Rhymney,372
9071,732559,Limit the sale of fireworks to those running local council approved events only,,"Brecon, Radnor and Cwm Tawe",201
9072,732559,Limit the sale of fireworks to those running local council approved events only,,Bridgend,309
9073,732559,Limit the sale of fireworks to those running local council approved events only,,Caerfyrddin,249
9074,732559,Limit the sale of fireworks to those running local council approved events only,,Caerphilly,424
9075,732559,Limit the sale of fireworks to those running local council approved events only,,Cardiff East,251
9076,732559,Limit the sale of fireworks to those running local council approved events only,,Cardiff North,331
9077,732559,Limit the sale of fireworks to those running local council approved events only,,Cardiff South and Penarth,269
9078,732559,Limit the sale of fireworks to those running local council approved events only,,Cardiff West,303
9079,732559,Limit the sale of fireworks to those running local council approved events only,,Ceredigion Preseli,211
9080,732559,Limit the sale of fireworks to those running local council approved events only,,Clwyd East,368
9081,732559,Limit the sale of fireworks to those running local council approved events only,,Clwyd North,313
9082,732559,Limit the sale of fireworks to those running local council approved events only,,Dwyfor Meirionnydd,207
9083,732559,Limit the sale of fireworks to those running local council approved events only,,Gower,362
9084,732559,Limit the sale of fireworks to those running local council approved events only,,Llanelli,392
9085,732559,Limit the sale of fireworks to those running local council approved events only,,Merthyr Tydfil and Aberdare,379
9086,732559,Limit the sale of fireworks to those running local council approved events only,,Mid and South Pembrokeshire,200
9087,732559,Limit the sale of fireworks to those running local council approved events only,,Monmouthshire,368
9088,732559,Limit the sale of fireworks to those running local council approved events only,,Montgomeryshire and Glyndŵr,247
9089,732559,Limit the sale of fireworks to those running local council approved events only,,Neath and Swansea East,305
9090,732559,Limit the sale of fireworks to those running local council approved events only,,Newport East,319
9091,732559,Limit the sale of fireworks to those running local council approved events only,,Newport West and Islwyn,408
9092,732559,Limit the sale of fireworks to those running local council approved events only,,Pontypridd,388
9093,732559,Limit the sale of fireworks to those running local council approved events only,,Rhondda and Ogmore,273
9094,732559,Limit the sale of fireworks to those running local council approved events only,,Swansea West,366
9095,732559,Limit the sale of fireworks to those running local council approved events only,,Torfaen,799
9096,732559,Limit the sale of fireworks to those running local council approved events only,,Vale of Glamorgan,343
9097,732559,Limit the sale of fireworks to those running local council approved events only,,Wrexham,309
9098,732559,Limit the sale of fireworks to those running local council approved events only,,Ynys Môn,207
9099,746363,Keep 5-Year ILR and Restrict Access to Benefits for New ILR Holders,,Aldershot,338
9100,746363,Keep 5-Year ILR and Restrict Access to Benefits for New ILR Holders,,Aldridge-Brownhills,66
9101,746363,Keep 5-Year ILR and Restrict Access to Benefits for New ILR Holders,,Altrincham and Sale West,140
9102,746363,Keep 5-Year ILR and Restrict Access to Benefits for New ILR Holders,,Amber Valley,64
9103,746363,Keep 5-Year ILR and Restrict Access to Benefits for New ILR Holders,,Arundel and South Downs,33
9104,746363,Keep 5-Year ILR and Restrict Access to Benefits for New ILR Holders,,Ashfield,125
9105,746363,Keep 5-Year ILR and Restrict Access to Benefits for New ILR Holders,,Ashford,294
9106,746363,Keep 5-Year ILR and Restrict Access to Benefits for New ILR Holders,,Ashton-under-Lyne,262
9107,746363,Keep 5-Year ILR and Restrict Access to Benefits for New ILR Holders,,Aylesbury,304
9108,746363,Keep 5-Year ILR and Restrict Access to Benefits for New ILR Holders,,Banbury,167
9109,746363,Keep 5-Year ILR and Restrict Access to Benefits for New ILR Holders,,Barking,1272
9110,746363,Keep 5-Year ILR and Restrict Access to Benefits for New ILR Holders,,Barnsley North,103
9111,746363,Keep 5-Year ILR and Restrict Access to Benefits for New ILR Holders,,Barnsley South,143
9112,746363,Keep 5-Year ILR and Restrict Access to Benefits for New ILR Holders,,Barrow and Furness,55
9113,746363,Keep 5-Year ILR and Restrict Access to Benefits for New ILR Holders,,Basildon and Billericay,156
9114,746363,Keep 5-Year ILR and Restrict Access to Benefits for New ILR Holders,,Basingstoke,273
9115,746363,Keep 5-Year ILR and Restrict Access to Benefits for New ILR Holders,,Bassetlaw,119
9116,746363,Keep 5-Year ILR and Restrict Access to Benefits for New ILR Holders,,Bath,88
9117,746363,Keep 5-Year ILR and Restrict Access to Benefits for New ILR Holders,,Battersea,76
9118,746363,Keep 5-Year ILR and Restrict Access to Benefits for New ILR Holders,,Beaconsfield,100
9119,746363,Keep 5-Year ILR and Restrict Access to Benefits for New ILR Holders,,Beckenham and Penge,133
9120,746363,Keep 5-Year ILR and Restrict Access to Benefits for New ILR Holders,,Bedford,426
9121,746363,Keep 5-Year ILR and Restrict Access to Benefits for New ILR Holders,,Bermondsey and Old Southwark,124
9122,746363,Keep 5-Year ILR and Restrict Access to Benefits for New ILR Holders,,Bethnal Green and Stepney,984
9123,746363,Keep 5-Year ILR and Restrict Access to Benefits for New ILR Holders,,Beverley and Holderness,31
9124,746363,Keep 5-Year ILR and Restrict Access to Benefits for New ILR Holders,,Bexhill and Battle,88
9125,746363,Keep 5-Year ILR and Restrict Access to Benefits for New ILR Holders,,Bexleyheath and Crayford,237
9126,746363,Keep 5-Year ILR and Restrict Access to Benefits for New ILR Holders,,Bicester and Woodstock,133
9127,746363,Keep 5-Year ILR and Restrict Access to Benefits for New ILR Holders,,Birkenhead,226
9128,746363,Keep 5-Year ILR and Restrict Access to Benefits for New ILR Holders,,Birmingham Edgbaston,425
9129,746363,Keep 5-Year ILR and Restrict Access to Benefits for New ILR Holders,,Birmingham Erdington,438
9130,746363,Keep 5-Year ILR and Restrict Access to Benefits for New ILR Holders,,Birmingham Hall Green and Moseley,564
9131,746363,Keep 5-Year ILR and Restrict Access to Benefits for New ILR Holders,,Birmingham Hodge Hill and Solihull North,381
9132,746363,Keep 5-Year ILR and Restrict Access to Benefits for New ILR Holders,,Birmingham Ladywood,980
9133,746363,Keep 5-Year ILR and Restrict Access to Benefits for New ILR Holders,,Birmingham Northfield,168
9134,746363,Keep 5-Year ILR and Restrict Access to Benefits for New ILR Holders,,Birmingham Perry Barr,781
9135,746363,Keep 5-Year ILR and Restrict Access to Benefits for New ILR Holders,,Birmingham Selly Oak,201
9136,746363,Keep 5-Year ILR and Restrict Access to Benefits for New ILR Holders,,Birmingham Yardley,577
9137,746363,Keep 5-Year ILR and Restrict Access to Benefits for New ILR Holders,,Bishop Auckland,31
9138,746363,Keep 5-Year ILR and Restrict Access to Benefits for New ILR Holders,,Blackburn,456
9139,746363,Keep 5-Year ILR and Restrict Access to Benefits for New ILR Holders,,Blackley and Middleton South,433
9140,746363,Keep 5-Year ILR and Restrict Access to Benefits for New ILR Holders,,Blackpool North and Fleetwood,35
9141,746363,Keep 5-Year ILR and Restrict Access to Benefits for New ILR Holders,,Blackpool South,207
9142,746363,Keep 5-Year ILR and Restrict Access to Benefits for New ILR Holders,,Blaydon and Consett,30
9143,746363,Keep 5-Year ILR and Restrict Access to Benefits for New ILR Holders,,Blyth and Ashington,111
9144,746363,Keep 5-Year ILR and Restrict Access to Benefits for New ILR Holders,,Bognor Regis and Littlehampton,125
9145,746363,Keep 5-Year ILR and Restrict Access to Benefits for New ILR Holders,,Bolsover,80
9146,746363,Keep 5-Year ILR and Restrict Access to Benefits for New ILR Holders,,Bolton North East,492
9147,746363,Keep 5-Year ILR and Restrict Access to Benefits for New ILR Holders,,Bolton South and Walkden,582
9148,746363,Keep 5-Year ILR and Restrict Access to Benefits for New ILR Holders,,Bolton West,177
9149,746363,Keep 5-Year ILR and Restrict Access to Benefits for New ILR Holders,,Bootle,127
9150,746363,Keep 5-Year ILR and Restrict Access to Benefits for New ILR Holders,,Boston and Skegness,137
9151,746363,Keep 5-Year ILR and Restrict Access to Benefits for New ILR Holders,,Bournemouth East,324
9152,746363,Keep 5-Year ILR and Restrict Access to Benefits for New ILR Holders,,Bournemouth West,373
9153,746363,Keep 5-Year ILR and Restrict Access to Benefits for New ILR Holders,,Bracknell,155
9154,746363,Keep 5-Year ILR and Restrict Access to Benefits for New ILR Holders,,Bradford East,450
9155,746363,Keep 5-Year ILR and Restrict Access to Benefits for New ILR Holders,,Bradford South,252
9156,746363,Keep 5-Year ILR and Restrict Access to Benefits for New ILR Holders,,Bradford West,581
9157,746363,Keep 5-Year ILR and Restrict Access to Benefits for New ILR Holders,,Braintree,99
9158,746363,Keep 5-Year ILR and Restrict Access to Benefits for New ILR Holders,,Brent East,558
9159,746363,Keep 5-Year ILR and Restrict Access to Benefits for New ILR Holders,,Brent West,1631
9160,746363,Keep 5-Year ILR and Restrict Access to Benefits for New ILR Holders,,Brentford and Isleworth,749
9161,746363,Keep 5-Year ILR and Restrict Access to Benefits for New ILR Holders,,Brentwood and Ongar,111
9162,746363,Keep 5-Year ILR and Restrict Access to Benefits for New ILR Holders,,Bridgwater,139
9163,746363,Keep 5-Year ILR and Restrict Access to Benefits for New ILR Holders,,Bridlington and The Wolds,38
9164,746363,Keep 5-Year ILR and Restrict Access to Benefits for New ILR Holders,,Brigg and Immingham,22
9165,746363,Keep 5-Year ILR and Restrict Access to Benefits for New ILR Holders,,Brighton Kemptown and Peacehaven,125
9166,746363,Keep 5-Year ILR and Restrict Access to Benefits for New ILR Holders,,Brighton Pavilion,180
9167,746363,Keep 5-Year ILR and Restrict Access to Benefits for New ILR Holders,,Bristol Central,94
9168,746363,Keep 5-Year ILR and Restrict Access to Benefits for New ILR Holders,,Bristol East,259
9169,746363,Keep 5-Year ILR and Restrict Access to Benefits for New ILR Holders,,Bristol North East,307
9170,746363,Keep 5-Year ILR and Restrict Access to Benefits for New ILR Holders,,Bristol North West,222
9171,746363,Keep 5-Year ILR and Restrict Access to Benefits for New ILR Holders,,Bristol South,142
9172,746363,Keep 5-Year ILR and Restrict Access to Benefits for New ILR Holders,,Broadland and Fakenham,47
9173,746363,Keep 5-Year ILR and Restrict Access to Benefits for New ILR Holders,,Bromley and Biggin Hill,116
9174,746363,Keep 5-Year ILR and Restrict Access to Benefits for New ILR Holders,,Bromsgrove,28
9175,746363,Keep 5-Year ILR and Restrict Access to Benefits for New ILR Holders,,Broxbourne,168
9176,746363,Keep 5-Year ILR and Restrict Access to Benefits for New ILR Holders,,Broxtowe,117
9177,746363,Keep 5-Year ILR and Restrict Access to Benefits for New ILR Holders,,Buckingham and Bletchley,232
9178,746363,Keep 5-Year ILR and Restrict Access to Benefits for New ILR Holders,,Burnley,241
9179,746363,Keep 5-Year ILR and Restrict Access to Benefits for New ILR Holders,,Burton and Uttoxeter,230
9180,746363,Keep 5-Year ILR and Restrict Access to Benefits for New ILR Holders,,Bury North,144
9181,746363,Keep 5-Year ILR and Restrict Access to Benefits for New ILR Holders,,Bury South,160
9182,746363,Keep 5-Year ILR and Restrict Access to Benefits for New ILR Holders,,Bury St Edmunds and Stowmarket,151
9183,746363,Keep 5-Year ILR and Restrict Access to Benefits for New ILR Holders,,Calder Valley,22
9184,746363,Keep 5-Year ILR and Restrict Access to Benefits for New ILR Holders,,Camborne and Redruth,176
9185,746363,Keep 5-Year ILR and Restrict Access to Benefits for New ILR Holders,,Cambridge,362
9186,746363,Keep 5-Year ILR and Restrict Access to Benefits for New ILR Holders,,Cannock Chase,61
9187,746363,Keep 5-Year ILR and Restrict Access to Benefits for New ILR Holders,,Canterbury,230
9188,746363,Keep 5-Year ILR and Restrict Access to Benefits for New ILR Holders,,Carlisle,121
9189,746363,Keep 5-Year ILR and Restrict Access to Benefits for New ILR Holders,,Carshalton and Wallington,213
9190,746363,Keep 5-Year ILR and Restrict Access to Benefits for New ILR Holders,,Castle Point,52
9191,746363,Keep 5-Year ILR and Restrict Access to Benefits for New ILR Holders,,Central Devon,47
9192,746363,Keep 5-Year ILR and Restrict Access to Benefits for New ILR Holders,,Central Suffolk and North Ipswich,70
9193,746363,Keep 5-Year ILR and Restrict Access to Benefits for New ILR Holders,,Chatham and Aylesford,200
9194,746363,Keep 5-Year ILR and Restrict Access to Benefits for New ILR Holders,,Cheadle,99
9195,746363,Keep 5-Year ILR and Restrict Access to Benefits for New ILR Holders,,Chelmsford,290
9196,746363,Keep 5-Year ILR and Restrict Access to Benefits for New ILR Holders,,Chelsea and Fulham,80
9197,746363,Keep 5-Year ILR and Restrict Access to Benefits for New ILR Holders,,Cheltenham,281
9198,746363,Keep 5-Year ILR and Restrict Access to Benefits for New ILR Holders,,Chesham and Amersham,92
9199,746363,Keep 5-Year ILR and Restrict Access to Benefits for New ILR Holders,,Chester North and Neston,198
9200,746363,Keep 5-Year ILR and Restrict Access to Benefits for New ILR Holders,,Chester South and Eddisbury,43
9201,746363,Keep 5-Year ILR and Restrict Access to Benefits for New ILR Holders,,Chesterfield,153
9202,746363,Keep 5-Year ILR and Restrict Access to Benefits for New ILR Holders,,Chichester,83
9203,746363,Keep 5-Year ILR and Restrict Access to Benefits for New ILR Holders,,Chingford and Woodford Green,157
9204,746363,Keep 5-Year ILR and Restrict Access to Benefits for New ILR Holders,,Chippenham,64
9205,746363,Keep 5-Year ILR and Restrict Access to Benefits for New ILR Holders,,Chipping Barnet,183
9206,746363,Keep 5-Year ILR and Restrict Access to Benefits for New ILR Holders,,Chorley,79
9207,746363,Keep 5-Year ILR and Restrict Access to Benefits for New ILR Holders,,Christchurch,42
9208,746363,Keep 5-Year ILR and Restrict Access to Benefits for New ILR Holders,,Cities of London and Westminster,104
9209,746363,Keep 5-Year ILR and Restrict Access to Benefits for New ILR Holders,,City of Durham,88
9210,746363,Keep 5-Year ILR and Restrict Access to Benefits for New ILR Holders,,Clacton,162
9211,746363,Keep 5-Year ILR and Restrict Access to Benefits for New ILR Holders,,Clapham and Brixton Hill,78
9212,746363,Keep 5-Year ILR and Restrict Access to Benefits for New ILR Holders,,Colchester,478
9213,746363,Keep 5-Year ILR and Restrict Access to Benefits for New ILR Holders,,Colne Valley,41
9214,746363,Keep 5-Year ILR and Restrict Access to Benefits for New ILR Holders,,Congleton,35
9215,746363,Keep 5-Year ILR and Restrict Access to Benefits for New ILR Holders,,Corby and East Northamptonshire,111
9216,746363,Keep 5-Year ILR and Restrict Access to Benefits for New ILR Holders,,Coventry East,679
9217,746363,Keep 5-Year ILR and Restrict Access to Benefits for New ILR Holders,,Coventry North West,452
9218,746363,Keep 5-Year ILR and Restrict Access to Benefits for New ILR Holders,,Coventry South,901
9219,746363,Keep 5-Year ILR and Restrict Access to Benefits for New ILR Holders,,Cramlington and Killingworth,54
9220,746363,Keep 5-Year ILR and Restrict Access to Benefits for New ILR Holders,,Crawley,528
9221,746363,Keep 5-Year ILR and Restrict Access to Benefits for New ILR Holders,,Crewe and Nantwich,202
9222,746363,Keep 5-Year ILR and Restrict Access to Benefits for New ILR Holders,,Croydon East,265
9223,746363,Keep 5-Year ILR and Restrict Access to Benefits for New ILR Holders,,Croydon South,197
9224,746363,Keep 5-Year ILR and Restrict Access to Benefits for New ILR Holders,,Croydon West,919
9225,746363,Keep 5-Year ILR and Restrict Access to Benefits for New ILR Holders,,Dagenham and Rainham,722
9226,746363,Keep 5-Year ILR and Restrict Access to Benefits for New ILR Holders,,Darlington,144
9227,746363,Keep 5-Year ILR and Restrict Access to Benefits for New ILR Holders,,Dartford,282
9228,746363,Keep 5-Year ILR and Restrict Access to Benefits for New ILR Holders,,Daventry,77
9229,746363,Keep 5-Year ILR and Restrict Access to Benefits for New ILR Holders,,Derby North,387
9230,746363,Keep 5-Year ILR and Restrict Access to Benefits for New ILR Holders,,Derby South,724
9231,746363,Keep 5-Year ILR and Restrict Access to Benefits for New ILR Holders,,Derbyshire Dales,22
9232,746363,Keep 5-Year ILR and Restrict Access to Benefits for New ILR Holders,,Dewsbury and Batley,220
9233,746363,Keep 5-Year ILR and Restrict Access to Benefits for New ILR Holders,,Didcot and Wantage,153
9234,746363,Keep 5-Year ILR and Restrict Access to Benefits for New ILR Holders,,Doncaster Central,272
9235,746363,Keep 5-Year ILR and Restrict Access to Benefits for New ILR Holders,,Doncaster East and the Isle of Axholme,63
9236,746363,Keep 5-Year ILR and Restrict Access to Benefits for New ILR Holders,,Doncaster North,73
9237,746363,Keep 5-Year ILR and Restrict Access to Benefits for New ILR Holders,,Dorking and Horley,101
9238,746363,Keep 5-Year ILR and Restrict Access to Benefits for New ILR Holders,,Dover and Deal,159
9239,746363,Keep 5-Year ILR and Restrict Access to Benefits for New ILR Holders,,Droitwich and Evesham,129
9240,746363,Keep 5-Year ILR and Restrict Access to Benefits for New ILR Holders,,Dudley,260
9241,746363,Keep 5-Year ILR and Restrict Access to Benefits for New ILR Holders,,Dulwich and West Norwood,90
9242,746363,Keep 5-Year ILR and Restrict Access to Benefits for New ILR Holders,,Dunstable and Leighton Buzzard,213
9243,746363,Keep 5-Year ILR and Restrict Access to Benefits for New ILR Holders,,Ealing Central and Acton,281
9244,746363,Keep 5-Year ILR and Restrict Access to Benefits for New ILR Holders,,Ealing North,601
9245,746363,Keep 5-Year ILR and Restrict Access to Benefits for New ILR Holders,,Ealing Southall,910
9246,746363,Keep 5-Year ILR and Restrict Access to Benefits for New ILR Holders,,Earley and Woodley,274
9247,746363,Keep 5-Year ILR and Restrict Access to Benefits for New ILR Holders,,Easington,44
9248,746363,Keep 5-Year ILR and Restrict Access to Benefits for New ILR Holders,,East Grinstead and Uckfield,99
9249,746363,Keep 5-Year ILR and Restrict Access to Benefits for New ILR Holders,,East Ham,2150
9250,746363,Keep 5-Year ILR and Restrict Access to Benefits for New ILR Holders,,East Hampshire,97
9251,746363,Keep 5-Year ILR and Restrict Access to Benefits for New ILR Holders,,East Surrey,87
9252,746363,Keep 5-Year ILR and Restrict Access to Benefits for New ILR Holders,,East Thanet,209
9253,746363,Keep 5-Year ILR and Restrict Access to Benefits for New ILR Holders,,East Wiltshire,85
9254,746363,Keep 5-Year ILR and Restrict Access to Benefits for New ILR Holders,,East Worthing and Shoreham,97
9255,746363,Keep 5-Year ILR and Restrict Access to Benefits for New ILR Holders,,Eastbourne,305
9256,746363,Keep 5-Year ILR and Restrict Access to Benefits for New ILR Holders,,Eastleigh,90
9257,746363,Keep 5-Year ILR and Restrict Access to Benefits for New ILR Holders,,Edmonton and Winchmore Hill,324
9258,746363,Keep 5-Year ILR and Restrict Access to Benefits for New ILR Holders,,Ellesmere Port and Bromborough,109
9259,746363,Keep 5-Year ILR and Restrict Access to Benefits for New ILR Holders,,Eltham and Chislehurst,190
9260,746363,Keep 5-Year ILR and Restrict Access to Benefits for New ILR Holders,,Ely and East Cambridgeshire,179
9261,746363,Keep 5-Year ILR and Restrict Access to Benefits for New ILR Holders,,Enfield North,385
9262,746363,Keep 5-Year ILR and Restrict Access to Benefits for New ILR Holders,,Epping Forest,104
9263,746363,Keep 5-Year ILR and Restrict Access to Benefits for New ILR Holders,,Epsom and Ewell,154
9264,746363,Keep 5-Year ILR and Restrict Access to Benefits for New ILR Holders,,Erewash,117
9265,746363,Keep 5-Year ILR and Restrict Access to Benefits for New ILR Holders,,Erith and Thamesmead,709
9266,746363,Keep 5-Year ILR and Restrict Access to Benefits for New ILR Holders,,Esher and Walton,98
9267,746363,Keep 5-Year ILR and Restrict Access to Benefits for New ILR Holders,,Exeter,220
9268,746363,Keep 5-Year ILR and Restrict Access to Benefits for New ILR Holders,,Exmouth and Exeter East,101
9269,746363,Keep 5-Year ILR and Restrict Access to Benefits for New ILR Holders,,Fareham and Waterlooville,72
9270,746363,Keep 5-Year ILR and Restrict Access to Benefits for New ILR Holders,,Farnham and Bordon,106
9271,746363,Keep 5-Year ILR and Restrict Access to Benefits for New ILR Holders,,Faversham and Mid Kent,65
9272,746363,Keep 5-Year ILR and Restrict Access to Benefits for New ILR Holders,,Feltham and Heston,1074
9273,746363,Keep 5-Year ILR and Restrict Access to Benefits for New ILR Holders,,Filton and Bradley Stoke,291
9274,746363,Keep 5-Year ILR and Restrict Access to Benefits for New ILR Holders,,Finchley and Golders Green,230
9275,746363,Keep 5-Year ILR and Restrict Access to Benefits for New ILR Holders,,Folkestone and Hythe,196
9276,746363,Keep 5-Year ILR and Restrict Access to Benefits for New ILR Holders,,Forest of Dean,23
9277,746363,Keep 5-Year ILR and Restrict Access to Benefits for New ILR Holders,,Frome and East Somerset,63
9278,746363,Keep 5-Year ILR and Restrict Access to Benefits for New ILR Holders,,Fylde,37
9279,746363,Keep 5-Year ILR and Restrict Access to Benefits for New ILR Holders,,Gainsborough,62
9280,746363,Keep 5-Year ILR and Restrict Access to Benefits for New ILR Holders,,Gateshead Central and Whickham,242
9281,746363,Keep 5-Year ILR and Restrict Access to Benefits for New ILR Holders,,Gedling,147
9282,746363,Keep 5-Year ILR and Restrict Access to Benefits for New ILR Holders,,Gillingham and Rainham,304
9283,746363,Keep 5-Year ILR and Restrict Access to Benefits for New ILR Holders,,Glastonbury and Somerton,51
9284,746363,Keep 5-Year ILR and Restrict Access to Benefits for New ILR Holders,,Gloucester,548
9285,746363,Keep 5-Year ILR and Restrict Access to Benefits for New ILR Holders,,Godalming and Ash,99
9286,746363,Keep 5-Year ILR and Restrict Access to Benefits for New ILR Holders,,Goole and Pocklington,46
9287,746363,Keep 5-Year ILR and Restrict Access to Benefits for New ILR Holders,,Gorton and Denton,681
9288,746363,Keep 5-Year ILR and Restrict Access to Benefits for New ILR Holders,,Gosport,90
9289,746363,Keep 5-Year ILR and Restrict Access to Benefits for New ILR Holders,,Grantham and Bourne,114
9290,746363,Keep 5-Year ILR and Restrict Access to Benefits for New ILR Holders,,Gravesham,311
9291,746363,Keep 5-Year ILR and Restrict Access to Benefits for New ILR Holders,,Great Grimsby and Cleethorpes,95
9292,746363,Keep 5-Year ILR and Restrict Access to Benefits for New ILR Holders,,Great Yarmouth,112
9293,746363,Keep 5-Year ILR and Restrict Access to Benefits for New ILR Holders,,Greenwich and Woolwich,298
9294,746363,Keep 5-Year ILR and Restrict Access to Benefits for New ILR Holders,,Guildford,160
9295,746363,Keep 5-Year ILR and Restrict Access to Benefits for New ILR Holders,,Hackney North and Stoke Newington,145
9296,746363,Keep 5-Year ILR and Restrict Access to Benefits for New ILR Holders,,Hackney South and Shoreditch,165
9297,746363,Keep 5-Year ILR and Restrict Access to Benefits for New ILR Holders,,Halesowen,132
9298,746363,Keep 5-Year ILR and Restrict Access to Benefits for New ILR Holders,,Halifax,163
9299,746363,Keep 5-Year ILR and Restrict Access to Benefits for New ILR Holders,,Hamble Valley,53
9300,746363,Keep 5-Year ILR and Restrict Access to Benefits for New ILR Holders,,Hammersmith and Chiswick,119
9301,746363,Keep 5-Year ILR and Restrict Access to Benefits for New ILR Holders,,Hampstead and Highgate,73
9302,746363,Keep 5-Year ILR and Restrict Access to Benefits for New ILR Holders,,"Harborough, Oadby and Wigston",189
9303,746363,Keep 5-Year ILR and Restrict Access to Benefits for New ILR Holders,,Harlow,274
9304,746363,Keep 5-Year ILR and Restrict Access to Benefits for New ILR Holders,,Harpenden and Berkhamsted,40
9305,746363,Keep 5-Year ILR and Restrict Access to Benefits for New ILR Holders,,Harrogate and Knaresborough,103
9306,746363,Keep 5-Year ILR and Restrict Access to Benefits for New ILR Holders,,Harrow East,1328
9307,746363,Keep 5-Year ILR and Restrict Access to Benefits for New ILR Holders,,Harrow West,1640
9308,746363,Keep 5-Year ILR and Restrict Access to Benefits for New ILR Holders,,Hartlepool,94
9309,746363,Keep 5-Year ILR and Restrict Access to Benefits for New ILR Holders,,Harwich and North Essex,84
9310,746363,Keep 5-Year ILR and Restrict Access to Benefits for New ILR Holders,,Hastings and Rye,153
9311,746363,Keep 5-Year ILR and Restrict Access to Benefits for New ILR Holders,,Havant,84
9312,746363,Keep 5-Year ILR and Restrict Access to Benefits for New ILR Holders,,Hayes and Harlington,1181
9313,746363,Keep 5-Year ILR and Restrict Access to Benefits for New ILR Holders,,Hazel Grove,73
9314,746363,Keep 5-Year ILR and Restrict Access to Benefits for New ILR Holders,,Hemel Hempstead,194
9315,746363,Keep 5-Year ILR and Restrict Access to Benefits for New ILR Holders,,Hendon,423
9316,746363,Keep 5-Year ILR and Restrict Access to Benefits for New ILR Holders,,Henley and Thame,44
9317,746363,Keep 5-Year ILR and Restrict Access to Benefits for New ILR Holders,,Hereford and South Herefordshire,141
9318,746363,Keep 5-Year ILR and Restrict Access to Benefits for New ILR Holders,,Herne Bay and Sandwich,106
9319,746363,Keep 5-Year ILR and Restrict Access to Benefits for New ILR Holders,,Hertford and Stortford,186
9320,746363,Keep 5-Year ILR and Restrict Access to Benefits for New ILR Holders,,Hertsmere,150
9321,746363,Keep 5-Year ILR and Restrict Access to Benefits for New ILR Holders,,Hexham,30
9322,746363,Keep 5-Year ILR and Restrict Access to Benefits for New ILR Holders,,Heywood and Middleton North,247
9323,746363,Keep 5-Year ILR and Restrict Access to Benefits for New ILR Holders,,High Peak,25
9324,746363,Keep 5-Year ILR and Restrict Access to Benefits for New ILR Holders,,Hinckley and Bosworth,65
9325,746363,Keep 5-Year ILR and Restrict Access to Benefits for New ILR Holders,,Hitchin,87
9326,746363,Keep 5-Year ILR and Restrict Access to Benefits for New ILR Holders,,Holborn and St Pancras,173
9327,746363,Keep 5-Year ILR and Restrict Access to Benefits for New ILR Holders,,Honiton and Sidmouth,105
9328,746363,Keep 5-Year ILR and Restrict Access to Benefits for New ILR Holders,,Hornchurch and Upminster,143
9329,746363,Keep 5-Year ILR and Restrict Access to Benefits for New ILR Holders,,Hornsey and Friern Barnet,128
9330,746363,Keep 5-Year ILR and Restrict Access to Benefits for New ILR Holders,,Horsham,150
9331,746363,Keep 5-Year ILR and Restrict Access to Benefits for New ILR Holders,,Houghton and Sunderland South,76
9332,746363,Keep 5-Year ILR and Restrict Access to Benefits for New ILR Holders,,Hove and Portslade,168
9333,746363,Keep 5-Year ILR and Restrict Access to Benefits for New ILR Holders,,Huddersfield,438
9334,746363,Keep 5-Year ILR and Restrict Access to Benefits for New ILR Holders,,Huntingdon,179
9335,746363,Keep 5-Year ILR and Restrict Access to Benefits for New ILR Holders,,Hyndburn,166
9336,746363,Keep 5-Year ILR and Restrict Access to Benefits for New ILR Holders,,Ilford North,922
9337,746363,Keep 5-Year ILR and Restrict Access to Benefits for New ILR Holders,,Ilford South,1615
9338,746363,Keep 5-Year ILR and Restrict Access to Benefits for New ILR Holders,,Ipswich,446
9339,746363,Keep 5-Year ILR and Restrict Access to Benefits for New ILR Holders,,Isle of Wight East,63
9340,746363,Keep 5-Year ILR and Restrict Access to Benefits for New ILR Holders,,Isle of Wight West,62
9341,746363,Keep 5-Year ILR and Restrict Access to Benefits for New ILR Holders,,Islington North,83
9342,746363,Keep 5-Year ILR and Restrict Access to Benefits for New ILR Holders,,Islington South and Finsbury,81
9343,746363,Keep 5-Year ILR and Restrict Access to Benefits for New ILR Holders,,Jarrow and Gateshead East,102
9344,746363,Keep 5-Year ILR and Restrict Access to Benefits for New ILR Holders,,Keighley and Ilkley,77
9345,746363,Keep 5-Year ILR and Restrict Access to Benefits for New ILR Holders,,Kenilworth and Southam,66
9346,746363,Keep 5-Year ILR and Restrict Access to Benefits for New ILR Holders,,Kensington and Bayswater,94
9347,746363,Keep 5-Year ILR and Restrict Access to Benefits for New ILR Holders,,Kettering,225
9348,746363,Keep 5-Year ILR and Restrict Access to Benefits for New ILR Holders,,Kingston and Surbiton,252
9349,746363,Keep 5-Year ILR and Restrict Access to Benefits for New ILR Holders,,Kingston upon Hull East,165
9350,746363,Keep 5-Year ILR and Restrict Access to Benefits for New ILR Holders,,Kingston upon Hull North and Cottingham,376
9351,746363,Keep 5-Year ILR and Restrict Access to Benefits for New ILR Holders,,Kingston upon Hull West and Haltemprice,138
9352,746363,Keep 5-Year ILR and Restrict Access to Benefits for New ILR Holders,,Kingswinford and South Staffordshire,17
9353,746363,Keep 5-Year ILR and Restrict Access to Benefits for New ILR Holders,,Knowsley,75
9354,746363,Keep 5-Year ILR and Restrict Access to Benefits for New ILR Holders,,Lancaster and Wyre,117
9355,746363,Keep 5-Year ILR and Restrict Access to Benefits for New ILR Holders,,Leeds Central and Headingley,363
9356,746363,Keep 5-Year ILR and Restrict Access to Benefits for New ILR Holders,,Leeds East,324
9357,746363,Keep 5-Year ILR and Restrict Access to Benefits for New ILR Holders,,Leeds North East,176
9358,746363,Keep 5-Year ILR and Restrict Access to Benefits for New ILR Holders,,Leeds North West,39
9359,746363,Keep 5-Year ILR and Restrict Access to Benefits for New ILR Holders,,Leeds South,536
9360,746363,Keep 5-Year ILR and Restrict Access to Benefits for New ILR Holders,,Leeds South West and Morley,125
9361,746363,Keep 5-Year ILR and Restrict Access to Benefits for New ILR Holders,,Leeds West and Pudsey,180
9362,746363,Keep 5-Year ILR and Restrict Access to Benefits for New ILR Holders,,Leicester East,1053
9363,746363,Keep 5-Year ILR and Restrict Access to Benefits for New ILR Holders,,Leicester South,870
9364,746363,Keep 5-Year ILR and Restrict Access to Benefits for New ILR Holders,,Leicester West,814
9365,746363,Keep 5-Year ILR and Restrict Access to Benefits for New ILR Holders,,Leigh and Atherton,157
9366,746363,Keep 5-Year ILR and Restrict Access to Benefits for New ILR Holders,,Lewes,83
9367,746363,Keep 5-Year ILR and Restrict Access to Benefits for New ILR Holders,,Lewisham East,205
9368,746363,Keep 5-Year ILR and Restrict Access to Benefits for New ILR Holders,,Lewisham North,201
9369,746363,Keep 5-Year ILR and Restrict Access to Benefits for New ILR Holders,,Lewisham West and East Dulwich,95
9370,746363,Keep 5-Year ILR and Restrict Access to Benefits for New ILR Holders,,Leyton and Wanstead,372
9371,746363,Keep 5-Year ILR and Restrict Access to Benefits for New ILR Holders,,Lichfield,24
9372,746363,Keep 5-Year ILR and Restrict Access to Benefits for New ILR Holders,,Lincoln,351
9373,746363,Keep 5-Year ILR and Restrict Access to Benefits for New ILR Holders,,Liverpool Garston,53
9374,746363,Keep 5-Year ILR and Restrict Access to Benefits for New ILR Holders,,Liverpool Riverside,461
9375,746363,Keep 5-Year ILR and Restrict Access to Benefits for New ILR Holders,,Liverpool Walton,181
9376,746363,Keep 5-Year ILR and Restrict Access to Benefits for New ILR Holders,,Liverpool Wavertree,365
9377,746363,Keep 5-Year ILR and Restrict Access to Benefits for New ILR Holders,,Liverpool West Derby,210
9378,746363,Keep 5-Year ILR and Restrict Access to Benefits for New ILR Holders,,Loughborough,196
9379,746363,Keep 5-Year ILR and Restrict Access to Benefits for New ILR Holders,,Louth and Horncastle,26
9380,746363,Keep 5-Year ILR and Restrict Access to Benefits for New ILR Holders,,Lowestoft,71
9381,746363,Keep 5-Year ILR and Restrict Access to Benefits for New ILR Holders,,Luton North,663
9382,746363,Keep 5-Year ILR and Restrict Access to Benefits for New ILR Holders,,Luton South and South Bedfordshire,1426
9383,746363,Keep 5-Year ILR and Restrict Access to Benefits for New ILR Holders,,Macclesfield,104
9384,746363,Keep 5-Year ILR and Restrict Access to Benefits for New ILR Holders,,Maidenhead,188
9385,746363,Keep 5-Year ILR and Restrict Access to Benefits for New ILR Holders,,Maidstone and Malling,294
9386,746363,Keep 5-Year ILR and Restrict Access to Benefits for New ILR Holders,,Makerfield,71
9387,746363,Keep 5-Year ILR and Restrict Access to Benefits for New ILR Holders,,Maldon,32
9388,746363,Keep 5-Year ILR and Restrict Access to Benefits for New ILR Holders,,Manchester Central,486
9389,746363,Keep 5-Year ILR and Restrict Access to Benefits for New ILR Holders,,Manchester Rusholme,655
9390,746363,Keep 5-Year ILR and Restrict Access to Benefits for New ILR Holders,,Manchester Withington,181
9391,746363,Keep 5-Year ILR and Restrict Access to Benefits for New ILR Holders,,Mansfield,227
9392,746363,Keep 5-Year ILR and Restrict Access to Benefits for New ILR Holders,,Melksham and Devizes,35
9393,746363,Keep 5-Year ILR and Restrict Access to Benefits for New ILR Holders,,Melton and Syston,129
9394,746363,Keep 5-Year ILR and Restrict Access to Benefits for New ILR Holders,,Meriden and Solihull East,89
9395,746363,Keep 5-Year ILR and Restrict Access to Benefits for New ILR Holders,,Mid Bedfordshire,55
9396,746363,Keep 5-Year ILR and Restrict Access to Benefits for New ILR Holders,,Mid Buckinghamshire,48
9397,746363,Keep 5-Year ILR and Restrict Access to Benefits for New ILR Holders,,Mid Cheshire,86
9398,746363,Keep 5-Year ILR and Restrict Access to Benefits for New ILR Holders,,Mid Derbyshire,41
9399,746363,Keep 5-Year ILR and Restrict Access to Benefits for New ILR Holders,,Mid Dorset and North Poole,47
9400,746363,Keep 5-Year ILR and Restrict Access to Benefits for New ILR Holders,,Mid Leicestershire,126
9401,746363,Keep 5-Year ILR and Restrict Access to Benefits for New ILR Holders,,Mid Norfolk,67
9402,746363,Keep 5-Year ILR and Restrict Access to Benefits for New ILR Holders,,Mid Sussex,102
9403,746363,Keep 5-Year ILR and Restrict Access to Benefits for New ILR Holders,,Middlesbrough and Thornaby East,589
9404,746363,Keep 5-Year ILR and Restrict Access to Benefits for New ILR Holders,,Middlesbrough South and East Cleveland,64
9405,746363,Keep 5-Year ILR and Restrict Access to Benefits for New ILR Holders,,Milton Keynes Central,512
9406,746363,Keep 5-Year ILR and Restrict Access to Benefits for New ILR Holders,,Milton Keynes North,255
9407,746363,Keep 5-Year ILR and Restrict Access to Benefits for New ILR Holders,,Mitcham and Morden,437
9408,746363,Keep 5-Year ILR and Restrict Access to Benefits for New ILR Holders,,Morecambe and Lunesdale,91
9409,746363,Keep 5-Year ILR and Restrict Access to Benefits for New ILR Holders,,New Forest East,56
9410,746363,Keep 5-Year ILR and Restrict Access to Benefits for New ILR Holders,,New Forest West,131
9411,746363,Keep 5-Year ILR and Restrict Access to Benefits for New ILR Holders,,Newark,125
9412,746363,Keep 5-Year ILR and Restrict Access to Benefits for New ILR Holders,,Newbury,172
9413,746363,Keep 5-Year ILR and Restrict Access to Benefits for New ILR Holders,,Newcastle upon Tyne Central and West,507
9414,746363,Keep 5-Year ILR and Restrict Access to Benefits for New ILR Holders,,Newcastle upon Tyne East and Wallsend,191
9415,746363,Keep 5-Year ILR and Restrict Access to Benefits for New ILR Holders,,Newcastle upon Tyne North,138
9416,746363,Keep 5-Year ILR and Restrict Access to Benefits for New ILR Holders,,Newcastle-under-Lyme,166
9417,746363,Keep 5-Year ILR and Restrict Access to Benefits for New ILR Holders,,Newton Abbot,69
9418,746363,Keep 5-Year ILR and Restrict Access to Benefits for New ILR Holders,,Newton Aycliffe and Spennymoor,29
9419,746363,Keep 5-Year ILR and Restrict Access to Benefits for New ILR Holders,,Normanton and Hemsworth,59
9420,746363,Keep 5-Year ILR and Restrict Access to Benefits for New ILR Holders,,North Bedfordshire,65
9421,746363,Keep 5-Year ILR and Restrict Access to Benefits for New ILR Holders,,North Cornwall,59
9422,746363,Keep 5-Year ILR and Restrict Access to Benefits for New ILR Holders,,North Cotswolds,51
9423,746363,Keep 5-Year ILR and Restrict Access to Benefits for New ILR Holders,,North Devon,131
9424,746363,Keep 5-Year ILR and Restrict Access to Benefits for New ILR Holders,,North Dorset,69
9425,746363,Keep 5-Year ILR and Restrict Access to Benefits for New ILR Holders,,North Durham,53
9426,746363,Keep 5-Year ILR and Restrict Access to Benefits for New ILR Holders,,North East Cambridgeshire,162
9427,746363,Keep 5-Year ILR and Restrict Access to Benefits for New ILR Holders,,North East Derbyshire,58
9428,746363,Keep 5-Year ILR and Restrict Access to Benefits for New ILR Holders,,North East Hampshire,45
9429,746363,Keep 5-Year ILR and Restrict Access to Benefits for New ILR Holders,,North East Hertfordshire,89
9430,746363,Keep 5-Year ILR and Restrict Access to Benefits for New ILR Holders,,North East Somerset and Hanham,68
9431,746363,Keep 5-Year ILR and Restrict Access to Benefits for New ILR Holders,,North Herefordshire,46
9432,746363,Keep 5-Year ILR and Restrict Access to Benefits for New ILR Holders,,North Norfolk,60
9433,746363,Keep 5-Year ILR and Restrict Access to Benefits for New ILR Holders,,North Northumberland,28
9434,746363,Keep 5-Year ILR and Restrict Access to Benefits for New ILR Holders,,North Shropshire,62
9435,746363,Keep 5-Year ILR and Restrict Access to Benefits for New ILR Holders,,North Somerset,84
9436,746363,Keep 5-Year ILR and Restrict Access to Benefits for New ILR Holders,,North Warwickshire and Bedworth,90
9437,746363,Keep 5-Year ILR and Restrict Access to Benefits for New ILR Holders,,North West Cambridgeshire,353
9438,746363,Keep 5-Year ILR and Restrict Access to Benefits for New ILR Holders,,North West Essex,90
9439,746363,Keep 5-Year ILR and Restrict Access to Benefits for New ILR Holders,,North West Hampshire,101
9440,746363,Keep 5-Year ILR and Restrict Access to Benefits for New ILR Holders,,North West Leicestershire,53
9441,746363,Keep 5-Year ILR and Restrict Access to Benefits for New ILR Holders,,North West Norfolk,131
9442,746363,Keep 5-Year ILR and Restrict Access to Benefits for New ILR Holders,,Northampton North,811
9443,746363,Keep 5-Year ILR and Restrict Access to Benefits for New ILR Holders,,Northampton South,285
9444,746363,Keep 5-Year ILR and Restrict Access to Benefits for New ILR Holders,,Norwich North,174
9445,746363,Keep 5-Year ILR and Restrict Access to Benefits for New ILR Holders,,Norwich South,418
9446,746363,Keep 5-Year ILR and Restrict Access to Benefits for New ILR Holders,,Nottingham East,679
9447,746363,Keep 5-Year ILR and Restrict Access to Benefits for New ILR Holders,,Nottingham North and Kimberley,390
9448,746363,Keep 5-Year ILR and Restrict Access to Benefits for New ILR Holders,,Nottingham South,289
9449,746363,Keep 5-Year ILR and Restrict Access to Benefits for New ILR Holders,,Nuneaton,141
9450,746363,Keep 5-Year ILR and Restrict Access to Benefits for New ILR Holders,,Old Bexley and Sidcup,194
9451,746363,Keep 5-Year ILR and Restrict Access to Benefits for New ILR Holders,,Oldham East and Saddleworth,228
9452,746363,Keep 5-Year ILR and Restrict Access to Benefits for New ILR Holders,,"Oldham West, Chadderton and Royton",411
9453,746363,Keep 5-Year ILR and Restrict Access to Benefits for New ILR Holders,,Orpington,104
9454,746363,Keep 5-Year ILR and Restrict Access to Benefits for New ILR Holders,,Ossett and Denby Dale,72
9455,746363,Keep 5-Year ILR and Restrict Access to Benefits for New ILR Holders,,Oxford East,394
9456,746363,Keep 5-Year ILR and Restrict Access to Benefits for New ILR Holders,,Oxford West and Abingdon,133
9457,746363,Keep 5-Year ILR and Restrict Access to Benefits for New ILR Holders,,Peckham,142
9458,746363,Keep 5-Year ILR and Restrict Access to Benefits for New ILR Holders,,Pendle and Clitheroe,91
9459,746363,Keep 5-Year ILR and Restrict Access to Benefits for New ILR Holders,,Penistone and Stocksbridge,39
9460,746363,Keep 5-Year ILR and Restrict Access to Benefits for New ILR Holders,,Penrith and Solway,43
9461,746363,Keep 5-Year ILR and Restrict Access to Benefits for New ILR Holders,,Peterborough,591
9462,746363,Keep 5-Year ILR and Restrict Access to Benefits for New ILR Holders,,Plymouth Moor View,54
9463,746363,Keep 5-Year ILR and Restrict Access to Benefits for New ILR Holders,,Plymouth Sutton and Devonport,337
9464,746363,Keep 5-Year ILR and Restrict Access to Benefits for New ILR Holders,,"Pontefract, Castleford and Knottingley",94
9465,746363,Keep 5-Year ILR and Restrict Access to Benefits for New ILR Holders,,Poole,193
9466,746363,Keep 5-Year ILR and Restrict Access to Benefits for New ILR Holders,,Poplar and Limehouse,771
9467,746363,Keep 5-Year ILR and Restrict Access to Benefits for New ILR Holders,,Portsmouth North,206
9468,746363,Keep 5-Year ILR and Restrict Access to Benefits for New ILR Holders,,Portsmouth South,481
9469,746363,Keep 5-Year ILR and Restrict Access to Benefits for New ILR Holders,,Preston,989
9470,746363,Keep 5-Year ILR and Restrict Access to Benefits for New ILR Holders,,Putney,151
9471,746363,Keep 5-Year ILR and Restrict Access to Benefits for New ILR Holders,,Queen's Park and Maida Vale,197
9472,746363,Keep 5-Year ILR and Restrict Access to Benefits for New ILR Holders,,Rawmarsh and Conisbrough,55
9473,746363,Keep 5-Year ILR and Restrict Access to Benefits for New ILR Holders,,Rayleigh and Wickford,31
9474,746363,Keep 5-Year ILR and Restrict Access to Benefits for New ILR Holders,,Reading Central,565
9475,746363,Keep 5-Year ILR and Restrict Access to Benefits for New ILR Holders,,Reading West and Mid Berkshire,104
9476,746363,Keep 5-Year ILR and Restrict Access to Benefits for New ILR Holders,,Redcar,66
9477,746363,Keep 5-Year ILR and Restrict Access to Benefits for New ILR Holders,,Redditch,140
9478,746363,Keep 5-Year ILR and Restrict Access to Benefits for New ILR Holders,,Reigate,201
9479,746363,Keep 5-Year ILR and Restrict Access to Benefits for New ILR Holders,,Ribble Valley,95
9480,746363,Keep 5-Year ILR and Restrict Access to Benefits for New ILR Holders,,Richmond and Northallerton,26
9481,746363,Keep 5-Year ILR and Restrict Access to Benefits for New ILR Holders,,Richmond Park,100
9482,746363,Keep 5-Year ILR and Restrict Access to Benefits for New ILR Holders,,Rochdale,272
9483,746363,Keep 5-Year ILR and Restrict Access to Benefits for New ILR Holders,,Rochester and Strood,150
9484,746363,Keep 5-Year ILR and Restrict Access to Benefits for New ILR Holders,,Romford,330
9485,746363,Keep 5-Year ILR and Restrict Access to Benefits for New ILR Holders,,Romsey and Southampton North,110
9486,746363,Keep 5-Year ILR and Restrict Access to Benefits for New ILR Holders,,Rossendale and Darwen,96
9487,746363,Keep 5-Year ILR and Restrict Access to Benefits for New ILR Holders,,Rother Valley,35
9488,746363,Keep 5-Year ILR and Restrict Access to Benefits for New ILR Holders,,Rotherham,192
9489,746363,Keep 5-Year ILR and Restrict Access to Benefits for New ILR Holders,,Rugby,221
9490,746363,Keep 5-Year ILR and Restrict Access to Benefits for New ILR Holders,,"Ruislip, Northwood and Pinner",308
9491,746363,Keep 5-Year ILR and Restrict Access to Benefits for New ILR Holders,,Runcorn and Helsby,53
9492,746363,Keep 5-Year ILR and Restrict Access to Benefits for New ILR Holders,,Runnymede and Weybridge,171
9493,746363,Keep 5-Year ILR and Restrict Access to Benefits for New ILR Holders,,Rushcliffe,86
9494,746363,Keep 5-Year ILR and Restrict Access to Benefits for New ILR Holders,,Rutland and Stamford,60
9495,746363,Keep 5-Year ILR and Restrict Access to Benefits for New ILR Holders,,Salford,465
9496,746363,Keep 5-Year ILR and Restrict Access to Benefits for New ILR Holders,,Salisbury,111
9497,746363,Keep 5-Year ILR and Restrict Access to Benefits for New ILR Holders,,Scarborough and Whitby,81
9498,746363,Keep 5-Year ILR and Restrict Access to Benefits for New ILR Holders,,Scunthorpe,149
9499,746363,Keep 5-Year ILR and Restrict Access to Benefits for New ILR Holders,,Sefton Central,23
9500,746363,Keep 5-Year ILR and Restrict Access to Benefits for New ILR Holders,,Selby,54
9501,746363,Keep 5-Year ILR and Restrict Access to Benefits for New ILR Holders,,Sevenoaks,54
9502,746363,Keep 5-Year ILR and Restrict Access to Benefits for New ILR Holders,,Sheffield Brightside and Hillsborough,321
9503,746363,Keep 5-Year ILR and Restrict Access to Benefits for New ILR Holders,,Sheffield Central,415
9504,746363,Keep 5-Year ILR and Restrict Access to Benefits for New ILR Holders,,Sheffield Hallam,33
9505,746363,Keep 5-Year ILR and Restrict Access to Benefits for New ILR Holders,,Sheffield Heeley,234
9506,746363,Keep 5-Year ILR and Restrict Access to Benefits for New ILR Holders,,Sheffield South East,171
9507,746363,Keep 5-Year ILR and Restrict Access to Benefits for New ILR Holders,,Sherwood Forest,105
9508,746363,Keep 5-Year ILR and Restrict Access to Benefits for New ILR Holders,,Shipley,38
9509,746363,Keep 5-Year ILR and Restrict Access to Benefits for New ILR Holders,,Shrewsbury,100
9510,746363,Keep 5-Year ILR and Restrict Access to Benefits for New ILR Holders,,Sittingbourne and Sheppey,111
9511,746363,Keep 5-Year ILR and Restrict Access to Benefits for New ILR Holders,,Skipton and Ripon,57
9512,746363,Keep 5-Year ILR and Restrict Access to Benefits for New ILR Holders,,Sleaford and North Hykeham,60
9513,746363,Keep 5-Year ILR and Restrict Access to Benefits for New ILR Holders,,Slough,1019
9514,746363,Keep 5-Year ILR and Restrict Access to Benefits for New ILR Holders,,Smethwick,658
9515,746363,Keep 5-Year ILR and Restrict Access to Benefits for New ILR Holders,,Solihull West and Shirley,104
9516,746363,Keep 5-Year ILR and Restrict Access to Benefits for New ILR Holders,,South Basildon and East Thurrock,152
9517,746363,Keep 5-Year ILR and Restrict Access to Benefits for New ILR Holders,,South Cambridgeshire,141
9518,746363,Keep 5-Year ILR and Restrict Access to Benefits for New ILR Holders,,South Cotswolds,54
9519,746363,Keep 5-Year ILR and Restrict Access to Benefits for New ILR Holders,,South Derbyshire,75
9520,746363,Keep 5-Year ILR and Restrict Access to Benefits for New ILR Holders,,South Devon,32
9521,746363,Keep 5-Year ILR and Restrict Access to Benefits for New ILR Holders,,South Dorset,186
9522,746363,Keep 5-Year ILR and Restrict Access to Benefits for New ILR Holders,,South East Cornwall,42
9523,746363,Keep 5-Year ILR and Restrict Access to Benefits for New ILR Holders,,South Holland and The Deepings,161
9524,746363,Keep 5-Year ILR and Restrict Access to Benefits for New ILR Holders,,South Leicestershire,54
9525,746363,Keep 5-Year ILR and Restrict Access to Benefits for New ILR Holders,,South Norfolk,115
9526,746363,Keep 5-Year ILR and Restrict Access to Benefits for New ILR Holders,,South Northamptonshire,38
9527,746363,Keep 5-Year ILR and Restrict Access to Benefits for New ILR Holders,,South Ribble,27
9528,746363,Keep 5-Year ILR and Restrict Access to Benefits for New ILR Holders,,South Shields,100
9529,746363,Keep 5-Year ILR and Restrict Access to Benefits for New ILR Holders,,South Shropshire,42
9530,746363,Keep 5-Year ILR and Restrict Access to Benefits for New ILR Holders,,South Suffolk,62
9531,746363,Keep 5-Year ILR and Restrict Access to Benefits for New ILR Holders,,South West Devon,17
9532,746363,Keep 5-Year ILR and Restrict Access to Benefits for New ILR Holders,,South West Hertfordshire,141
9533,746363,Keep 5-Year ILR and Restrict Access to Benefits for New ILR Holders,,South West Norfolk,37
9534,746363,Keep 5-Year ILR and Restrict Access to Benefits for New ILR Holders,,South West Wiltshire,78
9535,746363,Keep 5-Year ILR and Restrict Access to Benefits for New ILR Holders,,Southampton Itchen,340
9536,746363,Keep 5-Year ILR and Restrict Access to Benefits for New ILR Holders,,Southampton Test,592
9537,746363,Keep 5-Year ILR and Restrict Access to Benefits for New ILR Holders,,Southend East and Rochford,257
9538,746363,Keep 5-Year ILR and Restrict Access to Benefits for New ILR Holders,,Southend West and Leigh,168
9539,746363,Keep 5-Year ILR and Restrict Access to Benefits for New ILR Holders,,Southgate and Wood Green,342
9540,746363,Keep 5-Year ILR and Restrict Access to Benefits for New ILR Holders,,Southport,108
9541,746363,Keep 5-Year ILR and Restrict Access to Benefits for New ILR Holders,,Spelthorne,289
9542,746363,Keep 5-Year ILR and Restrict Access to Benefits for New ILR Holders,,Spen Valley,46
9543,746363,Keep 5-Year ILR and Restrict Access to Benefits for New ILR Holders,,St Albans,113
9544,746363,Keep 5-Year ILR and Restrict Access to Benefits for New ILR Holders,,St Austell and Newquay,72
9545,746363,Keep 5-Year ILR and Restrict Access to Benefits for New ILR Holders,,St Helens North,81
9546,746363,Keep 5-Year ILR and Restrict Access to Benefits for New ILR Holders,,St Helens South and Whiston,114
9547,746363,Keep 5-Year ILR and Restrict Access to Benefits for New ILR Holders,,St Ives,38
9548,746363,Keep 5-Year ILR and Restrict Access to Benefits for New ILR Holders,,St Neots and Mid Cambridgeshire,191
9549,746363,Keep 5-Year ILR and Restrict Access to Benefits for New ILR Holders,,Stafford,132
9550,746363,Keep 5-Year ILR and Restrict Access to Benefits for New ILR Holders,,Staffordshire Moorlands,28
9551,746363,Keep 5-Year ILR and Restrict Access to Benefits for New ILR Holders,,Stalybridge and Hyde,112
9552,746363,Keep 5-Year ILR and Restrict Access to Benefits for New ILR Holders,,Stevenage,245
9553,746363,Keep 5-Year ILR and Restrict Access to Benefits for New ILR Holders,,Stockport,229
9554,746363,Keep 5-Year ILR and Restrict Access to Benefits for New ILR Holders,,Stockton North,173
9555,746363,Keep 5-Year ILR and Restrict Access to Benefits for New ILR Holders,,Stockton West,33
9556,746363,Keep 5-Year ILR and Restrict Access to Benefits for New ILR Holders,,Stoke-on-Trent Central,627
9557,746363,Keep 5-Year ILR and Restrict Access to Benefits for New ILR Holders,,Stoke-on-Trent North,233
9558,746363,Keep 5-Year ILR and Restrict Access to Benefits for New ILR Holders,,Stoke-on-Trent South,133
9559,746363,Keep 5-Year ILR and Restrict Access to Benefits for New ILR Holders,,"Stone, Great Wyrley and Penkridge",34
9560,746363,Keep 5-Year ILR and Restrict Access to Benefits for New ILR Holders,,Stourbridge,153
9561,746363,Keep 5-Year ILR and Restrict Access to Benefits for New ILR Holders,,Stratford and Bow,1130
9562,746363,Keep 5-Year ILR and Restrict Access to Benefits for New ILR Holders,,Stratford-on-Avon,74
9563,746363,Keep 5-Year ILR and Restrict Access to Benefits for New ILR Holders,,Streatham and Croydon North,295
9564,746363,Keep 5-Year ILR and Restrict Access to Benefits for New ILR Holders,,Stretford and Urmston,175
9565,746363,Keep 5-Year ILR and Restrict Access to Benefits for New ILR Holders,,Stroud,57
9566,746363,Keep 5-Year ILR and Restrict Access to Benefits for New ILR Holders,,Suffolk Coastal,81
9567,746363,Keep 5-Year ILR and Restrict Access to Benefits for New ILR Holders,,Sunderland Central,354
9568,746363,Keep 5-Year ILR and Restrict Access to Benefits for New ILR Holders,,Surrey Heath,161
9569,746363,Keep 5-Year ILR and Restrict Access to Benefits for New ILR Holders,,Sussex Weald,57
9570,746363,Keep 5-Year ILR and Restrict Access to Benefits for New ILR Holders,,Sutton and Cheam,325
9571,746363,Keep 5-Year ILR and Restrict Access to Benefits for New ILR Holders,,Sutton Coldfield,67
9572,746363,Keep 5-Year ILR and Restrict Access to Benefits for New ILR Holders,,Swindon North,220
9573,746363,Keep 5-Year ILR and Restrict Access to Benefits for New ILR Holders,,Swindon South,400
9574,746363,Keep 5-Year ILR and Restrict Access to Benefits for New ILR Holders,,Tamworth,49
9575,746363,Keep 5-Year ILR and Restrict Access to Benefits for New ILR Holders,,Tatton,63
9576,746363,Keep 5-Year ILR and Restrict Access to Benefits for New ILR Holders,,Taunton and Wellington,339
9577,746363,Keep 5-Year ILR and Restrict Access to Benefits for New ILR Holders,,Telford,174
9578,746363,Keep 5-Year ILR and Restrict Access to Benefits for New ILR Holders,,Tewkesbury,130
9579,746363,Keep 5-Year ILR and Restrict Access to Benefits for New ILR Holders,,The Wrekin,120
9580,746363,Keep 5-Year ILR and Restrict Access to Benefits for New ILR Holders,,Thirsk and Malton,38
9581,746363,Keep 5-Year ILR and Restrict Access to Benefits for New ILR Holders,,Thornbury and Yate,75
9582,746363,Keep 5-Year ILR and Restrict Access to Benefits for New ILR Holders,,Thurrock,365
9583,746363,Keep 5-Year ILR and Restrict Access to Benefits for New ILR Holders,,Tipton and Wednesbury,445
9584,746363,Keep 5-Year ILR and Restrict Access to Benefits for New ILR Holders,,Tiverton and Minehead,63
9585,746363,Keep 5-Year ILR and Restrict Access to Benefits for New ILR Holders,,Tonbridge,110
9586,746363,Keep 5-Year ILR and Restrict Access to Benefits for New ILR Holders,,Tooting,168
9587,746363,Keep 5-Year ILR and Restrict Access to Benefits for New ILR Holders,,Torbay,255
9588,746363,Keep 5-Year ILR and Restrict Access to Benefits for New ILR Holders,,Torridge and Tavistock,60
9589,746363,Keep 5-Year ILR and Restrict Access to Benefits for New ILR Holders,,Tottenham,270
9590,746363,Keep 5-Year ILR and Restrict Access to Benefits for New ILR Holders,,Truro and Falmouth,118
9591,746363,Keep 5-Year ILR and Restrict Access to Benefits for New ILR Holders,,Tunbridge Wells,181
9592,746363,Keep 5-Year ILR and Restrict Access to Benefits for New ILR Holders,,Twickenham,136
9593,746363,Keep 5-Year ILR and Restrict Access to Benefits for New ILR Holders,,Tynemouth,55
9594,746363,Keep 5-Year ILR and Restrict Access to Benefits for New ILR Holders,,Uxbridge and South Ruislip,473
9595,746363,Keep 5-Year ILR and Restrict Access to Benefits for New ILR Holders,,Vauxhall and Camberwell Green,79
9596,746363,Keep 5-Year ILR and Restrict Access to Benefits for New ILR Holders,,Wakefield and Rothwell,181
9597,746363,Keep 5-Year ILR and Restrict Access to Benefits for New ILR Holders,,Wallasey,95
9598,746363,Keep 5-Year ILR and Restrict Access to Benefits for New ILR Holders,,Walsall and Bloxwich,686
9599,746363,Keep 5-Year ILR and Restrict Access to Benefits for New ILR Holders,,Walthamstow,353
9600,746363,Keep 5-Year ILR and Restrict Access to Benefits for New ILR Holders,,Warrington North,89
9601,746363,Keep 5-Year ILR and Restrict Access to Benefits for New ILR Holders,,Warrington South,149
9602,746363,Keep 5-Year ILR and Restrict Access to Benefits for New ILR Holders,,Warwick and Leamington,241
9603,746363,Keep 5-Year ILR and Restrict Access to Benefits for New ILR Holders,,Washington and Gateshead South,82
9604,746363,Keep 5-Year ILR and Restrict Access to Benefits for New ILR Holders,,Watford,464
9605,746363,Keep 5-Year ILR and Restrict Access to Benefits for New ILR Holders,,Waveney Valley,39
9606,746363,Keep 5-Year ILR and Restrict Access to Benefits for New ILR Holders,,Weald of Kent,54
9607,746363,Keep 5-Year ILR and Restrict Access to Benefits for New ILR Holders,,Wellingborough and Rushden,258
9608,746363,Keep 5-Year ILR and Restrict Access to Benefits for New ILR Holders,,Wells and Mendip Hills,44
9609,746363,Keep 5-Year ILR and Restrict Access to Benefits for New ILR Holders,,Welwyn Hatfield,508
9610,746363,Keep 5-Year ILR and Restrict Access to Benefits for New ILR Holders,,West Bromwich,628
9611,746363,Keep 5-Year ILR and Restrict Access to Benefits for New ILR Holders,,West Dorset,65
9612,746363,Keep 5-Year ILR and Restrict Access to Benefits for New ILR Holders,,West Ham and Beckton,957
9613,746363,Keep 5-Year ILR and Restrict Access to Benefits for New ILR Holders,,West Lancashire,28
9614,746363,Keep 5-Year ILR and Restrict Access to Benefits for New ILR Holders,,West Suffolk,135
9615,746363,Keep 5-Year ILR and Restrict Access to Benefits for New ILR Holders,,West Worcestershire,75
9616,746363,Keep 5-Year ILR and Restrict Access to Benefits for New ILR Holders,,Westmorland and Lonsdale,77
9617,746363,Keep 5-Year ILR and Restrict Access to Benefits for New ILR Holders,,Weston-super-Mare,216
9618,746363,Keep 5-Year ILR and Restrict Access to Benefits for New ILR Holders,,Wetherby and Easingwold,32
9619,746363,Keep 5-Year ILR and Restrict Access to Benefits for New ILR Holders,,Whitehaven and Workington,74
9620,746363,Keep 5-Year ILR and Restrict Access to Benefits for New ILR Holders,,Widnes and Halewood,52
9621,746363,Keep 5-Year ILR and Restrict Access to Benefits for New ILR Holders,,Wigan,149
9622,746363,Keep 5-Year ILR and Restrict Access to Benefits for New ILR Holders,,Wimbledon,166
9623,746363,Keep 5-Year ILR and Restrict Access to Benefits for New ILR Holders,,Winchester,61
9624,746363,Keep 5-Year ILR and Restrict Access to Benefits for New ILR Holders,,Windsor,200
9625,746363,Keep 5-Year ILR and Restrict Access to Benefits for New ILR Holders,,Wirral West,25
9626,746363,Keep 5-Year ILR and Restrict Access to Benefits for New ILR Holders,,Witham,69
9627,746363,Keep 5-Year ILR and Restrict Access to Benefits for New ILR Holders,,Witney,187
9628,746363,Keep 5-Year ILR and Restrict Access to Benefits for New ILR Holders,,Woking,233
9629,746363,Keep 5-Year ILR and Restrict Access to Benefits for New ILR Holders,,Wokingham,103
9630,746363,Keep 5-Year ILR and Restrict Access to Benefits for New ILR Holders,,Wolverhampton North East,376
9631,746363,Keep 5-Year ILR and Restrict Access to Benefits for New ILR Holders,,Wolverhampton South East,531
9632,746363,Keep 5-Year ILR and Restrict Access to Benefits for New ILR Holders,,Wolverhampton West,547
9633,746363,Keep 5-Year ILR and Restrict Access to Benefits for New ILR Holders,,Worcester,296
9634,746363,Keep 5-Year ILR and Restrict Access to Benefits for New ILR Holders,,Worsley and Eccles,165
9635,746363,Keep 5-Year ILR and Restrict Access to Benefits for New ILR Holders,,Worthing West,158
9636,746363,Keep 5-Year ILR and Restrict Access to Benefits for New ILR Holders,,Wycombe,312
9637,746363,Keep 5-Year ILR and Restrict Access to Benefits for New ILR Holders,,Wyre Forest,81
9638,746363,Keep 5-Year ILR and Restrict Access to Benefits for New ILR Holders,,Wythenshawe and Sale East,270
9639,746363,Keep 5-Year ILR and Restrict Access to Benefits for New ILR Holders,,Yeovil,197
9640,746363,Keep 5-Year ILR and Restrict Access to Benefits for New ILR Holders,,York Central,140
9641,746363,Keep 5-Year ILR and Restrict Access to Benefits for New ILR Holders,,York Outer,48
9642,746363,Keep 5-Year ILR and Restrict Access to Benefits for New ILR Holders,,Belfast East,185
9643,746363,Keep 5-Year ILR and Restrict Access to Benefits for New ILR Holders,,Belfast North,179
9644,746363,Keep 5-Year ILR and Restrict Access to Benefits for New ILR Holders,,Belfast South and Mid Down,290
9645,746363,Keep 5-Year ILR and Restrict Access to Benefits for New ILR Holders,,Belfast West,142
9646,746363,Keep 5-Year ILR and Restrict Access to Benefits for New ILR Holders,,East Antrim,50
9647,746363,Keep 5-Year ILR and Restrict Access to Benefits for New ILR Holders,,East Londonderry,46
9648,746363,Keep 5-Year ILR and Restrict Access to Benefits for New ILR Holders,,Fermanagh and South Tyrone,74
9649,746363,Keep 5-Year ILR and Restrict Access to Benefits for New ILR Holders,,Foyle,40
9650,746363,Keep 5-Year ILR and Restrict Access to Benefits for New ILR Holders,,Lagan Valley,34
9651,746363,Keep 5-Year ILR and Restrict Access to Benefits for New ILR Holders,,Mid Ulster,50
9652,746363,Keep 5-Year ILR and Restrict Access to Benefits for New ILR Holders,,Newry and Armagh,29
9653,746363,Keep 5-Year ILR and Restrict Access to Benefits for New ILR Holders,,North Antrim,59
9654,746363,Keep 5-Year ILR and Restrict Access to Benefits for New ILR Holders,,North Down,60
9655,746363,Keep 5-Year ILR and Restrict Access to Benefits for New ILR Holders,,South Antrim,114
9656,746363,Keep 5-Year ILR and Restrict Access to Benefits for New ILR Holders,,South Down,59
9657,746363,Keep 5-Year ILR and Restrict Access to Benefits for New ILR Holders,,Strangford,47
9658,746363,Keep 5-Year ILR and Restrict Access to Benefits for New ILR Holders,,Upper Bann,58
9659,746363,Keep 5-Year ILR and Restrict Access to Benefits for New ILR Holders,,West Tyrone,57
9660,746363,Keep 5-Year ILR and Restrict Access to Benefits for New ILR Holders,,East Renfrewshire,74
9661,746363,Keep 5-Year ILR and Restrict Access to Benefits for New ILR Holders,,Na h-Eileanan an Iar,2
9662,746363,Keep 5-Year ILR and Restrict Access to Benefits for New ILR Holders,,Midlothian,90
9663,746363,Keep 5-Year ILR and Restrict Access to Benefits for New ILR Holders,,North Ayrshire and Arran,27
9664,746363,Keep 5-Year ILR and Restrict Access to Benefits for New ILR Holders,,Orkney and Shetland,5
9665,746363,Keep 5-Year ILR and Restrict Access to Benefits for New ILR Holders,,Aberdeen North,193
9666,746363,Keep 5-Year ILR and Restrict Access to Benefits for New ILR Holders,,Aberdeen South,282
9667,746363,Keep 5-Year ILR and Restrict Access to Benefits for New ILR Holders,,Aberdeenshire North and Moray East,27
9668,746363,Keep 5-Year ILR and Restrict Access to Benefits for New ILR Holders,,Airdrie and Shotts,86
9669,746363,Keep 5-Year ILR and Restrict Access to Benefits for New ILR Holders,,Alloa and Grangemouth,72
9670,746363,Keep 5-Year ILR and Restrict Access to Benefits for New ILR Holders,,Angus and Perthshire Glens,51
9671,746363,Keep 5-Year ILR and Restrict Access to Benefits for New ILR Holders,,Arbroath and Broughty Ferry,48
9672,746363,Keep 5-Year ILR and Restrict Access to Benefits for New ILR Holders,,"Argyll, Bute and South Lochaber",63
9673,746363,Keep 5-Year ILR and Restrict Access to Benefits for New ILR Holders,,Bathgate and Linlithgow,103
9674,746363,Keep 5-Year ILR and Restrict Access to Benefits for New ILR Holders,,"Caithness, Sutherland and Easter Ross",35
9675,746363,Keep 5-Year ILR and Restrict Access to Benefits for New ILR Holders,,Coatbridge and Bellshill,64
9676,746363,Keep 5-Year ILR and Restrict Access to Benefits for New ILR Holders,,Cowdenbeath and Kirkcaldy,143
9677,746363,Keep 5-Year ILR and Restrict Access to Benefits for New ILR Holders,,Cumbernauld and Kirkintilloch,88
9678,746363,Keep 5-Year ILR and Restrict Access to Benefits for New ILR Holders,,Dumfries and Galloway,45
9679,746363,Keep 5-Year ILR and Restrict Access to Benefits for New ILR Holders,,"Dumfriesshire, Clydesdale and Tweeddale",41
9680,746363,Keep 5-Year ILR and Restrict Access to Benefits for New ILR Holders,,Dundee Central,311
9681,746363,Keep 5-Year ILR and Restrict Access to Benefits for New ILR Holders,,Dunfermline and Dollar,95
9682,746363,Keep 5-Year ILR and Restrict Access to Benefits for New ILR Holders,,East Kilbride and Strathaven,103
9683,746363,Keep 5-Year ILR and Restrict Access to Benefits for New ILR Holders,,Edinburgh East and Musselburgh,273
9684,746363,Keep 5-Year ILR and Restrict Access to Benefits for New ILR Holders,,Edinburgh North and Leith,357
9685,746363,Keep 5-Year ILR and Restrict Access to Benefits for New ILR Holders,,Edinburgh South,161
9686,746363,Keep 5-Year ILR and Restrict Access to Benefits for New ILR Holders,,Edinburgh South West,357
9687,746363,Keep 5-Year ILR and Restrict Access to Benefits for New ILR Holders,,Edinburgh West,199
9688,746363,Keep 5-Year ILR and Restrict Access to Benefits for New ILR Holders,,Falkirk,145
9689,746363,Keep 5-Year ILR and Restrict Access to Benefits for New ILR Holders,,Glasgow East,356
9690,746363,Keep 5-Year ILR and Restrict Access to Benefits for New ILR Holders,,Glasgow North,345
9691,746363,Keep 5-Year ILR and Restrict Access to Benefits for New ILR Holders,,Glasgow North East,309
9692,746363,Keep 5-Year ILR and Restrict Access to Benefits for New ILR Holders,,Glasgow South,204
9693,746363,Keep 5-Year ILR and Restrict Access to Benefits for New ILR Holders,,Glasgow South West,374
9694,746363,Keep 5-Year ILR and Restrict Access to Benefits for New ILR Holders,,Glasgow West,219
9695,746363,Keep 5-Year ILR and Restrict Access to Benefits for New ILR Holders,,Glenrothes and Mid Fife,91
9696,746363,Keep 5-Year ILR and Restrict Access to Benefits for New ILR Holders,,Gordon and Buchan,8
9697,746363,Keep 5-Year ILR and Restrict Access to Benefits for New ILR Holders,,Hamilton and Clyde Valley,138
9698,746363,Keep 5-Year ILR and Restrict Access to Benefits for New ILR Holders,,Inverclyde and Renfrewshire West,82
9699,746363,Keep 5-Year ILR and Restrict Access to Benefits for New ILR Holders,,"Inverness, Skye and West Ross-shire",140
9700,746363,Keep 5-Year ILR and Restrict Access to Benefits for New ILR Holders,,Livingston,201
9701,746363,Keep 5-Year ILR and Restrict Access to Benefits for New ILR Holders,,Lothian East,53
9702,746363,Keep 5-Year ILR and Restrict Access to Benefits for New ILR Holders,,Mid Dunbartonshire,39
9703,746363,Keep 5-Year ILR and Restrict Access to Benefits for New ILR Holders,,"Moray West, Nairn and Strathspey",42
9704,746363,Keep 5-Year ILR and Restrict Access to Benefits for New ILR Holders,,"Motherwell, Wishaw and Carluke",123
9705,746363,Keep 5-Year ILR and Restrict Access to Benefits for New ILR Holders,,North East Fife,18
9706,746363,Keep 5-Year ILR and Restrict Access to Benefits for New ILR Holders,,Paisley and Renfrewshire North,182
9707,746363,Keep 5-Year ILR and Restrict Access to Benefits for New ILR Holders,,Paisley and Renfrewshire South,164
9708,746363,Keep 5-Year ILR and Restrict Access to Benefits for New ILR Holders,,Perth and Kinross-shire,222
9709,746363,Keep 5-Year ILR and Restrict Access to Benefits for New ILR Holders,,Rutherglen,119
9710,746363,Keep 5-Year ILR and Restrict Access to Benefits for New ILR Holders,,Stirling and Strathallan,100
9711,746363,Keep 5-Year ILR and Restrict Access to Benefits for New ILR Holders,,West Dunbartonshire,78
9712,746363,Keep 5-Year ILR and Restrict Access to Benefits for New ILR Holders,,"Ayr, Carrick and Cumnock",54
9713,746363,Keep 5-Year ILR and Restrict Access to Benefits for New ILR Holders,,"Berwickshire, Roxburgh and Selkirk",57
9714,746363,Keep 5-Year ILR and Restrict Access to Benefits for New ILR Holders,,Central Ayrshire,23
9715,746363,Keep 5-Year ILR and Restrict Access to Benefits for New ILR Holders,,Kilmarnock and Loudoun,38
9716,746363,Keep 5-Year ILR and Restrict Access to Benefits for New ILR Holders,,West Aberdeenshire and Kincardine,23
9717,746363,Keep 5-Year ILR and Restrict Access to Benefits for New ILR Holders,,Aberafan Maesteg,43
9718,746363,Keep 5-Year ILR and Restrict Access to Benefits for New ILR Holders,,Alyn and Deeside,92
9719,746363,Keep 5-Year ILR and Restrict Access to Benefits for New ILR Holders,,Bangor Aberconwy,156
9720,746363,Keep 5-Year ILR and Restrict Access to Benefits for New ILR Holders,,Blaenau Gwent and Rhymney,59
9721,746363,Keep 5-Year ILR and Restrict Access to Benefits for New ILR Holders,,"Brecon, Radnor and Cwm Tawe",59
9722,746363,Keep 5-Year ILR and Restrict Access to Benefits for New ILR Holders,,Bridgend,45
9723,746363,Keep 5-Year ILR and Restrict Access to Benefits for New ILR Holders,,Caerfyrddin,51
9724,746363,Keep 5-Year ILR and Restrict Access to Benefits for New ILR Holders,,Caerphilly,40
9725,746363,Keep 5-Year ILR and Restrict Access to Benefits for New ILR Holders,,Cardiff East,406
9726,746363,Keep 5-Year ILR and Restrict Access to Benefits for New ILR Holders,,Cardiff North,132
9727,746363,Keep 5-Year ILR and Restrict Access to Benefits for New ILR Holders,,Cardiff South and Penarth,382
9728,746363,Keep 5-Year ILR and Restrict Access to Benefits for New ILR Holders,,Cardiff West,272
9729,746363,Keep 5-Year ILR and Restrict Access to Benefits for New ILR Holders,,Ceredigion Preseli,44
9730,746363,Keep 5-Year ILR and Restrict Access to Benefits for New ILR Holders,,Clwyd East,35
9731,746363,Keep 5-Year ILR and Restrict Access to Benefits for New ILR Holders,,Clwyd North,115
9732,746363,Keep 5-Year ILR and Restrict Access to Benefits for New ILR Holders,,Dwyfor Meirionnydd,35
9733,746363,Keep 5-Year ILR and Restrict Access to Benefits for New ILR Holders,,Gower,70
9734,746363,Keep 5-Year ILR and Restrict Access to Benefits for New ILR Holders,,Llanelli,52
9735,746363,Keep 5-Year ILR and Restrict Access to Benefits for New ILR Holders,,Merthyr Tydfil and Aberdare,68
9736,746363,Keep 5-Year ILR and Restrict Access to Benefits for New ILR Holders,,Mid and South Pembrokeshire,116
9737,746363,Keep 5-Year ILR and Restrict Access to Benefits for New ILR Holders,,Monmouthshire,50
9738,746363,Keep 5-Year ILR and Restrict Access to Benefits for New ILR Holders,,Montgomeryshire and Glyndŵr,48
9739,746363,Keep 5-Year ILR and Restrict Access to Benefits for New ILR Holders,,Neath and Swansea East,93
9740,746363,Keep 5-Year ILR and Restrict Access to Benefits for New ILR Holders,,Newport East,379
9741,746363,Keep 5-Year ILR and Restrict Access to Benefits for New ILR Holders,,Newport West and Islwyn,80
9742,746363,Keep 5-Year ILR and Restrict Access to Benefits for New ILR Holders,,Pontypridd,127
9743,746363,Keep 5-Year ILR and Restrict Access to Benefits for New ILR Holders,,Rhondda and Ogmore,61
9744,746363,Keep 5-Year ILR and Restrict Access to Benefits for New ILR Holders,,Swansea West,391
9745,746363,Keep 5-Year ILR and Restrict Access to Benefits for New ILR Holders,,Torfaen,58
9746,746363,Keep 5-Year ILR and Restrict Access to Benefits for New ILR Holders,,Vale of Glamorgan,56
9747,746363,Keep 5-Year ILR and Restrict Access to Benefits for New ILR Holders,,Wrexham,175
9748,746363,Keep 5-Year ILR and Restrict Access to Benefits for New ILR Holders,,Ynys Môn,17
